{"disk": {"I": 0.14880680229715285, "Re": 22.420762443112782, "c": 2.0, "mux": 75.78307565876656, "muy": 76.79187757725362, "n": 1.0, "q": 0.8234276602327618, "roll": 1.4330990572514792}, "bulge": {"I": 0.1423388110693688, "Re": 3.2062815828925735, "c": 2.0, "mux": 77.51847547126192, "muy": 76.5064851297165, "n": 0.6248166079136226, "q": 0.7075354192652356, "roll": 2.352198620258699}, "bar": null, "spiral": [[[[73.25737683796274, 69.64605756489499], [65.99178414052989, 73.88685659932736], [67.80821126373053, 85.38914753298621], [81.1285005343712, 93.55710842433581], [93.5405571365065, 87.4980272778322], [98.9897270684994, 73.26849062204639], [94.44869235046156, 58.437450695626126], [87.18307394630489, 51.47795583154527], [72.04640071394721, 51.18118311560272], [57.81793204347923, 52.7003180850802]], {"I": 0.010713042908885835, "falloff": 0.11024070164725452, "spread": 4.498320438522056}], [[[84.15580798816853, 81.75020720567119], [89.90773221712163, 76.9045808895674], [87.18310264034085, 64.19180318126052], [78.70655732478264, 60.25989005235698], [69.3218226480846, 61.1717035189327], [59.02889191259004, 63.90013711875582]], {"I": 0.022034092083513243, "falloff": 0.17015607750456324, "spread": 0.9858385695636158}]]}