{"disk": {"I": 0.09052856799267234, "Re": 29.821049593618937, "c": 2.0, "mux": 107.48252318890809, "muy": 107.69143888408247, "n": 1.0, "q": 0.9186396509603444, "roll": 0.34439591173485695}, "bulge": {"I": 0.22401659017578807, "Re": 4.348597634883549, "c": 2.0, "mux": 107.6033946122034, "muy": 106.83388419355217, "n": 0.9507567210731835, "q": 0.6, "roll": 2.8256039669428215}, "bar": null, "spiral": [[[[65.45389733538718, 75.93013947489624], [65.454074650307, 77.19573318261496], [64.61097477592568, 80.57074743518251], [65.45484301548629, 82.67997247717983], [66.29853392787822, 83.52360383209236], [66.29877034352933, 85.21106202864416], [65.87739772656698, 88.16416271661467], [65.87769324890303, 90.27348540679566], [65.45596601009447, 90.69539882817969], [65.45643884996298, 94.0703150763253], [65.0350071428611, 96.60155111473034], [65.03518445929899, 97.86714467449895], [65.45744363494339, 101.24201188735344], [65.87952548791293, 103.35128551811363], [69.25464347216075, 109.25699716620693], [71.36387049758139, 111.36607499507988], [75.16036081550214, 114.31868602001623], [76.42583785446948, 115.1622681799222], [79.80048259954356, 117.69306351698219], [85.28423572789643, 121.48920741229472], [86.12792638313681, 122.33283840919898], [87.8153076671183, 124.02010037624257], [89.50268891497683, 125.70736230741511], [89.92447514584512, 125.70731337018287], [92.03340628219962, 125.70706868386651], [96.25126846250737, 125.70657931146184], [99.62555811849734, 125.70618781342137], [101.73448911383184, 125.70594312731714], [104.26520626753563, 125.70564950375854], [104.68699245560424, 125.70560056650095], [110.59193990821052, 125.28305105951267], [111.01372607841995, 125.28300212292413], [111.85729841498869, 125.28290424963802], [112.70087074640378, 125.2828063763701], [113.1225978630996, 124.8608930571072]], {"I": 0.0030413938515399938, "falloff": 0.01, "spread": 1.2532634320519567}], [[[109.7395688943169, 62.42534393745211], [109.31784169639877, 62.847257321567895], [101.72627961240664, 67.06678199237092], [98.35240289558794, 70.02022459368641], [92.02637660901928, 75.50519645513305], [89.91815407499826, 80.56781513799706], [88.65314967663812, 83.09914888928199], [87.81016788311581, 87.31789179841235], [84.85843193337587, 92.80247257792155], [83.59366390420143, 97.02126423162099], [82.7508594283795, 102.50560036731258], [82.75109576474495, 104.19305828471897], [82.75133210112881, 105.88051618598479], [88.65728506390144, 112.629662772399], [89.07907131301374, 112.62961385410813], [93.29693373747455, 112.62912467180331], [95.82759206482729, 112.2069667238328], [97.51473697283177, 112.20677105332209], [97.93652319677858, 112.20672213592172]], {"I": 0.002754547465372678, "falloff": 0.01, "spread": 1.3926122807450951}], [[[133.36307927461132, 87.3126126044192], [132.9413521468175, 87.73452593049115], [130.41051716545428, 86.89109032507918], [124.08337043112283, 84.36063676459969], [121.13080809702353, 83.93911443460979], [116.91294613570722, 83.93960319978612], [111.43002064991288, 86.04956100452034], [108.89942143877647, 86.89358324626119], [105.94727219079209, 89.42511230600473], [102.15131421488582, 90.26928123411062], [100.88607362099697, 91.11315685844124], [100.46464175607423, 93.64439262608278], [100.04309177002483, 95.33189941906903], [99.6213645955587, 95.75381278605835], [99.62148272309219, 96.59754173040767], [99.62171897803375, 98.28499960688737], [99.62177804163912, 98.70686407350456], [99.62189616920045, 99.55059300351559]], {"I": 0.01376150247142821, "falloff": 0.5060640875702135, "spread": 0.44111652793359346}]]}