{"disk": {"I": 0.052001287109817274, "Re": 11.982983084340622, "c": 2.0, "mux": 43.8730582636399, "muy": 43.17893055902039, "n": 1.0, "q": 0.641449684594143, "roll": 1.4253729765621512}, "bulge": {"I": 10102630.186938616, "Re": 0.0024516798127796145, "c": 2.0, "mux": 43.491930019260664, "muy": 42.57768899639138, "n": 4.9576729814157146, "q": 0.8337438620130458, "roll": 2.386927330339915}, "bar": null, "spiral": []}