{"disk": {"I": 0.02435973113208443, "Re": 29.817661701855872, "c": 2.0, "mux": 100.86660278076344, "muy": 101.04050499344946, "n": 1.0, "q": 0.5088946161558325, "roll": 2.396182594806556}, "bulge": {"I": 0.5848234133515436, "Re": 1.9362312695735588, "c": 2.0, "mux": 101.14413395145453, "muy": 101.36048982544244, "n": 2.531419954452299, "q": 0.6087096029031793, "roll": 2.2729080152452217}, "bar": null, "spiral": []}