{"disk": {"I": 0.07907582619768501, "Re": 14.19432393525265, "c": 2.0, "mux": 43.62808728179498, "muy": 45.9593844761791, "n": 1.0, "q": 0.7683050066782732, "roll": 0.0313854550193736}, "bulge": {"I": 0.019161661327807236, "Re": 9.150636945580144, "c": 2.0, "mux": 42.400000008119534, "muy": 44.00000001392805, "n": 3.5193668215836778, "q": 0.6, "roll": 1.269134105442129}, "bar": {"I": 0.3058499544712653, "Re": 5.004320117912903, "c": 2.2615708021016805, "mux": 43.92600572212534, "muy": 43.37102363686807, "n": 0.3, "q": 0.2629823125141777, "roll": 2.6613297038038692}, "spiral": [[[[46.87214749293176, 48.83526271229846], [46.87214738538418, 49.00713766789261], [47.903284603618545, 51.0696490797892], [48.07514059369143, 51.757150899429234], [48.24699658439543, 52.44465272116099], [48.24699637051907, 52.78840263814186], [48.2469959429188, 53.475902474804], [48.41885214836377, 53.819654382976864], [48.41885204144121, 53.99152934263975], [48.59070814048795, 54.50715621198958], [48.590707820269444, 55.02278109338761], [48.59070749995324, 55.53840597588578], [48.590707286471385, 55.8821558985793], [48.41885054586622, 56.39777879463463], [48.41885033226593, 56.741528718589166], [48.418850225368146, 56.9134036809387], [48.0751369564816, 57.60089955321098], [47.73142379334196, 58.11652046431993], [47.55956726511863, 58.288393438613866], [47.21585410081683, 58.804014351725414], [46.700284514022655, 59.319633276608556], [46.18471503372436, 59.663377238669455], [46.01285839633927, 60.007125179219884], [45.497288914475845, 60.35086914193016], [45.32543216792274, 60.86649204978096], [44.809862684457784, 61.210236014055454], [44.1224367776025, 61.55397798995773], [43.950580246245906, 61.72585096692649], [43.60686740104239, 61.725846989119304], [43.435010869462786, 61.89771996636125], [43.26315444670533, 61.8977179773932], [43.09129802403376, 61.897715988034065], [42.23201591062684, 61.89770604253738], [42.060159487897764, 61.89770405344791], [41.71644653282715, 62.06957504175318], [41.54459000029071, 62.24144801949285], [41.372733577403665, 62.241446030300835], [41.02902062173767, 62.41331701921251], [40.85716419875136, 62.41331503014533], [40.51345135308003, 62.41331105177733], [40.16973850707315, 62.41330707359282], [37.24817898273004, 62.928898160360745], [36.73260960136335, 63.100767160899295], [35.35775799079194, 63.444501183270404], [34.842188608059544, 63.61637018392412], [34.326619111864446, 63.96011415317673], [34.15476268833196, 63.96011216390525], [33.98290626469746, 63.960110174809984]], {"I": 0.015439325704954895, "falloff": 0.5146457401485373, "spread": 3.383070038864549}], [[[34.15478166766765, 35.08511955990093], [34.154781893636425, 34.741369672924975], [35.01406541258662, 32.507005368859154], [35.18592227271141, 31.819507593778326], [35.701492063500666, 30.960138859623157], [36.21706207621605, 29.757020250696996], [36.904487935195206, 29.41327832982813], [37.935626610158195, 29.069540387573625], [38.62305246651451, 28.725798467437357], [39.13862191341207, 28.38205455916102], [39.82604776744208, 28.038312640687536], [40.51347339998232, 28.038320597161032], [41.544611848625394, 28.038332532104732], [42.23203759052605, 27.86646555114112], [42.91946322259744, 27.86647350777548], [43.606888745921566, 28.038356401770784], [44.122457861533405, 28.210237306687304], [44.809883169090725, 28.72587007691868], [44.80988306071224, 28.897745015216742], [44.9817394692667, 28.897747004221515], [45.15359576946042, 29.06962393163201], [45.497308478446385, 29.241502848124355], [45.669164671042, 29.58525471478913], [46.01287727290598, 29.929008570758697], [46.35658987523203, 30.272762427736666], [46.528446069042744, 30.616514295906427], [46.87215867242131, 30.960268153991592], [47.55958388114942, 31.647775871680892], [47.55958377382487, 31.819650812439477], [47.55958366671557, 31.991525753009114], [47.55958355951154, 32.16340069397825]], {"I": 0.4599481214293116, "falloff": 1.7279948164342689, "spread": 3.0521096302304858}]]}