{"disk": {"I": 0.12521694214622678, "Re": 11.77776665052075, "c": 2.0, "mux": 38.655524362935374, "muy": 39.62911443448987, "n": 1.0, "q": 0.8261275413198745, "roll": 2.8682028479433646}, "bulge": {"I": 0.13980934442528622, "Re": 4.342894092004894, "c": 2.0, "mux": 39.40000000016905, "muy": 39.79999999766026, "n": 3.103149578718538, "q": 0.40000002690898884, "roll": 0.7546650098640195}, "bar": null, "spiral": []}