{"disk": {"I": 0.09154471037613138, "Re": 28.01144433410119, "c": 2.0, "mux": 101.31813993444281, "muy": 104.66380635783986, "n": 1.0, "q": 0.8857520506177392, "roll": 0.014490974950841428}, "bulge": {"I": 0.06930189148370404, "Re": 11.813986916412736, "c": 2.0, "mux": 102.39015273152722, "muy": 100.73014458349964, "n": 1.6920814142761502, "q": 0.8922324605846886, "roll": 0.9146862987580979}, "bar": null, "spiral": []}