{"disk": {"I": 0.11463350046550311, "Re": 13.138672616277391, "c": 2.0, "mux": 48.43529366966217, "muy": 48.95981215845762, "n": 1.0, "q": 0.3013878573930801, "roll": 0.6979097740254416}, "bulge": {"I": 0.14462561129757828, "Re": 13.138672616277391, "c": 2.0, "mux": 46.424597039181386, "muy": 47.9299204364355, "n": 1.050485517998164, "q": 0.6645286523515699, "roll": 0.7148149190514662}, "bar": null, "spiral": []}