{"disk": {"I": 0.011317615176374678, "Re": 20.814896448862175, "c": 2.0, "mux": 60.37981423641825, "muy": 60.42344230879172, "n": 1.0, "q": 0.7319422775206912, "roll": 2.8021542489066227}, "bulge": {"I": 0.01653348126524259, "Re": 17.91607876974661, "c": 2.0, "mux": 60.40027067954736, "muy": 60.200553147662305, "n": 5.0, "q": 0.6, "roll": 0.3260815591025543}, "bar": null, "spiral": []}