{"disk": {"I": 0.030034048640219687, "Re": 57.13621100211988, "c": 2.0, "mux": 122.54316910479832, "muy": 115.01027617328373, "n": 1.0, "q": 0.4312709113159351, "roll": 0.31506763294231593}, "bulge": {"I": 0.03045306471033574, "Re": 37.629166329638814, "c": 2.0, "mux": 140.933414335782, "muy": 141.8965071642187, "n": 2.6704347547030367, "q": 0.8496981342294615, "roll": 2.9480794907049526}, "bar": null, "spiral": []}