{"disk": {"I": 0.22789388059011012, "Re": 10.158519878599279, "c": 2.0, "mux": 38.61347539729223, "muy": 37.263117422862344, "n": 1.0, "q": 0.6324917445617514, "roll": 2.345509750764539}, "bulge": {"I": 0.0, "Re": 4.637780038311725, "c": 2.0, "mux": 36.28362314752492, "muy": 38.17609887476421, "n": 0.5, "q": 0.7381371954484047, "roll": 0.5523319479097797}, "bar": null, "spiral": [[[[35.1796874999759, 38.16328125001388], [35.17968750009976, 38.133593750000045], [35.17968749982555, 38.07421875010775], [42.42343749995507, 36.0257812500118], [47.35156250005957, 41.592187500027435], [44.249218749956526, 48.91015624996629]], {"I": 0.1310210564775893, "falloff": 0.01, "spread": 0.004662468440792267}], [[[33.72500000014742, 38.029687500031045], [33.680468750082525, 37.985156250081985], [33.51718749998298, 37.92578124994799], [33.47265624997914, 37.92578124995002], [33.45781249995832, 37.92578125008353], [25.664843749973215, 35.12031249990082], [22.68124999983371, 26.926562500005787], [26.54062500001146, 23.14140624999135]], {"I": 0.05456695054688299, "falloff": 0.22220256890377255, "spread": 2.1574879670523894}]]}