{"disk": {"I": 0.11432488547629749, "Re": 23.614705556133966, "c": 2.0, "mux": 74.79989297339712, "muy": 74.24166930938574, "n": 1.0, "q": 0.6875745812380464, "roll": 3.111200524974341}, "bulge": {"I": 0.2791124957811882, "Re": 4.643102941226704, "c": 2.0, "mux": 73.45401170065193, "muy": 72.75505234865409, "n": 0.5248729296027027, "q": 0.4960558953534374, "roll": 1.879463931885824}, "bar": null, "spiral": []}