{"disk": {"I": 0.10446825160979184, "Re": 24.59418390493269, "c": 2.0, "mux": 79.10727868304089, "muy": 80.90820330421751, "n": 1.0, "q": 0.9168607433274562, "roll": 1.7897723608856881}, "bulge": {"I": 535.5916459079142, "Re": 0.0953498152933769, "c": 2.0, "mux": 79.58517665126395, "muy": 79.517425844099, "n": 0.5145821912633093, "q": 0.4381676777384782, "roll": 1.2281346909281239}, "bar": null, "spiral": []}