{"disk": {"I": 0.13875164708210047, "Re": 15.811570220770722, "c": 2.0, "mux": 86.82117912528332, "muy": 85.9286684795856, "n": 1.0, "q": 0.5661903106622604, "roll": 1.1637829719627542}, "bulge": {"I": 0.37952656407751006, "Re": 1.4282767769501276e-06, "c": 2.0, "mux": 88.99234343021834, "muy": 85.46636557573963, "n": 1.07, "q": 0.6, "roll": 2.8448172458992445}, "bar": null, "spiral": []}