{"disk": {"I": 0.02896083513027344, "Re": 18.92393818934053, "c": 2.0, "mux": 58.24766740535384, "muy": 57.67981837166145, "n": 1.0, "q": 0.9517289430710385, "roll": 1.5942873577222734}, "bulge": {"I": 1854.489121651504, "Re": 0.04449740123397516, "c": 2.0, "mux": 58.01782247573347, "muy": 57.50583814369411, "n": 0.5011903127508954, "q": 0.9985507968698444, "roll": 0.648691571185278}, "bar": {"I": 0.12861623640792133, "Re": 9.138294248482406, "c": 2.3200851759253154, "mux": 58.123799618272315, "muy": 57.4922308789424, "n": 0.511181089070772, "q": 0.2848577221285525, "roll": 1.042485047716778}, "spiral": []}