{"disk": {"I": 0.12943007413549076, "Re": 18.134920146195345, "c": 2.0, "mux": 69.13856390605866, "muy": 71.22292897620642, "n": 1.0, "q": 0.8013299931534813, "roll": 0.03924580134231969}, "bulge": {"I": 0.2673774465960091, "Re": 4.124430687063973, "c": 2.0, "mux": 72.32034348098993, "muy": 71.32750855182566, "n": 0.5, "q": 0.585290733755028, "roll": 0.7372838208975208}, "bar": null, "spiral": []}