{"disk": {"I": 0.1093610705022205, "Re": 27.099185109428735, "c": 2.0, "mux": 89.70461490710338, "muy": 89.82628497410748, "n": 1.0, "q": 0.7564835879402336, "roll": 2.2776285358871924}, "bulge": {"I": 0.5663894713203017, "Re": 2.7010146360290728, "c": 2.0, "mux": 89.12399121519887, "muy": 88.76585702142658, "n": 0.315278288092897, "q": 0.6, "roll": 2.6961314624863943}, "bar": null, "spiral": []}