{"disk": {"I": 0.1966595131471397, "Re": 10.041659578244897, "c": 2.0, "mux": 43.92495397887046, "muy": 41.552600083505055, "n": 1.0, "q": 0.8702932379512994, "roll": 2.780660649570758}, "bulge": {"I": 0.0, "Re": 6.681173872498437e-07, "c": 2.0, "mux": 43.782958668107995, "muy": 41.245757756496275, "n": 1.25, "q": 0.8235199404509499, "roll": 2.570892795811995}, "bar": {"I": 0.07178745545997658, "Re": 10.041659578244897, "c": 0.762111953296171, "mux": 38.27959740233481, "muy": 44.2430424864496, "n": 1.6552468235382358, "q": 0.6666666666666666, "roll": 2.8712532090979934}, "spiral": []}