{"disk": {"I": 0.1244194791583508, "Re": 22.913585863935452, "c": 2.0, "mux": 92.41358832237778, "muy": 93.19483383732143, "n": 1.0, "q": 0.70064404258763, "roll": 3.0795914727639464}, "bulge": null, "bar": null, "spiral": []}