{"disk": {"I": 0.04669737899479231, "Re": 41.29216039154341, "c": 2.0, "mux": 133.65248173768896, "muy": 138.87161700787627, "n": 1.0, "q": 0.8965407161788809, "roll": 0.07151849285957113}, "bulge": {"I": 0.10518345773191871, "Re": 2.299285917040975, "c": 2.0, "mux": 137.26851947020742, "muy": 135.08743793764586, "n": 0.3, "q": 0.7426998243341623, "roll": 2.1319410017574274}, "bar": {"I": 0.1608514693493859, "Re": 9.571644845899689, "c": 3.9060164172724328, "mux": 134.2203754542488, "muy": 135.70895168352354, "n": 1.0571770912568117, "q": 0.3488884474939392, "roll": 0.1051857596688186}, "spiral": [[[[135.79981180058678, 140.81754277026914], [135.79983388118922, 141.08116761405847], [136.06354519821298, 142.08294126754936], [136.5382202714652, 143.82286388831335], [137.06560316414902, 145.35188648750292], [137.80390565312655, 147.09180836402007], [139.06946296492924, 148.83172872040902], [140.3349981929556, 150.30802422465797], [141.07322118603156, 151.09889663995153], [141.81147951351124, 152.31156881988676], [142.5496980885406, 153.0497162636842], [143.55158823909778, 154.3151126470794], [146.293481088798, 156.31865354403809], [146.82075797802804, 156.58227685850653], [149.0353297350573, 157.79494471395978], [149.7735085350089, 158.0585674078257], [150.7752926362241, 158.0585644761004], [151.56617481619492, 158.05856216152006], [151.77707673021393, 158.05856154428292], [152.7788608173728, 158.05855861234187], [153.51701750863037, 158.05855645212202], [154.30789967402814, 158.05855413739235], [156.04784042161975, 158.05854904525305], [157.52415376680267, 158.05854472460967], [158.78954309771177, 157.7949161761001], [159.52768208068403, 157.58401414087177], [161.53120594252414, 157.05675859639098], [162.79657755371443, 156.58223018516387], [165.01096347397868, 155.58044933433982], [167.75254218700786, 153.84051743741364], [170.01959158548163, 152.10058696746228], [173.28835853728594, 149.56977917095693], [173.76284797130995, 149.0952531196655], [175.02813100910907, 147.56622551287427], [177.50605998713365, 145.56266977129462], [178.24415462417062, 144.82451817321882], [179.50946412303313, 143.61184041053963], [180.24749241267727, 142.08281441439567], [180.51107994368908, 141.60828900996881], [180.9855428031026, 140.8174132396961], [181.24915244168483, 140.6065126423195], [181.51271343590497, 139.8156374838145], [181.9871807103525, 139.07748668617094], [182.25072401148998, 138.07571169877968], [182.51428942240454, 137.3375615143491], [182.51426731097308, 137.07393671829965], [182.7251072561338, 136.3357866896703], [182.98869477590074, 135.86126130837818], [183.2522778720121, 135.33401097053465], [183.25223807056443, 134.85948634350413], [183.51582116555392, 134.3322360097131], [183.5158034756456, 134.1213361768192], [183.515759251625, 133.5940865949486], [183.5157371394224, 133.33046180481037], [183.5157194497807, 133.11956197283575], [183.5156973376379, 132.855937183048], [183.51565311349327, 132.32868760477984], [183.51561331174844, 131.8541629854655], [183.5155513979023, 131.116013579969], [183.25187985764887, 130.58876475255863], [183.2518179443373, 129.85061535122748], [182.98816851645142, 129.5869913109686], [182.98815082686133, 129.3760914824807], [182.98808449174317, 128.58521712786384], [182.72443948677494, 128.37431804488276], [182.72441737525253, 128.11069326091499], [182.72437315232946, 127.58344369356172], [182.51347129950955, 127.58344428855139], [182.51345361044798, 127.37254446165139], [182.24982629471685, 127.37254520501762], [182.24978207216657, 126.8452956389192], [181.9861370674065, 126.63439655553054], [181.98611495613352, 126.37077177325529], [181.98609284506233, 126.10714699091449], [181.77516888165837, 125.84352280277864], [181.7751511926965, 125.63262297731421], [181.77512908182962, 125.36899819597295], [181.51150176604392, 125.36899893755572], [181.5114796553081, 125.10537415615738], [181.51145754445008, 124.8417493753746], [181.51143985572742, 124.6308495508348], [181.51141774500104, 124.36722477060152], [181.24779042929697, 124.3672255113471], [181.24776831898737, 124.10360073098462], [181.24774620820745, 123.83997595106712], [180.98411889260194, 123.83997669120345], [180.98410120407425, 123.62907686756296], [180.77319935117373, 123.62907745951804], [180.77317724075147, 123.36545267981546], [180.50954992447328, 123.36545341956253], [180.2459004977436, 123.1018293793847], [180.24587838762466, 122.83820459999419], [180.24586069984775, 122.62730477668254], [179.9822333828862, 122.62730551563732], [179.98221127327645, 122.36368073676454], [179.77130941952248, 122.36368132776568], [179.50768210190847, 122.36368206638855], [179.50765999248654, 122.10005728737076]], {"I": 0.00921584888968965, "falloff": 0.01,