{"disk": {"I": 0.0015446029646645828, "Re": 293.7638295833046, "c": 2.0, "mux": 57.70764131821467, "muy": 48.97368103234743, "n": 1.0, "q": 0.407505395352965, "roll": 1.681169661594657}, "bulge": {"I": 0.17079292200930882, "Re": 15.675641786177644, "c": 2.0, "mux": 48.47349726768825, "muy": 49.28371103529504, "n": 0.8407543462885588, "q": 0.6007658545879716, "roll": 3.0080903722396144}, "bar": null, "spiral": []}