{"disk": {"I": 0.13378289255564055, "Re": 16.738927202354603, "c": 2.0, "mux": 54.61831804436016, "muy": 53.12032082490453, "n": 1.0, "q": 0.614448632785134, "roll": 1.4002665357562534}, "bulge": {"I": 0.03504899535526623, "Re": 9.487370248410022, "c": 2.0, "mux": 40.31411019839975, "muy": 58.475299208536285, "n": 0.5, "q": 0.4, "roll": 2.06655848980669}, "bar": null, "spiral": []}