{"disk": {"I": 0.007796471518427322, "Re": 41.299729788944674, "c": 2.0, "mux": 102.10528757157917, "muy": 102.37229399317626, "n": 1.0, "q": 0.516860664185725, "roll": 2.545923220778894}, "bulge": {"I": 0.011656722118707233, "Re": 24.123168835114917, "c": 2.0, "mux": 101.39999990842827, "muy": 101.39999996496371, "n": 4.942459927620521, "q": 0.5805083569432116, "roll": 2.3352633976018895}, "bar": null, "spiral": []}