{"disk": {"I": 0.1323514364014869, "Re": 16.43054978055703, "c": 2.0, "mux": 57.72890762100573, "muy": 57.6365934115975, "n": 1.0, "q": 0.8979203570653135, "roll": 0.0875940675042491}, "bulge": {"I": 2.1376039588738553, "Re": 0.764146539394968, "c": 2.0, "mux": 57.91589834131269, "muy": 57.57634228567936, "n": 0.5, "q": 0.46163832761889473, "roll": 0.005397521437086716}, "bar": null, "spiral": []}