{"disk": {"I": 0.14647691666464444, "Re": 15.565378515338121, "c": 2.0, "mux": 49.39936910199759, "muy": 50.05749026657787, "n": 1.0, "q": 0.5416000775675252, "roll": 1.988009790533403}, "bulge": null, "bar": null, "spiral": []}