{"disk": {"I": 0.08892047897045091, "Re": 32.710913099375716, "c": 2.0, "mux": 89.88820767516972, "muy": 89.30757188316517, "n": 1.0, "q": 0.8333333333333334, "roll": 0.710955296021857}, "bulge": {"I": 0.0, "Re": 0.01, "c": 2.0, "mux": 82.2224708935434, "muy": 86.18811528442347, "n": 1.2946145023669409, "q": 0.4, "roll": 1.5336194134180086}, "bar": {"I": 0.24010434887732152, "Re": 4.629607117499871, "c": 6.0, "mux": 88.56810136952161, "muy": 88.84500507576038, "n": 0.8251986823899172, "q": 0.41851694521049276, "roll": 2.6234162141979365}, "spiral": []}