{"disk": {"I": 0.009187559442925061, "Re": 38.85241072273205, "c": 2.0, "mux": 52.96906211467902, "muy": 50.50345440864098, "n": 1.0, "q": 0.46586126455878524, "roll": 2.598764134495952}, "bulge": {"I": 0.1271785122577345, "Re": 14.255243312734786, "c": 2.0, "mux": 47.02680915052799, "muy": 48.213314314359735, "n": 1.3524899547258467, "q": 0.4182516683217406, "roll": 1.859758310078997}, "bar": null, "spiral": [[[[46.002277763610564, 46.019374795577335], [45.99683709154125, 45.869472570318635], [38.64843535737931, 45.985557856739035], [33.02214049324556, 43.93787223139134], [26.586716598515693, 40.26840378805696], [20.012317816041474, 36.904168162860174], [18.859950634569486, 34.0940241990686]], {"I": 0.02536567037040294, "falloff": 0.18226774773009846, "spread": 2.9891061764101967}], [[[47.63437560220715, 45.5099566362548], [51.097393706781524, 45.83481203128173], [54.26069914048186, 46.17052406263639], [57.306792276414534, 47.4110777811386], [59.18123794018443, 49.44456917714177], [62.01466912993573, 53.094415194300666], [60.33608760754408, 56.457403965938454]], {"I": 0.08305781990893743, "falloff": 2.5781767708164636, "spread": 0.7904377684469921}]]}