{"disk": {"I": 0.1459864592883101, "Re": 18.85435081190523, "c": 2.0, "mux": 64.32819686669288, "muy": 64.09488931808777, "n": 1.0, "q": 0.7441245726948481, "roll": 1.1733152894653225}, "bulge": {"I": 0.2573157233133576, "Re": 2.7254796331191486, "c": 2.0, "mux": 63.238677459857605, "muy": 62.50030975574462, "n": 0.5, "q": 0.8333333333333334, "roll": 2.770445763487711}, "bar": null, "spiral": []}