{"disk": {"I": 0.1695840404363717, "Re": 17.438425163588324, "c": 2.0, "mux": 67.30634308217013, "muy": 69.10715201810855, "n": 1.0, "q": 0.819588596931046, "roll": 1.8111410255617866}, "bulge": {"I": 0.3680248012898709, "Re": 2.07406723210888, "c": 2.0, "mux": 68.75920046631809, "muy": 68.19572390074153, "n": 0.8403009600645073, "q": 0.4, "roll": 1.7703555172925325}, "bar": null, "spiral": []}