{"disk": {"I": 0.10955076327932951, "Re": 25.68180249891275, "c": 2.0, "mux": 89.69087544269196, "muy": 89.68033153403444, "n": 1.0, "q": 0.8333333333333334, "roll": 2.284097500611052}, "bulge": {"I": 0.7064162284194894, "Re": 2.448291800549675, "c": 2.0, "mux": 89.18637080980955, "muy": 88.92264690282727, "n": 0.8570548295946829, "q": 0.4, "roll": 2.679333583311355}, "bar": null, "spiral": []}