{"disk": {"I": 0.0648770114127837, "Re": 24.382879917927475, "c": 2.0, "mux": 89.03916430908085, "muy": 89.40061136369879, "n": 1.0, "q": 0.919875874177496, "roll": 2.0660291583569013}, "bulge": {"I": 0.764580689904935, "Re": 1.6398786763275235, "c": 2.0, "mux": 89.17995986011013, "muy": 89.29205450539318, "n": 0.9344319959788865, "q": 0.8333333333333334, "roll": 1.6646783130043636}, "bar": null, "spiral": []}