{"disk": {"I": 0.03986911135004351, "Re": 28.197260933779383, "c": 2.0, "mux": 115.09371547452176, "muy": 120.35670218006177, "n": 1.0, "q": 0.40914808547749776, "roll": 2.1897904996305693}, "bulge": {"I": 0.23550383938760477, "Re": 3.2892080367742436, "c": 2.0, "mux": 117.22794967765266, "muy": 118.29736119563503, "n": 2.574233875547358, "q": 0.6644036211983283, "roll": 1.034256699310265}, "bar": null, "spiral": [[[[119.9197565852678, 108.91489751654979], [119.45705320240552, 108.45203890123375], [118.06899238258325, 106.6006269516759], [116.21832684856372, 103.36068421223281], [114.83021675870259, 101.97210843629786], [113.44215600540463, 100.12069657805037], [112.05409527229051, 98.26928474646712], [110.20323257751863, 96.88068655676847], [107.88956793857164, 95.95490200139398], [106.03870531033829, 94.56630385467855], [103.26233743774151, 93.17766079002052], [100.02321700354912, 91.78899528889035], [95.39593747843651, 89.47459030823707], [87.06683477680383, 85.3086615642125], [81.51405062195761, 82.9942119218489], [78.73758462895796, 82.53124117445287], [77.81212887016363, 82.06836024595921], [74.57310778151441, 79.75402300341037], [73.18499820765192, 78.36544762480872], [71.79678996654184, 77.90254427788457], [70.40863108369263, 76.97680493205588], [69.94587856417525, 76.97678248771294], [68.55762101357618, 76.97671515498477], [67.63211598749467, 76.97667026655365], [66.24385845965264, 76.97660293399022], [65.78110595309568, 76.97658048963311]], {"I": 0.013155321450821454, "falloff": 0.06838846090392539, "spread": 13.250665591583452}], [[[110.66401242928862, 115.3941531378153], [110.20130907812245, 114.93129451930844], [105.57457161637569, 107.52569186046841], [104.18651096448912, 105.67428000915123], [102.33564836753783, 104.2856817839941], [100.48478580109327, 102.89708358126626], [98.6338739376547, 101.97132147928382], [95.85745686664984, 101.04551442581521], [93.54369380295714, 101.04540201067994], [91.69268337879691, 101.04531207888428], [90.30442557650997, 101.04524462995313], [89.84162364635654, 101.50805821034439], [89.37862438686886, 103.8222160482], [89.37818039331512, 107.98774066062919], [89.37773640013256, 112.15326531684515], [89.37758840223376, 113.54177354517097], [89.37744040446023, 114.93028177869346], [91.22785885270036, 120.48440481733817], [93.0784253419713, 124.65001971493884], [98.16766838843364, 134.36982574926648], [98.63017439621137, 136.6840288730166], [99.09272973530574, 138.53539589546932], [100.4808397096698, 139.92397189950248], [102.79440569877181, 141.77542914897768], [103.71986170241928, 142.2383103791249], [104.18251572089298, 143.16400519779975], [104.18246639686231, 143.62684133339414], [104.18241707301195, 144.0896774695839], [104.64507109444355, 145.0153722969525]], {"I": 0.032291096087882595, "falloff": 0.34993092230487555, "spread": 16.711000610327304}], [[[144.44486289082636, 116.32146841989936]], {"I": 0.9375, "falloff": 1.0, "spread": 0.462890625}], [[[125.47145766094513, 121.41174316274535], [125.47130972611353, 122.80025159774335], [131.94891116546034, 131.59445391645409], [141.20342414536913, 136.68610258824978], [143.05428738597266, 138.07470132321964], [143.51699087555414, 138.53756005890756], [146.29316255624735, 141.7775487159151], [150.92044417227203, 144.09195525293416], [153.6968625217129, 145.01776300027456], [157.8615887437437, 145.4808022087106], [159.7126001237359, 145.48089242679393], [162.4896101393765, 140.85266546257412], [162.48975800959886, 139.4641567858078], [162.49000446049808, 137.1499756684363], [161.56484379380322, 133.91007705458645], [159.7143253342142, 129.28162479873012], [155.55019067177068, 123.26455146426373], [153.69942587345088, 120.95028043653154], [152.3113153251344, 119.56170433324715], [150.46050128927834, 117.71026955690257], [149.53504498604957, 117.24738835885], [147.6841816989421, 115.85878979941265], [147.22142890763007, 115.85876729241004]], {"I": 0.041379423591058964, "falloff": 0.34180264846711816, "spread": 21.98615544184937}]]}