{"disk": {"I": 0.1976483535009906, "Re": 8.705472026329716, "c": 2.0, "mux": 36.59007769109515, "muy": 36.391788337263925, "n": 1.0, "q": 0.8389682837540302, "roll": 0.04183012593730119}, "bulge": {"I": 0.006064406740372578, "Re": 14.50912004388286, "c": 2.0, "mux": 33.282055074578786, "muy": 45.70273537980271, "n": 2.4476344080264805, "q": 0.6, "roll": 1.7845831211174166}, "bar": null, "spiral": []}