{"disk": {"I": 0.0910530936280107, "Re": 12.714237705460368, "c": 2.0, "mux": 48.12390416353114, "muy": 47.155963362793536, "n": 1.0, "q": 0.8046893818155371, "roll": 1.824895937019058}, "bulge": {"I": 0.0, "Re": 1.3927047169895326, "c": 2.0, "mux": 48.95081916981876, "muy": 45.55769571706801, "n": 2.071057816972429, "q": 0.9758911961906892, "roll": 0.06541024253841177}, "bar": {"I": 0.029932322415463505, "Re": 11.186329645085069, "c": 2.170293984089615, "mux": 47.60012992976971, "muy": 47.19955024695223, "n": 3.9115975809825247, "q": 0.4806438353381266, "roll": 0.5620462644330418}, "spiral": []}