{"disk": {"I": 0.1630232214005521, "Re": 17.75017683001236, "c": 2.0, "mux": 67.26066410332373, "muy": 69.20379673154837, "n": 1.0, "q": 0.821515212163104, "roll": 1.828386145796546}, "bulge": {"I": 0.19843935272932517, "Re": 3.999561921597456, "c": 2.0, "mux": 68.92100593172475, "muy": 67.93471126152713, "n": 0.5188317621504693, "q": 0.4, "roll": 1.5884253520421059}, "bar": null, "spiral": []}