{"disk": {"I": 0.14647712040362398, "Re": 15.565402219392693, "c": 2.0, "mux": 49.399363707489755, "muy": 50.05747868124622, "n": 1.0, "q": 0.5415983854447927, "roll": 1.9880106029159215}, "bulge": null, "bar": null, "spiral": []}