{"disk": {"I": 0.13245373121172868, "Re": 16.109361259426542, "c": 2.0, "mux": 57.74434256283013, "muy": 57.60923029209258, "n": 1.0, "q": 0.9211327437337282, "roll": 0.0964122864813632}, "bulge": {"I": 2917.8076363938226, "Re": 0.03995161805652113, "c": 2.0, "mux": 57.83869399734778, "muy": 57.507178613488406, "n": 0.651833640283095, "q": 0.763840534765486, "roll": 3.0191787503691105}, "bar": null, "spiral": []}