{"disk": {"I": 0.09038962135163965, "Re": 24.17242439421678, "c": 2.0, "mux": 83.25502830713727, "muy": 86.14324935716243, "n": 1.0, "q": 0.8333333333333334, "roll": 2.9701486237435777}, "bulge": {"I": 0.3438736029665522, "Re": 3.2416596466724505, "c": 2.0, "mux": 86.02117453714821, "muy": 84.20650211850104, "n": 0.5, "q": 0.8333333333333334, "roll": 0.4156578956370456}, "bar": null, "spiral": []}