{"disk": {"I": 0.11675106864622786, "Re": 12.992421614948116, "c": 2.0, "mux": 48.70744538575705, "muy": 48.18433087330468, "n": 1.0, "q": 0.8580653342237538, "roll": 3.0496312716514726}, "bulge": {"I": 0.6319465933414459, "Re": 1.8645009985354044, "c": 2.0, "mux": 48.455610398237184, "muy": 48.8306843646599, "n": 0.5, "q": 0.5322840231143032, "roll": 0.8593056469157797}, "bar": null, "spiral": []}