{"disk": {"I": 0.13046797971731292, "Re": 18.08976051002385, "c": 2.0, "mux": 69.15134560038406, "muy": 71.3234156443821, "n": 1.0, "q": 0.8002450446184866, "roll": 0.037495558571256755}, "bulge": {"I": 0.27287065878491257, "Re": 3.9042053997192574, "c": 2.0, "mux": 72.36310201129075, "muy": 71.13249342722537, "n": 0.5, "q": 0.6147076767228568, "roll": 0.7411134330036221}, "bar": null, "spiral": []}