{"disk": {"I": 0.09888414806773499, "Re": 19.786766247154908, "c": 2.0, "mux": 74.45416678508109, "muy": 74.64540138410614, "n": 1.0, "q": 0.8325445313586356, "roll": 1.4673350442180149}, "bulge": {"I": 0.47026978123859986, "Re": 1.9453261348993245, "c": 2.0, "mux": 74.5058198590486, "muy": 74.54853297511023, "n": 1.0163233534505938, "q": 0.8057498647363995, "roll": 1.1163482051143112}, "bar": null, "spiral": []}