{"disk": {"I": 0.05113984164254648, "Re": 12.703112046876232, "c": 2.0, "mux": 43.12470358211779, "muy": 43.17324945758552, "n": 1.0, "q": 0.5997229333230809, "roll": 1.4376905241099907}, "bulge": {"I": 763919.9904212393, "Re": 0.0067812832773091756, "c": 2.0, "mux": 43.51620203482823, "muy": 42.65080495895838, "n": 4.989225345883493, "q": 0.4523294464684436, "roll": 2.4057128299812254}, "bar": null, "spiral": []}