{"disk": {"I": 0.1460485919401986, "Re": 15.003377888977882, "c": 2.0, "mux": 95.53617689743791, "muy": 96.41235549560163, "n": 1.0, "q": 0.5494800054239944, "roll": 2.998812149027958}, "bulge": null, "bar": {"I": 0.1044413455842718, "Re": 30.006755777955764, "c": 2.826069325289546, "mux": 95.53977428968217, "muy": 92.30329808266069, "n": 0.4958034146382822, "q": 0.6666666666666666, "roll": 3.1223304389997386}, "spiral": []}