{"disk": {"I": 0.03680826433748667, "Re": 19.361324384023803, "c": 2.0, "mux": 44.13087233255612, "muy": 48.48433975194054, "n": 1.0, "q": 0.3217298464739291, "roll": 1.9580544392589458}, "bulge": {"I": 0.037773776644100636, "Re": 19.361324384023803, "c": 2.0, "mux": 52.32564644274804, "muy": 47.895360500886554, "n": 1.617590231861919, "q": 0.6154540219024223, "roll": 2.2143363842091417}, "bar": null, "spiral": [[[[46.002277763610564, 46.019374795577335], [45.99683709154125, 45.869472570318635], [38.64843535737931, 45.985557856739035], [33.02214049324556, 43.93787223139134], [26.586716598515693, 40.26840378805696], [20.012317816041474, 36.904168162860174], [18.859950634569486, 34.0940241990686]], {"I": 0.05917516513662469, "falloff": 0.6156615004253322, "spread": 5.630279533608891}], [[[47.63437560220715, 45.5099566362548], [51.097393706781524, 45.83481203128173], [54.26069914048186, 46.17052406263639], [57.306792276414534, 47.4110777811386], [59.18123794018443, 49.44456917714177], [62.01466912993573, 53.094415194300666], [60.33608760754408, 56.457403965938454]], {"I": 0.5768642921401334, "falloff": 2.0298927362862007, "spread": 0.9323297859076679}]]}