{"disk": {"I": 0.03879760397955906, "Re": 24.1460078302955, "c": 2.0, "mux": 80.16324128738442, "muy": 79.11496617689812, "n": 1.0, "q": 0.7740800931815379, "roll": 1.934280754216911}, "bulge": {"I": 0.07928870004630424, "Re": 7.2453018408053875, "c": 2.0, "mux": 80.79999999963579, "muy": 80.19999999986712, "n": 2.720000000776394, "q": 0.6, "roll": 1.6644955860286321}, "bar": null, "spiral": []}