{"disk": {"I": 0.08485939133029885, "Re": 28.144682628448443, "c": 2.0, "mux": 111.36291059027931, "muy": 110.39064900240068, "n": 1.0, "q": 0.9063356392679291, "roll": 0.9584195264581403}, "bulge": {"I": 0.3280057902994347, "Re": 3.8724926641106565, "c": 2.0, "mux": 112.29439974005983, "muy": 112.56275260325437, "n": 0.7351538553406709, "q": 0.7829031274033147, "roll": 0.15941017965681123}, "bar": null, "spiral": []}