{"disk": {"I": 0.05907212570354503, "Re": 19.444537368523804, "c": 2.0, "mux": 53.26670080072359, "muy": 55.677798954325695, "n": 1.0, "q": 0.5610207888644154, "roll": 1.2847217547135446}, "bulge": {"I": 0.043538474036568645, "Re": 12.392914486288703, "c": 2.0, "mux": 55.399999993603686, "muy": 54.19999999636249, "n": 2.1418104893998353, "q": 0.9604813459790547, "roll": 0.3119134556577703}, "bar": {"I": 0.14268394633163772, "Re": 12.322967989860063, "c": 4.601284987293993, "mux": 52.236806222275106, "muy": 54.47976116561838, "n": 0.3, "q": 0.16627385270088807, "roll": 0.6496962885615313}, "spiral": [[[[62.06835937489177, 48.49023437493585], [63.52929687499818, 46.51367187499562], [63.03515625016007, 42.86132812505224], [60.09179687509402, 40.30468750003536], [55.45117187494645, 37.72656249993264], [48.232421875024556, 36.93164062504454], [41.12109375002183, 36.73828125006963], [35.29882812495964, 38.11328124995501], [31.646484375148702, 40.79882812504138]], {"I": 0.10966061869754248, "falloff": 0.4734610962675409, "spread": 0.5974525996567198}], [[[50.31640624999574, 65.46289062499432], [48.83398437496584, 67.24609374986272], [46.556640624959584, 69.02929687490774], [53.281249999996135, 70.98437500005363], [58.996093749893305, 70.79101562489848], [68.87890625003263, 68.92187500005318], [76.07617187498425, 64.88281250001347]], {"I": 0.28769169708262676, "falloff": 1.1042920199682655, "spread": 1.4152317054813544}]]}