{"disk": {"I": 0.05787421675590548, "Re": 30.879316474893326, "c": 2.0, "mux": 110.68769775838437, "muy": 109.64428116660359, "n": 1.0, "q": 0.9270395515518405, "roll": 1.390784429188579}, "bulge": {"I": 0.03922185163410656, "Re": 18.414897092053295, "c": 2.0, "mux": 112.31024418798152, "muy": 112.4641754297871, "n": 2.83334950283083, "q": 0.7837281523488481, "roll": 0.3429077304596451}, "bar": null, "spiral": []}