{"disk": {"I": 0.012989041463736247, "Re": 22.148202348864906, "c": 2.0, "mux": 60.87762214183329, "muy": 60.86318547682274, "n": 1.0, "q": 0.7917977795778351, "roll": 3.1302961165852192}, "bulge": {"I": 0.04520397612912284, "Re": 9.522352380067662, "c": 2.0, "mux": 60.399999995972856, "muy": 60.19999999755292, "n": 3.8385142192432196, "q": 0.5834310435379519, "roll": 0.2681468395092538}, "bar": null, "spiral": []}