{"disk": {"I": 0.2078036172240096, "Re": 8.955527477870232, "c": 2.0, "mux": 44.14428122892882, "muy": 41.586485012379526, "n": 1.0, "q": 0.9233589014109994, "roll": 2.595537811469901}, "bulge": {"I": 0.0, "Re": 5.95852067413405e-07, "c": 2.0, "mux": 44.00228591816635, "muy": 41.279642685370746, "n": 1.25, "q": 0.8235199404509499, "roll": 2.570892795811995}, "bar": {"I": 0.03317115355227951, "Re": 17.911054955740465, "c": 1.1962974976531229, "mux": 38.223420452348364, "muy": 44.2496711826661, "n": 2.1751649618098132, "q": 0.4632472241794917, "roll": 2.914076854695527}, "spiral": []}