{"disk": {"I": 0.041012775163230555, "Re": 16.90032506888809, "c": 2.0, "mux": 84.64386193931026, "muy": 85.2613119704559, "n": 1.0, "q": 0.8333333333333334, "roll": 1.328391939661877}, "bulge": {"I": 0.3463277567042684, "Re": 2.1145556759907005, "c": 2.0, "mux": 87.15051164503305, "muy": 87.54488567741066, "n": 0.5, "q": 0.4, "roll": 2.6654357578133814}, "bar": {"I": 0.05663912840509554, "Re": 14.08360422407341, "c": 6.0, "mux": 86.81429694470364, "muy": 87.48467630260264, "n": 3.2737774249113656, "q": 0.2575103119955439, "roll": 1.1200394767015944}, "spiral": []}