{"disk": {"I": 0.13942051590942095, "Re": 27.624921887350272, "c": 2.0, "mux": 95.54107756963303, "muy": 95.4868616004149, "n": 1.0, "q": 0.6951777751629975, "roll": 3.047746913953615}, "bulge": null, "bar": {"I": 0.21207139462699431, "Re": 2.8777706827272516, "c": 6.0, "mux": 95.87290616734555, "muy": 94.48682107749053, "n": 0.6093429845328389, "q": 0.5525318534371506, "roll": 0.42824075127500594}, "spiral": []}