{"disk": {"I": 0.08880687841394712, "Re": 26.75979062306293, "c": 2.0, "mux": 96.96030602468586, "muy": 98.36915706167332, "n": 1.0, "q": 1.0, "roll": 2.8010398961822647}, "bulge": {"I": 0.015525764270573296, "Re": 26.75979062306293, "c": 2.0, "mux": 98.45939128136645, "muy": 98.15646685982284, "n": 3.330928747317474, "q": 0.4046745119485494, "roll": 2.4383992260295475}, "bar": null, "spiral": [[[[32.7772706088775, 11.391640078777925]], {"I": 0.9375, "falloff": 1.0, "spread": 0.3828125}]]}