{"disk": {"I": 0.06278113151702408, "Re": 17.605752775253475, "c": 2.0, "mux": 63.39140840797502, "muy": 62.55199505949336, "n": 1.0, "q": 0.9195939393452475, "roll": 2.446024670879324}, "bulge": {"I": 0.011078785510967906, "Re": 17.605752775253475, "c": 2.0, "mux": 63.59999138672047, "muy": 62.800010174219956, "n": 4.831925095038807, "q": 0.7135744226662195, "roll": 1.549407497909806}, "bar": null, "spiral": []}