{"disk": {"I": 0.0182361761043295, "Re": 27.00989616486306, "c": 2.0, "mux": 67.61561899497514, "muy": 66.36992250020684, "n": 1.0, "q": 0.8000884373998473, "roll": 2.813844133687838}, "bulge": {"I": 0.2813738567387502, "Re": 4.812849925645397, "c": 2.0, "mux": 65.77978799713681, "muy": 65.6415683400087, "n": 1.1712293959840239, "q": 0.7100037052215032, "roll": 3.085942575736335}, "bar": null, "spiral": []}