{"disk": {"I": 0.06726619379276458, "Re": 20.831293010749793, "c": 2.0, "mux": 74.33038885440881, "muy": 74.38062723384633, "n": 1.0, "q": 0.8476234341612016, "roll": 2.8113118694388546}, "bulge": {"I": 0.07847343039332597, "Re": 9.791962747976319, "c": 2.0, "mux": 74.26522798545003, "muy": 74.10069330541559, "n": 2.084804552017062, "q": 0.8036685488463304, "roll": 2.6286266144085433}, "bar": null, "spiral": []}