{"disk": {"I": 0.056146444757625286, "Re": 37.76857504209236, "c": 2.0, "mux": 126.28181954717535, "muy": 125.3173083706182, "n": 1.0, "q": 0.7443091504641054, "roll": 1.421518312358685}, "bulge": {"I": 0.04550129788963987, "Re": 37.76857504209236, "c": 2.0, "mux": 126.41403218209808, "muy": 125.99772676141568, "n": 1.8820652888453155, "q": 0.5132769119486534, "roll": 1.5518139804347189}, "bar": null, "spiral": []}