{"disk": {"I": 0.06494025359689445, "Re": 29.89006357284402, "c": 2.0, "mux": 89.59441068728626, "muy": 90.16366280476956, "n": 1.0, "q": 0.758680210571501, "roll": 0.8249405684278702}, "bulge": {"I": 0.02091155432113799, "Re": 29.89006357284402, "c": 2.0, "mux": 80.15630577792348, "muy": 86.84099982060323, "n": 0.5002416945685368, "q": 0.9982136218181495, "roll": 0.6375645336493374}, "bar": {"I": 0.02642161977716578, "Re": 28.41509288274974, "c": 1.3176115440021565, "mux": 90.09574424517216, "muy": 89.78509479133766, "n": 2.4308384223403943, "q": 0.630758651091808, "roll": 2.9036909849828274}, "spiral": []}