{"disk": {"I": 0.018765694748069457, "Re": 22.742965726423808, "c": 2.0, "mux": 130.6120879297312, "muy": 130.36002894053738, "n": 1.0, "q": 0.8333333333333334, "roll": 0.2966464926493697}, "bulge": {"I": 0.5349352019557218, "Re": 1.051850110235779, "c": 2.0, "mux": 130.79999998314048, "muy": 130.80000000698723, "n": 3.132606659284018, "q": 0.7400213533604107, "roll": 0.7251575445376642}, "bar": {"I": 3.453836728048373, "Re": 0.21009497961085005, "c": 2.999955706274508, "mux": 130.48821953477105, "muy": 130.00883118678377, "n": 1.9998883339645463, "q": 0.3845461126825145, "roll": 0.8378603624975998}, "spiral": []}