{"disk": {"I": 0.1387509996164289, "Re": 15.811691162169897, "c": 2.0, "mux": 86.82118605382036, "muy": 85.9286652606395, "n": 1.0, "q": 0.5661865941219618, "roll": 1.163783811727342}, "bulge": {"I": 0.3795247930684671, "Re": 1.4282877017216336e-06, "c": 2.0, "mux": 88.99235035875537, "muy": 85.46636235679354, "n": 1.07, "q": 0.5001967908811701, "roll": 2.8448172458992445}, "bar": null, "spiral": []}