{"disk": {"I": 0.07015949141843919, "Re": 17.547294522911294, "c": 2.0, "mux": 61.9404144885582, "muy": 61.446614013971526, "n": 1.0, "q": 0.638088960181131, "roll": 0.3485655590408617}, "bulge": {"I": 0.35877833664839964, "Re": 2.6110998070769718, "c": 2.0, "mux": 61.47238839958052, "muy": 61.879334310086456, "n": 1.7127105363577986, "q": 0.5591426035508785, "roll": 1.8509431195419335}, "bar": null, "spiral": []}