{"disk": {"I": 0.044254117533272824, "Re": 36.19714154528683, "c": 2.0, "mux": 90.52481151084676, "muy": 82.20676133102907, "n": 1.0, "q": 0.45600875285429093, "roll": 1.0655200112692922}, "bulge": {"I": 0.011549016701595412, "Re": 36.109231232008476, "c": 2.0, "mux": 89.16013334692846, "muy": 89.25115171561737, "n": 3.8642213696566396, "q": 0.6, "roll": 2.422295383402774}, "bar": {"I": 0.02307877392259187, "Re": 50.94007467654605, "c": 3.4738903513390675, "mux": 89.80861064487083, "muy": 96.6221364193746, "n": 1.5660548331345223, "q": 0.6666666666666666, "roll": 0.47219191370400054}, "spiral": []}