{"disk": {"I": 0.15368728384336108, "Re": 22.07386913090744, "c": 2.0, "mux": 80.2624367103786, "muy": 80.38422816572107, "n": 1.0, "q": 0.8710520372365499, "roll": 1.006666745041105}, "bulge": {"I": 0.14379391487494325, "Re": 11.776223561763679, "c": 2.0, "mux": 81.75763814095633, "muy": 82.24076560393242, "n": 0.5, "q": 0.6183757529444018, "roll": 2.49046329532417}, "bar": null, "spiral": []}