{"disk": {"I": 0.06330294323663882, "Re": 29.714408155833183, "c": 2.0, "mux": 77.47633290728344, "muy": 78.05478663711928, "n": 1.0, "q": 0.5330743785088681, "roll": 1.4290202133859566}, "bulge": {"I": 0.2110797553939205, "Re": 8.070726923005942, "c": 2.0, "mux": 77.56151934502334, "muy": 77.45694323337722, "n": 0.9688589859419096, "q": 0.4, "roll": 0.7634580759514291}, "bar": {"I": 0.09891529655365969, "Re": 25.344954580656793, "c": 1.6901904805240562, "mux": 76.3245000295164, "muy": 75.93003249063909, "n": 0.3, "q": 0.6666666666666666, "roll": 1.9520846830821372}, "spiral": []}