{"disk": {"I": 0.23200558890467668, "Re": 9.863201872016306, "c": 2.0, "mux": 38.06707788525743, "muy": 37.12820137910081, "n": 1.0, "q": 0.6725667207897592, "roll": 2.3545076162149425}, "bulge": {"I": 0.0, "Re": 0.933731068921681, "c": 2.0, "mux": 35.75046373818858, "muy": 38.03338377120962, "n": 0.5, "q": 0.7381371954484047, "roll": 0.5541318668698487}, "bar": null, "spiral": [[[[35.1796874999759, 38.16328125001388], [35.17968750009976, 38.133593750000045], [35.17968749982555, 38.07421875010775], [42.42343749995507, 36.0257812500118], [47.35156250005957, 41.592187500027435], [44.249218749956526, 48.91015624996629]], {"I": 0.18050252212697737, "falloff": 0.01, "spread": 0.0045132051850570905}], [[[33.72500000014742, 38.029687500031045], [33.680468750082525, 37.985156250081985], [33.51718749998298, 37.92578124994799], [33.47265624997914, 37.92578124995002], [33.45781249995832, 37.92578125008353], [25.664843749973215, 35.12031249990082], [22.68124999983371, 26.926562500005787], [26.54062500001146, 23.14140624999135]], {"I": 0.037960058010475875, "falloff": 0.06706029080626442, "spread": 1.3866920122963249}]]}