{"disk": {"I": 0.05451877984954797, "Re": 20.237395864865338, "c": 2.0, "mux": 53.35234173075385, "muy": 52.96958255414983, "n": 1.0, "q": 0.5736569269105044, "roll": 1.1039016549647394}, "bulge": {"I": 0.03739173963324658, "Re": 15.940762218396102, "c": 2.0, "mux": 55.199999995405975, "muy": 54.79999999530189, "n": 2.8775150843558635, "q": 0.43340225771887014, "roll": 1.5893886142458553}, "bar": {"I": 0.19686362439410088, "Re": 6.25661452022638, "c": 1.8218607732722103, "mux": 56.95027824033948, "muy": 49.04287112332296, "n": 0.3, "q": 0.3364389562114542, "roll": 0.5529975787364135}, "spiral": [[[[62.06835937489177, 48.49023437493585], [63.52929687499818, 46.51367187499562], [63.03515625016007, 42.86132812505224], [60.09179687509402, 40.30468750003536], [55.45117187494645, 37.72656249993264], [48.232421875024556, 36.93164062504454], [41.12109375002183, 36.73828125006963], [35.29882812495964, 38.11328124995501], [31.646484375148702, 40.79882812504138]], {"I": 0.09491280867652686, "falloff": 0.5145354141191599, "spread": 0.6567182095405792}], [[[50.31640624999574, 65.46289062499432], [48.83398437496584, 67.24609374986272], [46.556640624959584, 69.02929687490774], [53.281249999996135, 70.98437500005363], [58.996093749893305, 70.79101562489848], [68.87890625003263, 68.92187500005318], [76.07617187498425, 64.88281250001347]], {"I": 0.34219487033355134, "falloff": 1.0787498719254152, "spread": 3.755306216975702}]]}