{"disk": {"I": 0.18142848913216003, "Re": 22.847441929210387, "c": 2.0, "mux": 63.446992843549765, "muy": 63.96171532540243, "n": 1.0, "q": 0.4019900346608696, "roll": 0.5644358978445392}, "bulge": {"I": 0.0, "Re": 0.01, "c": 2.0, "mux": 63.93958367881108, "muy": 61.75313401786179, "n": 0.5, "q": 0.5033151948244896, "roll": 0.7231431180049099}, "bar": null, "spiral": []}