{"disk": {"I": 0.07024058865133523, "Re": 33.02001238276342, "c": 2.0, "mux": 126.87744554851746, "muy": 127.91654491472734, "n": 1.0, "q": 0.8942614859671287, "roll": 1.7895412189694007}, "bulge": {"I": 0.31981258597036977, "Re": 3.5756831033106113, "c": 2.0, "mux": 126.00675290125895, "muy": 125.7846296999221, "n": 0.8799506447877341, "q": 0.8840194782433862, "roll": 1.693600094098401}, "bar": null, "spiral": []}