{"disk": {"I": 0.12049686920564891, "Re": 26.140770368560077, "c": 2.0, "mux": 88.38259956462274, "muy": 88.14138695214976, "n": 1.0, "q": 0.5879543914373344, "roll": 0.382184137051374}, "bulge": {"I": 0.29521732955383984, "Re": 1.7520692621872085e-06, "c": 2.0, "mux": 88.72852946054512, "muy": 87.10434094175221, "n": 5.0, "q": 0.6, "roll": 0.4263707557711551}, "bar": null, "spiral": []}