{"disk": {"I": 0.12715864726427545, "Re": 12.882476193401313, "c": 2.0, "mux": 51.19625174936738, "muy": 50.1882847383535, "n": 1.0, "q": 0.8827253052311539, "roll": 1.1337244827500956}, "bulge": {"I": 1.49977962170115, "Re": 0.684790496355902, "c": 2.0, "mux": 50.93228964864523, "muy": 50.755853075176454, "n": 0.5, "q": 0.7301293872431827, "roll": 1.7739523115211002}, "bar": null, "spiral": []}