{"disk": {"I": 0.018245163035648753, "Re": 27.008373179495063, "c": 2.0, "mux": 67.61425697237482, "muy": 66.36972235849706, "n": 1.0, "q": 0.7999010675958629, "roll": 2.8136414375264804}, "bulge": {"I": 0.28143941448957, "Re": 4.811807864761068, "c": 2.0, "mux": 65.77978935261112, "muy": 65.64139887489834, "n": 1.171049207298706, "q": 0.7100096759635716, "roll": 3.0860279622444144}, "bar": null, "spiral": []}