{"disk": {"I": 0.05816277475828575, "Re": 15.38298670727711, "c": 2.0, "mux": 57.69683481186097, "muy": 58.295858466768806, "n": 1.0, "q": 0.682169547263645, "roll": 2.125486314622889}, "bulge": {"I": 0.09578155882639665, "Re": 2.9764823155215163, "c": 2.0, "mux": 59.32254953291526, "muy": 53.5048303471311, "n": 0.605335774300748, "q": 0.8333333333333334, "roll": 2.2100452243306354}, "bar": {"I": 1.395685132716589, "Re": 0.8128871551359442, "c": 6.0, "mux": 57.407011949016386, "muy": 57.50540448631687, "n": 5.0, "q": 0.6110459713804622, "roll": 1.4136362631637462}, "spiral": []}