{"disk": {"I": 0.10457273812955815, "Re": 22.57145462351613, "c": 2.0, "mux": 64.56289592106516, "muy": 64.24825820394672, "n": 1.0, "q": 0.6167217799929647, "roll": 1.2134588938761506}, "bulge": {"I": 0.09386396057821919, "Re": 10.8764325608296, "c": 2.0, "mux": 63.512078094425696, "muy": 62.8153043511573, "n": 1.3364506957819682, "q": 0.6, "roll": 2.8691962813802876}, "bar": null, "spiral": []}