{"disk": {"I": 0.10288399173918827, "Re": 28.38779820390673, "c": 2.0, "mux": 97.33856764208893, "muy": 98.17903250681863, "n": 1.0, "q": 0.8753824816061203, "roll": 2.9071313253910196}, "bulge": {"I": 0.5006453767395861, "Re": 1.9594820204748662, "c": 2.0, "mux": 98.25871194358085, "muy": 98.19217827980383, "n": 0.5633235763665568, "q": 0.6, "roll": 2.205044689153198}, "bar": null, "spiral": [[[[32.7772706088775, 11.391640078777925]], {"I": 0.9375, "falloff": 1.0, "spread": 0.3828125}]]}