{"disk": {"I": 0.04389009624984552, "Re": 17.033852163662026, "c": 2.0, "mux": 79.39023885973938, "muy": 81.04579495130668, "n": 1.0, "q": 0.7770073411928962, "roll": 2.59769234780875}, "bulge": {"I": 80315.50024928064, "Re": 0.004631939933770981, "c": 2.0, "mux": 78.42728812068967, "muy": 79.20239829394774, "n": 4.998580247605434, "q": 0.5467501986392763, "roll": 0.6595462129636379}, "bar": null, "spiral": [[[[80.2242187501771, 65.56875000004226], [79.31015624998349, 65.56874999992847], [77.48203124978028, 66.7874999999831], [76.5679687500346, 67.39687499993605], [76.26328124987583, 67.39687500005373], [76.26328124989988, 68.00625000002952], [76.26328124985451, 68.31093749995034], [76.26328124993756, 69.22499999991729], [76.26328124987418, 69.83437500009285], [76.26328124999782, 70.44375000002674], [76.2632812499773, 71.05312499999792], [76.26328125002203, 71.662499999972], [76.26328124996303, 71.96718749992868], [76.26328125000111, 72.27187499996651]], {"I": 0.019979272831153607, "falloff": 0.25241034239411236, "spread": 14.327413276680085}]]}