{"disk": {"I": 0.061122213964507864, "Re": 24.928314307049277, "c": 2.0, "mux": 89.05330249005783, "muy": 89.42380177505557, "n": 1.0, "q": 0.9321780331409523, "roll": 2.167222831695774}, "bulge": {"I": 0.4662671663286996, "Re": 3.0528713289522686, "c": 2.0, "mux": 89.16345284324198, "muy": 89.30603841133843, "n": 1.6448778592024111, "q": 0.4, "roll": 1.6877633572847215}, "bar": null, "spiral": []}