{"disk": {"I": 0.019927622991188804, "Re": 25.76432415013446, "c": 2.0, "mux": 67.47066144612747, "muy": 66.16085054917744, "n": 1.0, "q": 0.8074922236147039, "roll": 2.815386417828225}, "bulge": {"I": 0.29763682897233285, "Re": 4.627423650649776, "c": 2.0, "mux": 65.77458291774498, "muy": 65.65362288419935, "n": 1.109737207894879, "q": 0.7074920151794906, "roll": 3.082856702331475}, "bar": null, "spiral": []}