{"disk": {"I": 0.03341692535595821, "Re": 17.014523738487142, "c": 2.0, "mux": 60.38739057617948, "muy": 60.20954173228861, "n": 1.0, "q": 0.7129994481727052, "roll": 0.12525843421339067}, "bulge": {"I": 0.5426489307087856, "Re": 1.6215606413411323, "c": 2.0, "mux": 60.37537983202888, "muy": 60.24701889546181, "n": 1.9618961814481142, "q": 0.8333333333333334, "roll": 0.29922142190328005}, "bar": null, "spiral": []}