{"disk": {"I": 0.1580278812634911, "Re": 20.049733018231873, "c": 2.0, "mux": 66.8064301890933, "muy": 67.34424810437694, "n": 1.0, "q": 0.4745671957741155, "roll": 2.9836990813002346}, "bulge": {"I": 0.05091328504359655, "Re": 1.5660861170106966, "c": 2.0, "mux": 68.39999977113112, "muy": 66.60000008362813, "n": 3.8255749344352705, "q": 0.9702515597284128, "roll": 1.086896452122354}, "bar": null, "spiral": []}