{"disk": {"I": 0.07579579540860984, "Re": 28.61535278930564, "c": 2.0, "mux": 116.62505180411227, "muy": 114.97192566781072, "n": 1.0, "q": 0.9646309041976155, "roll": 1.1929350259933313}, "bulge": {"I": 0.01380038324219268, "Re": 25.799419503537163, "c": 2.0, "mux": 116.09854715403651, "muy": 115.54981746125887, "n": 3.526490714452249, "q": 1.0, "roll": 1.2071456422475115}, "bar": null, "spiral": []}