{"disk": {"I": 0.032696607278694924, "Re": 13.321525468991132, "c": 2.0, "mux": 30.426144222267727, "muy": 30.421526684170818, "n": 1.0, "q": 0.5362991409942867, "roll": 0.589854148786029}, "bulge": {"I": 0.2266850746140964, "Re": 4.335690143607666, "c": 2.0, "mux": 29.599999991117073, "muy": 30.199999976296645, "n": 1.8987651327603212, "q": 0.655937544716196, "roll": 2.7771716645735314}, "bar": null, "spiral": []}