{"disk": {"I": 0.11307457325756216, "Re": 16.00213676712415, "c": 2.0, "mux": 61.293144107716465, "muy": 61.548250786390646, "n": 1.0, "q": 0.8552626977486519, "roll": 1.755934630413366}, "bulge": {"I": 0.32715301271956954, "Re": 2.953446272104662, "c": 2.0, "mux": 62.1731409528892, "muy": 62.22148739441671, "n": 0.6962973576773066, "q": 0.6208219776503542, "roll": 2.598720787410653}, "bar": null, "spiral": []}