{"disk": {"I": 0.03669256885194378, "Re": 24.925506650424317, "c": 2.0, "mux": 87.28900225082633, "muy": 89.43693090287893, "n": 1.0, "q": 0.8857262600006723, "roll": 0.274123902169086}, "bulge": {"I": 0.5559961717094747, "Re": 1.624053020445193, "c": 2.0, "mux": 87.02586324770773, "muy": 87.08769830462323, "n": 2.971688071163376, "q": 0.4, "roll": 1.4748898868257565}, "bar": null, "spiral": [[[[87.16510324837054, 91.71095476335256], [88.18940092373134, 104.35696963553991], [99.4690180582918, 101.28255985089162], [100.4944432362289, 100.94092617847355], [100.83630107931424, 100.25741455326605], [110.0656027458881, 91.71422734051654], [110.4074309427225, 91.37249593282597], [110.74931847948835, 90.3472040191122], [112.11672028741384, 87.95493761062198], [119.63765299564307, 72.23411996106852], [119.63771233489149, 71.550559432798], [115.8786403986212, 63.347296170397144], [115.53687152699138, 63.0054670998652], [102.54935829599003, 53.43376546068987], [102.54938796521924, 53.09198521560721], [101.18228293784625, 52.06644929176167], [92.63785455492075, 45.91318516009051], [91.61251843540742, 45.229478325392364], [90.24538384163418, 44.545722707428666], [74.18061876875674, 47.27767134478805], [73.49699221584876, 47.61935397193041], [72.47153755810882, 48.302768014441625], [70.07862215331795, 52.06200873474509]], {"I": 0.042231546049169226, "falloff": 0.9159745269223646, "spread": 4.028304912593687}], [[[94.00172558354916, 84.1927665303811], [95.71125208206661, 78.04096647440682], [90.24253562904198, 77.35662476549393], [88.53354323693463, 77.35638062851811], [86.82455086517734, 77.35613649182665], [80.6720894889063, 78.38059825178797], [77.2539269414707, 80.43079124572742], [73.8357051393599, 83.16454460901384], [64.26425137788283, 95.80904455331195], [62.89676102996191, 99.22665110958529], [61.8711284439114, 101.96074610121119], [60.16124634950381, 112.2139075660859], [60.161127677248146, 113.58102833137076], [60.160652988195125, 119.04951138910974], [66.6542591875484, 125.54426382161282], [68.70493106772972, 126.9116779322004], [69.73026701872516, 127.59538499471407], [78.27499068358736, 130.33084886689164]], {"I": 0.05336859707852652, "falloff": 1.0339648105312946, "spread": 4.1418556512318565}], [[[82.03851194081756, 87.26707925656794], [82.03845260352682, 87.95063969375887], [76.2277602154835, 89.31693026114358], [75.54416332337655, 89.31683257807862], [74.86050709767062, 90.00029531478327], [73.83478541766397, 93.75973108261206], [74.51802627993209, 97.86119128721595], [74.51796694290374, 98.54475170552107], [74.51787793756534, 99.57009233246401], [77.93509102075461, 108.4568664049258], [78.27683013440924, 109.14047569533709], [78.9601600213233, 112.21659534917579], [82.0358120926835, 118.36907907691281]], {"I": 0.13034046614607178, "falloff": 1.7048267461214124, "spread": 1.0614365818952467}], [[[95.36853384956237, 88.63610492106298], [99.47070919845623, 81.80108622132951], [99.81253737027703, 81.45935481417048], [99.81262637765644, 80.43401409390208], [100.4966980919612, 74.96562789889046], [99.12959308628922, 73.9400918817141], [97.42071926450569, 72.57272681470799], [93.31931536520267, 70.52145955725011], [91.95212142002299, 70.52126427990176], [88.87593509052908, 70.52082490677948], [76.57119043096839, 70.51906741383308], [73.1531466532208, 71.2021396391346], [71.10229669110709, 71.88540713173307], [64.60756287465199, 78.37830330789423], [64.60753320632409, 78.72008350630139], [63.58204894716607, 79.74527761072576], [62.55641635447887, 82.47937268664604]], {"I": 0.0661706589527971, "falloff": 1.273371922723745, "spread": 0.9086241791163752}]]}