{"disk": {"I": 0.015767983049889616, "Re": 34.352531556319654, "c": 2.0, "mux": 60.00817825182202, "muy": 61.48109929171818, "n": 1.0, "q": 0.27939448180995824, "roll": 1.2380191049982863}, "bulge": {"I": 0.03050728260413378, "Re": 20.32449092145967, "c": 2.0, "mux": 47.43386274962445, "muy": 65.11482528416514, "n": 1.7725186580969794, "q": 0.6, "roll": 1.2048858769350423}, "bar": null, "spiral": [[[[61.709375000019065, 62.87187499999541], [68.17578124992929, 63.017187500041956], [75.85312500019353, 56.502343750159525], [72.58359374994149, 52.62734374988199], [59.79609375005123, 52.50625000011226]], {"I": 0.18105861517721789, "falloff": 1.665001299715875, "spread": 19.27518339810088}]]}