{"disk": {"I": 0.035794964978565304, "Re": 13.979756917926917, "c": 2.0, "mux": 43.73756477642793, "muy": 47.89335594988985, "n": 1.0, "q": 0.5988642352685541, "roll": 3.049740921621804}, "bulge": {"I": 0.02563216925650774, "Re": 13.737287280680432, "c": 2.0, "mux": 45.40005457841516, "muy": 46.400043062223766, "n": 4.535559870260843, "q": 0.4, "roll": 2.5285969052297532}, "bar": {"I": 0.00025909372229036235, "Re": 13.979756917926917, "c": 2.109165855033443, "mux": 42.78065370397433, "muy": 47.59269256746832, "n": 1.0986834316431993, "q": 0.6093141848831954, "roll": 2.453308077741398}, "spiral": [[[[53.35029748852253, 45.41896591876423], [54.60862820835979, 35.17710717071077], [50.29759924645771, 25.65231841123193], [49.93828908875116, 25.652209821291535], [49.75863400968001, 25.652155526537513], [41.67416852532335, 25.470023845089713]], {"I": 0.21759241217822253, "falloff": 1.0319985383980137, "spread": 2.602867191945306}], [[[45.98484479702273, 39.84639948971255], [39.6969041902139, 40.02418757125565], [40.77359316841364, 57.094910653238], [50.1151597937872, 63.925892498986514]], {"I": 0.02833587069114465, "falloff": 0.4571062678180125, "spread": 6.132386766837849}]]}