{"disk": {"I": 0.07570665448430489, "Re": 32.79103084720489, "c": 2.0, "mux": 115.65976560481998, "muy": 115.20150759498394, "n": 1.0, "q": 0.862573778824336, "roll": 0.3105167830722513}, "bulge": {"I": 0.028724284216417657, "Re": 1.2435731519611444, "c": 2.0, "mux": 116.79978775089673, "muy": 117.20000903050173, "n": 4.485202435968024, "q": 0.4604722249587106, "roll": 2.1898332202135795}, "bar": {"I": 0.21790761183234109, "Re": 8.22187237079868, "c": 4.805256476320364, "mux": 115.87020046960512, "muy": 115.79262794405577, "n": 0.8495935109651801, "q": 0.36208986608303506, "roll": 2.3277160250617563}, "spiral": []}