{"disk": {"I": 0.09391770495260619, "Re": 15.654428395799505, "c": 2.0, "mux": 50.93664938492395, "muy": 49.19755922815575, "n": 1.0, "q": 0.811935079367931, "roll": 2.913692115540864}, "bulge": {"I": 738.189721421487, "Re": 0.06605527741559203, "c": 2.0, "mux": 50.527479613985335, "muy": 50.49807405726453, "n": 0.5000100313550891, "q": 0.8830402866699887, "roll": 0.021830389990477705}, "bar": null, "spiral": [[[[52.77539875114417, 41.88442328640937], [58.71179141730306, 41.12829159615467], [61.79951282593413, 45.13307646038524], [62.496740859069746, 51.68750930344473], [59.94688144836164, 55.870734396483925], [52.39690579115529, 58.87780324865972], [44.36883024061501, 55.46992613102955]], {"I": 0.02970329398581969, "falloff": 0.042300542902922164, "spread": 0.9175429093998304}], [[[42.23730571755209, 48.576601292201616], [40.8428503084308, 43.19745799632142], [42.83492778648781, 35.82663311441411], [47.41670712420898, 30.049959751632286]], {"I": 0.5911964418358678, "falloff": 1.9790163026179675, "spread": 0.3095189440119657}]]}