{"disk": {"I": 0.03536870205179512, "Re": 26.047980152444364, "c": 2.0, "mux": 77.48293128695924, "muy": 77.41911546044152, "n": 1.0, "q": 0.6421578912835607, "roll": 1.0351590368853834}, "bulge": {"I": 0.06431119435985083, "Re": 24.294518137324282, "c": 2.0, "mux": 76.62734433228684, "muy": 77.31495161036973, "n": 1.7286038818746703, "q": 0.6, "roll": 0.8883068293622931}, "bar": null, "spiral": [[[[85.09863281256276, 80.79980468759298], [93.30273437504252, 75.35058593747931], [93.51464843747846, 74.92675781262687], [98.11621093754081, 66.75292968743227], [87.42968749993065, 63.39257812512673], [75.65332031243418, 64.87597656256821]], {"I": 0.016005516546887488, "falloff": 0.01, "spread": 2.38728345630059}], [[[68.75097656234965, 72.62597656245308], [60.75878906262744, 74.321289062462], [57.18652343759504, 80.7998046875014], [56.97460937483265, 81.01171874999604], [54.0380859375079, 87.73242187503115], [54.03808593747533, 88.36816406253932], [60.97070312501205, 98.02539062490243], [66.84374999999977, 101.80957031245478]], {"I": 0.026373447031461904, "falloff": 0.2569934692936657, "spread": 4.289771847664969}], [[[102.7480468750233, 61.727539062473596], [97.05664062497846, 56.24804687505592], [95.81542968753774, 56.24804687508548]], {"I": 0.010367731220100632, "falloff": 0.01, "spread": 4.336531962559891}], [[[71.68749999999523, 82.28320312504357], [71.6874999998987, 82.07128906261009], [65.9960937498713, 87.52050781249525], [65.60253906254047, 92.57617187504718]], {"I": 0.007328673354187291, "falloff": 0.01, "spread": 2.3064417235950856}], [[[80.07324218739302, 73.89746093760917], [88.45898437498516, 69.05371093753737]], {"I": 0.006381309644762117, "falloff": 0.01, "spread": 1.6502326589309593}]]}