{"disk": {"I": 0.15008644422488113, "Re": 20.258688687533997, "c": 2.0, "mux": 72.06896723085697, "muy": 71.3425953079382, "n": 1.0, "q": 0.6418266992291313, "roll": 1.6644986203353573}, "bulge": {"I": 0.4519525746847142, "Re": 1.9609364589927962, "c": 2.0, "mux": 70.74738869556005, "muy": 71.70278480229358, "n": 1.1814652468082825, "q": 0.4, "roll": 1.7647020149917627}, "bar": null, "spiral": []}