{"disk": {"I": 0.0020434914465419065, "Re": 108.09873391191256, "c": 2.0, "mux": 85.12861983052724, "muy": 85.57172637932067, "n": 1.0, "q": 0.22271592969373255, "roll": 0.0778583012601759}, "bulge": {"I": 0.0777240963228286, "Re": 7.8668503167293755, "c": 2.0, "mux": 85.03422179708805, "muy": 77.12739572103419, "n": 0.5, "q": 0.6046211323974153, "roll": 2.584323952300621}, "bar": {"I": 0.11177155651414193, "Re": 32.32710139100241, "c": 2.4383061520927014, "mux": 97.14587128031793, "muy": 97.09270326888624, "n": 1.616672601128325, "q": 0.4033285077759175, "roll": 2.4918460619316494}, "spiral": []}