{"disk": {"I": 0.026058206563661587, "Re": 21.629931632759295, "c": 2.0, "mux": 73.24373733948754, "muy": 71.00890502169342, "n": 1.0, "q": 0.31829700516336284, "roll": 0.9116096593331833}, "bulge": {"I": 0.010027845572724707, "Re": 17.29014605885925, "c": 2.0, "mux": 73.59490393734274, "muy": 71.32882694634014, "n": 1.1647605699923702, "q": 0.7536189026816327, "roll": 2.99475483929927}, "bar": {"I": 0.03620831894517931, "Re": 20.30984633097755, "c": 5.205105173831217, "mux": 72.17377559563697, "muy": 71.84568618669822, "n": 2.757387899964913, "q": 0.5109591634930518, "roll": 0.7913565733210548}, "spiral": [[[[76.41126366207823, 66.72069629061752], [76.1280844992425, 66.7206883418529], [76.12805834567394, 66.43748495540297], [76.69441667108663, 66.43750085252941], [76.97756967949226, 66.15430541508977], [77.5439280046919, 66.15432131225259], [78.11028632972875, 66.1543372095714], [78.39346549215907, 66.15434515805771], [78.95982381720228, 66.15436105535969], [79.24300297972832, 66.1543690038576], [79.8093613045836, 66.1543849011224], [80.09254046725266, 66.15439284960792], [80.37574578636975, 66.43760418430122], [80.3757719426984, 66.72080757078322], [80.65897726263347, 67.00401890639864], [80.65900341923668, 67.28722229347954], [80.65902957625804, 67.57042568147824], [80.65908188964863, 68.13683245786683], [80.65910804622342, 68.42003584674262], [80.65913420304298, 68.70323923608066], [80.6591603597692, 68.98644262566359], [80.65921267335011, 69.55284940629963], [80.65926498670035, 70.11925618836813], [80.37613813451196, 70.68565502340425], [80.09298512506643, 70.96885046749003], [80.09303743794555, 71.53525725371117], [79.5267575730694, 72.38485153879606], [79.52680988503698, 72.95125832886094], [79.24368302916707, 73.51765717227272], [78.9605823279652, 74.36725941424618], [78.39427630157263, 74.93365031300607], [78.11117559765341, 75.7832525610869], [77.5448695681032, 76.34964346386062], [76.97858969104641, 77.1992377694935], [76.97861584523253, 77.48244117119668], [76.41228365781956, 77.76562867613609], [76.1291567940907, 78.33202753302521], [75.56285075806483, 78.89841844290561], [75.279671586527, 78.8984104943105], [74.99651856757379, 79.18160594997096], [74.71336554847352, 79.46480140587471], [74.1470072046335, 79.46478550878214], [73.86388033645216, 80.03118437056798], [73.29754814331545, 80.31437187921574], [72.73121594925067, 80.59755938803244], [72.1648576037091, 80.59754349103491], [71.8817045813662, 80.88073894899946], [71.31534623569536, 80.88072305174262], [70.74901403924605, 81.163910561428], [70.46586101557239, 81.4471060203374], [70.18268184228458, 81.447098071705], [70.18270799158142, 81.73030147957763], [69.61640194234252, 82.29669239907253], [69.05004359432866, 82.29667650208933], [68.76689056857208, 82.57987196249178], [68.20058451605007, 83.14626288457146], [67.63425231426208, 83.42945039735184], [67.0679201118383, 83.7126379109277], [66.78474093684605, 83.71262996222458], [66.5015879085999, 83.99582542480277], [65.93522955811409, 83.99580952738768], [65.65205038293948, 83.99580157907212], [65.08569203240427, 83.99578568165646], [64.23618065202038, 84.27896524756068], [63.38666927037582, 84.56214481357972], [62.53713174352862, 84.56212096770207], [60.83808283245173, 84.84527668832652], [59.422186953492655, 84.8452369457732], [57.43993272270768, 84.84518130535889], [56.87357437101167, 84.84516540835352], [56.30721601963046, 84.8451495111309], [55.7408576678302, 84.84513361393772], [55.457678491943625, 84.84512566546357], [54.608140964443976, 84.84510181974383], [54.041782612696466, 84.84508592245254], [53.47542426122493, 84.84507002532666], [53.192218948072934, 84.56185866453256], [52.90903977248007, 84.56185071584844], [52.62580832323431, 83.99543594421402], [52.05939769982342, 83.42901322536375], [51.7761401162179, 82.57939504719309], [51.49293480596435, 82.29618368968261], [51.492908670027475, 82.01298028113092], [51.492882533827355, 81.72977687295065], [51.492856397943, 81.44657346494466], [51.492804125821124, 80.88016665076702], [51.2095988169159, 80.5969552955753], [51.20957268118707, 80.3137518892072], [51.20952040927216, 79.74734507809796], [51.209494273459484, 79.46414167317255], [51.20946813762333, 79.1809382685608], [51.20944200196061, 78.89773486451736], [51.209415865957624, 78.61453146063116], [51.20938973008964, 78.33132805706464], [51.20936359434495, 78.04812465413477], [51.209337458561606, 77.76492125181926], [51.20928518682143, 77.19851444773622], [51.209259051071, 76.91531104628189], [51.209232915120026, 76.6321076451992], [51.2092067792355, 76.34890424475236], [51.492359812934865, 76.06570879314143], [51.775512846236666, 75.78251334180254], [51.77548671017041, 75.4993099427852], [51.77546057380778, 75.21610654380095], [52.05858746995045, 74.64970769546926], [52.34174050179263, 74.36651224629861], [52.62489353352515, 74.08331679764387], [52.908020427550696, 73.51691795278816], [53.19117345801476, 73.23372250518275], [53.474326488083875, 72.95052705794353], [53.75745338021426, 72.38412821622705], [54.04063254727322, 72.38413616499588], [54.323733300089486, 71.53453393121833], [54.6068863282199, 71.25133848654446], [55.173166244469996, 70.40174420598407], [55.73947229743044, 69.83535332025826], [56.30575220961089, 68.98575904602387], [56.58887909483042, 68.41936021546132], [56.872005979282335, 67.85296138668423], [57.155159002864025, 67.5697659471432], [57.4383120261719, 67.28657050808852], [57.72143890857103, 66.72017168260129], [58.570924115486434, 66.15378875588499], [58.854077136706906, 65.87059331871035], [59.13723015743204, 65.58739788205514], [59.70353619797123, 65.02100700994549], [59.98668921774498, 64.73781157438304], [60.26981609470806, 64.17141275615427], [60.83612213153003, 63.60502188797909], [61.119249006557084, 63.03862307282691], [61.68558118393122, 62.755435589011086], [62.251913360532626, 62.472248105172866], [62.53504023267607, 61.90584929344823], [62.81816710403359, 61.33945048315388], [63.101346263212235, 61.33945843167953], [63.95080530586773, 60.48987214221211], [64.8002643449862, 59.64028585626215], [65.36654422309539, 58.79069162544624], [65.93287639138703, 58.50750414759068], [65.93282409864344, 57.94109739825217], [66.49913011886241, 57.37470654793606], [66.78228312805766, 57.09151112316226], [67.63176830154885, 56.5251282238753], [68.19807431700514, 55.95873737746376], [68.48120117617418, 55.39233858422597], [69.04750718882451, 54.82594774110669], [69.61383934888534, 54.542760268537336], [70.18017150830474, 54.25957279683155], [70.46332451281728, 53.976377376480286], [71.02965667044361, 53.69318990527813], [71.59598882779721, 53.4100024347772], [72.16232098388514, 53.12681496429286], [73.01183229230469, 52.84363544291659], [73.01180614086934, 52.560432076257484], [73.5781382950459, 52.27724460707577], [74.14447044819508, 51.99405713834278], [74.9939817530402, 51.710877618733775], [75.27713475251244, 51.42768220221615], [75.8434930563829, 51.427698099517784], [76.12664605502232, 51.14450268331336], [76.4098252067746, 51.14451063206843], [76.69297820481006, 50.8613152163382], [77.25931035379267, 50.57812774967124], [77.54246335056712, 50.29493233457288], [78.10879549809943, 50.011744868773576], [78.67512764497371, 49.72855740332841], [78.95828064014336, 49.44536198940261], [79.80779193593241, 49.16218247346865], [80.09094493007115, 48.87898706060764], [80.94048238068046, 48.87901090642197], [81.22363537384251, 48.59581549388224], [82.07314666617492, 48.31263597889324], [82.63947880760463, 48.029448515938725]], {"I": 0.007654947844584084, "falloff": 0.3093978066870742,