{"disk": {"I": 0.09515634295298166, "Re": 19.977889958512286, "c": 2.0, "mux": 72.91870437573182, "muy": 72.01533614055317, "n": 1.0, "q": 0.8186338717120965, "roll": 0.7021284855338917}, "bulge": {"I": 0.7697219139570669, "Re": 2.23146457602558, "c": 2.0, "mux": 72.14275107332668, "muy": 72.24612507536636, "n": 0.5, "q": 0.4, "roll": 1.4819083831422895}, "bar": null, "spiral": []}