{"disk": {"I": 0.03726301489135294, "Re": 20.299244747264616, "c": 2.0, "mux": 69.55058993824363, "muy": 69.41629729192385, "n": 1.0, "q": 0.44822411536436224, "roll": 1.6152195921001098}, "bulge": {"I": 0.5461583111696646, "Re": 1.5763647321753613, "c": 2.0, "mux": 69.35432501632181, "muy": 69.29594872544524, "n": 1.351544186507642, "q": 0.8333333333333334, "roll": 1.6536668630897065}, "bar": null, "spiral": []}