{"disk": {"I": 0.04111535619372182, "Re": 24.169974435908635, "c": 2.0, "mux": 76.63831155390908, "muy": 78.18897184516746, "n": 1.0, "q": 0.6590141014049917, "roll": 1.1183127708199652}, "bulge": {"I": 0.2821719161374644, "Re": 2.407470673956102, "c": 2.0, "mux": 76.72722785423687, "muy": 76.82639865621861, "n": 1.4770341268786291, "q": 0.523218501488054, "roll": 1.1241795601588145}, "bar": null, "spiral": [[[[85.09863281256276, 80.79980468759298], [93.30273437504252, 75.35058593747931], [93.51464843747846, 74.92675781262687], [98.11621093754081, 66.75292968743227], [87.42968749993065, 63.39257812512673], [75.65332031243418, 64.87597656256821]], {"I": 0.023540444084201542, "falloff": 0.1398464460869483, "spread": 14.273363562914696}], [[[68.75097656234965, 72.62597656245308], [60.75878906262744, 74.321289062462], [57.18652343759504, 80.7998046875014], [56.97460937483265, 81.01171874999604], [54.0380859375079, 87.73242187503115], [54.03808593747533, 88.36816406253932], [60.97070312501205, 98.02539062490243], [66.84374999999977, 101.80957031245478]], {"I": 0.03468736889793402, "falloff": 0.3054718856469469, "spread": 13.594264004174375}], [[[102.7480468750233, 61.727539062473596], [97.05664062497846, 56.24804687505592], [95.81542968753774, 56.24804687508548]], {"I": 0.010035099653129223, "falloff": 0.01, "spread": 6.628096133712572}], [[[71.68749999999523, 82.28320312504357], [71.6874999998987, 82.07128906261009], [65.9960937498713, 87.52050781249525], [65.60253906254047, 92.57617187504718]], {"I": 0.052610308531647616, "falloff": 0.8219598093179485, "spread": 6.27093632532674}], [[[80.07324218739302, 73.89746093760917], [88.45898437498516, 69.05371093753737]], {"I": 0.04522142689372697, "falloff": 0.4871148743269535, "spread": 5.226626406902989}]]}