{"disk": {"I": 0.06180587380325198, "Re": 17.96424702366833, "c": 2.0, "mux": 54.242934333044026, "muy": 59.12509972748321, "n": 1.0, "q": 0.5990452302550437, "roll": 0.8105984027650508}, "bulge": {"I": 0.07155850720423758, "Re": 14.139573866182666, "c": 2.0, "mux": 55.59999999293909, "muy": 55.80000000646399, "n": 1.9301950370384622, "q": 0.567028367175368, "roll": 0.7252627636265421}, "bar": null, "spiral": []}