{"disk": {"I": 0.05523719780899708, "Re": 30.756742125898423, "c": 2.0, "mux": 105.31021447171732, "muy": 103.76257655786418, "n": 1.0, "q": 0.6090978450516901, "roll": 0.2835027500510899}, "bulge": {"I": 0.04252657771583261, "Re": 26.890845487297582, "c": 2.0, "mux": 102.97084746892412, "muy": 104.09015757053602, "n": 0.5, "q": 1.0, "roll": 1.6507170628251089}, "bar": {"I": 0.01438520263663053, "Re": 30.756742125898423, "c": 1.3870768461005951, "mux": 104.53199151260733, "muy": 104.40947095654339, "n": 3.9702315826900327, "q": 0.579407674149847, "roll": 2.5287473757887455}, "spiral": [[[[115.09538775648662, 104.46247397901527], [115.50541540061243, 104.46235970644102], [111.81490747489795, 96.67047825659301], [105.25426082309437, 90.52000954054483], [105.25424719149936, 90.10985640878346], [95.00369266865647, 94.21424457810554], [85.9832208478303, 98.31829001457186], [76.55299324173723, 110.6255131097439], [76.14299279461972, 111.44593373130567], [74.91327705277362, 122.52041258703332], [74.9133178544316, 123.75087218443957], [81.06420905116096, 138.1045206286392], [84.34460741290096, 143.43559850840745]], {"I": 0.5499999999999999, "falloff": 1.26, "spread": 0.0}], [[[99.92433767320153, 103.64639574467583], [103.61503625097447, 117.18042200202888], [110.58568370492338, 122.51047086922881], [124.93632425079565, 112.66279482141283], [130.2665061871926, 107.32931803973327], [130.26649252977435, 106.91916487320418], [126.98564327491337, 88.0530343173449], [126.98557500494647, 86.00226869267806], [123.29487592377097, 72.46824455041997], [122.88483466263244, 72.05820572851201], [122.06475214353608, 71.23812808677042], [112.63387160944785, 63.858000825767476], [109.76366475664173, 63.44864765636191], [90.90223166368841, 58.53206733413049], [90.49220406659822, 58.532181606618906], [88.03207932666868, 59.76332644459865], [85.1619541942936, 61.81489170741702], [83.93191222237942, 63.04569374835603], [83.5219254488072, 64.27626725199877]], {"I": 0.0625, "falloff": 1.26, "spread": 0.0}], [[[94.59444141383506, 117.59308918675242], [94.5944277931666, 117.18293599941865], [94.18487684528651, 131.5384123323389], [96.64531533256033, 139.74079119472287], [97.0553430127151, 139.74067692204085]], {"I": 0.00426184974762906, "falloff": 0.01, "spread": 3.8106496529892175}], [[[128.6267369907731, 117.58360456021558], [134.77750706465866, 128.24587363736225]], {"I": 0.3790619547763236, "falloff": 1.1867750100847008, "spread": 0.8136878780589557}]]}