{"disk": {"I": 0.13624552089009304, "Re": 14.956083428239165, "c": 2.0, "mux": 89.44955749083641, "muy": 89.51673174882818, "n": 1.0, "q": 0.6340810302900182, "roll": 0.2163934786564612}, "bulge": null, "bar": {"I": 0.058872740850852735, "Re": 29.91216685647833, "c": 2.4357397338093163, "mux": 87.55478114130142, "muy": 98.40783049857232, "n": 0.3944463186857116, "q": 0.6666666666666666, "roll": 2.738360520894109}, "spiral": [[[[100.86328124993352, 87.82031249972192], [102.09375000004644, 77.27343750019458], [100.51171875000622, 69.32812500011852], [100.51171874999692, 68.8359375000575], [89.47265625000139, 65.53125000010692], [88.9804687500599, 65.03906250003601], [77.69531250001037, 65.53125000001134], [66.55078124999176, 67.4999999999578], [66.4101562499794, 67.60546875000179], [66.41015624998111, 67.85156249992298], [66.05859375005181, 68.5898437500133], [62.99999999988741, 81.10546874995737], [63.105468749952465, 90.17578124998792]], {"I": 0.040116039828433314, "falloff": 0.28472771976644606, "spread": 2.651770308234978}], [[[79.91015624999554, 88.69921875004175], [78.67968749999113, 95.80078124983982], [77.09765625002305, 105.60937499993011], [77.34374999999525, 105.60937500004474], [77.58984375001074, 105.71484374985863], [84.69140624997377, 113.34374999997368], [84.9374999999876, 113.34374999992977], [85.18359375002245, 113.3437499999284], [92.42578124998111, 117.49218749987801], [92.91796875001864, 117.4921874999126], [93.86718749998863, 117.49218749996558], [94.50000000002379, 117.38671874997294], [95.2382812499419, 117.24609375001131], [95.34375000000561, 117.24609375002882], [96.22265625002686, 117.38671874995146]], {"I": 0.013026624043880301, "falloff": 0.01, "spread": 1.6150473751571928}], [[[115.76953124997468, 77.41406249990445], [115.06640625001957, 67.92187499998457], [115.06640625002665, 67.35937500004778], [102.33984375004101, 54.98437500001265], [89.92968749998967, 50.871093749990735], [89.75390625001071, 50.871093749928605], [78.46875000001697, 54.63281249995174]], {"I": 0.008127098980384925, "falloff": 0.010636140876442813, "spread": 3.4989102836431165}]]}