{"disk": {"I": 0.08004255979383404, "Re": 20.135862195173587, "c": 2.0, "mux": 72.79133264488372, "muy": 70.89052721021217, "n": 1.0, "q": 0.7291295506253779, "roll": 1.570730936509563}, "bulge": {"I": 0.06908287191875497, "Re": 20.135862195173587, "c": 2.0, "mux": 70.99939059002521, "muy": 71.76951999191166, "n": 1.4308345224232089, "q": 0.5304282194756292, "roll": 1.7400477770626448}, "bar": null, "spiral": []}