{"disk": {"I": 0.03610188154628422, "Re": 32.08643809734265, "c": 2.0, "mux": 84.77984595514754, "muy": 87.5910269281272, "n": 1.0, "q": 0.47605432120208513, "roll": 1.02584231478029}, "bulge": {"I": 0.07318212294724753, "Re": 24.63049108751357, "c": 2.0, "mux": 85.96085828715003, "muy": 86.11365599584484, "n": 1.536711550043628, "q": 0.6, "roll": 1.187304450052421}, "bar": null, "spiral": []}