{"disk": {"I": 0.0912451073992215, "Re": 28.36102496444461, "c": 2.0, "mux": 98.79723322033183, "muy": 99.09134094382958, "n": 1.0, "q": 0.832006649278351, "roll": 1.5096541525644802}, "bulge": {"I": 0.16199666861961437, "Re": 5.237905512827811, "c": 2.0, "mux": 97.96132542699613, "muy": 98.86716033277067, "n": 1.1096445239289598, "q": 0.8891980677490936, "roll": 3.0063661601930667}, "bar": null, "spiral": []}