{"disk": {"I": 0.1360624049659238, "Re": 16.385474515992616, "c": 2.0, "mux": 63.18584971314922, "muy": 62.12856456046105, "n": 1.0, "q": 0.9277364187231703, "roll": 3.1109198337849433}, "bulge": {"I": 0.16059162123968443, "Re": 1.7121947995817879, "c": 2.0, "mux": 62.99999972104691, "muy": 63.599999103826015, "n": 2.7569590655049474, "q": 0.7018028520998648, "roll": 2.8222501705119987}, "bar": null, "spiral": []}