{"disk": {"I": 0.028690333832238162, "Re": 50.357137997296036, "c": 2.0, "mux": 140.15095462539236, "muy": 139.31657052109696, "n": 1.0, "q": 0.6847704507965611, "roll": 2.1786941451474213}, "bulge": {"I": 0.028633399120724882, "Re": 32.290453550057194, "c": 2.0, "mux": 138.40954373813437, "muy": 138.9279721142081, "n": 3.088162671862321, "q": 0.6, "roll": 1.7352008745347407}, "bar": null, "spiral": [[[[134.58902296624797, 124.34035295317247], [134.2633512203717, 124.34039603260996], [133.28636854147197, 123.03740282475067], [131.9294436363533, 121.40867926970364], [131.60379766371926, 120.37708374443717], [131.2781340593814, 120.05134621500149], [128.99847256932338, 118.42274474550014], [128.61852221006353, 118.42279501292873], [126.33885396919368, 117.06567740546768], [125.6875267753141, 116.41420235844375], [124.33059377043116, 115.11125945065777], [123.67925844805882, 114.78556501969963], [123.02793126044332, 114.13408997865055], [122.05093370520649, 113.4283612627543], [120.36830460607348, 113.1028032956491], [119.3912894489223, 113.10293257299288], [118.08860258340968, 113.10310494305773], [116.73164523967978, 112.77750388916735], [115.1032866893712, 112.77771935333787], [114.07200107718307, 112.45207521103967], [113.74632937134623, 112.4521183044906], [112.11797085475001, 112.45233377032469], [111.46661932839578, 112.77820055664378], [110.43531749161025, 113.10411761562885], [110.10964579480549, 113.10416070831579], [109.13260498421147, 114.13592853944019], [108.4812291055141, 115.43913709746091], [107.50419778981774, 116.09082754965999], [107.12422311983613, 117.06821959035416], [106.47285402741846, 118.09994429490033], [106.14716609923613, 118.75154855510166], [105.82147817267372, 119.40315281185502], [105.82146192920948, 120.0547139813294], [105.49577400468075, 120.70631823272032], [105.17009284916821, 121.08643866273053], [105.17007660665706, 121.73799982659453], [104.84438868542321, 122.38960407027086], [104.84437244334185, 123.041165230246], [104.84435620148861, 123.69272638823243], [104.84433995941254, 124.34428754478643], [104.84433048477905, 124.72436488556303], [104.84432236362471, 125.05014546280341], [104.84431424269769, 125.37592603961726], [104.84430612176993, 125.70170661600761], [104.84428987985075, 126.3532677677288], [103.81296376086038, 127.6565264724401], [103.81293804640012, 128.68816495072335], [103.81290556476273, 129.99128723314504], [103.81288120366798, 130.96862894055553], [104.19280577160896, 132.0002171569334], [104.19279765114902, 132.32599772445852], [104.51844495984238, 133.30329635562447], [104.51841247663708, 134.6064186185948], [104.5183948816807, 135.3122765083861], [104.84405030988722, 135.96379456971206], [104.84404218891314, 136.28957513318093], [104.84401782585428, 137.2669168213056], [105.16968137439744, 137.5926543191699], [105.4953449235623, 137.91839181696636], [105.49531920571764, 138.95003026138863], [105.49529484133865, 139.9273719419597], [105.49527047717993, 140.9047136187617], [105.82092590330109, 141.55623167530052], [105.8209083062606, 142.26208954991029], [106.14657185332305, 142.58782704845078], [106.14656373173023, 142.91360760504833], [106.79789894911312, 143.2393020462904], [107.8291763299298, 143.8907268128], [108.48050342937188, 144.5422018146357], [108.80616697993224, 144.86793931605823], [109.13182240704509, 145.51945737475756], [109.4574846037981, 145.89949163635768], [109.78314003076298, 146.55100969562193], [110.43447525838394, 146.87670414489745], [110.76013068596001, 147.5282222048702], [111.46574452917042, 147.8539094811403], [111.7913999572483, 148.50542754218276], [112.11704590554655, 149.53702291825903], [112.44270133346458, 150.1885409786655], [112.76836488724564, 150.51427848436316], [113.41969199562959, 151.16575349655136], [114.07100285183702, 152.46878961928604], [114.39665692548755, 153.17460443940672], [115.10226264997692, 153.8260722808231], [115.42792620594594, 154.15180978933864], [115.75358976212442, 154.4775472980429], [116.73058856142904, 155.12897927284752], [117.707587364809, 155.7804112505566], [118.73886343285233, 156.48613281637168], [119.39020681402161, 156.48604673167617], [119.3901986842074, 156.81182728686363], [119.71586224554926, 157.1375647999673], [120.04153393768155, 157.1375217584454], [120.69286106242106, 157.7889967864681], [121.01853275635307, 157.78895374585048], [121.01852462549067, 158.1147343012629], [121.34419631983087, 158.1146912607677], [121.34418818882023, 158.440471815996], [121.72413849985742, 158.44042160280122], [122.04979393244514, 159.09193967380523], [122.37546562879061, 159.09189663462357], [122.70112919373264, 159.4176341510693], [123.35245496956588, 160.12340594435506], [124.00378210198699, 160.77488097959906], [124.65511736914652, 161.10057546092736], [126.01206652704087, 161.75195725403128], [126.66340180098024, 162.07765173860182], [127.64040878360606, 162.40330318877415], [128.29173592799862, 163.0547782337191], [129.3230120451334, 163.76049983337364], [129.9743391933132, 164.41197488216386], [130.62567448004035, 164.73766937405082], [130.9513380555955, 165.0634068998034], [131.92834505973644, 165.38905836160563], [132.3082953942972, 165.3890081577026], [132.95961441240433, 166.36626377213955], [133.2852861293727, 166.3662207413632], [133.61094970860108, 166.69195826972188], [134.58795536992113, 167.07190649835644], [135.2392906717103, 167.39760099862298], [135.94491273614648, 167.39750776758788], [136.27057631903523, 167.7232452993001], [136.9219197674306, 167.72315924054027], [138.22458224903397, 168.70032881143158], [138.55024583509248, 169.02606634554218], [139.2015811502855, 169.35176085259238], [139.58153150165538, 169.35171065384176], [139.90719508955254, 169.67744818935577], [140.55853040963336, 170.0031426985661], [140.88420214180695, 170.00309967196148], [141.20986573188605, 170.32883720912508], [141.5355279647003, 170.70887150701517], [141.8611996986508, 170.70882848113516], [142.51252688097952, 171.3603035579394], [142.89247723976155, 171.3602533619166], [143.54381256963768, 171.68594787650818], [143.8694761628862, 172.01168541666962], [144.52081964127507, 172.01159936787894], [145.1721549767626, 172.33729388493057], [145.49782671832128, 172.33725086079218], [145.4978104264863, 172.9888119922724], [145.82348216852148, 172.98876896897485]], {"I": 0.13847628255298366, "falloff": 2.2657384320642366,