{"disk": {"I": 0.06324346210933317, "Re": 30.49578543207406, "c": 2.0, "mux": 98.91524726590164, "muy": 99.36570447620838, "n": 1.0, "q": 0.8194401879449315, "roll": 1.6000495339615446}, "bulge": {"I": 0.04499393577749646, "Re": 17.932279914576966, "c": 2.0, "mux": 98.14182310729939, "muy": 98.75107823362578, "n": 2.2213509369067137, "q": 0.8926277420832457, "roll": 1.101101845283418}, "bar": null, "spiral": []}