{"disk": {"I": 0.09527367342144817, "Re": 19.963374831676596, "c": 2.0, "mux": 72.93198664142837, "muy": 72.01125055781641, "n": 1.0, "q": 0.8189180854940834, "roll": 0.7111494414743663}, "bulge": {"I": 0.6471580089964464, "Re": 1.9692894233606597, "c": 2.0, "mux": 72.13836105814103, "muy": 72.25109916504069, "n": 0.5056730387044246, "q": 0.6, "roll": 1.4858955544302426}, "bar": null, "spiral": []}