{"disk": {"I": 0.04058624339081239, "Re": 36.32403220682724, "c": 2.0, "mux": 123.70593784489165, "muy": 125.29981007208528, "n": 1.0, "q": 1.0, "roll": 2.262835629477504}, "bulge": {"I": 0.5137250907161609, "Re": 1.9753269609149435, "c": 2.0, "mux": 124.91783249021513, "muy": 125.20248764107139, "n": 3.463878386507686, "q": 0.453940338653153, "roll": 1.1146538208321228}, "bar": null, "spiral": [[[[132.78828708470948, 148.9447068701951], [133.03435486902876, 148.9446212546179], [134.36275325078915, 148.4028621116156], [135.15000303730605, 148.15654413573418], [135.98663348798956, 148.15625304517766], [136.77388326462497, 147.90993507186874], [137.3152323739214, 147.90974671956326], [137.80716738870407, 147.61432268453086], [138.34851649406326, 147.61413433276834], [138.64379782326586, 147.61403159557017], [139.13576625536385, 147.36781636350304], [139.97219614298527, 147.07227247240826], [140.21826391436164, 147.07218685855673], [140.75961300993933, 147.0719985077003], [141.25158143333874, 146.82578327891338], [142.33391195647826, 146.2841097796038], [143.90841142187605, 145.79147385919873], [144.9907419190623, 145.24980037122623], [146.56520792524793, 144.70795566481706], [147.89343903269256, 143.92015258522508], [148.18851979504703, 143.62479706203078], [148.7297017358138, 143.37856472726207], [149.51695142764902, 143.13224678275628], [149.5167508813218, 142.83699399582656], [149.76281863446445, 142.83690838555378], [150.05773226880518, 142.29550887905168], [150.54970064965525, 142.04929367157843], [150.84481482804966, 141.80314695322636], [151.6318639563286, 141.26157623423717], [152.66461315302607, 140.17862314732315], [153.9926770544749, 139.14477614123814], [154.5338255393261, 138.84933502893136], [154.8287391548497, 138.30793554582533], [155.6156211243389, 137.5203208753636], [156.15663589916454, 137.02804458879996], [156.64820314653656, 136.1913238614004], [157.1892179146871, 135.69904758226915], [157.73019925399296, 135.15756251162463], [157.97589930919253, 134.6161801688744], [158.81179424207323, 133.53329564664284], [159.30339489619482, 132.74578374051373], [159.84420909269141, 131.95825472015235], [160.3848227311204, 130.8754729470935], [160.9256369191334, 130.08794394025676], [161.41723755812922, 129.3004320592388], [161.41686987391097, 128.75913534274264], [161.7118168846149, 128.26694470182144], [161.71144920006088, 127.72564798874623], [161.71108151559866, 127.18435127697421], [161.71054670168888, 126.39701060818481], [161.414730620508, 125.60977265780593], [161.16829521343624, 125.06856154713762], [160.92185980682203, 124.5273504368746], [160.37977544930212, 123.44494533712805], [159.83789164676458, 122.65779298598818], [159.59145624106316, 122.11658187794626], [159.2958407163402, 121.62459668002089], [158.50768863707464, 120.54227717678668], [157.96563770820867, 119.50908087355572], [157.47293402665073, 118.67270261550323], [157.17731850299586, 118.18071741903896], [156.14326582468797, 117.34452745902331], [155.3063013011367, 116.8527305579538], [154.81379816995894, 116.31160504135835], [154.5183163458695, 116.01645500540656], [153.4846647585748, 115.77077052372374], [152.6478673504162, 115.52501757051448], [151.8600829369844, 114.98399475524059], [151.31853337768365, 114.68893030407457], [150.5307823854531, 114.19711627703725], [150.0384463702115, 113.90203470707775], [149.7429979663559, 113.65609345813414], [148.955380666926, 113.36111459048846], [147.87251550375362, 113.115447215691], [147.08493162086492, 112.86967713632964], [146.54358259453934, 112.869865424777], [145.75616582553837, 112.8701392991278], [144.9687490521303, 112.87041317345938], [144.42740001810404, 112.87060146190936], [143.88605098228692, 112.87078975037821], [143.63998323780274, 112.8708753360346], [142.55728515818566, 112.871251913013], [142.06514966478397, 112.87142308438058], [141.5236000798555, 112.57635862317875], [140.7361832848198, 112.57663249632287], [140.19483423579464, 112.57682078438097], [139.40741743367556, 112.57709465774576], [138.86606837976615, 112.57728294591311], [138.32471932404164, 112.57747123392278], [137.78337026617754, 112.57765952174623], [137.5373025119034, 112.57774510729985], [137.29123475738868, 112.57783069270704], [136.99595345128753, 112.57793339530394]], {"I": 0.015495606387776945, "falloff": 0.7434774882867233, "spread": 8.806168615881209}], [[[107.02255849899859, 109.14374192010371], [107.02275901352795, 109.43899469944927], [106.18683028097485, 110.47267041450527], [105.69522937380947, 111.2601823361623], [105.40031561420193, 111.8015818082846], [104.85950113972359, 112.58911085663226], [104.85986874717457, 113.13040763200536], [104.36826782949686, 113.9179195720535], [104.07335406373107, 114.45931905633302], [103.82782095264866, 115.24674541824015], [103.58212074634332, 115.78812779085172], [103.2875745818086, 116.87082407214871], [103.28790876832261, 117.36291206290514], [103.04240907125899, 118.19954724029844], [103.04294376941186, 118.98688803192363], [103.04331137467398, 119.52818482797443], [102.74856469312601, 120.31562833534963], [102.74909939081238, 121.1029691360992], [102.74946699545222, 121.64426593840051], [102.7496340885042, 121.89030994014536], [102.75000169312983, 122.43160674449302], [102.75053639074378, 123.21894755383448], [102.75070348383338, 123.4649915573566], [102.75090399553233, 123.76024436194405], [102.7512716001462, 124.30154117156428], [103.0468871692679, 124.79352646690961], [103.04708768124266, 125.08877927323613], [103.04745528623141, 125.63007608576766], [103.2936901989379, 125.87603449574965], [103.29385729231456, 126.12207850197626], [103.58970679327302, 126.95852540893418], [103.83594170607194, 127.20448381880817], [104.082377131552, 127.74569503780538], [104.37782560799502, 127.99163632805562], [104.6242610339317, 128.53284754744993], [104.87032885238608, 128.53276194879027], [105.1657773283917, 128.77870323852676], [105.70732704095161, 129.07376773062344], [105.70749413572224, 129.3198117389279], [106.19979686473897, 129.56568454843193], [106.74134657530868, 129.8607490392202], [107.2828628651742, 130.10660472782126], [107.52913119530683, 130.40177193757552], [107.82457966938046, 130.64771322543174], [108.07064748372903, 130.64762762510577], [108.36592886074374, 130.6475249045776], [108.61216377067359, 130.8934833118443], [108.85843210032391, 131.1886505208762], [109.1538805728004, 131.4345918080062], [109.40014890210858, 131.7297590166694], [109.69559737436373, 131.97570030341558], [109.94183228429239, 132.2216587102381], [109.94203280133564, 132.51691152086084], [110.48354908511078, 132.7627672050022], [110.48374960245707, 133.05802001569532], [110.72998451205581, 133.30397842257548], [111.02543298365612, 133.54991970843184], [111.27150079460472, 133.5498341056474], [111.51776912355479, 133.8450013137582], [111.81321759440954, 134.09094259927645], [112.60083510384027, 134.3859214794984], [112.60100220270323, 134.63196548843996], [112.84707001206351, 134.6318798848023], [113.1423513822167, 134.63177716049097], [113.38858628993836, 134.87773556559114], [113.63485461763452, 135.17290277243296], [113.93030308675577, 135.4188440562989], [114.17657141428157, 135.71401126301657], [114.47201988297303, 135.9599525467779], [114.71808768974518, 135.95986694195005], [114.96432259627812, 136.20582534619348], [115.25960396389513, 136.20572262038604], [115.80095313565471, 136.2055342893451], [116.04702094034252, 136.20544868414004], [116.29308874466221, 136.20536307921066], [116.83443791276443, 136.20517474826443], [117.1297192763924, 136.2050720221904], [117.37578707881909, 136.2049864172218], [117.62185488084259, 136.20490081227308], [117.91713624287371, 136.20479808630193], [118.16320404410715, 136.2047124812865]], {"I": 0.006739295218314162, "falloff": 0.01, "spread": 3.9391259969141585}]]}