{"disk": {"I": 0.07821456733535136, "Re": 11.84081149644048, "c": 2.0, "mux": 45.52983248534483, "muy": 46.3062397443289, "n": 1.0, "q": 0.6938749631001548, "roll": 0.5347217258929534}, "bulge": {"I": 2563.197392503379, "Re": 0.023884072927564014, "c": 2.0, "mux": 46.02592214814844, "muy": 45.61250378725884, "n": 1.0275007814517023, "q": 0.43910859024212534, "roll": 0.3045893322935406}, "bar": {"I": 0.032292835654891806, "Re": 11.84081149644048, "c": 2.0803040838355185, "mux": 52.073064976233844, "muy": 52.3120901697734, "n": 0.7325403377645368, "q": 0.09684005517128483, "roll": 0.24868944992234931}, "spiral": []}