{"disk": {"I": 0.03412533503157872, "Re": 26.05631142570377, "c": 2.0, "mux": 71.22829732311395, "muy": 67.12506702087785, "n": 1.0, "q": 0.7893182562686817, "roll": 2.3025416351254306}, "bulge": {"I": 0.5047691555606907, "Re": 3.7660649069547176, "c": 2.0, "mux": 70.36965912373408, "muy": 70.04076260535025, "n": 0.6552429889958435, "q": 0.4, "roll": 0.6430705737504474}, "bar": null, "spiral": [[[[77.81735638623513, 47.422842973116076], [78.17532114438632, 47.422657306010365], [78.17532960084009, 47.06464877864789], [79.24922387620802, 47.0640917773419], [80.68109136857731, 46.70534058070132], [82.11295886362882, 46.34658938342068], [83.54481790014637, 46.34584671510288], [84.26074741823385, 46.3454753807182], [84.6187121774617, 46.345289713774264], [84.97667693640392, 46.345104046528945], [85.69260645461657, 46.34473271231673], [86.05056275013334, 46.70255557380278], [86.76648380358694, 47.06019276754739], [87.12442316866884, 48.134032680537416], [87.84034421865027, 48.491669871781596], [88.55626526724296, 48.84930706233581], [88.91422155796812, 49.20712991934522], [89.63014260429719, 49.5647671085685], [89.98809889342056, 49.92258996441376], [90.37359093238956, 50.28039853730945], [90.73154722010588, 50.6382213918406], [91.08950350732158, 50.99604424553752], [91.44746826225389, 50.99585857844443], [91.44745979384021, 51.353867098764795], [91.44745132561354, 51.711875618403155], [91.80540761120426, 52.06969847029575], [92.1633554272916, 52.78552983913539], [92.1633384892076, 53.501546872632616], [92.52129477262008, 53.859369721348344], [92.5212778339864, 54.57538675089938], [92.52126089550711, 55.29140377810836], [92.87920870716107, 56.00723513535172], [92.87919176795293, 56.723252157342586], [92.87918329828244, 57.08126066726243], [92.87916635904315, 57.79727768547218], [93.23711416801115, 58.51310903382091], [93.23710569795782, 58.87111754052319], [93.23708875804857, 59.587134552105454], [93.95300131135906, 60.30278022694347], [93.95299284073161, 60.660788730419085], [93.95298437003544, 61.01879723329216], [94.31094911595318, 61.01861156609971], [94.31093152249747, 61.76216768560823], [94.31092305173536, 62.120176186634694], [94.31090610995017, 62.83619318646856], [94.31088916813223, 63.55221018393888], [94.3108806970867, 63.91021868155974], [94.31086375533818, 64.62623567516846], [94.31085528449103, 64.98424417094179], [94.31084681357947, 65.34225266611122], [94.31083834260994, 65.70026116052759], [94.3108298716657, 66.05826965432539], [94.3108214007267, 66.41627814762842], [93.95283971861812, 67.1324807994207], [93.95283124814245, 67.49048929064486], [93.95282277744843, 67.8484977811969], [93.95281430688033, 68.20650627127498], [93.5948326268732, 68.9227089164275], [93.59482415670891, 69.28071740449764], [93.23685094808832, 69.63891155897488], [93.23683400827946, 70.35492853214703], [93.2368255384448, 70.71293701758543], [93.2368170684054, 71.07094550236422], [93.2368085983241, 71.42895398640553], [93.23679165853775, 72.14497095305535], [93.23678318855758, 72.50297943523697], [93.23677471846366, 72.86098791689562], [93.23676624850367, 73.21899639792127], [92.87880151380296, 73.21918206510657]], {"I": 0.031473362143101695, "falloff": 0.5785848009102749, "spread": 7.0789028188035665}], [[[74.2368394589455, 84.24449629438197], [73.87887473367346, 84.24468196128339], [73.87886628121339, 84.60269042200048], [73.52088465183749, 85.3188930082747], [72.80494675207069, 85.67727280124313], [72.80493830056719, 86.03528125934633], [72.44697357707264, 86.03546692649195], [72.08900040272829, 86.39366105103682], [71.73103567935095, 86.3938467181564], [71.37306250620304, 86.75204084220229], [71.01509778322247, 86.75222650935905], [69.94119516551302, 87.11079196674928], [69.22525727233528, 87.46917175655744], [68.86729255005935, 87.46935742375865], [67.79339838353712, 87.46991442522096], [67.07746893904675, 87.47028575955119], [66.7195042167773, 87.4704714266752], [66.36153949457253, 87.47065709381047], [64.902153302118, 87.11340558894051], [64.18623230099172, 86.75576846723823], [63.47031129840843, 86.3981313448295], [61.680487682766625, 86.39905968085009], [59.890680946715065, 85.68397110111653], [59.174759938245074, 85.32633397668337], [57.74291791776227, 84.61105972615167], [57.0269884682873, 84.61143106055704], [56.669040617651376, 83.8955998058259], [55.95311960298966, 83.53796267820883], [55.2371992361675, 83.15278643733507], [53.805357200827075, 82.43751217901854], [52.731471453970926, 82.08006071585805], [51.657594137812225, 81.36460078651191], [50.941673114530204, 81.00696365440149], [50.583716817980076, 80.64914085437317], [49.509831063428464, 80.29168938812973], [49.15188319555659, 79.57585811792626], [48.79391846599651, 79.57604378498877], [48.79392689606357, 79.2180353153824], [48.435970596245056, 78.86021251229079], [47.72004956521789, 78.50257537562425], [47.3621016923164, 77.78674409896144], [47.004145389908444, 77.42892129330187], [46.64621437066148, 75.99707306233586], [46.28825806596478, 75.63925025358128], [45.93029333322204, 75.63943592065107], [45.930310188168505, 74.92341896665539], [45.930318615364854, 74.56541048852387], [45.2144144280262, 73.4917563847988], [44.498527089290064, 71.70208530969865], [44.498543941498724, 70.98606834146278], [44.14058763023809, 70.62824552356324]], {"I": 0.09238922311605707, "falloff": 1.1797415925720833, "spread": 4.31206584778663}], [[[64.54437240265179, 79.32002241289138], [64.18640767340719, 79.3202080801226], [63.82844294376309, 79.32039374730607], [63.470478214249624, 79.32057941444543], [62.75455719773038, 78.96294227874023], [62.038627737999605, 78.96331361287605], [60.96475043038447, 78.2478536723122], [60.24882096930594, 78.24822500663709], [59.53290838760506, 77.53257939620482], [58.816995803184, 76.81693378317414], [58.459031071509116, 76.81711945047289], [58.45903951020068, 76.45911097586406], [58.101091654921106, 75.74327969193303], [57.74313536017803, 75.38545688256431], [57.743143798174856, 75.02744840516834], [57.38519594035506, 74.31161711628397], [57.02723964356858, 73.95379430415358], [56.669291783437984, 73.23796301132211], [55.95340449558694, 71.44829193398982], [54.87952715671133, 70.73283196633065], [54.5216045951895, 68.94297519934696], [54.16366516087123, 67.86913539836144], [54.16367359555625, 67.51112690733385], [54.16369046545083, 66.79510992430266], [53.80573415911999, 66.43728709878371], [53.80574259368814, 66.07927860553343], [53.80575946275155, 65.36326161715226], [53.805776331792345, 64.64724462619472], [53.80578476638652, 64.28923612962001], [53.80581006977934, 63.21521063631462], [54.52176486356859, 62.140813803167816], [54.52179081784027, 61.0392491826874], [54.521816123234885, 59.965223671795], [54.879806176620946, 58.89101248807958], [55.237779360342984, 58.53281831414529], [55.23780466781045, 57.45879278984671], [55.59579472526298, 56.38458159263894], [55.95377634845545, 55.668378902243944], [56.31174953597406, 55.310184722505255], [56.66973116144652, 54.59398202830539], [57.02771278790897, 53.87777933148652], [57.385694415956436, 53.161576632146875], [57.74367604498275, 52.44537393016435], [58.459622429965634, 51.72898555858171], [59.17556881742166, 51.01259718433573], [59.53355889119928, 49.93838595228715], [59.891540527205166, 49.22218323880645], [60.249513724113285, 48.863989047647806], [60.96546011964597, 48.14760066284077], [61.32343331855054, 47.78940646958745], [61.6814234012744, 46.715195220572696], [62.397369803354195, 45.998806828135685], [62.75534300548861, 45.64061263107908], [63.47128941128949, 44.92422423507469], [64.18723582004543, 44.20783583646471], [64.90319067563155, 43.133438900864235], [65.9771187435797, 41.700847755080986], [66.36263614963593, 40.98463072985453], [68.51045852426046, 39.55148256745804], [69.58436126861181, 39.192917024528015], [69.94233448324678, 38.834722815280884]], {"I": 0.11256403216933565, "falloff": 1.2840162120539909,