{"disk": {"I": 0.07971166421676806, "Re": 10.120723842636245, "c": 2.0, "mux": 45.962573980171136, "muy": 45.85205407840525, "n": 1.0, "q": 0.8727207675639437, "roll": 0.5503561929292387}, "bulge": {"I": 0.006319720397349129, "Re": 1.7332729959842654, "c": 2.0, "mux": 46.441116233639356, "muy": 48.02017431397283, "n": 1.001177489476479, "q": 0.5026897403092389, "roll": 0.3231948272029067}, "bar": {"I": 1982.361408957638, "Re": 0.04342368150798431, "c": 1.9996237570673958, "mux": 46.47053781506582, "muy": 46.39131437578956, "n": 0.4937938730520912, "q": 0.47050800700562945, "roll": 1.939065002224149}, "spiral": []}