{"disk": {"I": 0.08827342439126466, "Re": 19.48658722648671, "c": 2.0, "mux": 73.57446922612972, "muy": 73.7415004215544, "n": 1.0, "q": 0.9292849368967909, "roll": 2.7753561894799392}, "bulge": {"I": 0.40327160095115383, "Re": 1.274943578959008, "c": 2.0, "mux": 73.6772890731699, "muy": 73.67306502698618, "n": 2.2153777640758334, "q": 0.9534093766002429, "roll": 2.788858382649349}, "bar": null, "spiral": []}