{"disk": {"I": 0.0975709073276501, "Re": 19.70724613081261, "c": 2.0, "mux": 72.89755069382144, "muy": 72.1193695199053, "n": 1.0, "q": 0.8186956566595649, "roll": 0.7099544066155857}, "bulge": {"I": 0.9946590103028309, "Re": 1.5094156392317777, "c": 2.0, "mux": 72.16239014165347, "muy": 72.03556718490105, "n": 1.0069892892132044, "q": 0.4494307686833031, "roll": 1.4771299932744562}, "bar": null, "spiral": []}