{"disk": {"I": 0.16446696909884762, "Re": 7.417167126445933, "c": 2.0, "mux": 34.12390405286525, "muy": 33.77375603894582, "n": 1.0, "q": 0.6744968991486368, "roll": 2.920534985749866}, "bulge": {"I": 0.0, "Re": 1.6121961324601508, "c": 2.0, "mux": 31.493946122697004, "muy": 31.188461158669217, "n": 1.0, "q": 0.9268544229696153, "roll": 1.8698190692656398}, "bar": null, "spiral": []}