{"disk": {"I": 0.1457833809897388, "Re": 20.598313435350054, "c": 2.0, "mux": 67.01973253337991, "muy": 66.7050837012929, "n": 1.0, "q": 0.4215538407977348, "roll": 2.9824813843742968}, "bulge": {"I": 0.009497786202239962, "Re": 20.598313435350054, "c": 2.0, "mux": 66.5999999757252, "muy": 68.40000000225456, "n": 2.9006725132568323, "q": 0.9992538093915794, "roll": 1.4033246237483865}, "bar": null, "spiral": []}