{"disk": {"I": 0.0712228940851249, "Re": 16.698839540604283, "c": 2.0, "mux": 47.08761081644071, "muy": 47.12661780424717, "n": 1.0, "q": 0.47005554916801856, "roll": 1.1786568886829945}, "bulge": {"I": 1.429682247032735, "Re": 0.9471958491952743, "c": 2.0, "mux": 47.22790699609556, "muy": 47.11814796579845, "n": 4.981115081529028, "q": 0.4, "roll": 1.635412247317343}, "bar": null, "spiral": []}