{"disk": {"I": 0.05413532898620056, "Re": 11.385016756324882, "c": 2.0, "mux": 43.840432231451246, "muy": 47.68904091141464, "n": 1.0, "q": 0.6443225308991072, "roll": 2.9086334962072984}, "bulge": {"I": 0.339355296417609, "Re": 2.5533488408089955, "c": 2.0, "mux": 45.45146607427553, "muy": 46.135703133298215, "n": 4.791229940952414, "q": 0.4, "roll": 2.5214872709348817}, "bar": {"I": 0.0, "Re": 0.9497539100527589, "c": 2.093600088724824, "mux": 44.3854334927547, "muy": 47.72739220584732, "n": 0.977201709897826, "q": 0.42226383447885574, "roll": 1.9519516374899817}, "spiral": [[[[53.35029748852253, 45.41896591876423], [54.60862820835979, 35.17710717071077], [50.29759924645771, 25.65231841123193], [49.93828908875116, 25.652209821291535], [49.75863400968001, 25.652155526537513], [41.67416852532335, 25.470023845089713]], {"I": 0.1389817001630536, "falloff": 0.7012922197398155, "spread": 3.3384569271748035}], [[[45.98484479702273, 39.84639948971255], [39.6969041902139, 40.02418757125565], [40.77359316841364, 57.094910653238], [50.1151597937872, 63.925892498986514]], {"I": 0.022535817342100018, "falloff": 0.1906994752183987, "spread": 5.717220041664007}]]}