{"disk": {"I": 0.0496612071647456, "Re": 35.986955161353386, "c": 2.0, "mux": 106.47782911940604, "muy": 122.07459854019172, "n": 1.0, "q": 0.5637304635620021, "roll": 2.6105346840778445}, "bulge": {"I": 0.06028902257884113, "Re": 29.861880246015822, "c": 2.0, "mux": 119.5866844274642, "muy": 109.32136129888565, "n": 0.9870304904774521, "q": 0.6904215007638358, "roll": 2.736172643279038}, "bar": {"I": 0.2887270238259522, "Re": 6.111774391110932, "c": 5.905799852333147, "mux": 114.06181709715128, "muy": 115.22860841677145, "n": 0.47428575354657476, "q": 0.4896607672610995, "roll": 2.026370110874491}, "spiral": []}