{"disk": {"I": 0.026044571093244203, "Re": 13.279106152699445, "c": 2.0, "mux": 40.19653878608774, "muy": 39.824165027513374, "n": 1.0, "q": 0.8564654834541955, "roll": 2.628427509836164}, "bulge": {"I": 0.06224509021449681, "Re": 5.667324145888415, "c": 2.0, "mux": 40.59999988293676, "muy": 41.00000012027555, "n": 3.810398207138311, "q": 0.4154556560143987, "roll": 0.3659916111617793}, "bar": null, "spiral": []}