{"disk": {"I": 0.06038435137456011, "Re": 23.54283877157543, "c": 2.0, "mux": 73.29542601750404, "muy": 73.50939425171458, "n": 1.0, "q": 0.8713764393743249, "roll": 2.9945435932928395}, "bulge": {"I": 0.04040569199494526, "Re": 10.509318076735, "c": 2.0, "mux": 73.79999999628437, "muy": 73.7999999939085, "n": 2.6872994762752738, "q": 0.7806397209220983, "roll": 2.104186779948726}, "bar": null, "spiral": []}