{"disk": {"I": 0.06170358177517839, "Re": 12.740284368872418, "c": 2.0, "mux": 40.29065383457462, "muy": 42.598755228078886, "n": 1.0, "q": 0.8333333333333334, "roll": 0.5231413173782911}, "bulge": {"I": 0.5711377509303002, "Re": 1.5836057042058154, "c": 2.0, "mux": 41.152252282775876, "muy": 40.868435147848956, "n": 1.5559789939267334, "q": 0.6332910007033209, "roll": 2.8679560410441294}, "bar": null, "spiral": []}