{"disk": {"I": 0.06606186867708015, "Re": 32.0394475916854, "c": 2.0, "mux": 95.6459008777852, "muy": 94.7004037326124, "n": 1.0, "q": 0.8333333333333334, "roll": 2.8641443357468037}, "bulge": {"I": 0.48027497200460845, "Re": 4.020813037202693, "c": 2.0, "mux": 96.6243644426524, "muy": 97.05438264378066, "n": 0.5, "q": 0.4, "roll": 0.12537338727385777}, "bar": {"I": 0.0, "Re": 0.388590056252265, "c": 1.9946255631431467, "mux": 98.6478710670262, "muy": 95.59321886428349, "n": 0.49802075794976325, "q": 0.31258623879886, "roll": 3.1389335748891}, "spiral": [[[[93.60288416604067, 100.8460147612027], [93.52710249905567, 100.95966029996026], [92.69350274191868, 102.62652810235954], [92.31458873616532, 104.86182330365722], [91.82200563750189, 106.26355753883132], [91.06418959370751, 107.2105734679821], [89.81379069438918, 109.48354786204317], [89.09386515195678, 110.46846078185877], [87.95714784666632, 109.89987000538326], [84.47121065140902, 109.36860439153327], [82.00831896355584, 109.36801442454487], [77.95402359284213, 108.41984578077938], [74.5817676107963, 105.19856662359189], [72.8388059651108, 102.92487524177886], [71.09584368532154, 100.84062337107127], [68.02671477975758, 97.08898639647981], [65.41227282200316, 93.56478578396616], [64.12399711425144, 91.82163398706348], [63.32829841626403, 90.45747915049594], [62.68415991255819, 89.77534273896572], [62.456816075786094, 89.7752882803494]], {"I": 0.02081742961991731, "falloff": 0.01, "spread": 5.292281615733132}], [[[108.5318437462937, 86.7931815137552], [108.72129694221127, 86.79322689621671], [113.07871563078493, 88.23401067992995], [115.84472141849187, 91.49303223530359], [118.8380670502633, 95.96452097844883], [120.77047998514769, 98.88235190732468], [121.94508240307164, 101.11801919943338], [123.00601215680837, 103.5809866735504], [123.0438917208985, 106.91513077413447], [123.00599365334199, 109.15050771117177], [121.56613781628255, 112.5979616230776], [120.69464851914955, 113.9617172486648], [120.42941339595666, 114.15109321197912], [120.31574273207445, 113.77218698635647]], {"I": 0.04593203425317781, "falloff": 0.9146686819852559, "spread": 5.755948773001985}]]}