{"disk": {"I": 0.04263149861371559, "Re": 22.47433968131961, "c": 2.0, "mux": 65.20527911391592, "muy": 66.72676529476233, "n": 1.0, "q": 0.8470290295031557, "roll": 2.1193095773493758}, "bulge": {"I": 0.1776082083396797, "Re": 12.536764679163038, "c": 2.0, "mux": 67.222936372806, "muy": 67.07156133559212, "n": 1.2335675760659643, "q": 0.4, "roll": 1.6755899836457189}, "bar": null, "spiral": []}