{"disk": {"I": 0.08115409194574426, "Re": 27.933143409121975, "c": 2.0, "mux": 88.51814420447798, "muy": 88.92105170773667, "n": 1.0, "q": 0.7789513886134777, "roll": 0.11933036881369584}, "bulge": {"I": 0.3556022445343171, "Re": 4.141786358080089, "c": 2.0, "mux": 88.77463649415361, "muy": 88.7188328419883, "n": 0.5, "q": 0.4, "roll": 0.8652060291196819}, "bar": {"I": 0.0, "Re": 1.4547803580799203, "c": 3.0000027015670043, "mux": 89.0870862545654, "muy": 87.79304309877308, "n": 0.30005248354217445, "q": 0.4077468144286071, "roll": 0.88915093922716}, "spiral": []}