{"disk": {"I": 0.03877489761757577, "Re": 28.811562349357946, "c": 2.0, "mux": 81.8750396538833, "muy": 82.15562602724877, "n": 1.0, "q": 0.5459931424273939, "roll": 0.5505525276362861}, "bulge": {"I": 0.07671151429422048, "Re": 23.99535471692382, "c": 2.0, "mux": 81.62819318976642, "muy": 82.088694877676, "n": 1.09830812644986, "q": 0.649092653443592, "roll": 0.4559864273721903}, "bar": null, "spiral": []}