{"disk": {"I": 0.09438015853088898, "Re": 10.832490976093004, "c": 2.0, "mux": 44.72644307638351, "muy": 47.784135262692864, "n": 1.0, "q": 0.12340259576987417, "roll": 2.775013481145015}, "bulge": {"I": 0.0700436330621992, "Re": 10.832490976093004, "c": 2.0, "mux": 44.751916688152484, "muy": 44.78043127174983, "n": 1.7557141111830918, "q": 0.6, "roll": 2.9511657345933284}, "bar": null, "spiral": [[[[48.14648437502265, 53.15624999983481], [48.216796875034404, 53.156249999862325], [48.69140624997824, 53.15625000000824], [48.99023437498815, 53.50781250007691], [49.35937499998053, 53.87695312508464], [49.605468750050306, 54.105468749774616], [49.781250000021515, 54.35156249996612], [49.83398437499092, 54.59765625005815], [50.13281249999231, 55.07226562504712], [50.32617187501067, 55.31835937499034], [50.44921875000318, 55.56445312488063], [50.62500000007314, 55.74023437484931], [50.800781250039506, 55.79296874982981], [50.976562500022496, 55.91601562499585], [51.22265625003905, 56.10937499988205], [51.64453124997057, 56.16210937519776], [52.18945312500945, 56.33789062492423], [52.78710937501651, 56.53124999991286], [52.980468749989925, 56.53124999997675], [53.20898437500679, 56.70703124998079], [53.630859375016314, 57.18164062496538], [53.63085937500101, 57.251953125117666], [54.00000000005102, 57.79687499980389], [54.24609374999737, 58.025390624988745], [54.77343750007408, 58.324218749802185], [55.01953124997861, 58.57031250007901], [55.265624999978286, 58.93945312513853], [55.3886718750006, 59.06250000001239], [57.37499999999231, 62.490234374995566]], {"I": 0.04605865957352415, "falloff": 0.03779841285911612, "spread": 1.1408431826385192}], [[[46.16015624994364, 44.22656250026273], [46.16015625004391, 43.9277343749053], [44.29687499998941, 41.343750000056104], [43.03124999998364, 39.462890625005], [42.24023437515716, 38.021484374999204], [42.240234375187825, 37.84570312505093], [42.24023437509459, 37.77539062494492], [41.71289062508403, 37.12499999997743], [40.97460937509811, 35.982421875110845], [40.25390625018956, 34.83984375007435], [39.7089843751005, 33.749999999953616], [39.058593750162956, 32.41406250016553], [38.68945312518041, 31.394531249888132], [38.33789062509237, 30.972656250147963], [38.09179687519408, 30.621093749880345], [37.792968749981135, 30.375000000047294], [37.66992187501681, 30.1992187498484], [37.37109375012935, 29.953124999896886], [37.125000000172726, 29.654296875154444], [36.58007812498218, 28.986328124910415], [35.912109375000306, 28.38867187511181], [35.314453125033566, 28.19531250015416], [35.068359375041695, 28.195312500075545], [34.962890625065846, 28.195312500128864], [34.347656249943505, 28.86328124998721], [34.347656250035136, 28.740234375081855], [34.646484375133284, 28.318359375104308], [34.71679687507855, 28.265625000181956], [35.068359375068795, 28.089843750096293]], {"I": 0.10172428640660401, "falloff": 0.27214955570272914, "spread": 2.8091104720972577}]]}