{"disk": {"I": 0.07868943358793674, "Re": 19.38662571970888, "c": 2.0, "mux": 68.43866782370262, "muy": 68.87624701887796, "n": 1.0, "q": 0.67959470958686, "roll": 2.670297200125727}, "bulge": {"I": 0.0, "Re": 0.0, "c": 2.0, "mux": 67.95125672761475, "muy": 68.22502914144297, "n": 0.5, "q": 1.0, "roll": 2.496396098311144}, "bar": {"I": 0.015293234186315494, "Re": 19.38662571970888, "c": 6.0, "mux": 80.8265237937818, "muy": 81.72879959549745, "n": 1.2051030803420104, "q": 0.46315263488129976, "roll": 0.6603307630263984}, "spiral": []}