{"disk": {"I": 0.032928754818149095, "Re": 42.883539564577205, "c": 2.0, "mux": 113.55310420971311, "muy": 114.25841547363636, "n": 1.0, "q": 0.4325153688313518, "roll": 1.273184221704664}, "bulge": {"I": 0.047782917777948665, "Re": 42.883539564577205, "c": 2.0, "mux": 115.89861992381871, "muy": 118.44380423503044, "n": 0.5, "q": 0.5402350751330677, "roll": 0.09925745222587823}, "bar": {"I": 0.1518427284722831, "Re": 11.55770996079781, "c": 6.0, "mux": 116.36760742070896, "muy": 116.16120257168816, "n": 1.3000694947629516, "q": 0.451965595292825, "roll": 2.4511707448386777}, "spiral": []}