{"disk": {"I": 0.05787307152044954, "Re": 18.343264184413105, "c": 2.0, "mux": 52.07181401282276, "muy": 53.73041974630762, "n": 1.0, "q": 0.4039132234434845, "roll": 0.24145625719977246}, "bulge": {"I": 0.07187837647652144, "Re": 18.343264184413105, "c": 2.0, "mux": 55.958875363927234, "muy": 53.53057749777226, "n": 0.4372441130437096, "q": 0.6095209860113419, "roll": 0.027166047880769408}, "bar": {"I": 0.035105335736863225, "Re": 9.552217081366802, "c": 4.402256900319623, "mux": 54.40050931684025, "muy": 54.59893440688959, "n": 3.5364800838915733, "q": 0.4977490787265085, "roll": 1.6239361076011842}, "spiral": [[[[58.99199218757741, 58.05527343746064], [60.05644531255757, 62.100195312475876], [57.842382812548806, 66.74121093749136], [56.054101562546975, 69.04042968749516]], {"I": 0.13514339547337334, "falloff": 0.8992109088917938, "spread": 1.1287124384722402}], [[[51.753710937491235, 51.98789062501396], [50.263476562290634, 47.38945312510975], [53.307812499933675, 42.42910156252225], [54.180664062515746, 39.704101562495794]], {"I": 0.017618458443563297, "falloff": 0.01, "spread": 0.20960576286155566}]]}