{"disk": {"I": 0.04802518463172004, "Re": 33.46005764627924, "c": 2.0, "mux": 122.07288233996279, "muy": 120.04338742497478, "n": 1.0, "q": 0.7309243734173394, "roll": 1.749200454209719}, "bulge": {"I": 0.022990868030307685, "Re": 33.46005764627924, "c": 2.0, "mux": 123.32675477443875, "muy": 123.63350465820909, "n": 2.8407987626436677, "q": 0.8906971599262979, "roll": 2.025055973307397}, "bar": null, "spiral": []}