{"disk": {"I": 0.016510847504488817, "Re": 34.44312851448092, "c": 2.0, "mux": 51.45274319409467, "muy": 58.653312253406696, "n": 1.0, "q": 0.24057429369501263, "roll": 0.27113089649075783}, "bulge": {"I": 0.06651224611804404, "Re": 8.257967714443097, "c": 2.0, "mux": 54.23312740168696, "muy": 54.653968808373826, "n": 1.8489730496866525, "q": 0.9890852553145172, "roll": 1.2749964678368801}, "bar": {"I": 0.0, "Re": 0.0, "c": 1.499736296623108, "mux": 49.726207358706176, "muy": 60.76085055556115, "n": 0.3, "q": 0.6666666666666666, "roll": 1.7390829799217549}, "spiral": [[[[58.99199218757741, 58.05527343746064], [60.05644531255757, 62.100195312475876], [57.842382812548806, 66.74121093749136], [56.054101562546975, 69.04042968749516]], {"I": 0.01942681873849317, "falloff": 0.06326813448144053, "spread": 15.945945477511556}], [[[51.753710937491235, 51.98789062501396], [50.263476562290634, 47.38945312510975], [53.307812499933675, 42.42910156252225], [54.180664062515746, 39.704101562495794]], {"I": 0.030158260354372874, "falloff": 0.23822715290964044, "spread": 15.786109223284585}]]}