{"disk": {"I": 0.08489107114269634, "Re": 10.111356770584512, "c": 2.0, "mux": 34.07109762787732, "muy": 33.552941762454054, "n": 1.0, "q": 0.6768929285887808, "roll": 2.929006202838499}, "bulge": {"I": 0.9058111178338683, "Re": 1.3404620187332983, "c": 2.0, "mux": 34.193248371711505, "muy": 34.06336417063564, "n": 0.5984190353027538, "q": 0.8333333333333334, "roll": 2.9923679047876117}, "bar": null, "spiral": []}