{"disk": {"I": 0.13220080675888388, "Re": 15.678603411349588, "c": 2.0, "mux": 55.43374107328455, "muy": 56.92959538331459, "n": 1.0, "q": 0.8098704971393677, "roll": 0.5047316614757364}, "bulge": {"I": 0.057956998783580405, "Re": 10.12706966935546, "c": 2.0, "mux": 55.19933431130295, "muy": 55.03744401192755, "n": 1.8794985906541175, "q": 0.6, "roll": 2.4850959071128007}, "bar": null, "spiral": []}