{"disk": {"I": 0.011826824311598401, "Re": 34.53173886229523, "c": 2.0, "mux": 65.73063119271004, "muy": 54.346953911169805, "n": 1.0, "q": 0.21123669485022742, "roll": 1.8981099295718016}, "bulge": {"I": 0.09743498467250168, "Re": 24.881964349631954, "c": 2.0, "mux": 67.92541660885014, "muy": 65.70957404361533, "n": 0.5, "q": 0.43869395554610596, "roll": 2.279476660399618}, "bar": {"I": 0.1843065692233322, "Re": 10.451503794419382, "c": 1.5772533630910195, "mux": 63.609265682838554, "muy": 63.431527870835296, "n": 1.2197716362506672, "q": 0.5233188465340469, "roll": 2.2702484867724295}, "spiral": [[[[82.76660156255264, 105.76992187510365], [83.01855468750489, 105.76992187510098], [86.0419921874012, 105.76992187476498], [89.31738281257117, 105.76992187503163], [90.82910156251995, 105.76992187497046], [92.5927734375311, 105.76992187503356], [96.12011718741377, 104.00624999982432], [100.65527343743423, 101.48671874999457], [104.93847656253087, 98.96718749999326], [106.70214843762238, 97.70742187508677], [108.21386718747306, 96.69960937488446], [109.47363281242923, 95.43984374991192], [110.48144531245032, 94.68398437486638], [112.49707031245538, 92.66835937497689], [113.25292968743832, 91.91249999995642], [113.75683593751512, 91.40859375010194], [114.76464843747556, 90.40078125003555], [116.02441406242929, 89.14101562484728], [116.27636718753388, 88.38515624996865], [117.28417968751017, 87.12539062505016], [117.78808593749523, 86.36953125000298], [118.5439453124904, 85.36171875002498], [118.79589843753286, 84.60585937498843], [119.80371093764938, 83.09414062503532], [120.30761718735386, 82.59023437493892], [120.55957031243918, 82.08632812496614], [121.56738281243724, 80.07070312503168], [122.07128906239564, 79.31484374989452], [122.32324218751825, 78.55898437497069], [122.32324218755053, 78.30703124997564], [122.57519531247715, 77.80312499998519], [122.57519531247874, 77.5511718748744], [122.5751953125503, 77.29921874997234], [122.57519531257793, 77.04726562517789], [122.32324218741542, 77.04726562497285], [122.0712890625208, 77.04726562501332], [121.81933593759948, 77.04726562509285], [121.81933593748795, 76.79531249998212], [121.56738281237011, 76.79531249976077], [121.5673828124851, 76.54335937487627], [121.3154296874718, 76.2914062500214], [121.31542968751415, 75.78750000009967], [121.3154296874381, 75.28359374998877], [121.3154296874979, 75.03164062492112], [121.06347656241098, 74.77968749989543], [121.06347656242104, 74.27578124982085], [120.81152343759197, 73.51992187504965], [120.81152343764558, 73.26796875023751], [120.55957031248926, 73.01601562497893], [120.55957031250546, 72.26015625006772], [120.30761718742207, 71.50429687480641], [120.30761718752387, 71.25234375012298], [120.30761718748681, 70.24453125010382], [120.30761718749272, 69.48867187490396], [120.30761718736636, 68.73281249991493], [120.55957031259186, 67.22109375009671], [120.81152343761522, 66.46523437506295], [121.06347656263375, 65.20546875022819], [121.31542968755582, 63.693750000023726], [122.07128906258168, 60.67031249999377], [122.32324218736682, 59.66249999994011], [122.5751953124896, 58.15078125004379], [123.33105468745617, 56.387109375021055], [123.33105468750625, 55.37929687503305], [123.58300781260658, 53.615625000189596], [123.8349609374107, 52.103906249833074], [123.83496093764285, 50.844140625242176], [123.8349609375818, 48.07265625009143], [123.83496093759152, 47.064843749976035], [123.8349609374572, 46.05703124993289], [123.83496093755264, 44.54531249997717], [123.83496093750261, 44.04140624995648], [123.83496093749494, 43.789453125022305], [123.83496093746777, 43.53750000000201], [123.83496093749494, 43.789453125022305], [123.5830078124406, 45.553124999983936], [123.33105468741678, 46.560937499973306], [122.82714843745697, 49.08046874999121], [122.57519531251359, 50.340234375080115], [122.32324218753843, 51.09609375008955], [122.32324218756116, 51.85195312500309], [121.81933593750148, 52.85976562506306], [121.81933593748892, 53.11171874994625], [121.56738281259032, 53.61562500013184], [121.31542968747397, 53.86757812492027], [121.06347656244674, 53.86757812498678], [120.81152343744242, 54.119531250030434], [119.80371093750449, 55.379296875130706], [118.7958984374626, 56.38710937488116], [118.29199218733561, 56.89101562496296], [117.03222656252171, 57.898828124928514], [116.27636718760346, 58.15078125019477], [116.02441406248545, 58.40273437506005], [115.2685546874543, 58.40273437502145], [115.01660156240172, 58.40273437481994], [114.76464843743537, 58.40273437487281], [114.26074218762676, 58.40273437510666], [114.00878906260925, 58.40273437518897], [113.75683593739257, 58.402734374768215], [113.50488281261647, 58.15078125021455], [113.25292968744105, 57.898828125009686], [113.25292968747186, 57.394921874996214], [113.25292968746805, 56.38710937502532], [113.25292968746862, 55.63125000004453], [113.25292968759254, 55.127343750008265], [113.50488281241127, 52.859765624875024], [113.50488281257151, 51.60000000008864], [113.50488281252086, 50.34023437515458], [112.24511718756753, 47.56874999997228], [111.23730468747885, 45.553124999880595], [109.97753906255156, 43.789453124976774], [108.96972656248175, 42.02578125003134], [107.96191406259663, 39.7582031250779], [107.7099609374419, 39.25429687494085], [107.4580078124468, 38.75039062498087], [106.95410156245367, 37.994531249911404], [106.70214843759902, 37.99453125001099], [106.70214843764126, 37.74257812522757], [106.45019531255105, 37.74257812501571], [106.19824218750875, 37.74257812514111], [105.9462890623762, 38.24648437479152], [105.4423828126341, 39.50625000006215], [104.9384765625183, 41.773828124988995], [104.68652343747698, 43.78945312506147], [104.68652343740507, 45.3011718748935], [104.68652343746783, 46.56093749987269], [104.68652343753814, 48.32460937502964], [104.68652343746015, 50.59218749997632], [104.68652343748806, 51.34804687505948], [104.686523437527, 51.85195312493005], [104.43457031239632, 51.85195312484137], [104.18261718750836, 51.85195312497444], [103.93066406249761, 51.09609374992942], [103.67871093751745, 50.088281250100465], [103.42675781260954, 49.33242187507386], [103.17480468748136, 46.56093750002583], [103.17480468749409, 45.30117187505164], [102.9228515623447, 44.2933593747569], [102.41894531248994, 42.52968749988116], [102.16699218751336, 41.52187500012337], [101.66308593747215, 40.01015625002435], [100.40332031242059, 37.490624999851434], [99.64746093758117, 35.97890625013275], [98.63964843745367, 34.467187499980696], [97.3798828124689, 31.6957031250206], [97.12792968736738, 31.19179687477964], [96.87597656233379, 30.687890624936472], [96.87597656263199, 30.435937500086254], [96.6240234375706, 30.43593750013582], [96.6240234374435, 30.9398437500152], [97.379882812591, 32.19960937520136], [97.37988281253024, 33.207421874969384], [97.63183593756139, 34.467187500150146], [97.63183593750364, 35.978906250027705], [97.63183593739814, 37.742578124789475], [97.1279296874398, 43.03359374995938], [97.1279296876013, 43.53750000011928], [96.37207031261858, 47.064843750221314], [94.86035156234561, 52.60781249975281], [94.60839843745629, 54.37148437500349], [93.85253906247993, 55.37929687493943], [93.34863281242116, 56.13515624981659], [93.09667968755258, 55.37929687500696], [93.09667968750591, 53.36367187500264], [93.09667968766558, 51.8519531252291], [91.58496093762597, 43.537500000223076], [89.06542968761823, 38.75039062508296], [86.79785156252422, 33.20742187497905], [83.77441406257196, 25.396875000060675], [82.7666015623771, 23.129296874884403], [81.75878906244816, 20.105859374829322], [81.5068359374875, 19.098046874896397], [81.00292968750853, 18.09023437488304], [81.00292968750745, 17.838281249987006], [81.002929687446, 17.586328124847057], [80.7509765625262, 17.58632812501355], [79.99511718748363, 17.83828124998081], [79.99511718759743, 17.586328125183], [79.74316406264228, 16.830468750246155], [78.98730468757998, 14.814843750174873], [78.48339843749005, 13.05117187502401], 