{"disk": {"I": 0.0835090885840211, "Re": 21.04172820350041, "c": 2.0, "mux": 71.12656467860397, "muy": 71.78066061808627, "n": 1.0, "q": 0.6307709912515461, "roll": 2.4181833081927366}, "bulge": {"I": 0.46160393867385324, "Re": 2.231011180735803, "c": 2.0, "mux": 71.27640117397472, "muy": 71.64640560345026, "n": 0.8319479537619623, "q": 0.6122324867811839, "roll": 2.3693496873338025}, "bar": null, "spiral": []}