{"disk": {"I": 0.019106935908691138, "Re": 16.85133554830111, "c": 2.0, "mux": 48.71951917870845, "muy": 48.59873935635513, "n": 1.0, "q": 0.7587357244783323, "roll": 2.2851718897321436}, "bulge": {"I": 0.5972883422464562, "Re": 1.3580523866342271, "c": 2.0, "mux": 48.31756482568366, "muy": 48.98817255481915, "n": 1.514556161385742, "q": 0.708878440746827, "roll": 2.345219744731602}, "bar": {"I": 0.8066202636471, "Re": 0.7584868705112217, "c": 2.136559829557272, "mux": 48.95125548836816, "muy": 48.32921918813262, "n": 1.9546014364873416, "q": 0.050056803174547373, "roll": 2.547846144333221}, "spiral": [[[[41.57343749989849, 42.37734374997794], [39.333984375035584, 48.65546875001023], [42.85585937500838, 57.80468750000304], [50.83749999997127, 60.15898437499311]], {"I": 0.005916630223729125, "falloff": 0.4219174419104901, "spread": 5.543419285042699}], [[[58.819140625035686, 55.680078125008905], [61.47968749999876, 47.373046875002856], [56.043750000018974, 40.252734375001566], [56.25429687505613, 40.25273437501245], [47.31562500004486, 38.54921875000744], [47.54531249983921, 38.549218749973065], [47.851562500014836, 38.54921875000254]], {"I": 0.006342317970486869, "falloff": 0.6878601995767746, "spread": 3.9275034850170853}]]}