{"disk": {"I": 0.09949135875038524, "Re": 22.92053385608462, "c": 2.0, "mux": 75.49588685874237, "muy": 77.64909350338002, "n": 1.0, "q": 0.9397338579407811, "roll": 2.4562800754452265}, "bulge": null, "bar": {"I": 0.32127348709641723, "Re": 5.097787493800626, "c": 5.976923720778886, "mux": 76.69155209761087, "muy": 76.6171868024311, "n": 1.0654781394249595, "q": 0.27574635372425227, "roll": 0.2180594909546991}, "spiral": []}