{"disk": {"I": 0.08867101635622275, "Re": 25.299234766990953, "c": 2.0, "mux": 89.83700536512, "muy": 89.85751998762176, "n": 1.0, "q": 0.9081849592337242, "roll": 2.2055602935665455}, "bulge": {"I": 0.023764327886802213, "Re": 25.299234766990953, "c": 2.0, "mux": 88.99999998673599, "muy": 88.7999999857691, "n": 3.2973707332054043, "q": 0.4, "roll": 2.423011253074205}, "bar": null, "spiral": []}