{"disk": {"I": 0.1878572257143578, "Re": 14.468718633884697, "c": 2.0, "mux": 67.46644829466653, "muy": 68.82630092608336, "n": 1.0, "q": 0.7917085355827357, "roll": 1.5547243518021665}, "bulge": {"I": 0.02292852951671212, "Re": 24.114531056474494, "c": 2.0, "mux": 65.75946692454104, "muy": 70.61307104934497, "n": 0.501105181612836, "q": 0.6, "roll": 2.5565322188238184}, "bar": null, "spiral": [[[[65.35878453485884, 59.8864697928268], [64.81979250004997, 59.34738127447417], [64.0113044486385, 58.53874849810734], [63.74175238988346, 57.730141565602935], [63.202760355764326, 57.19105304856862], [62.93326433902439, 56.92150879024598], [62.39432835002208, 56.92148294915444], [61.58589634745442, 56.651912850794815], [61.31642835507671, 56.65189993054287], [60.77749237136993, 56.65187409002556], [60.777436325509825, 56.11281141723384], [59.96903235308082, 56.11277265768399], [59.6995643631509, 56.11275973804811], [59.16062838528023, 56.11273389835446], [58.35222442204508, 56.11269513900493], [58.08275643514412, 56.112682219205226], [57.54382046317153, 56.11265637953932], [57.27435247824701, 56.11264345956249], [56.735416509207425, 56.11261762006882], [56.196480542314134, 56.11259178054149], [55.92706861233603, 56.65164152435091], [55.1186646684082, 56.651602763380765], [54.84922471523453, 56.92112117327008], [54.57975673554404, 56.9211082526532], [54.57978476279129, 57.190639582266044], [54.04084880559992, 57.19061374062062], [53.501940878245136, 57.460119227260975], [53.23247290151187, 57.4601063061649], [52.96300492541411, 57.460093385132495], [52.693536949878876, 57.460080463947975], [51.885133026032804, 57.46004170065066], [51.88516105497604, 57.72957302696898], [51.34628116748695, 58.2686098350938], [51.3463091967684, 58.53814115977002], [51.076841225061116, 58.53812823762894], [51.07686925456949, 58.80765956184564], [50.807429313150124, 59.077177962977885], [50.26849337282863, 59.077152117504966], [49.999053433441645, 59.346670517488064], [49.7295854647175, 59.34665759454822], [49.72964152589748, 59.88572023779727], [49.1907896832156, 60.694288351497676], [48.65188178207427, 60.96379382209352], [48.65193784454573, 61.502856458811266], [48.651965875863084, 61.772387776586925], [48.38255397419823, 62.31143748541706], [48.11325420024593, 63.92861245159679], [48.11333829498358, 64.7372063927055], [48.11345042131177, 65.8153316422347], [47.84412261958198, 67.16297526551], [47.8441506512529, 67.43250657513977], [47.57496301161791, 70.12780671611176], [47.84454309612522, 71.20594486850257], [48.38367523119848, 73.09268985986193], [48.38370326260792, 73.36222116181386], [48.65319925064023, 73.63176539963774], [49.46191146111619, 76.59664851236835], [49.46196752237597, 77.13571110832822], [49.46205161469163, 77.94430499954626], [49.73154760088164, 78.2138492366289], [49.731603661796385, 78.7529118286011], [50.27076381477286, 80.90918806881984], [50.80972775547775, 81.1787452489566], [51.0792798005474, 81.98735207171035], [51.34883184466901, 82.79595889270684], [51.348859874232176, 83.06549018437397], [51.34888790351056, 83.3350214754521], [52.42689987260803, 84.6827297129692], [52.69647994338402, 85.76086781875023], [52.966003956356644, 86.29994334434178], [53.23552796946251, 86.83901886933018], [53.505051982179225, 87.37809439414639], [54.04401592408749, 87.64765158070747], [54.3135119094693, 87.91719581801311], [54.85250388021336, 88.45628429302252], [55.12202789275682, 88.99535981792701], [55.66096381115631, 88.99538571966553], [55.930459797244566, 89.26492995799123], [55.930487823674184, 89.53446124516233], [56.19995578382259, 89.53447419637268], [56.46945177031125, 89.80401843495821], [57.27788367990479, 90.07358857749915], [58.08637164285574, 90.88222129609369], [58.355867630692615, 91.15176553614828], [59.16427152299423, 91.15180439466906], [59.16429954701596, 91.42133568237392], [59.43376751201811, 91.42134863550854], [59.972787514006086, 92.22996840457512], [60.781191413285114, 92.23000726617761], [61.050715426227725, 92.76908279581392], [61.589651362080645, 92.7691087045215], [62.12858729949596, 92.76913461339319], [62.12861532184945, 93.03866590132981]], {"I": 0.012111091772090514, "falloff": 0.01, "spread": 0.8025742003925607}], [[[80.18159791003927, 79.83249947526554], [80.45106592251375, 79.83251241753442], [82.33731401492105, 79.56307168781677], [85.03191018444284, 78.7546071216367], [86.37922229526737, 78.48514049705886], [87.45703838853285, 77.94612959665994], [88.5348264883462, 77.13758735634144], [88.80423851021806, 76.59853762587124], [89.0736785368041, 76.32901922928704], [89.88208263326612, 76.32905804586153], [90.1515226631085, 76.05953964734181], [90.69040272557515, 75.52050284798474], [91.4987788301936, 75.25101032269049], [92.0376869024933, 74.98150485774022], [92.8460630169385, 74.71201232895658], [93.1155310566337, 74.71202526634897], [93.65443913685374, 74.44251979836224], [94.7322273054508, 73.63397751319212], [95.27110739477325, 73.09494069381299], [95.54054744062034, 72.82542228296336], [96.07942753507939, 72.28638545835895], [96.34883958444357, 71.7473356959465], [97.1571877343057, 71.20831179893833], [97.1571037391069, 70.3997177452643], [97.69603984099513, 70.39974361202599], [97.96547989507621, 70.13022519250376], [98.23480795900696, 68.78258135557849], [98.50410802768567, 67.16540614942107], [99.58178427530436, 65.27873835268338], [99.58164429135854, 63.93108154318759], [99.58161629441213, 63.661550180291215], [99.58158829774698, 63.39201881694066], [99.85094437141777, 62.31390628553481], [100.1202444539224, 60.69673101213368], [100.12007647553594, 59.07954279930914], [100.1200204825983, 58.540480058889784], [100.11993649319948, 57.73188594554426], [100.1199084966438, 57.462354573686184], [100.11982450738333, 56.65376045584446], [99.85018846234652, 55.03655929185129], [98.77214821832399, 53.41931936572803], [98.50256816339731, 52.34118094159362], [98.2330721004812, 52.07163664807149], [97.69402397913757, 50.993485305015156], [97.15491986006248, 49.37627120060438], [97.15489186149739, 49.10673982013202], [96.88539579824965, 48.83719552652428], [96.61589973529817, 48.56765123283924], [95.26830742234233, 46.141804239348744], [94.72923129601361, 44.79412150265864], [93.92077110756156, 44.25502000778954], [93.65127504472218, 43.9854757153563], [93.1122549185668, 43.17685574598909], [92.30373872984444, 42.098691484209326], [92.03427066955078, 42.098678577668124], [92.03421466581653, 41.55961580658584], [91.76471860338233, 41.2900715146111], [91.49522254141334, 41.02052722294593], [91.22572647939387, 40.75098293142787], [90.41729430063015, 40.48141282957579], [90.14782624265581, 40.48139992470783], [89.87830217873739, 39.94232424804113], [88.80040194907644, 39.6727412446769], [88.53090588946895, 39.403196955017506], [88.26140982980928, 39.13365266548408], [87.9919417751953, 39.133639761707855], [87.18350960918872, 38.86406966558263], [86.64457350384998, 38.86404385857111], [86.37504944068223, 38.324968185920625], [85.56661728093923, 38.05539809229913], [85.02768118069059, 38.055372286937995], [84.75821313160645, 38.05535938411538], [84.21924902725243, 37.78580219520131], [83.9497529720228, 37.51625790892706], [83.68025691676166, 37.2467136230465], [82.60232871412666, 36.70759924859567], [82.33283266008516, 36.43805496348227], [81.52440051657402, 36.168484876797834], [80.71596837652544, 35.89891479113976], [80.4465003342707, 35.89890189029052], [80.17700428225328, 35.62935760704465]], {"I": 0.01671135147231482, "falloff": 0.22722107932017754, "spread": 4.640454396448963}]]}