{"disk": {"I": 0.12126436824026011, "Re": 13.791102806032793, "c": 2.0, "mux": 43.3153119005642, "muy": 43.917370980180614, "n": 1.0, "q": 0.7072177521970442, "roll": 3.127228773031592}, "bulge": {"I": 0.10172499670152753, "Re": 6.450119574649297, "c": 2.0, "mux": 43.87915290523825, "muy": 43.994641301365, "n": 1.5530069013513703, "q": 0.4, "roll": 2.6489014638991635}, "bar": null, "spiral": []}