{"disk": {"I": 0.10120618405917521, "Re": 18.32121871330676, "c": 2.0, "mux": 63.90725132109855, "muy": 63.029548362520266, "n": 1.0, "q": 0.831212903518826, "roll": 1.4041022039608522}, "bulge": {"I": 0.16770940697452288, "Re": 4.28053028259154, "c": 2.0, "mux": 63.51528541525001, "muy": 63.54597854767684, "n": 1.5394828218227754, "q": 0.4, "roll": 2.8431137301326235}, "bar": null, "spiral": [[[[63.7345948140819, 64.71775168967253], [64.73248209481471, 70.21619442550156], [51.23218620756302, 75.47655303703641], [27.23685896141285, 70.49689172859212]], {"I": 0.032178475951678054, "falloff": 0.5021688331594574, "spread": 9.279916792750566}], [[[67.48423921636254, 64.46471206109447], [78.23332309570446, 63.456036413013464], [80.98788994234428, 49.95559265888534], [72.24074286811083, 44.96343424808566]], {"I": 0.012435360915065292, "falloff": 0.01, "spread": 5.696080587533692}]]}