{"disk": {"I": 0.010325704319472708, "Re": 28.459626544858537, "c": 2.0, "mux": 69.98190825825384, "muy": 72.82451117410498, "n": 1.0, "q": 0.5529864691798104, "roll": 2.909435466726386}, "bulge": {"I": 0.7012137546486021, "Re": 1.7094588448879582, "c": 2.0, "mux": 69.49137991259079, "muy": 70.31619965757847, "n": 1.2065259212726205, "q": 0.8333333333333334, "roll": 0.11935433746488777}, "bar": null, "spiral": [[[[71.8408727391573, 82.73020353297102], [75.06278432755568, 86.94269726646189], [81.3416028812652, 88.45689702860955], [84.70147159460339, 84.73987532766125], [88.44701363892466, 77.14068890706096]], {"I": 0.057541380165213034, "falloff": 1.259436452476536, "spread": 15.182204344434226}], [[[67.46307275246141, 55.99570996969578], [66.44426192702161, 52.113570983485374], [60.358215957036066, 50.57183431906765], [54.76777364920201, 51.94859019291039], [50.88458210614124, 58.19866144816558]], {"I": 0.11458948822588194, "falloff": 1.558657503274316, "spread": 12.08075943942176}]]}