{"disk": {"I": 0.12666513693894077, "Re": 12.896746305134954, "c": 2.0, "mux": 51.21013905577863, "muy": 50.2108371940367, "n": 1.0, "q": 0.8829001853282199, "roll": 1.1305972291721678}, "bulge": {"I": 0.9105435692915546, "Re": 1.0276131508328878, "c": 2.0, "mux": 50.92284929081735, "muy": 50.661022770343024, "n": 0.5, "q": 0.5695463462726807, "roll": 1.6195867419305368}, "bar": null, "spiral": []}