{"disk": {"I": 0.09277608016365849, "Re": 17.162943080144775, "c": 2.0, "mux": 60.16816505348734, "muy": 59.758598007672006, "n": 1.0, "q": 0.48574648182565, "roll": 0.9559717191287156}, "bulge": {"I": 1.4273243102101296, "Re": 1.0565525832408335e-06, "c": 2.0, "mux": 61.58613380355601, "muy": 58.340629257513726, "n": 5.0, "q": 0.8632926555623454, "roll": 0.982657754759392}, "bar": null, "spiral": []}