{"disk": {"I": 0.11649078855056387, "Re": 13.006330471294728, "c": 2.0, "mux": 48.71543413944441, "muy": 48.16935191237606, "n": 1.0, "q": 0.8583998329892634, "roll": 3.053079356617344}, "bulge": {"I": 0.6218828644311065, "Re": 1.8716662358592697, "c": 2.0, "mux": 48.43667568690617, "muy": 48.86361395085222, "n": 0.3657793095591759, "q": 0.6, "roll": 0.8608298432827916}, "bar": null, "spiral": []}