{"disk": {"I": 0.06428047662758295, "Re": 31.9869986915162, "c": 2.0, "mux": 100.93932359605019, "muy": 84.74774221104282, "n": 1.0, "q": 0.5163463509495708, "roll": 0.04619401882561614}, "bulge": {"I": 0.11651191763292476, "Re": 21.205828149343283, "c": 2.0, "mux": 82.14518649640812, "muy": 89.414325213523, "n": 0.5721968995309349, "q": 0.8824565135037251, "roll": 2.6562318837452454}, "bar": {"I": 0.3246564088369763, "Re": 4.492486945367304, "c": 5.578187312258693, "mux": 88.96005768933192, "muy": 88.7057118435639, "n": 0.5304114529885151, "q": 0.4830294120575581, "roll": 1.8762490464517623}, "spiral": []}