{"disk": {"I": 0.016091445548241858, "Re": 18.45944490310577, "c": 2.0, "mux": 62.30436943083005, "muy": 64.21906162825572, "n": 1.0, "q": 0.8333333333333334, "roll": 0.11416718241116364}, "bulge": {"I": 0.8679862203545041, "Re": 1.0574420383923082, "c": 2.0, "mux": 62.892125390360064, "muy": 63.27070780771159, "n": 1.2807246514353616, "q": 0.951589461289874, "roll": 0.2296797396730792}, "bar": {"I": 0.06162982286014629, "Re": 8.18616906644902, "c": 2.058385001947134, "mux": 62.99617426724114, "muy": 63.010015331363796, "n": 0.3, "q": 0.40583820699693796, "roll": 2.8968951557292795}, "spiral": []}