{"disk": {"I": 0.06816048872217344, "Re": 20.191741790433735, "c": 2.0, "mux": 60.09112458602278, "muy": 59.66886104516557, "n": 1.0, "q": 0.48700431292226726, "roll": 0.9463680934321721}, "bulge": {"I": 67190.72373388636, "Re": 0.011448624190243239, "c": 2.0, "mux": 60.47580965647649, "muy": 60.313311421013935, "n": 4.9999826164086665, "q": 0.43589927653608823, "roll": 0.7943918912062868}, "bar": null, "spiral": []}