{"disk": {"I": 0.098663618043911, "Re": 29.034088691611704, "c": 2.0, "mux": 107.14801668773781, "muy": 107.22290021665472, "n": 1.0, "q": 0.915609689725099, "roll": 0.14906218389202586}, "bulge": {"I": 0.40987782011269625, "Re": 2.1225294416058955, "c": 2.0, "mux": 107.7280588573854, "muy": 107.20923026878268, "n": 0.6897036115220799, "q": 0.906813827261191, "roll": 2.6176061528423045}, "bar": null, "spiral": []}