{"disk": {"I": 0.007973429638217197, "Re": 22.709693962569293, "c": 2.0, "mux": 48.834218901221604, "muy": 50.064467904971416, "n": 1.0, "q": 0.5634585804375112, "roll": 2.02761591736694}, "bulge": {"I": 0.05287412964096167, "Re": 9.630941520530948, "c": 2.0, "mux": 50.68180903162979, "muy": 50.9779393517737, "n": 5.0, "q": 0.6193775914393304, "roll": 1.4164190937165906}, "bar": {"I": 0.0, "Re": 22.709693962569293, "c": 2.0790313935997293, "mux": 43.578985354283, "muy": 49.77060929176968, "n": 0.6983349179158436, "q": 0.05005437752162457, "roll": 2.2916658887017793}, "spiral": [[[[44.82910590416179, 53.503673465869724], [44.56766797517548, 53.50367346554549], [42.818044913087874, 53.503673464542544], [41.49074465879721, 53.50367346356859], [40.686320262647996, 53.50367346311202], [39.60034560792906, 53.242150349012945], [38.795919359059326, 52.96051007217602], [37.99149152250209, 52.437463844170225], [37.06639989303153, 51.89430045302845], [36.784848707030164, 51.491957200163824], [36.52340813088085, 51.08961394704818], [36.2619666280541, 50.546450555172555], [36.261963186917455, 50.02340432548567], [36.121185343736215, 49.480240932672245], [36.12118269652615, 49.07789767825261], [36.121180049458985, 48.67555442361595], [36.12117740240524, 48.273211168773855], [36.121174755262246, 47.87086791359559], [36.12117118172455, 47.327704518751375], [36.12116853455382, 46.925361263031505], [36.12116509329121, 46.402315030032355], [36.26193671643705, 45.999971773603875], [36.52337199993599, 45.59762851698679], [36.52336842643081, 45.054465119887595], [36.52336750009874, 44.91364497992538], [36.664141770521155, 44.913644979940045]], {"I": 0.005499731663243782, "falloff": 0.8706443701149802, "spread": 9.495012479979826}], [[[57.036202174381515, 46.80465829446098], [57.43841437551146, 46.8046582945035], [59.308704540954864, 47.32770452842192], [61.721982231247694, 48.011688064231976], [62.66718617867093, 48.81637457535726], [63.61239183911039, 49.88258420053205], [64.13527468820939, 50.9487938238658], [64.41682771127012, 51.632777354674545], [64.41683298585224, 52.43746386032922], [64.41684353489836, 54.04683686827025], [64.41685223778654, 55.37456959657516], [64.41685751226919, 56.1792560969177], [64.41686199561514, 56.86323962146571], [64.27609300083122, 57.667926119582035], [64.27609642950017, 58.19097234313358], [64.01466206151224, 58.73413572782226], [64.01466469903733, 59.13647897609394], [64.01466733650454, 59.538822223795705], [63.873894782089906, 59.80034533456251], [63.733121436257306, 59.94116547095109], [63.73312235948595, 60.08198560749486]], {"I": 0.002497897256656006, "falloff": 0.04117137031338837, "spread": 12.856748899012677}]]}