{"disk": {"I": 0.12897493439164573, "Re": 9.44412030559751, "c": 2.0, "mux": 57.64876738406169, "muy": 57.338071177063995, "n": 1.0, "q": 0.8149516854209974, "roll": 2.113838824856205}, "bulge": {"I": 0.0, "Re": 0.0, "c": 2.0, "mux": 57.48241081558984, "muy": 57.065392883118314, "n": 0.9656167553787623, "q": 0.7295852728805569, "roll": 2.1109242434259228}, "bar": null, "spiral": []}