{"disk": {"I": 0.0567948823296975, "Re": 32.66568877979145, "c": 2.0, "mux": 116.07961478308131, "muy": 118.8049149607204, "n": 1.0, "q": 0.3725842507929188, "roll": 2.2204854445751367}, "bulge": {"I": 0.3079516812662425, "Re": 3.8618237289439143, "c": 2.0, "mux": 117.64558800404355, "muy": 118.37802513383083, "n": 0.9098866034405164, "q": 0.8358649357133834, "roll": 0.8630065075092466}, "bar": {"I": 0.05304668957792626, "Re": 39.19882653574974, "c": 1.013359418750687, "mux": 118.41909638288307, "muy": 118.7706739910542, "n": 0.5110699902108349, "q": 0.8333333333333334, "roll": 2.2324558610666836}, "spiral": []}