{"disk": {"I": 0.02396780431543846, "Re": 29.33811590034708, "c": 2.0, "mux": 102.1548478650447, "muy": 102.01966143247893, "n": 1.0, "q": 0.5143358273605361, "roll": 2.3901726478370087}, "bulge": {"I": 0.4270226765487322, "Re": 1.974510119620568, "c": 2.0, "mux": 101.08706361408332, "muy": 101.31429210113157, "n": 2.715493552819008, "q": 0.8333333333333334, "roll": 2.2791784866148648}, "bar": null, "spiral": []}