{"disk": {"I": 0.09429208563597077, "Re": 27.153449739911817, "c": 2.0, "mux": 101.71101660348255, "muy": 106.46663254259022, "n": 1.0, "q": 0.9522480762283301, "roll": 3.1405042232458267}, "bulge": {"I": 0.1603346538162156, "Re": 5.626261180032226, "c": 2.0, "mux": 102.44432578961849, "muy": 101.63201802281898, "n": 1.6827720216694573, "q": 0.6, "roll": 1.2824211983113607}, "bar": {"I": 0.08652931650364352, "Re": 10.81052740318205, "c": 2.589647156127266, "mux": 101.11632029217293, "muy": 92.89020620504711, "n": 0.3193285936546421, "q": 0.6666666666666666, "roll": 1.1933427935883445}, "spiral": []}