{"disk": {"I": 0.08472827038948379, "Re": 16.41133298616667, "c": 2.0, "mux": 45.25352716340381, "muy": 46.7837184662265, "n": 1.0, "q": 0.5505430726786683, "roll": 0.7180989735701341}, "bulge": {"I": 0.17518499371877475, "Re": 11.134138768707732, "c": 2.0, "mux": 48.23437959610069, "muy": 49.21158186595269, "n": 1.2374907993145983, "q": 0.45331196194123513, "roll": 0.692917556127917}, "bar": null, "spiral": []}