{"disk": {"I": 0.008706035115502046, "Re": 66.38903750008164, "c": 2.0, "mux": 87.20893311726206, "muy": 83.91739749850366, "n": 1.0, "q": 0.2681838325440533, "roll": 1.3813807706064734}, "bulge": {"I": 0.07416341658857138, "Re": 17.180631301582057, "c": 2.0, "mux": 86.52548190014492, "muy": 86.17026276660317, "n": 2.2140130100187565, "q": 0.6, "roll": 1.0904722598112206}, "bar": null, "spiral": []}