{"disk": {"I": 0.12147933749676072, "Re": 19.16191718557666, "c": 2.0, "mux": 61.686623904550274, "muy": 62.02525920245536, "n": 1.0, "q": 0.568632213977187, "roll": 1.2003342498258072}, "bulge": null, "bar": null, "spiral": []}