{"disk": {"I": 0.047518565264312966, "Re": 17.505503015399345, "c": 2.0, "mux": 58.11255107562009, "muy": 57.758771190323515, "n": 1.0, "q": 0.6406780839013455, "roll": 2.1466780435877304}, "bulge": {"I": 0.2675986159725867, "Re": 3.0988505108066824, "c": 2.0, "mux": 57.47962364388172, "muy": 57.29098882851716, "n": 1.7993826442773238, "q": 0.7259878820853114, "roll": 0.673721297429799}, "bar": null, "spiral": []}