{"disk": {"I": 0.09769490195519875, "Re": 26.170321292776933, "c": 2.0, "mux": 88.98501235076888, "muy": 87.78416580404928, "n": 1.0, "q": 0.7507487645729879, "roll": 3.097901056060254}, "bulge": {"I": 0.07609765751294903, "Re": 8.702889900708405, "c": 2.0, "mux": 87.75557892782254, "muy": 88.52312358027157, "n": 2.042821140060838, "q": 0.812862709062705, "roll": 0.699118026048926}, "bar": null, "spiral": []}