{"disk": {"I": 0.13415335583552984, "Re": 14.74143933396004, "c": 2.0, "mux": 54.007643321898655, "muy": 53.384671211998395, "n": 1.0, "q": 0.8117685160383358, "roll": 1.3707108296830361}, "bulge": {"Re": 0.0, "c": 2.0, "mux": 106.41990747997848, "muy": 107.22696179457526, "n": 1.0, "q": 0.6, "roll": 0.6663831909801283}, "bar": null, "spiral": []}