{"disk": {"I": 0.07560321805660557, "Re": 27.11019098599209, "c": 2.0, "mux": 91.53471520245122, "muy": 91.94755672894516, "n": 1.0, "q": 0.6931970268933394, "roll": 1.6521413282817692}, "bulge": {"I": 0.030164854991786148, "Re": 25.838312477351863, "c": 2.0, "mux": 88.43796514912859, "muy": 88.4904653067489, "n": 0.3, "q": 0.6145134920051037, "roll": 1.889076355854352}, "bar": null, "spiral": []}