{"disk": {"I": 0.08391353556345037, "Re": 18.93631298804996, "c": 2.0, "mux": 67.60302205899384, "muy": 70.85534943105957, "n": 1.0, "q": 0.8038048401952052, "roll": 2.8820903543618375}, "bulge": {"I": 0.06889791731743808, "Re": 14.764721905206832, "c": 2.0, "mux": 71.90343304094931, "muy": 71.37518299495123, "n": 1.898598503976167, "q": 0.6209747078479358, "roll": 0.4327153700052371}, "bar": null, "spiral": []}