{"disk": {"I": 0.1485246866959265, "Re": 10.767835260785262, "c": 2.0, "mux": 38.91482860391446, "muy": 39.80916576204981, "n": 1.0, "q": 0.8755923876532055, "roll": 2.9860348793075047}, "bulge": {"I": 0.005892044467733159, "Re": 1.8654437039159733, "c": 2.0, "mux": 39.59999786810326, "muy": 38.2000043305799, "n": 5.0, "q": 0.486877054398265, "roll": 3.0681088915885395}, "bar": {"I": 132.09114574950047, "Re": 0.09039591903540362, "c": 2.9896416470336904, "mux": 38.538207195376614, "muy": 39.625790253644595, "n": 1.9971529574655185, "q": 0.05067959989025506, "roll": 1.2084536266920716}, "spiral": []}