{"disk": {"I": 0.12904911173555486, "Re": 10.264009257704293, "c": 2.0, "mux": 36.61526218154943, "muy": 36.89248025647959, "n": 1.0, "q": 0.7611539319041941, "roll": 0.06429408180039374}, "bulge": {"I": 0.02749705532569165, "Re": 11.028009583323447, "c": 2.0, "mux": 36.300955664862066, "muy": 36.52534826237573, "n": 2.5065924221373264, "q": 0.9032345145884554, "roll": 0.6184990810570888}, "bar": null, "spiral": []}