{"disk": {"I": 0.15362466845808004, "Re": 22.086448962430172, "c": 2.0, "mux": 80.25991067068004, "muy": 80.39878050700403, "n": 1.0, "q": 0.8705348424122797, "roll": 1.0069672834026813}, "bulge": {"I": 0.14385524392728946, "Re": 11.788114606242456, "c": 2.0, "mux": 81.75482966623379, "muy": 82.20888850790432, "n": 0.5, "q": 0.6172294442751461, "roll": 2.491853935607799}, "bar": null, "spiral": []}