{"disk": {"I": 0.05340166775677265, "Re": 35.2191282535411, "c": 2.0, "mux": 127.23421539858985, "muy": 128.44196483563238, "n": 1.0, "q": 0.8747687047507977, "roll": 1.7794105547922412}, "bulge": {"I": 0.028756681709762828, "Re": 16.93719899299177, "c": 2.0, "mux": 126.02631046486569, "muy": 125.85280659152096, "n": 3.3799634705854023, "q": 1.0, "roll": 2.747498372788527}, "bar": null, "spiral": []}