{"disk": {"I": 0.05977915085781646, "Re": 15.3784813007462, "c": 2.0, "mux": 62.24524291115988, "muy": 61.944257777024454, "n": 1.0, "q": 0.6467573301704206, "roll": 0.39437200180204185}, "bulge": {"I": 0.016217750200547235, "Re": 15.3784813007462, "c": 2.0, "mux": 61.199999995724305, "muy": 61.59999999641797, "n": 4.112604546240398, "q": 0.9488338515964782, "roll": 2.673589495797712}, "bar": null, "spiral": []}