{"disk": {"I": 0.1519808660792283, "Re": 22.145308712244617, "c": 2.0, "mux": 80.25905336192447, "muy": 80.35965047432757, "n": 1.0, "q": 0.8771258287427826, "roll": 1.004947316112837}, "bulge": {"I": 0.14837270335672112, "Re": 11.384653535934607, "c": 2.0, "mux": 81.71199258285708, "muy": 82.22325743730657, "n": 0.5, "q": 0.6446523119005344, "roll": 2.478067533929691}, "bar": null, "spiral": []}