{"disk": {"I": 0.25804926049198434, "Re": 11.378843632389767, "c": 2.0, "mux": 37.07754265726274, "muy": 36.87071158047279, "n": 1.0, "q": 0.5707136598293351, "roll": 2.205153054312158}, "bulge": null, "bar": null, "spiral": []}