{"disk": {"I": 0.038813270391058675, "Re": 17.174861988692225, "c": 2.0, "mux": 53.49786815020106, "muy": 55.362812085556016, "n": 1.0, "q": 0.5937281278629829, "roll": 0.8331202910729987}, "bulge": {"I": 0.031741321268387954, "Re": 12.376087144990697, "c": 2.0, "mux": 54.60000000284232, "muy": 53.79999999971984, "n": 3.4530035360775373, "q": 0.8384934792155447, "roll": 2.8155746808153665}, "bar": null, "spiral": []}