{"disk": {"I": 0.06485144198343931, "Re": 20.793496392507954, "c": 2.0, "mux": 74.33947435921459, "muy": 74.39318837997034, "n": 1.0, "q": 0.8510793567714596, "roll": 2.8178705293375397}, "bulge": {"I": 0.07189235947712713, "Re": 10.73543931954952, "c": 2.0, "mux": 74.26193805986854, "muy": 74.09974472043054, "n": 2.149225074924058, "q": 0.8006829681103899, "roll": 2.63516774624371}, "bar": null, "spiral": []}