{"disk": {"I": 0.10625644363796592, "Re": 16.7409896607684, "c": 2.0, "mux": 58.081936667322076, "muy": 56.57959155493169, "n": 1.0, "q": 0.9807683655200276, "roll": 1.119835045034417}, "bulge": {"I": 0.4658453760923727, "Re": 0.7159952834990931, "c": 2.0, "mux": 57.599999996343804, "muy": 56.60000000240402, "n": 2.6700028384604493, "q": 0.4998518058139696, "roll": 0.39719720957608995}, "bar": null, "spiral": [[[[59.80428943175414, 61.192852820888675], [60.25736532727433, 62.09899356376684], [60.257358057918594, 62.32555637850362], [60.25732898095606, 63.23180763540768], [60.71042668179183, 63.45825992977882], [60.71041214274305, 63.911385556188634], [60.936935549026316, 64.8175815461592], [61.16348076359196, 65.04408909837093], [61.163473493590686, 65.27065190983558], [61.61657119178909, 65.497104201929], [61.61656392184523, 65.72366701282851], [61.84311640577744, 65.72361175313642], [61.84310186539801, 66.17673737451446], [61.84308732490379, 66.62986299449165], [61.84307278462683, 67.08298861390722], [62.069610726861214, 67.53605897252453], [62.06959618628059, 67.98918458949902], [62.52267933969614, 68.66876249408097], [62.52265752806892, 69.34845091554143], [62.52264298713948, 69.80157652827381], [62.06950894285657, 70.70793827079319], [60.71016497906996, 71.61452104773116], [59.35083555878131, 72.06797821389512], [58.89773059852726, 72.06808873323655], [58.21805862175512, 72.52138011926263], [57.538393914314526, 72.74810870134115], [56.858736474711066, 72.7482744804289], [55.95251928844817, 72.97505832194156], [55.72595954228845, 73.20167638420514], [55.04629483732836, 73.42840496560768], [54.81974235796571, 73.42846022544006], [53.9135324401924, 73.42868126394694], [53.007329787549054, 73.20233950051022], [52.10112713394898, 72.97599773690922], [51.87458918336398, 72.52292739088568], [51.64805123214114, 72.06985704360602], [50.7418485750419, 71.84351527882313], [50.51529609483222, 71.84357053847054], [49.83563865392617, 71.84373631726737], [49.38253369317448, 71.8438468368829], [48.92942873250425, 71.8439573561219], [48.47632377173346, 71.84406787547096], [48.02321881108742, 71.84417839484468], [47.11700888985172, 71.84439943365567], [46.66390392914792, 71.8445099531582], [45.98424648810274, 71.84467573194468], [45.75769400774246, 71.84473099172737], [45.30458904706552, 71.84484151116544], [44.39837912584906, 71.84506255001747], [44.17182664546053, 71.8451178097356], [43.03906424365647, 71.84539410833429], [42.5859592829548, 71.84550462741163]], {"I": 0.03414681450930746, "falloff": 0.4430852451854231, "spread": 1.9365908825295253}], [[[56.63271450076667, 56.209244440832094], [55.72650454374525, 56.20946547961296], [54.82030911943016, 55.756560874470665], [54.36720414040033, 55.75667139374002], [53.007889203682254, 55.75700295186641], [51.87513402069618, 55.53071642802877], [51.64860332430709, 54.85108321892119], [51.19551287236081, 54.39806809133472], [50.7424078919247, 54.39817861055303], [49.83624151106608, 53.03902270192248], [49.15660582663068, 52.35950000409946], [48.70352263192743, 51.67992204376219], [48.47699192783722, 51.00028882149343], [48.02390873034062, 50.32071085696953], [47.797385286340045, 49.414514800911775], [47.7973925487463, 49.18795197106067], [47.5708473175643, 48.96144440109083], [47.79746517043111, 46.92232366118276], [48.477158966813164, 45.789343717390125], [48.93028574569419, 45.10954469618571], [50.06307001380813, 44.42957989362537], [50.74275655686125, 43.52316277173895], [52.102078800282044, 43.29626837762578], [53.00831058188737, 42.6163588283365], [54.367654627267655, 41.70977591955659], [55.2738791499323, 41.25642920368716], [55.953536643155445, 41.256263424971735], [56.633208670604205, 40.80297196785159], [57.765971160566124, 40.80269566960294], [58.898719113336, 41.25554504920137], [59.578376606602546, 41.255379270233675], [60.25803409973568, 41.255213490989945], [61.39078931840652, 41.48150003117496], [62.976656801466504, 41.48111321345709], [64.33597178679858, 41.480781655464284], [65.92183926967289, 41.48039483796458], [67.28114698219017, 41.70662611789976], [69.77322445395137, 41.70601826173879], [70.45288194601025, 41.705852482662635], [71.13253943843088, 41.70568670373973], [72.03874215240867, 41.93202850311445], [72.03872032419756, 42.61171701582248], [73.39799892210098, 43.74419964031142], [73.3979916452459, 43.97076247587108], [73.85106752958546, 44.87690329708698], [74.75722656967974, 46.462622094274366], [75.2103024479834, 47.368762904126925], [75.210287892483, 47.82188856686241], [75.66338560246322, 48.04834087881591], [75.66337104619168, 48.50146654032085]], {"I": 0.02424419074787344, "falloff": 0.9862992593974432, "spread": 0.8524152772315851}]]}