{"disk": {"I": 0.04459818753669346, "Re": 20.73589124846764, "c": 2.0, "mux": 33.71987102204836, "muy": 33.371409998142546, "n": 1.0, "q": 0.42182725940534643, "roll": 0.08914276139623394}, "bulge": null, "bar": null, "spiral": [[[[43.724245871930634, 60.51627818941074], [43.75080637269207, 60.516278337399854], [44.2553075479442, 60.03815584020333], [44.73324822170184, 59.560033195426286], [44.972218558505006, 59.32097187322529], [45.33067406323903, 58.96237989016117], [45.71568182785745, 58.57722553833253], [46.15379411099218, 58.138946448690945], [46.2201747600775, 58.072540526004104], [46.63166061568063, 57.42176115103132], [46.631466956345434, 56.797541995812026], [46.631339223764485, 56.38582297746507], [46.63125681551105, 56.120197803934275], [46.63106315615528, 55.49597864461464], [46.63090658054432, 54.99129081214028], [46.63075824566852, 54.51316549618025], [46.723592264997706, 54.1014469927386], [47.188207366167376, 53.47723042637642], [47.546555742848795, 52.77332571283523], [47.58638413256472, 52.733482159043206], [47.58635941016314, 52.653794605850635], [48.1437796895716, 51.52489072120784], [48.43582570470994, 51.13973584833468], [48.435788621445, 51.02020451785688], [48.76767538716638, 50.6350498678396], [48.794116397931475, 50.249893506654416], [49.17910356293589, 49.798332859386505], [49.20553633333623, 49.38661397934197], [49.60366365811376, 48.4834905989959], [49.60339171751855, 47.60692749912312], [49.65649623727086, 47.55380276065864], [50.240534705763366, 46.61083664295836], [50.7978808259644, 45.24287008061265], [50.91719294401196, 44.56552653128335], [51.328559320470845, 43.529590623063996], [52.071664138075334, 41.63037472277472], [52.24409313892204, 40.93975020564119], [52.270534152913115, 40.554593831333364], [52.50944268965986, 40.11631361650916], [52.60229319554617, 39.757720134442366], [53.22627130591559, 39.133504458954235], [53.398795072613666, 38.748348906989804], [53.51807835361819, 37.97803652760513], [53.663959217325555, 37.32725563255451], [53.87624133206009, 36.67647511103178], [54.07530499971017, 36.22491340865247], [54.115026265368215, 35.83975710328343], [54.11483261777687, 35.21553789674124], [54.141199470747324, 34.59131883857981], [54.23395933492873, 33.94053763480781], [54.31337302631414, 33.077256196491135], [54.352525711348335, 30.85928601245007], [54.49843129906344, 30.288192659935362], [54.49836125656918, 30.062411238984396], [54.55145341682817, 29.969442720051575], [54.67085618610997, 29.58428685626552], [54.67078202336097, 29.345224174520126], [54.81679061499574, 29.10616232224004], [54.85647480099692, 28.601474663797717], [54.883006460763454, 28.508505993571816], [54.88299822051556, 28.481943473300703], [54.88294465871445, 28.309287091391866], [54.88279633379716, 27.831161725070274], [54.88267684992354, 27.446005179279382], [54.88255736596648, 27.060848632608554], [53.66057243198895, 26.410059931290675], [53.18248341065453, 26.410057212335005], [52.770795641120344, 26.410054870981412], [52.2661461152702, 26.410052000938776], [51.76153366999358, 26.529580474693603], [51.495953376332636, 26.60926652695366], [51.40302046257125, 26.702234821148522], [51.34993654182699, 26.8217658629668], [51.35009311141175, 27.32645375845732], [51.350183757040895, 27.618641486686897], [51.35027852306894, 27.924110474902818], [51.3502867632609, 27.950672995508967], [51.2573538501274, 28.04364128970076], [50.965278979386426, 28.33582735750406], [50.67317938681299, 28.548325863451737], [50.248248443665716, 28.667854793075435], [49.2125248472712, 29.106130502641577], [48.82747173670566, 29.34519100297075], [48.73451822109212, 29.37175299598516], [48.68141781894553, 29.438158996327616], [48.17687541204009, 29.78346890155217], [48.00426923257737, 29.902999265122048], [47.93791742202029, 30.062374012729833], [47.79193355000234, 30.381123432496906], [47.52643153970257, 30.71315343454785], [47.49987927846212, 30.739715804411162], [47.075022496546126, 31.098307423337474], [46.99536571277645, 31.177994533548485], [46.5704471238721, 31.337367248036912], [46.49076561749598, 31.33736679636172], [46.21195039165639, 31.563146640965442], [45.98626029076445, 31.802208047503655], [45.893319135176625, 31.868613822245038], [45.60123601938426, 32.13423737321364], [45.56139526599827, 32.13423714730561], [45.5348347634731, 32.134236996838695], [45.322396070174364, 32.280329656403524], [45.24271456341444, 32.280329204858845], [45.20298506207621, 32.63892300806992], [45.20303862820606, 32.81157939214427], [45.05695586536126, 32.811578564640286], [45.03039536306608, 32.81157841430036], [44.59214707403817, 32.81157593167336], [44.379663054720254, 32.81157472794257], [43.994535768535, 32.81157254650884], [43.702370240400455, 32.81157089137139], [43.63608023782933, 33.170164545352804], [43.609527976310346, 33.19672691556002], [43.609548579067905, 33.26313321726275], [43.58310757129016, 33.648289616898296], [43.543340986741896, 33.887352077213336], [43.46367596117682, 33.94047666724896], [43.370714202193994, 33.940476141073304], [43.012147417272786, 33.94047411124211], [42.534058369158174, 33.940471405018684], [42.14893107930061, 33.940469224940216], [42.069249570746365, 33.94046877375922], [41.97628781093442, 33.9404682475199], [41.94972730823815, 33.94046809722386], [41.949756152199825, 34.03343691997918], [41.94983856343242, 34.29906212724677], [41.94986740753359, 34.39203094969366], [41.9499951450764, 34.803750020416146], [41.95004047124769, 34.94984388389594], [41.95008579745229, 35.09593774744303], [41.950168208859054, 35.3615629534213], [41.80412252895405, 35.481093469732514], [41.711160769309004, 35.481092944077204], [41.644759512258815, 35.48109256860607], [41.32601699619238, 35.42796572484508], [41.08696422923083, 35.40140185229632], [40.794753370665376, 35.255306336146646], [40.75491261594118, 35.25530611083673], [40.72833975137223, 35.215462179500264], [40.5822569849031, 35.21546135312178], [40.024432852644736, 35.042801813160054], [39.90491058848454, 35.04280113704749], [39.865069833838106, 35.04280091168039], [39.83850933081021, 35.04280076139116], [39.78538832438983, 35.042800460887634], [39.745547569770565, 35.042800235627965], [39.71898706654849, 35.042800085176395], [39.69242656333131, 35.042799934978575], [39.66595671423556, 35.334987513649025], [39.66597731759907, 35.40139381567599], [39.66612154002405, 35.86623792909222], [39.66613390209511, 35.90608171015435], [39.59973264416294, 35.90608133471085], [39.09508308374893, 35.906078481569125], [39.068522580675335, 35.90607833127274], [38.97556081921152, 35.906077805813084], [38.895879309258476, 35.90607735521917], [38.85603855444947, 35.90607713012446], [38.73651628976745, 35.90607645422824], [38.35138899123592, 35.90607427672103], [37.846739426736576, 35.906071423550316], [37.43505162227507, 35.90606909600285], [37.34208986006706, 35.90606857036573], [37.342106342877514, 35.95919361218205], [37.342246447417665, 36.41075646757167], [37.34230825819964, 36.60997537408059], [37.342328861730266, 36.676381676225674], [37.31576835818362, 36.67638152612187], [36.7579977835029, 36.676378374011506], [36.54551375444919, 36.67637717341631], [36.13382594727568, 36.67637484691056], [36.067424687769176, 36.676374471632585], [36.040864184061775, 36.6763743214442], [35.7486986423653, 36.67637267049179], [35.62917637525061, 36.676371994982446], [35.60261587133891, 36.67637184483044], [35.536214611897094, 36.67637146962477], [35.363571336884775, 36.676370494004345], [35.03156503812147, 36.67636861776509], [35.03158152121432, 36.729493659831064], [35.03170102439367, 37.11465021468075], [35.03178344035405, 37.38027542444013], [35.031857614769024, 37.61933811288827], [35.03200596364161, 38.09746348915587], [35.03205129225489, 38.24355735377685], [35.03217903704672, 38.65527642633663], [35.00561853320164, 38.655276276538416], [34.67361223526677, 38.655274402602345], [34.235363920742884, 38.655271928974], [32.69485468297182, 38.655263234122], [32.19020510169821, 38.655260385796055], [31.512912239376192,