{"disk": {"I": 0.04814652178682466, "Re": 31.4082189114171, "c": 2.0, "mux": 98.30219522055421, "muy": 97.93485203072457, "n": 1.0, "q": 0.7655313381937086, "roll": 2.649939749035096}, "bulge": {"I": 0.017671741655770144, "Re": 28.101039867437056, "c": 2.0, "mux": 100.84598443726215, "muy": 99.16835433042921, "n": 1.0563128291627057, "q": 0.43994376138073854, "roll": 0.24049182604964958}, "bar": {"I": 0.43345642332549, "Re": 4.6957168895507895, "c": 6.0, "mux": 98.16239318330582, "muy": 99.87124236416726, "n": 0.4767000639178961, "q": 0.31130084537537556, "roll": 1.2815604824131048}, "spiral": [[[[82.78710937501243, 71.28242187496753], [86.67382812492514, 57.2902343750435], [87.06249999984848, 57.29023437518882], [87.06250000007982, 56.90156249992765], [87.06250000002007, 56.512890624977146], [97.16796874999466, 38.633984374982305], [97.55664062496287, 38.63398437493851], [98.33398437506096, 38.63398437497952], [112.71484374996876, 38.633984374989964], [113.10351562487801, 38.63398437511691], [116.21289062496795, 38.63398437518248], [122.43164062497999, 38.633984375058105], [122.82031249996093, 38.24531250009471], [126.70703124993116, 37.46796875012765]], {"I": 0.00428065456503638, "falloff": 0.03531722828101357, "spread": 3.4746061313421603}], [[[111.16015625003962, 101.2101562499679], [115.8242187499794, 98.87812499991122], [116.99023437490843, 86.44062500015477], [116.99023437498819, 86.0519531249067], [116.99023437510468, 84.8859374998672], [114.65820312498707, 80.61054687504611], [107.66210937493793, 74.00312500007732], [106.88476562507826, 74.00312499988632], [103.77539062509166, 73.61445312482681], [92.11523437494306, 70.89375000006436], [71.90429687493112, 84.88593750014451], [66.07421875003479, 103.15351562500376], [66.07421874992295, 103.54218750014437], [65.29687499991732, 128.0285156249948], [66.46289062495872, 136.9679687500858]], {"I": 0.07008011118600455, "falloff": 1.6559261379969408, "spread": 8.21347972060569}], [[[87.83984375005086, 100.43281250000561], [81.62109375011728, 107.42890624977954], [81.6210937499527, 107.81757812509332], [82.00976562498911, 108.20624999997807], [83.17578125001606, 117.14570312498279], [83.56445312497436, 117.14570312501266], [92.11523437505801, 125.69648437487774], [104.55273437494466, 130.3605468749701], [104.55273437512025, 130.74921874977548], [109.99414062495993, 133.08125000008917], [116.60156249997627, 134.63593750001024], [125.92968749994593, 133.46992187494686], [126.70703125001528, 133.0812499999917], [136.81249999995413, 119.8664062500086], [136.81250000005207, 119.47773437502812], [136.81250000012798, 119.08906250025464], [137.97851562500324, 116.36835937472361], [137.97851562504655, 115.97968749999248], [138.36718750001575, 98.10078125000356], [138.36718750003178, 97.71210937497531], [134.86914062501802, 79.83320312497005], [133.3144531249444, 77.88984375014391]], {"I": 0.10868394834729132, "falloff": 1.2988935564440347, "spread": 7.0396301110725}], [[[107.27343749992122, 126.08515625013018], [115.82421875002652, 115.20234374996005], [118.15624999993116, 109.76093750007362], [118.54492187498509, 108.98359374989496], [118.54492187496379, 107.81757812516389], [123.59765624993928, 97.32343750019714]], {"I": 0.12507712872465698, "falloff": 1.9755451141776383, "spread": 0.7861886272148634}]]}