{"disk": {"I": 0.055514744202875034, "Re": 21.538405498683986, "c": 2.0, "mux": 61.3009492638657, "muy": 64.89185841737566, "n": 1.0, "q": 0.2888868850331031, "roll": 0.6082906788938208}, "bulge": {"I": 0.1106100566181957, "Re": 19.282528566237993, "c": 2.0, "mux": 59.60645314008616, "muy": 71.17998223067598, "n": 0.6850957065414697, "q": 0.6, "roll": 0.4673803971493551}, "bar": null, "spiral": [[[[67.49999999990195, 62.00000000004712], [76.50000000009135, 56.74999999993588], [78.49999999992315, 47.00000000006054], [64.75000000012062, 49.7500000001333]], {"I": 0.12629213303422926, "falloff": 0.6164589250983494, "spread": 3.4257274934896524}], [[[60.000000000028535, 68.25000000000932], [52.50000000001239, 84.24999999997601], [67.00000000006912, 78.24999999997283]], {"I": 0.0, "falloff": 0.01, "spread": 7.411022461069643}]]}