{"disk": {"I": 0.16016219559973002, "Re": 9.016951245999191, "c": 2.0, "mux": 30.316624368483044, "muy": 30.024022890699417, "n": 1.0, "q": 0.7410492501915081, "roll": 2.6302356991733333}, "bulge": {"I": 1.5925107274769663, "Re": 0.7897203844773047, "c": 2.0, "mux": 30.957493479030624, "muy": 30.42266444870938, "n": 0.5, "q": 0.6399787075305894, "roll": 2.1113543363886946}, "bar": null, "spiral": []}