{"disk": {"I": 0.12690820672288589, "Re": 15.860459756537757, "c": 2.0, "mux": 53.04480641356605, "muy": 57.531315877014926, "n": 1.0, "q": 0.7632459644665528, "roll": 0.9534443581626244}, "bulge": {"I": 0.0, "Re": 0.9829078740827271, "c": 2.0, "mux": 54.93313920786396, "muy": 57.127194752345574, "n": 1.02, "q": 0.9864858652631332, "roll": 1.3962090509974419}, "bar": {"I": 0.32282282166028214, "Re": 4.468892462919879, "c": 5.038308738557413, "mux": 56.21909948520913, "muy": 51.171639319475624, "n": 0.3204675691876521, "q": 0.41870131461209914, "roll": 0.6980917712897953}, "spiral": [[[[64.23828125014757, 46.70703125007344], [62.30468750005457, 41.33593749994827], [55.21484375011016, 36.82421874992227], [55.00000000000716, 36.82421874995083], [40.17578124996896, 36.824218750098], [39.96093749989382, 36.824218749852406], [28.78906250002933, 43.0546875001117], [28.789062500070486, 43.269531249991246], [28.359375000129262, 43.48437500018386], [26.85546874996686, 44.773437500031235], [18.261718749978115, 53.367187499977376], [16.32812499993838, 61.10156250002751]], {"I": 0.4186632824896604, "falloff": 0.9530802887564273, "spread": 0.4116921427384221}], [[[59.5117187499668, 46.921874999985306], [59.29687500012676, 46.92187499999608], [49.414062499950774, 50.35937499989629], [38.24218749994361, 55.94531249987466], [38.24218749996032, 56.16015624997982], [38.02734374981253, 56.1601562500193], [32.871093750075715, 60.67187500011329], [28.359374999837087, 67.54687499998118], [28.574218749975273, 72.48828125003402], [28.574218749863576, 72.70312499996021], [29.21874999998215, 73.99218749988765], [29.218750000064574, 74.20703124993634]], {"I": 0.3133891271072256, "falloff": 0.2294043384193342, "spread": 7.047561603974174e-05}], [[[48.33984375017292, 63.67968749999909], [44.47265625000955, 67.76171874997189], [46.621093750045645, 71.62890625003695], [46.835937500010346, 71.62890625000742], [47.910156249966576, 72.05859374997658], [57.3632812499128, 73.56249999996024], [57.792968750020805, 73.5625000000939], [70.89843749993008, 69.05078124990561], [71.11328124994941, 69.05078124998829], [82.71484374984504, 57.44921874993878], [82.92968750009663, 57.234374999914536], [83.7890624999514, 56.16015625003024], [87.2265624998904, 47.78124999995208], [87.22656250006258, 47.56640625010061], [88.51562499992451, 42.83984374994418]], {"I": 0.3, "falloff": 1.0, "spread": 0.0}], [[[48.98437500001569, 67.97656249994742], [52.63671875001944, 67.33203125005096], [61.660156250097714, 64.32421874993236], [62.08984374997891, 64.10937500005898], [68.10546875007128, 59.81250000010016], [68.9648437500104, 58.9531249999406], [71.75781250004616, 52.722656250118575], [71.97265624987676, 52.07812499996896], [71.97265624986079, 51.648437499816964], [72.18750000002439, 48.42578124996001]], {"I": 0.18749999999999997, "falloff": 1.0, "spread": 0.0}]]}