{"disk": {"I": 0.051526946881588445, "Re": 20.947033780354936, "c": 2.0, "mux": 47.19915835420805, "muy": 44.9274574177024, "n": 1.0, "q": 0.4395282463189511, "roll": 0.7137697435268221}, "bulge": {"I": 0.2112729324456412, "Re": 10.21494787776391, "c": 2.0, "mux": 47.44508504633185, "muy": 49.28816034949875, "n": 1.0612792855001727, "q": 0.6, "roll": 0.7466441021641345}, "bar": null, "spiral": []}