{"disk": {"I": 0.025822604646670144, "Re": 38.01021648796177, "c": 2.0, "mux": 75.61061587917416, "muy": 69.69917654525001, "n": 1.0, "q": 0.35850259560350495, "roll": 1.3203989392764333}, "bulge": {"I": 0.1939643345485504, "Re": 5.933606182024207, "c": 2.0, "mux": 69.2980501194157, "muy": 68.85718252449091, "n": 0.6842032711438767, "q": 0.8333333333333334, "roll": 3.0170219464040473}, "bar": null, "spiral": [[[[73.80935347605703, 68.304659604846], [77.38801215967544, 66.92778348508597], [74.63605493385364, 55.63726071162313], [62.800433701460406, 38.839130149033565]], {"I": 0.0, "falloff": 1.1626992413208121, "spread": 5.273642001681944}], [[[68.02854016813137, 69.130769663872], [62.24807052655456, 65.0000700209618], [64.72467775432403, 77.39210470169695], [79.03795532765378, 91.43645805301213]], {"I": 0.07971260676679259, "falloff": 0.7902393719058707, "spread": 68.86338294879077}]]}