{"disk": {"I": 0.17088587009458067, "Re": 9.968844953626432, "c": 2.0, "mux": 66.7339046240618, "muy": 67.49379917855163, "n": 1.0, "q": 0.46411870975948866, "roll": 0.2140930935665822}, "bulge": null, "bar": {"I": 0.0, "Re": 0.01, "c": 2.4607571445395684, "mux": 66.30266235449183, "muy": 66.54789887785306, "n": 0.626343609936717, "q": 0.6637850862588908, "roll": 0.003257756086544028}, "spiral": [[[[69.53860880478942, 59.98629332081373], [72.9958757894737, 53.58999829014654], [77.40747834316534, 52.39906761037729]], {"I": 0.08537527402600326, "falloff": 0.46346966294116954, "spread": 81.90002393832457}], [[[69.51485802574257, 67.31807971117094], [64.85196532113048, 76.8954933507247]], {"I": 0.006476326434542573, "falloff": 0.01, "spread": 143.41603924719703}]]}