{"disk": {"I": 0.02909704920743326, "Re": 25.2628883777832, "c": 2.0, "mux": 77.43259084259188, "muy": 77.5532847051428, "n": 1.0, "q": 0.5670491380942122, "roll": 2.290030472131725}, "bulge": {"I": 0.06683363822448396, "Re": 21.82235372469082, "c": 2.0, "mux": 78.26770539946722, "muy": 78.90272400547602, "n": 2.0260351325737345, "q": 0.5346795168108521, "roll": 2.32173158125604}, "bar": null, "spiral": []}