{"disk": {"I": 0.01011617417620998, "Re": 40.09176423116716, "c": 2.0, "mux": 87.41880860428387, "muy": 94.374081412128, "n": 1.0, "q": 0.6159469624376752, "roll": 0.13288426077841553}, "bulge": {"I": 0.04625689391961726, "Re": 24.694400396954848, "c": 2.0, "mux": 89.19999999418415, "muy": 89.19999999788541, "n": 1.9271914406952473, "q": 0.7802060158215632, "roll": 1.8572698587705248}, "bar": null, "spiral": []}