{"disk": {"I": 0.0010896636677098718, "Re": 100.53708830455932, "c": 2.0, "mux": 65.49381944320355, "muy": 97.74141962258746, "n": 1.0, "q": 0.2, "roll": 2.578838306270664}, "bulge": {"I": 0.05875592004722263, "Re": 35.673605395141756, "c": 2.0, "mux": 74.48957438002552, "muy": 61.2559245238975, "n": 3.2352468303565716, "q": 0.789124040774419, "roll": 0.8899084748206398}, "bar": {"I": 0.12677731354512745, "Re": 12.058729754414788, "c": 1.1530181802421524, "mux": 86.79999998662778, "muy": 87.40000000368329, "n": 2.3701076418538376, "q": 0.37219564986977827, "roll": 1.1405714816684374}, "spiral": []}