{"disk": {"I": 0.021556468219151855, "Re": 19.34932843106628, "c": 2.0, "mux": 68.95157492405866, "muy": 69.50561910977633, "n": 1.0, "q": 0.19127755224066503, "roll": 2.870394529789495}, "bulge": {"I": 0.013900527255592428, "Re": 27.767252007385196, "c": 2.0, "mux": 69.60000000078988, "muy": 70.19999999764309, "n": 4.316017726381463, "q": 0.6964676919641247, "roll": 3.126552010336379}, "bar": null, "spiral": [[[[71.8408727391573, 82.73020353297102], [75.06278432755568, 86.94269726646189], [81.3416028812652, 88.45689702860955], [84.70147159460339, 84.73987532766125], [88.44701363892466, 77.14068890706096]], {"I": 0.025721815325567707, "falloff": 0.2513922804056443, "spread": 8.77059510613658}], [[[67.46307275246141, 55.99570996969578], [66.44426192702161, 52.113570983485374], [60.358215957036066, 50.57183431906765], [54.76777364920201, 51.94859019291039], [50.88458210614124, 58.19866144816558]], {"I": 0.022594286372445656, "falloff": 0.3255056145818784, "spread": 7.714899804809153}]]}