{"disk": {"I": 0.09277594390845147, "Re": 17.163042563340753, "c": 2.0, "mux": 60.16810406022966, "muy": 59.75862808410673, "n": 1.0, "q": 0.4857435365729789, "roll": 0.9559732288011319}, "bulge": {"I": 1.4273222139761759, "Re": 1.0565587074368532e-06, "c": 2.0, "mux": 61.586072810298326, "muy": 58.34065933394845, "n": 5.0, "q": 0.8632926555623454, "roll": 0.982657754759392}, "bar": null, "spiral": []}