{"disk": {"I": 0.12276567424784433, "Re": 14.626770633905013, "c": 2.0, "mux": 60.17894386927796, "muy": 59.84062235846962, "n": 1.0, "q": 0.9282410093653286, "roll": 1.9101519566568401}, "bulge": {"I": 0.16086206283212656, "Re": 1.3233472485949236, "c": 2.0, "mux": 60.39514688576316, "muy": 59.78376701687918, "n": 5.0, "q": 0.9509926778604749, "roll": 0.6876471766101236}, "bar": null, "spiral": [[[[64.77753906241838, 53.83554687505699], [64.77753906247739, 53.59921875008138], [64.54121093739877, 53.36289062508331], [63.832226562638084, 52.89023437490118], [63.3595703125128, 52.65390624996479], [63.123242187463234, 52.181250000034765], [62.886914062474375, 52.18125000000566], [62.88691406247858, 51.944921875015666], [62.65058593745317, 51.94492187501453], [62.41425781263587, 51.70859374995598], [62.17792968737126, 51.47226562514095], [61.70527343759477, 51.47226562491636], [61.46894531236637, 51.23593750020859], [60.99628906258977, 50.99960937488055], [60.759960937480855, 50.999609375023056], [60.52363281254321, 50.76328124985662], [60.050976562437995, 50.52695312495507], [59.81464843742344, 50.526953125097634], [59.57832031256703, 50.29062500000566], [59.10566406250928, 50.2906250000093], [58.869335937529854, 50.05429687506046], [58.16035156246767, 49.81796875000981], [57.68769531265599, 49.58164062477681], [57.21503906252343, 49.581640624922386], [56.50605468754998, 49.34531250004869], [55.79707031249359, 48.872656249986505], [55.088085937580445, 48.63632812494728], [54.85175781254418, 48.39999999991056], [54.142773437520304, 48.399999999893], [53.197460937462665, 47.927343750084844], [52.488476562375695, 47.69101562520353], [51.07050781249825, 47.218359375043974], [50.12519531242924, 46.982031250049545], [49.888867187521214, 46.74570312492182], [49.652539062554695, 46.74570312492904], [48.70722656250359, 46.745703125026694], [47.99824218738394, 46.50937500022519], [47.28925781238945, 46.50937500009388], [46.58027343741628, 46.50937500003454], [46.343945312580104, 46.50937499986344], [45.871289062592155, 46.509374999943816], [45.398632812474375, 46.745703125022885], [44.45332031253224, 46.98203124997275], [44.21699218750746, 46.982031250013506], [42.79902343764559, 47.69101562474009], [41.85371093746278, 48.40000000003562]], {"I": 0.009991305439340093, "falloff": 0.01, "spread": 0.6038720728164251}], [[[54.85175781247062, 62.34335937502493], [54.851757812570156, 62.57968749989607], [54.85175781256481, 62.81601562487015], [54.85175781254725, 63.052343749999295], [55.0880859374592, 63.28867187504045], [55.088085937579194, 63.761328124825525], [55.32441406239707, 64.23398437514317], [55.324414062452206, 64.47031250008683], [55.56074218750797, 64.94296875000913], [55.56074218755708, 65.41562499998099], [55.5607421874779, 65.65195312505853], [55.7970703124513, 66.1246093750799], [56.03339843747335, 66.36093750001692], [56.26972656247119, 66.83359375006683], [56.26972656254202, 67.06992187490624], [56.50605468742435, 67.5425781250475], [56.74238281236745, 67.5425781250122], [56.74238281257533, 67.77890624995564], [56.978710937621884, 67.77890624989766], [57.21503906258408, 68.25156249999281], [57.451367187545884, 68.48789062502914], [57.6876953123666, 68.48789062508763], [57.9240234374447, 68.72421875013868], [58.39667968763206, 69.19687499979551], [58.869335937481424, 69.43320312496735], [59.105664062408096, 69.90585937514993], [59.34199218752207, 69.90585937494518], [59.34199218749518, 70.14218750000225], [59.814648437566916, 70.37851562504017], [60.05097656251502, 70.37851562506489], [60.287304687388655, 70.85117187500776], [61.23261718758886, 71.08749999982592], [61.70527343760716, 71.08749999981399], [61.94160156228054, 71.08750000018699], [63.12324218764434, 71.32382812493285], [63.35957031232391, 71.56015625016886]], {"I": 0.0, "falloff": 1.5069557373995421, "spread": 0.0}]]}