{"disk": {"I": 0.010652757974402047, "Re": 28.30617107016049, "c": 2.0, "mux": 103.28131339450448, "muy": 100.05299299964454, "n": 1.0, "q": 0.7691730612083237, "roll": 2.3923279968022033}, "bulge": {"I": 0.01126372084249877, "Re": 28.306135881242504, "c": 2.0, "mux": 101.39999997258984, "muy": 101.19999997604269, "n": 4.999999999997126, "q": 0.40000055012199776, "roll": 2.373480861607833}, "bar": null, "spiral": []}