{"disk": {"I": 0.07803113954588066, "Re": 22.364055663908985, "c": 2.0, "mux": 42.09078307084903, "muy": 47.13653021785046, "n": 1.0, "q": 0.2207491433421249, "roll": 1.9493180401154377}, "bulge": {"I": 0.0922773004900622, "Re": 13.987785462720849, "c": 2.0, "mux": 48.69228405658565, "muy": 47.35401236793559, "n": 1.661983042770991, "q": 0.6, "roll": 1.858433370299934}, "bar": null, "spiral": []}