{"disk": {"I": 0.16419197146479214, "Re": 10.148566877954316, "c": 2.0, "mux": 36.48848342256844, "muy": 36.72066647964307, "n": 1.0, "q": 0.801082702414249, "roll": 0.11826928175906201}, "bulge": {"I": 0.17811985580006606, "Re": 1.577716259403745, "c": 2.0, "mux": 36.60126405535211, "muy": 36.68680777960445, "n": 1.9613743231741612, "q": 0.8595967652996198, "roll": 2.258254292498659}, "bar": null, "spiral": []}