{"disk": {"I": 0.04971797469223263, "Re": 29.408398191539884, "c": 2.0, "mux": 87.48602936034237, "muy": 85.45579910660884, "n": 1.0, "q": 0.46924251674256523, "roll": 1.2136531072929784}, "bulge": {"I": 0.196430541751386, "Re": 4.624114145695926, "c": 2.0, "mux": 86.28771828188589, "muy": 86.26263813996803, "n": 1.4418025868573707, "q": 1.0, "roll": 2.9429558502243904}, "bar": null, "spiral": []}