{"disk": {"I": 0.08044824631821894, "Re": 15.915452969935892, "c": 2.0, "mux": 42.633708171254504, "muy": 42.027103931641264, "n": 1.0, "q": 0.624921850126443, "roll": 0.03428025942552804}, "bulge": {"I": 0.26031437204009344, "Re": 6.193320168561986, "c": 2.0, "mux": 42.34360599689888, "muy": 42.760774299120726, "n": 0.6006687647943171, "q": 0.4321735360086489, "roll": 1.254735670765141}, "bar": {"I": 0.10249669034643766, "Re": 11.496570177817391, "c": 1.5669974983663488, "mux": 43.651988795828686, "muy": 40.46790004843799, "n": 0.3, "q": 0.6425185564527329, "roll": 2.206654563251329}, "spiral": []}