{"disk": {"I": 0.021909253404684827, "Re": 24.72425441192244, "c": 2.0, "mux": 67.28203677181205, "muy": 66.00449212571802, "n": 1.0, "q": 0.8059873705412569, "roll": 2.824482700919008}, "bulge": {"I": 0.32094468645647806, "Re": 4.363235752929847, "c": 2.0, "mux": 65.77191013879504, "muy": 65.66386584949944, "n": 1.0371807178023742, "q": 0.7146595991361697, "roll": 3.0792078782326615}, "bar": null, "spiral": []}