{"disk": {"I": 0.04502133494268545, "Re": 38.301339845813374, "c": 2.0, "mux": 124.80831682308045, "muy": 125.01691372691883, "n": 1.0, "q": 0.738779003953079, "roll": 1.3813331352476026}, "bulge": {"I": 0.054270617191743455, "Re": 38.2338441203107, "c": 2.0, "mux": 126.98563050806462, "muy": 126.03690664169298, "n": 1.7350388168007986, "q": 0.5487378156994508, "roll": 1.54879065233711}, "bar": null, "spiral": []}