{"disk": {"I": 0.10568165387945427, "Re": 17.996979922985698, "c": 2.0, "mux": 77.66535506062864, "muy": 78.12782022591279, "n": 1.0, "q": 0.8333333333333334, "roll": 2.315303093759258}, "bulge": {"I": 0.38411819770635364, "Re": 2.9355809916149953, "c": 2.0, "mux": 78.58723257678452, "muy": 79.23851843090462, "n": 1.0071122190510347, "q": 0.5581993413952615, "roll": 2.3172168316353696}, "bar": null, "spiral": []}