{"disk": {"I": 0.11863859460658521, "Re": 23.22512931216043, "c": 2.0, "mux": 74.42456054682931, "muy": 74.8671875000586, "n": 1.0, "q": 0.6868914189893242, "roll": 3.050932766394173}, "bulge": {"I": 0.21978493519970158, "Re": 4.49457666050396, "c": 2.0, "mux": 75.00268554687622, "muy": 74.57812499999022, "n": 0.4753461194245901, "q": 0.5344779219808281, "roll": 1.6142472221419777}, "bar": null, "spiral": []}