{"spiral": [], "disk": {"mu": [64.67049407958984, 62.92999267578125], "roll": 0.2721457960849083, "rEff": 16.72245508972769, "axRatio": 0.6068887614196793, "i0": 0.26996229854373954, "c": 2, "n": 1}, "bulge": null, "bar": null}