{"disk": {"I": 0.17954150849146472, "Re": 23.17086779872969, "c": 2.0, "mux": 63.4403735810506, "muy": 63.975815957648706, "n": 1.0, "q": 0.39738535941343334, "roll": 0.5641493069003434}, "bulge": {"I": 0.0002021453641151734, "Re": 105.49429235151746, "c": 2.0, "mux": 63.455980279087775, "muy": 61.47882790143516, "n": 1.9429437069940145, "q": 0.01, "roll": 1.2662466222603095}, "bar": null, "spiral": []}