{"disk": {"I": 0.14045800449276483, "Re": 11.954994147500186, "c": 2.0, "mux": 38.752406124437734, "muy": 39.735635847973434, "n": 1.0, "q": 0.769303457918366, "roll": 2.944640485878265}, "bulge": {"I": 3.393194059814215, "Re": 1.9020099991441313, "c": 2.0, "mux": 39.60256372712297, "muy": 39.655534372406045, "n": 6.226591981896817, "q": 0.040672996531251907, "roll": 0.9487557246188679}, "bar": null, "spiral": []}