{"disk": {"I": 0.11163224616724526, "Re": 19.159918210696027, "c": 2.0, "mux": 62.49265188866836, "muy": 61.41650317198817, "n": 1.0, "q": 0.5929138007109949, "roll": 1.1788743855711652}, "bulge": {"I": 0.31690423776601884, "Re": 4.794952890941976, "c": 2.0, "mux": 62.28290432707973, "muy": 62.20510261151492, "n": 0.8840971106816251, "q": 0.3618025321782432, "roll": 1.578992524560501}, "bar": null, "spiral": []}