{"spiral": [], "disk": {"mu": [64.67049407958984, 62.92999267578125], "roll": 0.2721457960849083, "rEff": 16.726612606640526, "axRatio": 0.5633531879799829, "i0": 0.24017557354257316, "c": 2, "n": 1}, "bulge": null, "bar": null}