{"spiral": [], "disk": {"mu": [48.369140625, 47.1767578125], "roll": 2.0164510191412566, "rEff": 30.99272627619665, "axRatio": 0.8945985977844324, "i0": 0.21, "c": 2, "n": 1}, "bulge": {"mu": [48.931640625, 47.3642578125], "roll": 0.4899573262537283, "rEff": 4.2075000000000005, "axRatio": 0.9593655015712707, "i0": 0.5, "c": 2, "n": 0.98}, "bar": {"mu": [48.837890625, 47.2705078125], "roll": 0.45903934669068575, "rEff": 1.1724075198481998, "axRatio": 0.13011653522000094, "i0": 0.2, "c": 2.02, "n": 0.53}}