{"spiral": [], "disk": {"mu": [84.82159423828125, 85.1033935546875], "roll": 1.7664587861269483, "rEff": 49.900702315403464, "axRatio": 0.9405859126393167, "i0": 0.20859659712701217, "c": 2, "n": 1}, "bulge": {"mu": [86.15753173828125, 86.4393310546875], "roll": 2.0647376957144776, "rEff": 4.913063015674283, "axRatio": 0.7946374166553924, "i0": 0.30771069517895167, "c": 2, "n": 0.9577863837883435}, "bar": null}