{"disk": {"I": 0.16843306474445474, "Re": 10.04729001048567, "c": 2.0, "mux": 36.54233697440324, "muy": 36.71933948792591, "n": 1.0, "q": 0.8004062742305094, "roll": 0.13100783538916674}, "bulge": {"I": 0.4316775290490061, "Re": 1.6047391329844227, "c": 2.0, "mux": 36.318518631352234, "muy": 36.669303868183114, "n": 1.2385134853652404, "q": 0.3323131207658117, "roll": 2.1606144041558526}, "bar": null, "spiral": []}