{"spiral": [], "disk": {"mu": [92.6253662109375, 93.36328125], "roll": 0.010100666585322028, "rEff": 52.87127526076951, "axRatio": 0.6863157711058445, "i0": 0.1674913949151161, "c": 2, "n": 1}, "bulge": {"mu": [91.8988037109375, 93.0], "roll": 0.0, "rEff": 5.591303827090399, "axRatio": 0.65454034397399, "i0": 0.5242005800345657, "c": 2, "n": 0.5265990852997288}, "bar": null}