{"disk": {"I": 0.0865529615449307, "Re": 25.06763559953988, "c": 2.0, "mux": 83.04381426751176, "muy": 86.19474845048917, "n": 1.0, "q": 0.808432784992702, "roll": 2.9758475712469012}, "bulge": {"I": 0.3003129505061111, "Re": 3.8817691028089194, "c": 2.0, "mux": 86.1248854865037, "muy": 84.19820380753323, "n": 0.4912591225450328, "q": 0.7978632441799763, "roll": 0.2827580314902365}, "bar": null, "spiral": []}