{"disk": {"mux": 78.68932867342886, "muy": 80.28331284277027, "roll": -0.9478266729725332, "Re": 30.39535818608071, "q": 0.6305551088487126, "I": 0.01902181107940478, "n": 1.0, "c": 2.0}, "bulge": {"mux": 79.32210060539609, "muy": 79.65043972947535, "roll": -1.6704839207194064, "Re": 22.204680701336056, "q": 0.6406164749584757, "I": 0.025707647579201274, "n": 2.7579830476035285, "c": 2.0}, "bar": null, "spiral": []}