{"spiral": [], "disk": {"mu": [86.32049560546875, 87.52423095703125], "roll": 1.2585241615281169, "rEff": 25.435564559731908, "axRatio": 0.45266470370774053, "i0": 0.18120309256422795, "c": 2, "n": 1}, "bulge": {"mu": [86.94330614805222, 85.96690040826797], "roll": 1.0121970114513343, "rEff": 4.498730206890103, "axRatio": 0.5397295546362317, "i0": 0.6834658694886407, "c": 2, "n": 0.5467226816827973}, "bar": null}