{"disk": {"I": 0.09004060923517306, "Re": 23.51761335157707, "c": 2.0, "mux": 85.90779744165764, "muy": 85.188116228034, "n": 1.0, "q": 0.8656134862447863, "roll": 1.7664786670644923}, "bulge": {"I": 0.2680632630494355, "Re": 3.8210533341232167, "c": 2.0, "mux": 84.57194429041931, "muy": 83.85220668873887, "n": 0.49302925145260057, "q": 0.7564151247137745, "roll": 2.0647330511256237}, "bar": null, "spiral": []}