{"spiral": [[[[74.092578125, 66.84296875], [79.065234375, 57.421093750000004]], {"i0": 0.2052145759765847, "spread": 0.6193375571094216, "falloff": 1.0810843488550212}]], "disk": {"mu": [65.98802030086517, 65.73502337932587], "roll": 0.40855266882491437, "rEff": 22.740624691883454, "axRatio": 0.48736675572565596, "i0": 0.3132703689172879, "c": 2, "n": 1}, "bulge": {"mu": [59.96848905086517, 66.04908907413483], "roll": 0.25732371497108864, "rEff": 3.437372492278264, "axRatio": 0.44559537879466216, "i0": 0.496144302148422, "c": 2, "n": 0.86171544471501}, "bar": {"mu": [68.47434842586516, 66.44166719913483], "roll": 0.2267988480538859, "rEff": 4.1671904487244165, "axRatio": 0.6076400325735998, "i0": 0.0816709489092006, "c": 1.677334725885825, "n": 0.7246024496234255}}