{"spiral": [], "disk": {"mu": [63.8671875, 62.90234375], "roll": 2.7367008673047097, "rEff": 50.636365470597916, "axRatio": 0.8929245507693935, "i0": 0.21749835222336034, "c": 2, "n": 1}, "bulge": {"mu": [64.1171875, 62.65234375], "roll": 2.9543387338563107, "rEff": 7.095619051812971, "axRatio": 0.9668035183652631, "i0": 0.4190583025360852, "c": 2, "n": 0.5422071049661195}, "bar": null}