{"spiral": [[[[123.2880859375, 139.94062499999998], [122.2009765625, 139.94062499999998], [109.15566406250001, 138.45820312499998], [102.0400390625, 137.71699218749998], [102.0400390625, 137.3216796875], [98.333984375, 134.3568359375], [97.938671875, 133.615625], [97.1974609375, 130.9966796875], [94.973828125, 125.412890625], [94.2326171875, 122.7939453125], [93.83730468750001, 121.3115234375], [93.83730468750001, 120.5703125], [96.45625, 108.612109375], [96.45625, 108.26621093749999], [99.0751953125, 105.647265625], [106.14140625, 99.27285156250001], [115.4806640625, 93.68906249999999], [132.28144531249998, 93.34316406250001], [153.1341796875, 97.79042968750001], [165.0923828125, 105.647265625], [171.4173828125, 111.97226562499999], [171.4173828125, 113.10878906250001], [171.81269531249998, 113.45468749999999]], {"i0": 0.00175208954607981, "spread": 0.9972064203344809, "falloff": 1.0055330014101143}], [[[167.85957031249998, 120.5703125], [168.2548828125, 120.5703125], [171.61503906250002, 122.7939453125], [173.83867187500002, 124.2763671875], [174.57988281250002, 125.017578125], [175.32109375000002, 125.7587890625], [175.6669921875, 126.8953125], [176.4576171875, 129.86015625000002], [176.80351562500002, 132.08378906250002], [177.198828125, 132.8744140625], [177.198828125, 133.9615234375], [177.198828125, 135.8392578125], [177.198828125, 136.58046875], [177.198828125, 138.062890625], [177.198828125, 140.2865234375], [177.198828125, 140.68183593749998], [177.198828125, 141.818359375], [176.4576171875, 144.783203125], [174.57988281250002, 147.40214843750002], [172.7021484375, 149.23046875], [170.82441406249998, 151.503515625], [170.08320312499998, 152.2447265625], [167.85957031249998, 153.38125], [167.11835937499998, 153.38125], [163.41230468749998, 155.2095703125], [163.0169921875, 155.2095703125], [161.88046875, 156.34609375], [161.88046875, 156.6919921875], [161.5345703125, 156.6919921875], [157.03789062500002, 158.5697265625], [154.4189453125, 159.3109375], [152.1953125, 159.70624999999998], [151.84941406250002, 159.70624999999998], [151.4541015625, 159.70624999999998], [150.31757812499998, 160.44746093749998], [149.23046875, 160.793359375], [148.83515624999998, 160.793359375], [148.4892578125, 160.793359375], [148.09394531249998, 160.793359375], [147.748046875, 160.793359375], [146.957421875, 160.793359375], [145.12910156249998, 161.18867187499998], [144.38789062499998, 161.18867187499998], [142.11484375, 161.583984375], [141.7689453125, 161.583984375], [141.3736328125, 161.92988281249998]], {"i0": 0.020368793236485057, "spread": 0.999963039510901, "falloff": 1.0004491371909856}]], "disk": {"mu": [126.53458592295647, 126.67789846658707], "roll": 3.0514913668508394, "rEff": 69.4342538141469, "axRatio": 0.6350938498190938, "i0": 0.18352501078693342, "c": 2, "n": 1}, "bulge": {"mu": [127.81937718391418, 126.238106071949], "roll": 0.06662741613980744, "rEff": 3.9221471854697856, "axRatio": 0.21099916979266697, "i0": 0.4135317085256792, "c": 2, "n": 0.7635021477207045}, "bar": null}