{"spiral": [], "disk": {"mu": [91.11985605955124, 88.08991169929504], "roll": 2.576256134331791, "rEff": 66.3349120755419, "axRatio": 0.7040634597064265, "i0": 0.16484869099671925, "c": 2, "n": 1}, "bulge": {"mu": [82.72923105955124, 92.63483357429504], "roll": 2.884268938618705, "rEff": 0.4253228587346889, "axRatio": 0.19548574086418766, "i0": 0.3036009960895677, "c": 2, "n": 1.2907155878601548}, "bar": {"mu": [87.62376230955125, 87.21588025987147], "roll": 0.769356678482723, "rEff": 7.841068495827288, "axRatio": 0.3825772166822024, "i0": 0.24807128630135952, "c": 1.5214015197331914, "n": 0.3275677752511502}}