{"spiral": [], "disk": {"mu": [58.14348912239075, 57.99244976043701], "roll": 3.1040163664005624, "rEff": 48.53479345167442, "axRatio": 0.9305436338330539, "i0": 0.19453079191685105, "c": 2, "n": 1}, "bulge": {"mu": [58.14348912239075, 57.31276226043701], "roll": 0.08314123188844143, "rEff": 3.2725667210459783, "axRatio": 0.7163077710491901, "i0": 0.6508718979398048, "c": 2, "n": 0.700539418322531}, "bar": null}