{"spiral": [], "disk": {"mu": [58.332763671875, 57.9114990234375], "roll": 2.336062982061942, "rEff": 23.168618517382832, "axRatio": 0.690813812626378, "i0": 0.16435895217775198, "c": 2, "n": 1}, "bulge": {"mu": [59.012451171875, 57.6849365234375], "roll": 2.356194490192345, "rEff": 2.8398262182440037, "axRatio": 0.5588573225108305, "i0": 0.4348620523272326, "c": 2, "n": 0.7743375967388676}, "bar": {"mu": [58.446044921875, 58.5911865234375], "roll": 1.5707963267948966, "rEff": 2.028635185330831, "axRatio": 0.5214001842880741, "i0": 0.36117579456324655, "c": 2.0179381901431315, "n": 0.4219716034574637}}