{"spiral": [], "disk": {"mu": [74.6978759765625, 74.066162109375], "roll": 1.5146755440937199, "rEff": 42.85290074476653, "axRatio": 0.8510644360286, "i0": 0.1978098199316871, "c": 2, "n": 1}, "bulge": {"mu": [75.8697509765625, 74.652099609375], "roll": 0.7378150601204645, "rEff": 5.260560390479756, "axRatio": 0.4753747076763321, "i0": 0.3889263223411605, "c": 2, "n": 0.5599854531938244}, "bar": null}