{"disk": {"I": 0.05514067025316535, "Re": 36.2141494591337, "c": 2.0, "mux": 126.90286794423326, "muy": 130.05376115998175, "n": 1.0, "q": 0.7051437227978058, "roll": 2.7803848882679207}, "bulge": {"I": 15.059751037068297, "Re": 0.0, "c": 2.0, "mux": 129.90335146771122, "muy": 126.82621022119406, "n": 0.78, "q": 0.5163641792247711, "roll": 2.6013185573484594}, "bar": {"I": 3.4655136460620684, "Re": 6.556418379113791, "c": 2.882283314102671, "mux": 128.25086293155135, "muy": 128.20810548309078, "n": 1.1712720361683937, "q": 0.01948084330309246, "roll": 2.9009028199221296}, "spiral": [[[[130.37639991601452, 126.75613042587179], [130.37638700468904, 126.5041952651078], [130.1244493998313, 126.20192606811383], [130.1244235772158, 125.6980557473463], [130.1244106660763, 125.44612058736209], [129.87247306141103, 125.1438513899875], [129.8724601502056, 124.89191623026761], [129.8724317455194, 124.33765887931929], [129.570125211902, 124.337722471919], [129.57011230083936, 124.0857873124944], [129.5700993897491, 123.83385215329719], [129.57008389641942, 123.53152996255278], [129.5700709857423, 123.27959480345118], [129.57005807440032, 123.02765964492596], [129.5700425812679, 122.72533745474993], [129.57002967024744, 122.47340229662166], [129.57001675914296, 122.22146713879471], [129.57000126597097, 121.91914494942387], [129.56998835506556, 121.66720979176284], [129.56997544411206, 121.41527463437887], [129.56996253298166, 121.16333947744238], [129.56994703993178, 120.86101728897859], [129.56993412863744, 120.60908213247842], [129.5699057245231, 120.05482478851889], [129.56989281352708, 119.80288963235273], [129.569879902578, 119.55095447655799], [129.56986440912237, 119.24863228999368], [129.569851498165, 118.99669713462981], [129.56982309394925, 118.44243979345305], [129.8721167138276, 118.1904410523997], [129.8721038026407, 117.93850589821267], [130.1240259108963, 117.93845290990748], [130.12401041751946, 117.63613072540966], [130.37590670276074, 117.1322074306126], [130.37589120918335, 116.82988524718701], [130.6781848258148, 116.57788651014096], [131.18201612669145, 116.32584538413357], [131.4339098261578, 115.77153506464595], [131.73621635191557, 115.7714714809087], [132.24006055971552, 115.77136550825219], [132.5423541716982, 115.51936677450749], [132.54232576478887, 114.96510944546668], [132.79424786711218, 114.96505645989123], [133.0461570567744, 114.71306832530189], [133.34846357834897, 114.71300474286875], [133.6003727667062, 114.4610166093837], [133.852294867066, 114.46096362419132], [134.15460138691117, 114.46090004196162], [134.40652348610286, 114.46084705693988], [134.65844558515414, 114.46079407161324], [134.9607521034485, 114.46073048928338], [135.212674201318, 114.46067750406098], [135.71651839593142, 114.46057153381048], [136.01882491183403, 114.46050795152803], [136.27074700785136, 114.46045496641875], [136.52266910350875, 114.46040198125695], [136.8249756177711, 114.46033839905311], [136.82498853169852, 114.71227354432506], [136.82501694242455, 115.26653086453871], [137.32886113216853, 115.26642489259473], [137.6311805590193, 115.51829645496446], [137.8831155670515, 115.77017861408802], [138.1350376605211, 115.77012562759353], [138.43734417185124, 115.77006204398094], [138.68926626414486, 115.77000905770706], [138.9412038539084, 116.07227824472164], [139.24352327866973, 116.32414980525687], [139.24353619347335, 116.576084949853], [139.49547119994668, 116.82796710738887], [139.74739329062447, 116.82791412019196], [140.04972821250624, 117.38210785331864], [140.55357239239868, 117.38200187769257], [140.8055073973054, 117.63388403395334], [141.10781390371756, 117.63382044846963], [141.61167357899967, 117.93603664491695], [141.913980084076, 117.93597305889466], [142.16590217103408, 117.93592007068492], [142.7201436775074, 118.18773863930716], [142.7201565938086, 118.43967378238096], [142.97207867954785, 118.4396207937346], [143.22401626463773, 118.74188997656836], [143.52633568351177, 118.99376153242906], [143.52634860019919, 119.24569667538924], [143.77827068490342, 119.24564368591814], [144.3325276870478, 119.79978442291781], [144.58444977034833, 119.79973143325196], [144.5844626874367, 120.05166657578934], [144.58447818797583, 120.3539887473072], [144.58449110517347, 120.60592389048782], [144.83641318871037, 120.60587089970812], [145.08834818868831, 120.85775305211831], [145.08836368948187, 121.16007522404448], [145.39067018863057, 121.16001163469718], [145.39068310610867, 121.41194677768732], [145.39069602362724, 121.66388192093689], [145.39072444163162, 122.21813923709533], [145.6426465245023, 122.21808624492513], [145.89456860632254, 122.21803325306257], [146.44882302146368, 122.72178695660608], [146.4488385225577, 123.02410912890338], [146.70077352169824, 123.27599127952391], [147.0031084381469, 123.83018500361015], [147.0031213562885, 124.08212014734625], [147.0031342742127, 124.33405529152901], [147.2550563548607, 124.33400229750328], [147.50697843487433, 124.33394930370775], [147.5070068551247, 124.88820662027956], [147.80932626952563, 125.14007817070353], [148.31319884887478, 125.6942294979765], [148.3132246860265, 126.1980997864938], [148.61555960178487, 126.75229350972603], [148.86748168067902, 126.75224051348476], [149.11943218067154, 127.30644483500367], [149.1194450994708, 127.55837997980905], [149.11945801823003, 127.81031512489358], [149.6737020928922, 128.11252070509863], [149.67372793108484, 128.6163909950427], [149.67374343394295, 128.91871316964142], [149.6737563531484, 129.1706483151579], [149.6737847751183, 129.72490563611717], [149.67379769443505, 129.97684078226365], [149.67382611642802, 130.5310981046784], [149.9257611141236, 130.78298025190657], [149.9257740331932, 131.0349153987595], [149.92580245566046, 131.58917272238466], [149.9258437969845, 132.39536519526837], [149.92585671634833, 132.64730034335747], [150.17779171435734, 132.89918249027693], [150.1778201370562, 133.45343981661603], [150.17784855948355, 134.00769714433142], [150.17786147888899, 134.2596322935335], [150.17787439808694, 134.51156744300852], [150.17790282056217, 135.06582477245445], [150.17792865927095, 135.5696950727521], [150.1779441625058, 135.87201725333784], [150.17795708174515, 136.1239524040434], [149.9260634239473, 136.67826274137155], [149.9260892624751, 137.18213304461148], [149.67418268417555, 137.48450823275164], [149.42227352185853, 137.7364963908039], [149.42231486244532, 138.5426888810756], [149.12002128230938, 138.7946876425957], [149.12004970396595, 139.34894498168705], [148.8681405394484, 139.6009331435613], [148.61621845538411, 139.60098615117187], [148.61624687664937, 140.1552434925814], [148.61625979521216, 140.4071786482686], [148.61628821634156, 140.96143599126572], [148.61631405392563, 141.46530630372223], [148.31400755160962, 141.4653699146524], [148.31403597252142, 142.01962726008406], [148.3140773120126, 142.8258197643953], [148.31410573290668, 143.3800771121571], [148.31411865135237, 143.63201227070545], [148.06222498557884, 144.18632263137124], [148.06225082246442, 144.69019295021474], [147.5080635679792, 145.49650209000265], [147.50810490630784, 146.3026946053664], [147.25621123735812, 146.85700497479195], [147.00431498377463, 147.3609283135853], [146.70203689468508, 147.91524929000332], [146.4501561407924, 148.7214948293024], [145.89594045565946, 148.97354662840547], [145.6440596986564, 149.77979217391078], [145.6440726160406, 150.03172733978306], [145.3921918578219, 150.83797288972295], [145.3922331934815, 151.64416542500896], [144.8380330019162, 152.19853943516034], [144.83807433705726, 153.00473197543897], [144.33424306062966, 153.2567731837308], [144.03197787752708, 154.06302935268923], [143.52817501350842, 154.86932794199595], [143.22589691066037, 155.4236489461955], [143.22590982716042, 155.6755841189124], [142.41980043628962, 156.48194634435123], [141.91596914741262, 156.73398756393806], [141.36175601903778, 157.03642642423426], [141.10984683026265, 157.28841462311038], [140.55563111468928, 