{"disk": {"I": 0.061268470646631594, "Re": 24.839931276470196, "c": 2.0, "mux": 89.05194102815511, "muy": 89.41334488589283, "n": 1.0, "q": 0.9335765462922935, "roll": 2.211155306092243}, "bulge": {"I": 0.48379658650526386, "Re": 3.318664954557771, "c": 2.0, "mux": 89.16405868806936, "muy": 89.3328558185366, "n": 2.0548381825380195, "q": 0.3006543279989818, "roll": 1.6872205014159893}, "bar": null, "spiral": []}