{"disk": {"mux": 67.02319335935766, "muy": 66.77343749990573, "roll": -0.24183895602426686, "Re": 16.25577394270148, "q": 0.9675319030372451, "I": 0.08635141319169115, "n": 1.0, "c": 2.0}, "bulge": {"mux": 66.24975585937474, "muy": 66.25781249992409, "roll": -0.23109066710442208, "Re": 19.467443905794045, "q": 0.2865659356573682, "I": 0.007241355041042635, "n": 9.99380653846127, "c": 2.0}, "bar": null, "spiral": []}