{"spiral": [], "disk": {"mu": [81.7811279296875, 79.734375], "roll": 0.9606645394005293, "rEff": 35.78084661446937, "axRatio": 0.7368836215019045, "i0": 0.12981992930714928, "c": 2, "n": 1}, "bulge": {"mu": [81.68709826469421, 81.00836205482483], "roll": 2.677944606970994, "rEff": 4.677288573685024, "axRatio": 0.866773229036085, "i0": 0.4743848331373319, "c": 2, "n": 0.484407182118656}, "bar": null}