{"disk": {"I": 0.17737606030580894, "Re": 12.888948467307737, "c": 2.0, "mux": 41.14704624756905, "muy": 42.32002960462671, "n": 1.0, "q": 0.7134827728939674, "roll": 1.7338842423969436}, "bulge": {"I": 0.1273221240152152, "Re": 7.993349550594148, "c": 2.0, "mux": 49.6743036359746, "muy": 45.40098807281528, "n": 0.250401348696841, "q": 0.45073156368510425, "roll": 0.8472996302146051}, "bar": null, "spiral": []}