{"disk": {"I": 0.10306984204685149, "Re": 13.05129002691164, "c": 2.0, "mux": 48.01050627112023, "muy": 47.05761690072482, "n": 1.0, "q": 0.7914355765609717, "roll": 1.7469576545052083}, "bulge": {"I": 0.2396001478057315, "Re": 3.7483957799545005, "c": 2.0, "mux": 47.61251737963545, "muy": 47.433229640511314, "n": 2.7584502319933812, "q": 0.2651359461594306, "roll": 0.4475481806419788}, "bar": {"I": 0.10729538890833226, "Re": 0.09604255560355612, "c": 2.018389550765012, "mux": 48.95504544736464, "muy": 45.55565120146282, "n": 0.5138936632395197, "q": 0.01, "roll": 0.4718044980254714}, "spiral": []}