{"spiral": [], "disk": {"mu": [63.02070617675781, 62.55626678466797], "roll": 1.1108985328152268, "rEff": 30.118889916632156, "axRatio": 0.5604204173656311, "i0": 0.2058922088123057, "c": 2, "n": 1}, "bulge": {"mu": [62.62397766113281, 61.982154846191406], "roll": 1.505753226270704, "rEff": 4.530638139479526, "axRatio": 0.32285433599618185, "i0": 0.5260188837361351, "c": 2, "n": 0.6648338182930261}, "bar": null}