{"disk": {"I": 0.10903836556421848, "Re": 20.58677956614698, "c": 2.0, "mux": 69.31641680135925, "muy": 68.71284393818178, "n": 1.0, "q": 0.47889381588118446, "roll": 2.850741226035345}, "bulge": {"I": 0.16952442550719668, "Re": 5.032345874713096, "c": 2.0, "mux": 68.04623232803885, "muy": 69.07273921743688, "n": 0.9923016695535299, "q": 0.7576114954502171, "roll": 0.10640264479593142}, "bar": null, "spiral": [[[[70.10120009911202, 55.80248924932626], [70.10119994135471, 56.07202183176883], [70.10120104535542, 54.18529375505104], [69.83167428728291, 52.02914327067098], [69.83167476058179, 51.220545524863816], [69.8316755494136, 49.8728826156327], [69.83167633818618, 48.525219708043714], [69.56214894905315, 47.447199550147786], [69.29262187526024, 45.830114228159175], [68.75356662208651, 44.482671650799695], [68.21451168326462, 42.59616390604341], [68.21451215706566, 41.7875661606337], [67.9449844503149, 41.24861115870829], [67.67545690099848, 40.44012357420357], [67.4059291933055, 39.901168570891286], [66.86687361903853, 39.09279114367026], [66.59734606823577, 38.28430355524997], [66.59734638438056, 37.74523839026125], [66.05829064945135, 37.206393540825104], [65.24970720158899, 36.12859367998383], [64.71065146221542, 35.58974882563342], [63.902067691192315, 35.05101412514907], [63.90206784945701, 34.78148154049455], [63.63253997784841, 34.51205911136715], [62.82395620106399, 33.9733244063074], [62.284900294704244, 33.70401212985596], [61.47631635231994, 33.43481000656562], [61.206788317875976, 33.434920161012535], [60.66773240573559, 33.16560788183436], [60.12867633276937, 33.165828189901], [59.85914829542526, 33.16593834398448], [58.241980061969116, 33.16659926742637], [57.70292397996161, 33.16681957560651], [57.43339593825317, 33.1669297294867], [57.43339609699831, 32.897397139226285], [57.16386805489094, 32.897507292787964], [56.085755880720626, 32.89794790772208], [54.73811565175038, 32.89849867639771], [52.3123628886558, 33.43855524973837], [50.69519424961641, 33.97828136901835], [48.26944109631722, 35.05740315848933], [47.46085659588016, 35.596798826030025], [46.38274386740261, 36.405837255119124], [45.03510274442351, 37.754051054299346], [43.956989836088496, 38.832622103564454], [42.878877078838855, 39.64166055668614], [41.800763831901236, 41.259296835931245], [40.99217897077813, 42.337757750807796], [40.45312217973037, 43.416108509091956], [40.183593783332185, 43.95528389006983], [39.914064744204666, 45.57258970853604], [39.64453602543426, 46.65083031248895], [39.64453586488844, 46.92036292225506]], {"I": 0.042765434438134374, "falloff": 7.643300542850112, "spread": 1.1593683359293085}], [[[66.86685196847475, 76.0187554139697], [66.86685181042219, 76.28828800343412], [66.86685117832326, 77.36641836126589], [66.86685070434373, 78.17501613033954], [66.86685038823066, 78.7140813098002], [67.13637810024954, 79.25303629202139], [67.67543352322411, 80.33094625386279], [67.67543336529434, 80.60047884315833], [67.94496091822361, 81.40896641222236], [68.2144881551161, 82.7565191582493], [68.48401586510988, 83.29547413566549], [68.48401554925783, 83.834539314138], [69.02307081084984, 85.18198185455401], [69.0230704950718, 85.72104703267307], [69.29259820428558, 86.26000200661042], [69.83165346325234, 87.60744454098489], [69.8316529899397, 88.4160423072394], [70.10118038237113, 89.49406245557162], [70.37070745926121, 91.1111477802024], [70.64023516636985, 91.65010274858118], [70.90976255788746, 92.72812289327456], [71.17928979142482, 94.0756756254562], [71.71834551851771, 94.61452037842923], [72.52692894796428, 95.69232009200958], [73.0659845130956, 96.5006974271423], [73.33551221637492, 97.03965238726649], [73.87456809354342, 97.30896454495489], [74.68315182709102, 97.84769907260363], [75.76126341266297, 98.65585596691928], [76.30031928131484, 98.92516811949682], [77.10890300195808, 99.46390263874112], [77.64795886538718, 99.73321478866883], [77.91748671808784, 100.00263715493593], [78.72607058699771, 100.2718390856419], [78.99559843792281, 100.5412614505819], [79.2651264449878, 100.54115123270356], [79.53465413789729, 101.08010617892356], [80.07371014973853, 101.07988574225271], [80.07370999291663, 101.34941832373545], [80.34323799800677, 101.34930810527061], [80.61276600288022, 101.34919788665813], [80.88229400693183, 101.34908766817388], [81.15182201056768, 101.348977449551], [81.4213500137613, 101.34886723104637], [81.69087801645742, 101.34875701240585]], {"I": 0.005723417797205462, "falloff": 0.01, "spread": 10.006812739898775}]]}