{"disk": {"I": 0.07898889950243411, "Re": 28.38031996819635, "c": 2.0, "mux": 112.90553636982648, "muy": 111.55172973091112, "n": 1.0, "q": 0.9773942470171316, "roll": 0.08524702095846637}, "bulge": {"I": 0.24206688980367963, "Re": 5.073434688959261, "c": 2.0, "mux": 112.60406372429173, "muy": 111.68025124048017, "n": 0.9480507049336347, "q": 0.6819250561871256, "roll": 0.10884500842509892}, "bar": null, "spiral": []}