{"spiral": [[[[62.1328125, 67.44375000000001], [62.1328125, 67.18593750000001], [62.1328125, 66.92812500000001], [62.1328125, 66.67031250000001], [62.1328125, 66.41250000000001], [62.1328125, 65.38125], [61.875, 63.834375], [61.875, 63.31875], [61.875, 63.0609375], [61.6171875, 62.0296875], [61.359375, 60.4828125], [60.84375, 59.4515625], [60.328125, 57.9046875], [60.328125, 57.13125], [60.5859375, 56.3578125], [61.875, 55.3265625], [62.390625, 55.06875], [62.6484375, 55.06875], [62.90625, 55.06875], [64.453125, 55.06875], [66.2578125, 55.06875], [68.0625, 55.584375], [69.09375, 55.8421875], [69.8671875, 56.1], [70.3828125, 56.615625], [71.15625, 57.13125], [71.4140625, 57.9046875], [72.1875, 59.709375], [72.4453125, 60.4828125], [73.21875, 64.0921875], [73.734375, 65.896875], [73.734375, 67.44375000000001], [73.734375, 70.27968750000001], [73.734375, 71.56875000000001], [73.4765625, 72.60000000000001], [72.703125, 73.63125000000001], [72.1875, 74.40468750000001], [71.4140625, 74.92031250000001], [71.15625, 75.17812500000001], [70.640625, 75.43593750000001], [70.125, 75.95156250000001], [69.3515625, 76.46718750000001], [68.578125, 76.46718750000001], [67.8046875, 76.72500000000001], [67.03125, 76.72500000000001], [65.7421875, 76.72500000000001], [63.1640625, 76.72500000000001], [62.390625, 76.46718750000001], [61.6171875, 76.20937500000001], [60.5859375, 75.43593750000001], [60.0703125, 74.92031250000001], [59.8125, 74.40468750000001], [59.0390625, 73.63125000000001], [58.0078125, 72.85781250000001], [56.9765625, 71.56875000000001], [56.203125, 70.02187500000001], [55.4296875, 69.24843750000001], [54.65625, 67.70156250000001], [53.8828125, 66.92812500000001], [53.625, 65.896875], [53.109375, 64.865625], [52.8515625, 64.0921875], [52.8515625, 63.0609375], [52.59375, 61.5140625], [52.59375, 60.740625], [52.59375, 59.709375], [52.59375, 58.4203125], [52.8515625, 57.9046875], [53.109375, 57.646875], [53.109375, 57.13125], [53.109375, 56.8734375]], {"i0": 0.0, "spread": 1.4399999999631456, "falloff": 0.9199999999631298}]], "disk": {"mu": [66.507568359375, 65.3836669921875], "roll": 2.1995926132103296, "rEff": 38.209031560161264, "axRatio": 0.8092845857753905, "i0": 0.17239860731908396, "c": 2, "n": 1}, "bulge": {"mu": [66.249755859375, 65.6414794921875], "roll": 2.714965160462917, "rEff": 2.845545233929383, "axRatio": 0.7828154744216811, "i0": 0.6792041582504554, "c": 2, "n": 0.7253223440301547}, "bar": null}