{"spiral": [], "disk": {"mu": [86.86625510454178, 87.75279074907303], "roll": 1.2058832629349303, "rEff": 18.02240972706781, "axRatio": 0.3442232562701595, "i0": 0.172031949815781, "c": 2, "n": 1}, "bulge": {"mu": [87.22307235002518, 87.68009841442108], "roll": 2.3770255915283087, "rEff": 4.313617448413203, "axRatio": 0.9700692132639869, "i0": 0.8845309488613796, "c": 2, "n": 0.8874644780677412}, "bar": null}