{"spiral": [], "disk": {"mu": [88.66204833984375, 88.845703125], "roll": 0.31938649260687907, "rEff": 44.85626575844842, "axRatio": 0.5453099908238699, "i0": 0.18182513677530746, "c": 2, "n": 1}, "bulge": {"mu": [88.98055350780487, 88.7636239528656], "roll": 0.4756963950570783, "rEff": 4.749666027974588, "axRatio": 0.6994016116766675, "i0": 0.5078869492595625, "c": 2, "n": 0.7290390418455863}, "bar": null}