{"disk": {"mux": 79.1331336084105, "muy": 79.00850011388167, "roll": 0.3963161488132585, "Re": 23.18571987146715, "q": 1.1040959264842984, "I": 0.09739503079036761, "n": 1.0, "c": 2.0}, "bulge": {"mux": 80.00228602188346, "muy": 79.7639101662453, "roll": -2.344659488592577, "Re": 9.475152286037849, "q": 0.07273936553346061, "I": 0.10268445827912746, "n": 5.649351752473294, "c": 2.0}, "bar": null, "spiral": []}