{"disk": {"I": 0.1289537169334254, "Re": 17.779558310151447, "c": 2.0, "mux": 62.42462559744399, "muy": 61.67987775141893, "n": 1.0, "q": 0.6043559756718696, "roll": 1.1800045348298118}, "bulge": {"I": 10.510060368722344, "Re": 4.147352306682122, "c": 2.0, "mux": 63.076994069605234, "muy": 61.717140313920424, "n": 0.6943152241223509, "q": 0.01, "roll": 1.457371159788633}, "bar": null, "spiral": []}