{"spiral": [], "disk": {"mu": [116.64576721191406, 115.9791488647461], "roll": 1.6362583432297304, "rEff": 76.08836123617111, "axRatio": 0.8029638558564881, "i0": 0.13822062950462308, "c": 2, "n": 1}, "bulge": {"mu": [115.86715698242188, 116.21024322509766], "roll": 2.430796168295047, "rEff": 4.470862177774102, "axRatio": 0.5442542032791016, "i0": 0.39171720328845394, "c": 2, "n": 3.5759749243663728}, "bar": null}