{"disk": {"mux": 89.3023041804056, "muy": 88.93002121584709, "roll": 0.8228631649306729, "Re": 22.435452055266307, "q": 1.077886415652956, "I": 0.06492429294178835, "n": 1.0, "c": 2.0}, "bulge": {"mux": 89.65378543602219, "muy": 88.57850252766605, "roll": 1.5082695946822755, "Re": 3.091374103075001, "q": 0.029883487304976884, "I": 2.9898580914763855, "n": 3.828083885235129, "c": 2.0}, "bar": null, "spiral": []}