{"disk": {"I": 0.04015032693848388, "Re": 36.74009876230105, "c": 2.0, "mux": 85.65132049352826, "muy": 86.06531148383314, "n": 1.0, "q": 0.521724766871153, "roll": 1.2138999461612021}, "bulge": {"I": 14.063721308074177, "Re": 2.9646538703435117, "c": 2.0, "mux": 87.4078239371729, "muy": 87.25656776325008, "n": 4.638374956665033, "q": 0.011960088875706433, "roll": 1.1799906115469208}, "bar": {"I": 0.26767270811583893, "Re": 0.6382884268176652, "c": 1.4399326995842485, "mux": 87.45789751464326, "muy": 86.5004539376165, "n": 0.207937508717782, "q": 0.3229678708497513, "roll": 1.0333902527711212}, "spiral": []}