{"spiral": [[[[52.322265625, 42.76484375], [52.322265625, 42.2609375], [52.490234375, 41.08515625], [52.826171875, 40.2453125], [52.994140625, 39.74140625], [53.162109375, 39.2375], [53.330078125, 38.565625], [53.330078125, 37.89375], [53.498046875, 37.05390625], [53.498046875, 36.38203125], [53.498046875, 35.37421875], [53.498046875, 34.8703125], [53.498046875, 34.36640625], [53.498046875, 33.8625], [53.498046875, 33.02265625], [53.330078125, 32.1828125], [53.330078125, 31.5109375], [53.162109375, 31.175], [52.994140625, 30.33515625], [52.994140625, 29.83125], [52.826171875, 29.159375], [52.826171875, 28.1515625], [52.658203125, 27.31171875], [52.490234375, 26.63984375], [52.322265625, 25.63203125], [52.154296875, 24.28828125], [51.818359375, 22.94453125], [51.650390625, 21.60078125], [51.482421875, 20.92890625], [51.146484375, 20.25703125], [50.978515625, 19.4171875], [50.642578125, 18.57734375], [50.306640625, 18.0734375], [50.138671875, 17.56953125], [49.970703125, 17.065625], [49.634765625, 16.7296875], [49.466796875, 16.22578125], [49.130859375, 15.889843749999999], [48.794921875, 15.721874999999999], [48.626953125, 15.553906249999999], [48.626953125, 15.385937499999999]], {"i0": 0.44575231420225325, "spread": 0.9979104949875623, "falloff": 1.0482775042309613}], [[[35.861328125, 39.2375], [35.861328125, 39.5734375], [35.861328125, 39.909375], [35.693359375, 40.58125], [35.525390625, 40.74921875], [35.525390625, 40.9171875], [35.525390625, 41.08515625], [35.525390625, 41.253125], [35.357421875, 41.5890625], [35.189453125, 41.75703125], [35.189453125, 42.09296875], [35.189453125, 42.42890625], [35.021484375, 42.76484375], [34.853515625, 43.100781250000004], [34.853515625, 43.436718750000004], [34.853515625, 43.772656250000004], [34.853515625, 43.940625000000004], [34.685546875, 44.108593750000004], [34.685546875, 44.276562500000004], [34.685546875, 44.612500000000004], [34.517578125, 44.780468750000004], [34.517578125, 44.948437500000004], [34.517578125, 45.284375000000004], [34.517578125, 45.452343750000004], [34.517578125, 45.620312500000004], [34.517578125, 46.124218750000004], [34.349609375, 46.460156250000004], [34.349609375, 46.796093750000004], [34.349609375, 47.132031250000004], [34.349609375, 47.467968750000004], [34.349609375, 47.803906250000004], [34.349609375, 48.307812500000004], [34.349609375, 48.643750000000004], [34.349609375, 48.979687500000004], [34.349609375, 49.315625000000004], [34.349609375, 49.651562500000004], [34.349609375, 50.155468750000004], [34.349609375, 50.659375000000004], [34.349609375, 51.163281250000004], [34.349609375, 51.331250000000004], [34.349609375, 51.835156250000004], [34.349609375, 52.171093750000004], [34.349609375, 52.675000000000004], [34.349609375, 53.178906250000004], [34.349609375, 53.514843750000004], [34.349609375, 53.850781250000004], [34.349609375, 54.354687500000004], [34.349609375, 54.522656250000004], [34.349609375, 54.858593750000004], [34.349609375, 55.194531250000004], [34.349609375, 55.698437500000004], [34.517578125, 56.202343750000004], [34.685546875, 57.210156250000004], [34.853515625, 58.050000000000004], [34.853515625, 58.553906250000004], [35.021484375, 59.057812500000004], [35.021484375, 59.393750000000004], [35.189453125, 59.561718750000004], [35.189453125, 59.897656250000004], [35.357421875, 60.233593750000004], [35.357421875, 60.401562500000004], [35.525390625, 60.737500000000004], [35.525390625, 61.241406250000004], [35.693359375, 61.577343750000004], [35.693359375, 62.081250000000004], [35.693359375, 62.417187500000004], [35.861328125, 62.753125000000004], [35.861328125, 62.921093750000004], [35.861328125, 63.257031250000004], [36.029296875, 63.760937500000004], [36.029296875, 64.096875], [36.197265625, 64.4328125], [36.197265625, 64.76875], [36.365234375, 65.27265625], [36.533203125, 65.440625], [36.533203125, 65.60859375], [36.533203125, 65.7765625], [36.701171875, 65.94453125], [36.701171875, 66.1125], [36.701171875, 66.28046875], [36.869140625, 66.4484375], [36.869140625, 66.61640625], [37.037109375, 66.784375], [37.205078125, 67.1203125], [37.205078125, 67.28828125], [37.373046875, 67.45625], [37.373046875, 67.62421875], [37.541015625, 67.62421875]], {"i0": 0.11639123243269432, "spread": 0.5122722840277829, "falloff": 0.5402952652544911}]], "disk": {"mu": [42.4068603515625, 43.10235595703125], "roll": 1.452828106719853, "rEff": 23.16574796512475, "axRatio": 0.7808112021135083, "i0": 0.30928955201097347, "c": 2, "n": 1}, "bulge": {"mu": [43.9185791015625, 41.75860595703125], "roll": 2.8809902618424523, "rEff": 5.162218956161551, "axRatio": 0.9926472590338339, "i0": 0.031852226149205395, "c": 2, "n": 0.9667226390352599}, "bar": {"mu": [44.3385009765625, 42.34649658203125], "roll": 2.4927028363714747, "rEff": 7.640594182954616, "axRatio": 0.3026592725562925, "i0": 0.18364516022037725, "c": 2.122817244597061, "n": 0.659682457761508}}