{"disk": {"I": 0.09552845445154413, "Re": 13.365648638929178, "c": 2.0, "mux": 49.760151376537564, "muy": 49.39934519250809, "n": 1.0, "q": 0.4666025441820577, "roll": 2.6618591395485236}, "bulge": {"I": 0.5642883026051406, "Re": 2.291659529604818, "c": 2.0, "mux": 50.40077466147951, "muy": 50.031937793480566, "n": 1.7112081335627765, "q": 0.34854921341624256, "roll": 2.845015641397495}, "bar": null, "spiral": [[[[53.78906249980355, 56.976562500031605], [53.78906250001842, 57.77343750011653], [54.18749999983095, 60.5624999999863], [54.58593749978684, 62.1562500001927], [54.785156249993406, 62.75390624995259], [55.18359374997476, 63.351562499927184], [55.582031249975444, 63.94921875000563], [56.17968750008379, 64.74609375008492], [57.77343750003297, 65.94140624999409], [58.37109374983402, 66.33984374998226], [59.167968750030354, 67.33593750000301], [59.76562500008424, 67.93359374989149], [60.36328125015336, 68.33203124992076], [60.761718750015916, 68.33203125001438], [61.359375000160185, 68.53125000004161], [62.75390624998488, 69.12890624993281], [63.94921875003547, 69.52734375008987], [64.9453125000033, 69.72656249999216], [65.54296874987676, 69.92578125001239], [66.73828125007583, 69.92578124991081], [67.93359374993986, 69.9257812499165], [68.33203124995805, 69.92578124990882]], {"I": 0.043999127638514525, "falloff": 0.7092370546576089, "spread": 2.2725950964703805}], [[[50.00390625007401, 44.42578124999318], [50.003906249984084, 44.2265625000594], [48.410156250085606, 41.636718750044764], [47.2148437500789, 39.84374999999926], [46.61718749998636, 39.046875000032884], [46.21874999986915, 38.44921875011343], [45.02343750002274, 37.652343749918316], [44.42578124999136, 37.253906250117296], [43.429687500222485, 37.0546874999539], [42.8320312500548, 36.85546874994088], [41.23828125010664, 36.65624999989069], [40.2421875000274, 36.65625000007131], [39.24609374999932, 36.85546875006517], [38.64843749978638, 37.054687500001336], [38.05078125002842, 37.45312499998744], [37.054687500061505, 38.44921875003925], [36.05859374993531, 39.44531249993776], [35.46093749998465, 40.242187500058634], [34.66406249998579, 41.23828124994432], [34.4648437500241, 41.636718750103626], [34.265625000015234, 41.636718749951285], [34.26562499997112, 41.83593750002129], [34.066406250020464, 42.0351562501024], [33.867187499954866, 42.632812499908454], [33.667968750063324, 42.83203124996126]], {"I": 0.00873201428182651, "falloff": 0.01, "spread": 4.093916445946386}]]}