{"disk": {"mux": 93.40347176038958, "muy": 95.0899499446744, "roll": 1.168694936846443, "Re": 23.425624266067516, "q": 1.1678289979687757, "I": 0.08139006912260911, "n": 1.0, "c": 2.0}, "bulge": null, "bar": {"mux": 96.01472901455888, "muy": 93.59767894883004, "roll": 1.570793236614036, "Re": 11.648512012516555, "q": 2.3589296805031132, "I": 0.05474650189010645, "n": 1.5336042331164776, "c": 6.593774059010763}, "spiral": []}