{"disk": {"I": 0.09783520327419894, "Re": 27.35308121775177, "c": 2.0, "mux": 97.19689636847053, "muy": 95.67997605662987, "n": 1.0, "q": 0.9871013870877313, "roll": 2.2634839741482415}, "bulge": {"I": 0.1063304376045295, "Re": 7.121591515440329, "c": 2.0, "mux": 98.44397167867191, "muy": 97.22781400762517, "n": 3.1857262699466298, "q": 0.17724999063797026, "roll": 2.1109638564273547}, "bar": null, "spiral": [[[[32.7772706088775, 11.391640078777925]], {"I": 0.9375, "falloff": 1.0, "spread": 0.3828125}]]}