{"spiral": [[[[52.505859375, 44.98203125], [52.70703125, 44.780859375], [53.109375, 44.17734375], [53.712890625, 43.976171875], [54.115234375, 43.573828125], [54.31640625, 43.37265625], [54.31640625, 43.171484375], [54.517578125, 42.56796875], [54.517578125, 41.964453125], [54.71875, 41.3609375], [54.71875, 40.757421875], [54.71875, 40.15390625], [54.71875, 39.7515625], [54.71875, 39.148046875], [54.71875, 38.343359375], [54.31640625, 36.733984375], [53.9140625, 35.728125], [53.310546875, 35.124609375], [52.908203125, 34.52109375], [52.3046875, 33.71640625], [51.701171875, 32.509375], [51.5, 32.10703125], [51.298828125, 31.7046875], [51.09765625, 31.101171875], [50.896484375, 30.698828125], [50.6953125, 30.698828125], [50.494140625, 30.296484375]], {"i0": 0.04304159964183967, "spread": 0.44889755034562795, "falloff": 0.9784589017751427}], [[[50.091796875, 57.052343750000006], [49.890625, 57.253515625000006], [49.890625, 57.454687500000006], [49.48828125, 58.058203125000006], [49.0859375, 58.460546875000006], [48.884765625, 59.064062500000006], [48.68359375, 59.466406250000006], [48.482421875, 60.069921875000006], [48.28125, 60.874609375000006], [47.87890625, 61.679296875000006], [48.080078125, 62.483984375000006], [48.28125, 63.087500000000006], [48.482421875, 63.489843750000006], [48.482421875, 64.093359375], [48.482421875, 64.898046875], [49.48828125, 65.90390625], [49.689453125, 66.70859375], [50.091796875, 67.1109375], [50.6953125, 67.915625], [50.896484375, 68.31796875], [51.5, 68.921484375], [51.90234375, 69.525], [52.505859375, 70.128515625], [52.908203125, 70.933203125], [53.109375, 70.933203125], [53.712890625, 71.53671875], [54.31640625, 71.737890625], [54.919921875, 72.140234375], [55.724609375, 72.542578125], [56.73046875, 72.542578125], [57.736328125, 72.542578125], [58.7421875, 72.34140625], [59.345703125, 72.34140625]], {"i0": 0.04695800141974768, "spread": 0.34975072585904016, "falloff": 0.9728628374354469}]], "disk": {"mu": [51.69488525390625, 50.616729736328125], "roll": 1.9280225967489555, "rEff": 30.492355528939903, "axRatio": 0.5921271425149208, "i0": 0.05402278435298467, "c": 2, "n": 1}, "bulge": {"mu": [51.49371337890625, 51.220245361328125], "roll": 0.8139618212362085, "rEff": 5.00204236454938, "axRatio": 0.856911719368329, "i0": 0.6005666065972735, "c": 2, "n": 5.001681095116765}, "bar": {"mu": [52.09722900390625, 51.522003173828125], "roll": 0.9614699416178073, "rEff": 3.6110845392409825, "axRatio": 0.279141974140359, "i0": 0.0, "c": 2.046540616334892, "n": 1.9929775463958304}}