{"disk": {"I": 0.009258192912060592, "Re": 18.525431513589496, "c": 2.0, "mux": 60.97025238360814, "muy": 59.117893809173324, "n": 1.0, "q": 0.9904228166702693, "roll": 2.701652939851388}, "bulge": {"I": 0.01188091476842416, "Re": 22.283116391843734, "c": 2.0, "mux": 60.733940995869574, "muy": 59.59052813042456, "n": 5.822825057802485, "q": 0.6065252522405822, "roll": 0.07121333304755151}, "bar": null, "spiral": []}