{"disk": {"mux": 72.51262982308646, "muy": 71.14038739749486, "roll": -2.4858471937378908, "Re": 17.677767017689565, "q": 0.8800549289172188, "I": 0.1292648750179097, "n": 1.0, "c": 2.0}, "bulge": {"mux": 72.2312239657195, "muy": 69.73413464086707, "roll": -2.45109239974702, "Re": 3.495521255847913, "q": 0.5942676491872709, "I": 0.19704589326481256, "n": 0.4691387016434991, "c": 2.0}, "bar": null, "spiral": []}