{"spiral": [[[[32.375, 35.12109375], [32.375, 34.9765625], [31.5078125, 34.9765625], [30.78515625, 35.12109375], [30.3515625, 35.265625], [30.20703125, 35.5546875], [29.7734375, 35.98828125], [29.484375, 36.7109375], [29.1953125, 37.43359375], [29.05078125, 38.15625], [29.05078125, 38.58984375], [29.05078125, 39.45703125], [29.1953125, 39.890625], [29.62890625, 40.90234375], [30.0625, 42.05859375], [30.3515625, 42.78125], [30.640625, 43.359375], [30.9296875, 44.08203125], [31.21875, 44.66015625], [31.36328125, 44.8046875], [31.65234375, 45.23828125], [31.94140625, 45.3828125]], {"i0": 0.03198435375585039, "spread": 0.9575887339385972, "falloff": 0.022977853474065484}], [[[41.9140625, 39.74609375], [41.76953125, 39.74609375], [42.05859375, 39.74609375], [43.6484375, 39.74609375], [44.94921875, 39.16796875], [45.3828125, 38.734375], [45.52734375, 38.58984375], [45.81640625, 37.0], [45.9609375, 36.421875], [45.9609375, 36.27734375], [45.81640625, 35.41015625], [45.671875, 34.9765625], [45.3828125, 33.96484375], [45.09375, 33.38671875], [44.8046875, 32.953125], [44.515625, 32.51953125], [43.79296875, 31.796875], [43.6484375, 31.65234375], [43.50390625, 31.5078125], [43.50390625, 31.36328125], [43.359375, 31.21875]], {"i0": 0.08963227130715652, "spread": 1.3454793699184813, "falloff": 0.9814321424163912}]], "disk": {"mu": [37.1400146484375, 36.1328125], "roll": 2.6344941491974563, "rEff": 23.84151868756243, "axRatio": 0.8552015996882436, "i0": 0.2331058471066406, "c": 2, "n": 1}, "bulge": {"mu": [36.9954833984375, 36.421875], "roll": 2.0344439357957027, "rEff": 4.115557728104227, "axRatio": 0.7510971393029308, "i0": 0.38713296342060727, "c": 2, "n": 0.8968042896426458}, "bar": null}