{"spiral": [[[[67.130859375, 68.291015625], [67.39453125, 68.291015625], [67.39453125, 68.5546875], [66.8671875, 69.08203125], [66.603515625, 69.609375], [65.8125, 70.6640625], [65.28515625, 71.71875], [64.7578125, 72.509765625], [64.23046875, 73.037109375], [64.23046875, 73.564453125], [63.703125, 74.091796875], [63.703125, 75.146484375], [63.703125, 75.673828125], [63.439453125, 75.9375], [63.439453125, 76.46484375], [63.17578125, 76.728515625], [62.912109375, 77.51953125], [62.6484375, 78.046875], [62.6484375, 78.57421875], [62.6484375, 79.365234375], [62.6484375, 79.892578125], [62.6484375, 80.15625], [62.6484375, 80.68359375], [62.6484375, 80.947265625], [62.912109375, 81.2109375], [62.912109375, 81.73828125], [63.17578125, 82.001953125], [63.439453125, 82.265625], [63.703125, 82.529296875], [63.703125, 82.79296875], [64.23046875, 82.79296875], [64.7578125, 83.056640625], [65.28515625, 83.056640625], [65.8125, 83.056640625], [66.603515625, 83.056640625], [66.8671875, 83.056640625], [67.39453125, 83.056640625], [67.921875, 83.056640625], [68.44921875, 83.056640625], [68.9765625, 82.529296875], [69.50390625, 82.265625], [70.294921875, 81.474609375], [71.0859375, 80.68359375], [71.876953125, 80.15625], [72.140625, 79.62890625], [72.66796875, 79.365234375], [73.1953125, 78.57421875], [73.72265625, 77.783203125], [73.986328125, 77.255859375], [74.25, 76.9921875], [74.513671875, 76.46484375], [74.513671875, 76.201171875], [74.77734375, 75.9375], [74.77734375, 75.673828125]], {"i0": 0.03804774977195236, "spread": 0.3108162432986913, "falloff": 0.8901787552811715}], [[[67.921875, 67.5], [67.921875, 67.236328125], [68.712890625, 66.181640625], [69.240234375, 65.654296875], [69.767578125, 64.86328125], [70.294921875, 64.3359375], [70.55859375, 64.3359375], [70.822265625, 63.80859375], [70.822265625, 63.544921875], [71.0859375, 63.544921875], [71.0859375, 63.28125], [71.61328125, 62.75390625], [71.876953125, 62.490234375], [72.140625, 61.962890625], [72.404296875, 61.435546875], [72.66796875, 61.171875], [72.66796875, 60.380859375], [72.931640625, 59.853515625], [73.1953125, 59.0625], [73.1953125, 58.271484375], [73.458984375, 58.0078125], [73.72265625, 57.744140625], [73.72265625, 57.216796875], [73.72265625, 56.689453125], [73.986328125, 56.162109375], [73.986328125, 55.107421875], [73.986328125, 54.580078125], [73.986328125, 53.7890625], [73.986328125, 53.26171875], [73.986328125, 52.470703125], [73.986328125, 52.20703125], [73.986328125, 51.6796875], [73.986328125, 50.888671875], [73.986328125, 50.09765625], [73.986328125, 49.833984375], [73.986328125, 49.5703125], [73.986328125, 49.306640625], [73.458984375, 48.251953125], [73.1953125, 47.724609375], [72.931640625, 47.4609375], [72.404296875, 47.4609375], [72.404296875, 47.197265625], [71.876953125, 47.197265625], [71.349609375, 46.93359375], [70.822265625, 46.93359375], [70.294921875, 46.93359375], [69.767578125, 46.93359375], [69.50390625, 46.93359375], [69.240234375, 46.93359375], [68.9765625, 46.93359375], [68.712890625, 46.93359375], [68.44921875, 46.93359375], [68.185546875, 46.93359375]], {"i0": 0.046603153119000214, "spread": 0.7123352550579073, "falloff": 0.01}]], "disk": {"mu": [66.4804682135582, 68.54590058326721], "roll": 1.377956561065045, "rEff": 33.94618479343317, "axRatio": 0.4933058752043442, "i0": 0.21206087510425245, "c": 2, "n": 1}, "bulge": {"mu": [68.3261713385582, 67.49120905995369], "roll": 2.7928216500058864, "rEff": 3.619337938034779, "axRatio": 0.6218546423810876, "i0": 0.0822476542200798, "c": 2, "n": 4.944650662470458}, "bar": null}