{"spiral": [], "disk": {"mu": [72.1318359375, 74.53125], "roll": 0.04234754902057609, "rEff": 49.81638618359543, "axRatio": 0.8451263805122492, "i0": 0.16626224906606096, "c": 2, "n": 1}, "bulge": {"mu": [71.8505859375, 70.59375], "roll": 0.5461665634337877, "rEff": 10.587458172912775, "axRatio": 0.5702173807759412, "i0": 0.29391612370084685, "c": 2, "n": 0.9840994188923805}, "bar": null}