{"spiral": [[[[183.6734375, 163.23125]], {"i0": 0.75, "spread": 1.0, "falloff": 1.0}]], "disk": {"mu": [99.39218139648438, 98.80899047851562], "roll": 2.26355291012975, "rEff": 69.37017826809608, "axRatio": 0.8700250071037531, "i0": 0.1775266318848894, "c": 2, "n": 1}, "bulge": {"mu": [97.844482421875, 97.56185913085938], "roll": 2.110999111039111, "rEff": 3.195306983236802, "axRatio": 0.5426654744345369, "i0": 0.5323158228510559, "c": 2, "n": 0.8400942694370249}, "bar": null}