{"disk": {"mux": 58.446044921851424, "muy": 58.169921874976836, "roll": 0.9613377888468227, "Re": 17.494947424673693, "q": 0.9749786605929374, "I": 0.03153294703584595, "n": 1.0, "c": 2.0}, "bulge": {"mux": 58.446044921858686, "muy": 57.94335937498242, "roll": -2.4668517113565875, "Re": 0.0, "q": 0.01, "I": 5.506400056808681, "n": 0.16096768902554442, "c": 2.0}, "bar": {"mux": 58.21948242183612, "muy": 58.05664062496838, "roll": 1.0650683103090566, "Re": 9.705800786219786, "q": 0.28139621961136596, "I": 0.06801748682504864, "n": 4.208630725673682, "c": 2.956105939048886}, "spiral": []}