{"spiral": [], "disk": {"mu": [81.7811279296875, 79.734375], "roll": 0.9606645394005293, "rEff": 35.83734350839124, "axRatio": 0.724047521050715, "i0": 0.12424833324763064, "c": 2, "n": 1}, "bulge": {"mu": [81.68709826469421, 81.00836205482483], "roll": 2.677944606970994, "rEff": 4.668862843632951, "axRatio": 0.4473909341540384, "i0": 0.4525523442728157, "c": 2, "n": 0.4348611417794759}, "bar": null}