{"spiral": [[[[85.7689453125, 79.096875], [85.7689453125, 78.059765625], [86.8060546875, 77.7140625], [88.53457031250001, 76.33125], [89.91738281250001, 75.294140625], [91.30019531250001, 74.602734375], [93.02871093750001, 73.911328125], [93.72011718750001, 73.565625], [95.79433593750001, 73.219921875], [97.52285156250001, 72.528515625], [97.86855468750001, 72.528515625], [98.90566406250001, 72.528515625], [99.59707031250001, 72.528515625], [100.97988281250001, 72.528515625], [101.32558593750001, 72.528515625], [102.01699218750001, 72.87421875], [103.05410156250001, 73.219921875], [103.74550781250001, 73.219921875], [104.78261718750001, 73.565625], [106.16542968750001, 73.911328125], [106.51113281250001, 74.25703125], [107.20253906250001, 74.25703125], [107.54824218750001, 74.602734375], [108.93105468750001, 75.294140625], [109.27675781250001, 75.294140625], [110.31386718750001, 75.63984375], [110.65957031250001, 75.985546875], [112.04238281250001, 76.33125], [115.15371093750001, 78.059765625], [115.49941406250001, 78.059765625], [115.84511718750001, 78.40546875], [116.19082031250001, 79.096875], [116.53652343750001, 80.133984375], [117.57363281250001, 81.17109375], [118.26503906250001, 81.8625], [118.26503906250001, 82.208203125], [118.26503906250001, 82.55390625], [118.26503906250001, 83.2453125], [118.26503906250001, 84.282421875], [118.26503906250001, 85.31953125], [118.26503906250001, 85.665234375], [118.26503906250001, 86.0109375], [118.61074218750001, 86.70234375], [118.61074218750001, 87.39375], [118.61074218750001, 88.430859375], [118.61074218750001, 89.813671875], [118.61074218750001, 90.85078125], [118.61074218750001, 91.196484375], [118.61074218750001, 92.23359375], [118.61074218750001, 92.925], [118.61074218750001, 93.270703125], [118.61074218750001, 93.61640625], [118.61074218750001, 94.3078125], [118.61074218750001, 94.99921875], [118.61074218750001, 95.344921875], [118.26503906250001, 96.38203125], [118.26503906250001, 96.727734375]], {"i0": 0.03296205170271871, "spread": 2.00011085612443, "falloff": 0.9393289255606262}], [[[98.21425781250001, 81.8625], [98.55996093750001, 81.8625], [99.25136718750001, 82.208203125], [99.94277343750001, 82.55390625], [100.63417968750001, 82.55390625], [100.97988281250001, 82.55390625], [101.32558593750001, 82.899609375], [101.32558593750001, 83.2453125], [101.67128906250001, 83.2453125], [102.01699218750001, 83.93671875], [102.01699218750001, 84.282421875], [102.70839843750001, 84.973828125], [102.70839843750001, 85.31953125], [103.05410156250001, 85.665234375], [103.05410156250001, 86.0109375], [103.39980468750001, 86.356640625], [103.74550781250001, 86.70234375], [103.74550781250001, 87.048046875], [104.09121093750001, 89.46796875], [104.43691406250001, 89.813671875], [104.43691406250001, 90.159375], [104.78261718750001, 90.505078125], [104.78261718750001, 91.196484375], [104.78261718750001, 91.887890625], [104.78261718750001, 92.23359375], [104.78261718750001, 92.579296875], [104.78261718750001, 93.61640625], [104.43691406250001, 93.61640625], [104.43691406250001, 93.962109375], [104.43691406250001, 94.3078125], [104.43691406250001, 95.344921875], [104.43691406250001, 95.690625], [104.43691406250001, 96.38203125], [104.09121093750001, 97.0734375], [103.74550781250001, 97.0734375], [103.74550781250001, 97.76484375], [103.39980468750001, 98.110546875], [103.39980468750001, 98.45625], [103.39980468750001, 98.801953125], [103.39980468750001, 99.14765625], [103.39980468750001, 99.8390625]], {"i0": 0.020000001571651684, "spread": 0.0, "falloff": 0.9400000015716532}], [[[84.7318359375, 99.14765625], [84.3861328125, 100.53046875], [83.6947265625, 101.567578125], [81.9662109375, 102.950390625], [78.1634765625, 103.641796875], [77.4720703125, 103.641796875], [76.7806640625, 103.641796875], [76.4349609375, 103.641796875], [75.7435546875, 103.641796875], [75.3978515625, 103.641796875], [75.0521484375, 103.29609375], [73.3236328125, 102.950390625], [72.9779296875, 102.950390625], [72.9779296875, 102.258984375], [72.6322265625, 101.91328125], [72.6322265625, 101.221875], [71.9408203125, 100.53046875], [71.9408203125, 100.184765625], [70.5580078125, 98.45625], [70.2123046875, 98.110546875], [70.2123046875, 97.76484375], [70.2123046875, 97.419140625], [69.8666015625, 96.727734375], [69.8666015625, 95.690625], [69.8666015625, 95.344921875], [69.5208984375, 95.344921875], [69.1751953125, 94.653515625], [68.8294921875, 94.3078125], [68.8294921875, 93.962109375], [68.8294921875, 93.61640625], [68.4837890625, 92.925], [68.1380859375, 92.23359375]], {"i0": 0.1000000015716517, "spread": 0.0, "falloff": 0.9400000015716532}]], "disk": {"mu": [89.22597867250443, 88.09667792916298], "roll": 0.35877074297474687, "rEff": 40.422506847138095, "axRatio": 0.5184183615201499, "i0": 0.19700695128049292, "c": 2, "n": 1}, "bulge": {"mu": [88.53457242250443, 89.13379257917404], "roll": 2.7468015338900313, "rEff": 5.2133215754585995, "axRatio": 0.7751254468269265, "i0": 0.4261295027522489, "c": 2, "n": 0.9181745568999714}, "bar": null}