{"disk": {"I": 0.015867397118774596, "Re": 18.429891219866064, "c": 2.0, "mux": 62.952839628634, "muy": 63.58078870478385, "n": 1.0, "q": 0.8470343856089613, "roll": 0.32624161849465594}, "bulge": {"I": 0.17087252354084062, "Re": 3.981783801506109, "c": 2.0, "mux": 62.79999999805274, "muy": 63.40000000309243, "n": 2.846705974585772, "q": 0.48232338915570366, "roll": 2.919980902482957}, "bar": null, "spiral": []}