{"disk": {"mux": 34.99441986937052, "muy": 31.093812100961713, "roll": -3.0470434979779957, "Re": 10.17785884126481, "q": 0.5116638929103258, "I": 0.17668810371434324, "n": 1.0, "c": 2.0}, "bulge": {"mux": 35.12709876680697, "muy": 30.695375026906504, "roll": -3.0169377024735855, "Re": 4.4269814995563233e-07, "q": 0.5007308616244284, "I": 0.0, "n": 0.5, "c": 2.0}, "bar": null, "spiral": []}