{"spiral": [], "disk": {"mu": [50.139723122119904, 51.853604435920715], "roll": 1.1361250205078757, "rEff": 14.833310266269867, "axRatio": 0.36094548642524793, "i0": 0.24519179357454857, "c": 2, "n": 1}, "bulge": {"mu": [50.9933305978775, 50.57652944326401], "roll": 1.067953225230327, "rEff": 2.4038173459437004, "axRatio": 0.999340827811147, "i0": 1.846603945233476, "c": 2, "n": 0.7926222091926053}, "bar": null}