{"disk": {"I": 0.09122854808977734, "Re": 19.714229405639156, "c": 2.0, "mux": 74.32539923497679, "muy": 74.31515514731093, "n": 1.0, "q": 0.8345389387129675, "roll": 2.7745881049173144}, "bulge": {"I": 0.19800690204883853, "Re": 4.267809753374742, "c": 2.0, "mux": 74.25631123496716, "muy": 74.09439633702495, "n": 1.193828113104799, "q": 0.8243676347324929, "roll": 2.5321200571823503}, "bar": null, "spiral": []}