{"disk": {"mux": 43.33068847648792, "muy": 44.17578124990416, "roll": -0.7489180042682827, "Re": 13.180888505438098, "q": 7.040559613807454, "I": 0.0, "n": 1.0, "c": 2.0}, "bulge": {"mux": 43.188693165725454, "muy": 43.86893892289538, "roll": 2.570892795811995, "Re": 5.597328900876603e-07, "q": 0.8235199404509499, "I": 0.0, "n": 1.25, "c": 2.0}, "bar": {"mux": 43.37320736041033, "muy": 43.60469365107588, "roll": 0.9547446134037187, "Re": 9.229517861097317, "q": 1.027565961144771, "I": 0.22185957746066395, "n": 1.0011219166569312, "c": 1.999280635508772}, "spiral": []}