{"disk": {"I": 0.10957712983164362, "Re": 25.960815015415182, "c": 2.0, "mux": 89.9223749833645, "muy": 89.61579111762637, "n": 1.0, "q": 0.8258797877676505, "roll": 1.9141277379296675}, "bulge": {"I": 3.124377121352771, "Re": 2.704697383901959, "c": 2.0, "mux": 88.51604508894047, "muy": 88.57851251649049, "n": 0.346854719276645, "q": 0.09075256679877196, "roll": 2.146256426643189}, "bar": null, "spiral": []}