{"spiral": [], "disk": {"mu": [43.23891520500183, 42.95807325839996], "roll": 1.5707964450792995, "rEff": 16.43767701242392, "axRatio": 0.4584752101774981, "i0": 0.10465696234987652, "c": 2, "n": 1}, "bulge": {"mu": [43.06899333000183, 42.78814619779587], "roll": 2.988942090388159, "rEff": 3.697974317347833, "axRatio": 0.9960005951543337, "i0": 1.2183687183866363, "c": 2, "n": 0.553356947598327}, "bar": null}