{"spiral": [], "disk": {"mu": [116.64576721191406, 115.9791488647461], "roll": 1.6362583432297304, "rEff": 76.08853307974842, "axRatio": 0.806903036785019, "i0": 0.14074367707374105, "c": 2, "n": 1}, "bulge": {"mu": [115.86715698242188, 116.21024322509766], "roll": 2.430796168295047, "rEff": 4.467362381129348, "axRatio": 0.5586654205259461, "i0": 0.36728681325397905, "c": 2, "n": 3.574345981834299}, "bar": null}