{"spiral": [], "disk": {"mu": [92.50396728515625, 94.23513793945312], "roll": 3.011715626817784, "rEff": 63.794698272313205, "axRatio": 0.7306254640578816, "i0": 0.20055260304794195, "c": 2, "n": 1}, "bulge": {"mu": [96.60748291015625, 96.10037231445312], "roll": 0.14189705460416394, "rEff": 5.709164070486599, "axRatio": 0.8198178866119739, "i0": 0.07960702423653328, "c": 2, "n": 0.9146244685737429}, "bar": {"mu": [95.11529541015625, 95.54080200195312], "roll": 0.6823165548747481, "rEff": 4.0370028041598385, "axRatio": 0.27191040266844163, "i0": 0.4419073916575448, "c": 2.0103200054025057, "n": 0.4674331896647702}}