{"disk": {"I": 0.0886810947771747, "Re": 16.486086413704808, "c": 2.0, "mux": 63.154311803764834, "muy": 63.406666380457494, "n": 1.0, "q": 0.8935915360195439, "roll": 2.360611959032492}, "bulge": {"I": 14.4840598062694, "Re": 0.0002551454840283841, "c": 2.0, "mux": 64.1999963187735, "muy": 63.39997623913624, "n": 2.5219143925126066, "q": 0.7392153626791416, "roll": 0.9173316977007376}, "bar": null, "spiral": []}