{"disk": {"mux": 117.38411356855829, "muy": 116.201464350729, "roll": 1.636009626754213, "Re": 30.357556959262464, "q": 0.8048403095830474, "I": 0.09074876818846711, "n": 1.0, "c": 2.0}, "bulge": {"mux": 117.15290609756016, "muy": 116.98008131010397, "roll": 2.430571629843685, "Re": 2.059408799627113, "q": 0.6394732794578617, "I": 0.30413947610062586, "n": 3.1790621484401176, "c": 2.0}, "bar": null, "spiral": []}