{"disk": {"mux": 127.31843154724803, "muy": 126.82914339366005, "roll": -2.5915910674545475, "Re": 29.594134256885418, "q": 1.1210754198233341, "I": 0.06872309207896507, "n": 1.0, "c": 2.0}, "bulge": {"mux": 126.66719498263902, "muy": 126.86728628305002, "roll": -0.4707508577209205, "Re": 3.8973469365461777, "q": 1.0100368247136546, "I": 0.2394533612408246, "n": 1.014471827902866, "c": 2.0}, "bar": null, "spiral": []}