{"spiral": [], "disk": {"mu": [40.1513671875, 39.0625], "roll": 2.525295716193722, "rEff": 29.50990485619954, "axRatio": 0.890165910646881, "i0": 0.2277982209203199, "c": 2, "n": 1}, "bulge": {"mu": [40.4638671875, 39.21875], "roll": 0.8224182792713781, "rEff": 5.6257673946063, "axRatio": 0.9562203655399639, "i0": 0.3811999222870924, "c": 2, "n": 0.7391559983921626}, "bar": null}