{"spiral": [], "disk": {"mu": [88.96466064453125, 89.71304321289062], "roll": 2.29397980348402, "rEff": 58.01449876210536, "axRatio": 0.7254100900491841, "i0": 0.18392152145953736, "c": 2, "n": 1}, "bulge": {"mu": [90.01348876953125, 89.36343383789062], "roll": 2.4116929954380617, "rEff": 4.241105203582552, "axRatio": 0.45873899267689283, "i0": 0.5796489990300794, "c": 2, "n": 0.8361959225947543}, "bar": null}