{"disk": {"I": 0.14647668834330568, "Re": 15.565409374208441, "c": 2.0, "mux": 49.3993661175563, "muy": 50.05748932223133, "n": 1.0, "q": 0.5415993000462911, "roll": 1.9880114022923479}, "bulge": null, "bar": null, "spiral": []}