{"disk": {"mux": 62.508736915314444, "muy": 61.765898654576034, "roll": -2.724258592023206, "Re": 19.425357624788827, "q": 0.5854783306559691, "I": 0.05663388297507915, "n": 1.0, "c": 2.0}, "bulge": {"mux": 62.31083958977274, "muy": 61.14816733907563, "roll": 0.2609211530859418, "Re": 3.9813982597138726, "q": 1.3900172895433127, "I": 0.09602181014755551, "n": 2.2989050736014685, "c": 2.0}, "bar": null, "spiral": []}