{"spiral": [], "disk": {"mu": [43.23980712890625, 42.926513671875], "roll": 1.4923062241575646, "rEff": 20.57469680273199, "axRatio": 0.5147133374377382, "i0": 0.08461748061133897, "c": 2, "n": 1}, "bulge": {"mu": [43.06988525390625, 42.926513671875], "roll": 2.976443976175166, "rEff": 0.6526465043133767, "axRatio": 0.602503886856353, "i0": 12.508615426374913, "c": 2, "n": 5.047349541180363}, "bar": null}