{"disk": {"I": 0.10573899722869053, "Re": 27.31538560911102, "c": 2.0, "mux": 88.37604029168473, "muy": 89.95290132821924, "n": 1.0, "q": 0.5730458283278943, "roll": 0.6718913186078608}, "bulge": {"I": 1.920086502659909, "Re": 6.691979026583384, "c": 2.0, "mux": 89.59832408976509, "muy": 90.05467055106654, "n": 2.7854062211338566, "q": 0.014641783536645393, "roll": 0.45685752296396165}, "bar": null, "spiral": []}