{"disk": {"mux": 85.65132049352826, "muy": 86.06531148383314, "roll": 1.2138999461612021, "Re": 35.892559734021454, "q": 0.5292509342736821, "I": 0.040803181920801304, "n": 1.0, "c": 2.0}, "bulge": {"mux": 87.4078239371729, "muy": 87.25656776325008, "roll": 1.1799906115469208, "Re": 2.9596787779699345, "q": 0.012683514292607391, "I": 13.15971812635652, "n": 4.682876287025022, "c": 2.0}, "bar": {"mux": 87.45789751464326, "muy": 86.5004539376165, "roll": -2.108202400818672, "Re": 0.5605704433324785, "q": 0.2345229579503836, "I": 0.19335523539412242, "n": 0.30837056727357365, "c": 1.4296933602728608}, "spiral": []}