{"disk": {"I": 0.0864528659679732, "Re": 31.237996846997074, "c": 2.0, "mux": 115.7486293148119, "muy": 116.87913187918713, "n": 1.0, "q": 0.7840573804678844, "roll": 1.737216086612503}, "bulge": {"I": 0.10505760969050529, "Re": 4.691354679785224, "c": 2.0, "mux": 116.4495559885175, "muy": 116.3136968930829, "n": 3.856631197820828, "q": 0.556250774679869, "roll": 2.64797359393522}, "bar": null, "spiral": []}