{"disk": {"mux": 77.68579101568247, "muy": 78.00000000000011, "roll": 1.9213637356365316, "Re": 25.834989289363644, "q": 0.6802530088768977, "I": 0.12363384996376356, "n": 1.0, "c": 2.0}, "bulge": {"mux": 77.99047851554661, "muy": 77.9999999999201, "roll": 0.11065722115642511, "Re": 0.0, "q": 0.01, "I": 0.0, "n": 3.0929293785449055, "c": 2.0}, "bar": {"mux": 78.90454101559152, "muy": 76.93359375012707, "roll": 0.8188784710468968, "Re": 14.51678959695506, "q": 0.23608509158038746, "I": 0.09117077784789455, "n": 1.354769512490322, "c": 10.0}, "spiral": []}