{"disk": {"I": 0.09358676176786658, "Re": 28.568286684117727, "c": 2.0, "mux": 89.72804564008823, "muy": 89.77756458317663, "n": 1.0, "q": 0.5851355937480972, "roll": 0.6866044262591284}, "bulge": {"I": 0.11644160707448019, "Re": 10.732686341349174, "c": 2.0, "mux": 90.78230850224054, "muy": 88.72324249515941, "n": 1.213349342294575, "q": 0.22241798870374654, "roll": 0.49258063602344215}, "bar": null, "spiral": []}