{"disk": {"I": 0.1397701972355118, "Re": 12.293505371642896, "c": 2.0, "mux": 51.172943214872916, "muy": 50.27226813764561, "n": 1.0, "q": 0.879457256462679, "roll": 1.1353933940039735}, "bulge": {"I": 7.608796047974811e-07, "Re": 7.708796047974823e-07, "c": 2.0, "mux": 52.24126946277161, "muy": 49.25912436360417, "n": 0.5600007608795928, "q": 0.9282200686427154, "roll": 2.3909574410076035}, "bar": null, "spiral": []}