{"spiral": [], "disk": {"mu": [86.32049560546875, 87.52423095703125], "roll": 1.2585241615281169, "rEff": 25.410340109484427, "axRatio": 0.46509798201723335, "i0": 0.18694124798740927, "c": 2, "n": 1}, "bulge": {"mu": [86.94330614805222, 85.96690040826797], "roll": 1.0121970114513343, "rEff": 4.494316636698169, "axRatio": 0.5647148496983251, "i0": 0.6867330195145286, "c": 2, "n": 0.5455153519597017}, "bar": null}