{"disk": {"I": 0.24157655081570634, "Re": 10.01437954986619, "c": 2.0, "mux": 33.735572604740625, "muy": 33.90369246069758, "n": 1.0, "q": 0.4254556199101412, "roll": 0.08827396353835108}, "bulge": {"I": 5.897726416538838e-08, "Re": 5.116754141210247e-07, "c": 2.0, "mux": 35.12709882578259, "muy": 30.695375085883, "n": 0.5000000589772702, "q": 0.5007309206016985, "roll": 0.12465501009347345}, "bar": null, "spiral": []}