{"disk": {"I": 0.17905731127604635, "Re": 16.55815475262579, "c": 2.0, "mux": 67.27817926561727, "muy": 67.39571723860558, "n": 1.0, "q": 0.8505791010793899, "roll": 1.537914655573467}, "bulge": {"I": 0.0, "Re": 1.9253743313495268, "c": 2.0, "mux": 68.140352564958, "muy": 66.247552521324, "n": 0.47311895669390824, "q": 0.43151270700279526, "roll": 1.658902307959579}, "bar": null, "spiral": []}