{"spiral": [], "disk": {"mu": [63.620147705078125, 63.5], "roll": 0.8751038524145087, "rEff": 52.252671546633074, "axRatio": 0.8808686137381003, "i0": 0.10856226986271436, "c": 2, "n": 1}, "bulge": {"mu": [63.868194580078125, 63.5], "roll": 2.8387077852148215, "rEff": 5.574357118483281, "axRatio": 0.7416174599016165, "i0": 0.5143796693498353, "c": 2, "n": 0.8984398945619979}, "bar": null}