{"disk": {"I": 0.05663388297507915, "Re": 19.425357624788827, "c": 2.0, "mux": 62.508736915314444, "muy": 61.765898654576034, "n": 1.0, "q": 0.5854783306559691, "roll": 0.41733406156658726}, "bulge": {"I": 0.09602181014755551, "Re": 5.53421241755994, "c": 2.0, "mux": 62.31083958977274, "muy": 61.14816733907563, "n": 2.2989050736014685, "q": 0.7194155119671554, "roll": 0.2609211530859419}, "bar": null, "spiral": []}