{"disk": {"I": 0.018489125495765667, "Re": 26.806998100230373, "c": 2.0, "mux": 67.60284125195173, "muy": 66.32162187865093, "n": 1.0, "q": 0.8013549535037685, "roll": 2.8138344822644847}, "bulge": {"I": 0.28353081011099124, "Re": 4.786196527506003, "c": 2.0, "mux": 65.77750593624465, "muy": 65.64504057109407, "n": 1.164003356238987, "q": 0.7092855234049104, "roll": 3.0855052537459873}, "bar": null, "spiral": []}