{"spiral": [], "disk": {"mu": [67.05416613817215, 67.4784494638443], "roll": 1.2728507985833242, "rEff": 32.45360209812843, "axRatio": 0.5934551870785539, "i0": 0.06369799346280618, "c": 2, "n": 1}, "bulge": {"mu": [66.27486926317215, 66.4393869638443], "roll": 1.6064954394742206, "rEff": 9.456928769038166, "axRatio": 0.7626883925527742, "i0": 0.4191603005019945, "c": 2, "n": 1.31524299142137}, "bar": null}