{"disk": {"mux": 47.80072962352478, "muy": 45.95891694698406, "roll": 1.988980779890422, "Re": 11.081678279153392, "q": 0.6182893016191838, "I": 0.214558799596525, "n": 1.0, "c": 2.0}, "bulge": {"mux": 48.54456221516834, "muy": 45.78187573602639, "roll": 1.8210687677315618, "Re": 1.0080930566040394, "q": 0.01, "I": 0.0, "n": 0.23393938251221555, "c": 2.0}, "bar": null, "spiral": [[[[46.002277763610564, 46.019374795577335], [45.99683709154125, 45.869472570318635], [38.64843535737931, 45.985557856739035], [33.02214049324556, 43.93787223139134], [26.586716598515693, 40.26840378805696], [20.012317816041474, 36.904168162860174], [18.859950634569486, 34.0940241990686]], {"I": 0.2725117520671777, "spread": 0.0, "falloff": 0.961386086720906}], [[[47.63437560220715, 45.5099566362548], [51.097393706781524, 45.83481203128173], [54.26069914048186, 46.17052406263639], [57.306792276414534, 47.4110777811386], [59.18123794018443, 49.44456917714177], [62.01466912993573, 53.094415194300666], [60.33608760754408, 56.457403965938454]], {"I": 0.5547410627998257, "spread": 0.0, "falloff": 0.9720954187048338}]]}