{"spiral": [], "disk": {"mu": [63.33522081375122, 63.1136871278286], "roll": 1.3814261534910308, "rEff": 10.32479729191869, "axRatio": 0.36302614623949553, "i0": 0.14785739815443577, "c": 2, "n": 1}, "bulge": {"mu": [63.19512292742729, 63.06431317329407], "roll": 2.376192600626581, "rEff": 2.459745764139842, "axRatio": 0.5192191383101833, "i0": 0.518929246493986, "c": 2, "n": 4.370561606981586}, "bar": null}