{"disk": {"I": 0.10861666031095049, "Re": 27.12827878963719, "c": 2.0, "mux": 89.7050637738869, "muy": 89.79551377392328, "n": 1.0, "q": 0.759926425318337, "roll": 2.2665529015251886}, "bulge": {"I": 1.5842706738542207, "Re": 3.565640213236687, "c": 2.0, "mux": 89.08895339956719, "muy": 88.76038747583083, "n": 0.7393924109433229, "q": 0.09784418082760035, "roll": 2.703570577784876}, "bar": null, "spiral": []}