{"spiral": [], "disk": {"mu": [49.525780856609344, 49.880273535847664], "roll": 1.443707189359033, "rEff": 35.08555158442858, "axRatio": 0.6066320453435801, "i0": 0.19729877075931185, "c": 2, "n": 1}, "bulge": {"mu": [49.332421481609344, 48.91347813606262], "roll": 3.0419240010986313, "rEff": 3.8988122960544933, "axRatio": 0.8590970691952204, "i0": 0.5953769829700849, "c": 2, "n": 1.0134709643354727}, "bar": null}