{"spiral": [], "disk": {"mu": [117.63593655824661, 118.94746470451355], "roll": 2.2747426131838893, "rEff": 64.32449801325453, "axRatio": 0.46026086998061366, "i0": 0.11871674166352683, "c": 2, "n": 1}, "bulge": {"mu": [118.56171780824661, 118.94745764136314], "roll": 2.3996453855838755, "rEff": 9.065954709299877, "axRatio": 0.9175502621725363, "i0": 0.4458618020095456, "c": 2, "n": 1.3730554100131707}, "bar": null}