{"disk": {"mux": 51.79157071361567, "muy": 48.35974369843859, "roll": -1.5308320824082255, "Re": 12.504592839739711, "q": 0.9557446241462728, "I": 0.12339754764624986, "n": 1.0, "c": 2.0}, "bulge": {"mux": 52.24126870189497, "muy": 49.25912360272753, "roll": 2.3909566801282316, "Re": 0.6691603286018133, "q": 0.9742674955084716, "I": 0.4424032404469614, "n": 0.1564095609097718, "c": 2.0}, "bar": null, "spiral": []}