{"disk": {"I": 0.13713235084875205, "Re": 15.070843310207518, "c": 2.0, "mux": 48.26821160590569, "muy": 48.88738569559507, "n": 1.0, "q": 0.5988311787228995, "roll": 1.7139649323505903}, "bulge": null, "bar": null, "spiral": []}