{"spiral": [], "disk": {"mu": [58.446044921875, 57.830078125], "roll": 2.5321341156448725, "rEff": 36.614847911341094, "axRatio": 0.7242754867524029, "i0": 0.07808809398368084, "c": 2, "n": 1}, "bulge": {"mu": [58.446044921875, 58.056640625], "roll": 2.245537269018449, "rEff": 4.871801060985353, "axRatio": 0.987561499807115, "i0": 0.4945641870150027, "c": 2, "n": 0.49942214047656974}, "bar": {"mu": [58.219482421875, 57.943359375], "roll": 2.6358646371470966, "rEff": 3.1975346085248297, "axRatio": 0.13656029705711595, "i0": 0.1899605304828164, "c": 2.001462638860804, "n": 1.5398327222372907}}