{"disk": {"I": 0.12252237141918892, "Re": 17.037707742888, "c": 2.0, "mux": 72.51262982308646, "muy": 71.14038739749486, "n": 1.0, "q": 0.9418440279255508, "roll": 0.6557454598519024}, "bulge": {"I": 0.16494359274126016, "Re": 5.713732905670189, "c": 2.0, "mux": 72.2312239657195, "muy": 69.73413464086707, "n": 0.6109577346068458, "q": 0.4530649575037194, "roll": 0.6905002538427731}, "bar": null, "spiral": []}