{"disk": {"I": 0.12762213616040102, "Re": 15.114196593407279, "c": 2.0, "mux": 60.37445068369402, "muy": 60.02734374980304, "n": 1.0, "q": 0.8930860731128881, "roll": 1.7701839158923904}, "bulge": {"I": 2.5539548074552063, "Re": 1.148169451275396, "c": 2.0, "mux": 60.847106933718464, "muy": 60.027343749813554, "n": 0.2, "q": 0.1977457883728859, "roll": 2.4668517109218513}, "bar": null, "spiral": []}