{"disk": {"mux": 42.14505922393619, "muy": 41.82082088217339, "roll": 1.1760443130987999, "Re": 13.587139167614481, "q": 0.8804458392836341, "I": 0.09589270411032565, "n": 1.0, "c": 2.0}, "bulge": {"mux": 44.5237881524165, "muy": 43.35039281792007, "roll": -1.3083128636081465, "Re": 11.649394518889054, "q": 0.46955333128588506, "I": 0.12972277477273564, "n": 1.0011354740231928, "c": 2.0}, "bar": null, "spiral": []}