{"spiral": [], "disk": {"mu": [101.75761312246323, 102.36654460430145], "roll": 3.0127555723288455, "rEff": 73.79344620400214, "axRatio": 0.9604792781172897, "i0": 0.18661428500184704, "c": 2, "n": 1}, "bulge": {"mu": [102.95408070087433, 103.09973061084747], "roll": 2.8530062342871965, "rEff": 7.566817778983457, "axRatio": 0.991402813268766, "i0": 0.4890830366636452, "c": 2, "n": 0.9994687861371123}, "bar": null}