{"spiral": [[[[149.2109375, 151.4296875], [149.765625, 151.4296875], [152.5390625, 155.3125], [153.6484375, 156.421875], [155.3125, 159.1953125], [156.9765625, 160.3046875], [159.1953125, 161.4140625], [163.078125, 163.078125], [167.515625, 164.1875], [169.1796875, 164.7421875], [175.8359375, 163.078125], [178.0546875, 162.5234375], [179.71875, 161.96875], [185.265625, 159.75], [189.703125, 156.9765625], [193.03125, 155.3125], [194.140625, 155.3125], [195.8046875, 153.6484375], [198.0234375, 152.5390625], [198.578125, 151.984375], [201.3515625, 148.65625], [202.4609375, 145.8828125], [203.015625, 145.328125], [203.015625, 144.7734375], [203.015625, 144.21875], [203.015625, 143.6640625], [203.015625, 143.109375], [202.4609375, 143.109375], [201.90625, 143.6640625]], {"i0": 0.0657537611448038, "spread": 1.6959319194676528, "falloff": 0.7920211522726571}]], "disk": {"mu": [143.092041015625, 142.0], "roll": 0.44915586993530604, "rEff": 104.44088527582585, "axRatio": 0.6928282639104937, "i0": 0.07859614114314233, "c": 2, "n": 1}, "bulge": {"mu": [143.646728515625, 142.5546875], "roll": 1.9710369838288706, "rEff": 10.238569222733368, "axRatio": 0.6385568569515677, "i0": 0.5418548340377787, "c": 2, "n": 0.27489416122875465}, "bar": null}