{"spiral": [[[[38.1734375, 41.1125], [38.0015625, 41.1125], [35.9390625, 40.08125], [35.2515625, 39.909375], [34.5640625, 39.7375], [34.2203125, 39.7375], [33.5328125, 39.7375], [33.1890625, 39.565625], [33.0171875, 39.565625], [32.5015625, 39.39375], [31.9859375, 39.39375], [31.4703125, 39.39375], [31.1265625, 39.39375], [30.6109375, 39.565625], [30.2671875, 39.565625], [30.0953125, 39.565625], [29.4078125, 39.909375], [28.8921875, 40.253125], [28.7203125, 40.425], [28.2046875, 40.76875], [27.6890625, 41.284375], [27.3453125, 41.8], [27.0015625, 41.971875], [26.6578125, 42.4875], [26.1421875, 42.659375], [25.7984375, 43.175], [25.4546875, 43.8625], [25.2828125, 44.034375], [25.2828125, 44.378125], [25.1109375, 44.55], [25.1109375, 44.721875], [25.1109375, 44.89375], [25.1109375, 45.753125], [25.1109375, 45.925], [24.9390625, 46.26875], [24.7671875, 46.440625], [24.7671875, 46.6125], [24.5953125, 46.95625], [24.5953125, 47.128125], [24.5953125, 47.471875], [24.5953125, 47.815625], [24.0796875, 50.7375], [23.9078125, 51.253125], [23.5640625, 52.628125], [23.3921875, 53.14375], [23.0484375, 53.659375], [23.0484375, 53.83125], [23.0484375, 54.003125]], {"i0": 0.16076424576284595, "spread": 3.6784541452172994, "falloff": 0.7372951198670283}], [[[51.923437500000006, 53.83125], [52.267187500000006, 53.83125], [54.501562500000006, 52.971875], [55.189062500000006, 52.8], [56.048437500000006, 52.284375], [57.251562500000006, 51.76875], [57.595312500000006, 51.08125], [57.939062500000006, 50.05], [58.282812500000006, 49.3625], [58.626562500000006, 48.846875], [58.970312500000006, 48.159375], [58.970312500000006, 47.471875], [58.970312500000006, 46.440625], [59.142187500000006, 45.753125], [59.142187500000006, 45.065625], [58.970312500000006, 44.378125], [58.798437500000006, 43.8625], [58.282812500000006, 43.175], [58.110937500000006, 43.175], [58.110937500000006, 43.003125], [57.939062500000006, 42.83125], [57.767187500000006, 42.4875], [57.423437500000006, 42.315625], [57.079687500000006, 41.971875], [56.735937500000006, 41.628125], [56.392187500000006, 41.45625], [56.048437500000006, 41.1125], [55.360937500000006, 40.425], [55.189062500000006, 40.425], [55.017187500000006, 40.425], [54.845312500000006, 40.425]], {"i0": 0.46253540282436495, "spread": 1.1065571866789794, "falloff": 1.4653442362282858}]], "disk": {"mu": [44.538541316986084, 44.02864408493042], "roll": 0.6180588503968574, "rEff": 32.2352253205235, "axRatio": 0.9038246743761007, "i0": 0.1492589994170358, "c": 2, "n": 1}, "bulge": {"mu": [45.054166316986084, 44.02864670753479], "roll": 2.835713782184941, "rEff": 5.250636870672092, "axRatio": 0.3786783449312257, "i0": 0.30040638199693087, "c": 2, "n": 0.22020943151592784}, "bar": {"mu": [44.882291316986034, 44.114582896232555], "roll": 2.8387078641991734, "rEff": 1.8174369583456305, "axRatio": 0.19435030128964045, "i0": 0.2598528681884549, "c": 2.0623263127672318, "n": 0.3499786217858268}}