{"spiral": [], "disk": {"mu": [90.19638061523438, 90.18402099609375], "roll": 0.7674498421937049, "rEff": 45.03131512344727, "axRatio": 0.5282021805787978, "i0": 0.16343101680174302, "c": 2, "n": 1}, "bulge": {"mu": [90.42434692382812, 89.43008422851562], "roll": 0.29746676630066893, "rEff": 4.59664588679628, "axRatio": 0.14863243609433352, "i0": 0.2354115977082055, "c": 2, "n": 1.8093251150850724}, "bar": null}