{"spiral": [], "disk": {"mu": [58.446044921875, 57.830078125], "roll": 2.5321341156448725, "rEff": 36.61639243737079, "axRatio": 0.6954216734477748, "i0": 0.07590718920923029, "c": 2, "n": 1}, "bulge": {"mu": [58.446044921875, 58.056640625], "roll": 2.245537269018449, "rEff": 4.863714905957297, "axRatio": 0.9995143620968433, "i0": 0.5342557827535638, "c": 2, "n": 0.5099739113082239}, "bar": {"mu": [58.219482421875, 57.943359375], "roll": 2.6358646371470966, "rEff": 3.1977024264826808, "axRatio": 0.15028623440706554, "i0": 0.22364979255071213, "c": 2.000134605309973, "n": 1.5511121161809833}}