{"spiral": [], "disk": {"mu": [63.02070617675781, 62.55626678466797], "roll": 1.1108985328152268, "rEff": 30.12957258054922, "axRatio": 0.5597002646106866, "i0": 0.20644364006881336, "c": 2, "n": 1}, "bulge": {"mu": [62.62397766113281, 61.982154846191406], "roll": 1.505753226270704, "rEff": 4.528768166325496, "axRatio": 0.319192588757317, "i0": 0.51617052925008, "c": 2, "n": 0.660022762190173}, "bar": null}