{"spiral": [], "disk": {"mu": [49.525780856609344, 49.880273535847664], "roll": 1.443707189359033, "rEff": 35.07567516380334, "axRatio": 0.6216483311689096, "i0": 0.19747616646991628, "c": 2, "n": 1}, "bulge": {"mu": [49.332421481609344, 48.91347813606262], "roll": 3.0419240010986313, "rEff": 3.8954925291353604, "axRatio": 0.8673677952748028, "i0": 0.5786512403780966, "c": 2, "n": 1.0094128630477484}, "bar": null}