{"disk": {"I": 0.06892247613572272, "Re": 33.499434054587745, "c": 2.0, "mux": 126.90495913024051, "muy": 127.97580830353427, "n": 1.0, "q": 0.8743076147989522, "roll": 1.7919848089350028}, "bulge": {"I": 0.27783404657258576, "Re": 3.9866218079905007, "c": 2.0, "mux": 126.00509442721909, "muy": 125.77548738431729, "n": 1.0012348588155384, "q": 0.8491984610943064, "roll": 1.7159106479169548}, "bar": null, "spiral": []}