{"spiral": [], "disk": {"mu": [63.33522081375122, 63.1136871278286], "roll": 1.3814261534910308, "rEff": 10.340302257394521, "axRatio": 0.3237999892883898, "i0": 0.12282931808944554, "c": 2, "n": 1}, "bulge": {"mu": [63.19512292742729, 63.06431317329407], "roll": 2.376192600626581, "rEff": 2.4886074005709298, "axRatio": 0.44379022486613073, "i0": 0.5939956018379383, "c": 2, "n": 4.377207756271739}, "bar": null}