{"spiral": [], "disk": {"mu": [101.75761312246323, 102.36654460430145], "roll": 3.0127555723288455, "rEff": 73.78979634862637, "axRatio": 0.9644058485471211, "i0": 0.19202592888503872, "c": 2, "n": 1}, "bulge": {"mu": [102.95408070087433, 103.09973061084747], "roll": 2.8530062342871965, "rEff": 7.611847911156649, "axRatio": 0.993907819103965, "i0": 0.4379895146403685, "c": 2, "n": 0.9936374782239905}, "bar": null}