{"disk": {"I": 0.048744593718225995, "Re": 49.91690576504122, "c": 2.0, "mux": 131.30791185807183, "muy": 133.05794080441208, "n": 1.0, "q": 0.7052224015769368, "roll": 0.051349116667845696}, "bulge": {"I": 0.30092934459379095, "Re": 6.057391035846683, "c": 2.0, "mux": 141.51292263500235, "muy": 142.11797252709383, "n": 0.7824759430259938, "q": 0.7551839018693159, "roll": 2.206656405817574}, "bar": null, "spiral": []}