{"disk": {"I": 0.22677372407127785, "Re": 13.445891674479858, "c": 2.0, "mux": 47.667228402966316, "muy": 48.611735664428465, "n": 1.0, "q": 0.5436739432366618, "roll": 0.6476570603600051}, "bulge": {"I": 72.16975341013992, "Re": 0.2509116065350197, "c": 2.0, "mux": 48.24117134477865, "muy": 48.994444222701645, "n": 1.8792577000010169, "q": 0.06417584121730974, "roll": 0.7086779374721446}, "bar": null, "spiral": []}