{"disk": {"I": 0.04471781802961205, "Re": 39.25276402844797, "c": 2.0, "mux": 128.42002129745623, "muy": 125.88529802459914, "n": 1.0, "q": 0.6266015037662737, "roll": 0.6770627979617017}, "bulge": {"I": 0.1622515685965335, "Re": 11.862661471653055, "c": 2.0, "mux": 127.04429552378384, "muy": 126.29158879052734, "n": 1.2497666465093737, "q": 0.4738365862472508, "roll": 0.26094706722718836}, "bar": {"I": 0.7159348628511375, "Re": 0.0, "c": 2.0099999535273643, "mux": 134.1541327361106, "muy": 110.76723074849521, "n": 0.4899999535292226, "q": 0.18073483439960938, "roll": 1.0958351655943273}, "spiral": []}