{"disk": {"I": 0.1143807107559141, "Re": 23.60388657464865, "c": 2.0, "mux": 74.79941963679043, "muy": 74.23988711537535, "n": 1.0, "q": 0.6878197737991859, "roll": 3.11109734171799}, "bulge": {"I": 0.2795113114105824, "Re": 4.633939160821558, "c": 2.0, "mux": 73.45236749635637, "muy": 72.75484345072441, "n": 0.5244105196115681, "q": 0.4964115787762618, "roll": 1.8790183617213618}, "bar": null, "spiral": []}