{"spiral": [], "disk": {"mu": [74.6978759765625, 74.066162109375], "roll": 1.5146755440937199, "rEff": 42.88064221026203, "axRatio": 0.848812042553776, "i0": 0.1960566493074396, "c": 2, "n": 1}, "bulge": {"mu": [75.8697509765625, 74.652099609375], "roll": 0.7378150601204645, "rEff": 5.2609398385247585, "axRatio": 0.4767302191398601, "i0": 0.3625757951437627, "c": 2, "n": 0.5754039421732828}, "bar": null}