{"disk": {"I": 0.09966205741564091, "Re": 25.2133062907364, "c": 2.0, "mux": 79.04160942911047, "muy": 80.93344284934588, "n": 1.0, "q": 0.9114424129404874, "roll": 1.9099591736742139}, "bulge": {"I": 2.154393726702521, "Re": 5.532475805139051, "c": 2.0, "mux": 80.05757466757916, "muy": 79.912300888185, "n": 3.4812961253131327, "q": 0.01, "roll": 0.9405178963899323}, "bar": null, "spiral": []}