{"spiral": [[[[58.2681640625, 46.9423828125], [58.5236328125, 46.9423828125], [60.03515625, 47.94296875], [60.7802734375, 48.96484375], [61.8021484375, 50.220898437500004], [62.291796875, 50.7318359375], [62.802734375, 51.221484374999996], [62.802734375, 51.476953125], [63.313671875, 51.987890625], [63.313671875, 52.243359375000004], [64.56972656250001, 52.4775390625], [66.08125, 53.7548828125], [67.0818359375, 56.0115234375], [67.84824218749999, 57.012109375], [67.84824218749999, 57.778515625], [68.08242187500001, 58.033984375], [68.59335937499999, 59.0345703125], [68.848828125, 59.7796875], [69.104296875, 61.2912109375], [69.35976562500001, 61.8021484375], [69.35976562500001, 62.5685546875], [69.35976562500001, 63.313671875]], {"i0": 0.10802040356911957, "spread": 0.9764619334658657, "falloff": 0.9407570899732323}]], "disk": {"mu": [54.49213224649429, 54.5], "roll": 1.6980125850486287, "rEff": 21.89123280067233, "axRatio": 0.6849531993590258, "i0": 0.1757946320355671, "c": 2, "n": 1}, "bulge": {"mu": [54.743949085474014, 55.00364342331886], "roll": 0.956131795920063, "rEff": 4.224364569262359, "axRatio": 0.9995138306009067, "i0": 0.6802027402869512, "c": 2, "n": 1.0176259367915224}, "bar": null}