{"spiral": [], "disk": {"mu": [90.19638061523438, 90.18402099609375], "roll": 0.7674498421937049, "rEff": 45.02818258808278, "axRatio": 0.5279794206599788, "i0": 0.1637117842857565, "c": 2, "n": 1}, "bulge": {"mu": [90.42434692382812, 89.43008422851562], "roll": 0.29746676630066893, "rEff": 4.599717966006437, "axRatio": 0.14697573377778844, "i0": 0.2374841399695317, "c": 2, "n": 1.8049300180657992}, "bar": null}