{"spiral": [[[[74.092578125, 66.84296875], [79.065234375, 57.421093750000004]], {"i0": 0.2455950675663239, "spread": 0.09149707561171241, "falloff": 0.8334055036523309}]], "disk": {"mu": [65.98802030086517, 65.73502337932587], "roll": 0.40855266882491437, "rEff": 24.279929747374826, "axRatio": 0.46849019052529983, "i0": 0.2576745830986735, "c": 2, "n": 1}, "bulge": {"mu": [59.96848905086517, 66.04908907413483], "roll": 0.25732371497108864, "rEff": 3.834320226112327, "axRatio": 0.2952711660224702, "i0": 0.413695074838864, "c": 2, "n": 0.4917093844959401}, "bar": {"mu": [68.47434842586516, 66.44166719913483], "roll": 0.2267988480538859, "rEff": 4.099086500712257, "axRatio": 0.17491375092949552, "i0": 0.2911208471565989, "c": 1.628735373821976, "n": 0.516052735203309}}