{"disk": {"I": 0.08849764357942756, "Re": 30.834212884528615, "c": 2.0, "mux": 117.38411356855829, "muy": 116.201464350729, "n": 1.0, "q": 0.7941210489787954, "roll": 1.636009626754213}, "bulge": {"I": 0.39428383752441726, "Re": 2.9284463411578474, "c": 2.0, "mux": 117.15290609756016, "muy": 116.98008131010397, "n": 0.3960067327747855, "q": 0.656646412939784, "roll": 2.430571629843685}, "bar": null, "spiral": []}