{"disk": {"mux": 58.07825672445017, "muy": 56.16709459346589, "roll": 2.3038023104847847, "Re": 29.08898973158531, "q": 0.4514536892349594, "I": 0.01577582720678274, "n": 1.0, "c": 2.0}, "bulge": {"mux": 58.32647434409694, "muy": 55.49500355456618, "roll": 2.3239363864396307, "Re": 0.0, "q": 0.01, "I": 0.0, "n": 0.3085298075381765, "c": 2.0}, "bar": {"mux": 57.40279170724352, "muy": 56.03212140492195, "roll": 1.5386456613632145, "Re": 8.154246441517127, "q": 0.9517070278218325, "I": 0.08286669465225444, "n": 2.0263453237270856, "c": 1.5841948008312967}, "spiral": []}