{"disk": {"mux": 67.27817926561727, "muy": 67.39571723860558, "roll": -1.603677998016326, "Re": 16.55815475262579, "q": 0.8505791010793899, "I": 0.17905731127604635, "n": 1.0, "c": 2.0}, "bulge": {"mux": 68.140352564958, "muy": 66.247552521324, "roll": -1.482690345630214, "Re": 1.9253743313495268, "q": 0.43151270700279526, "I": 0.0, "n": 0.47311895669390824, "c": 2.0}, "bar": null, "spiral": []}