{"disk": {"I": 0.13610299164137551, "Re": 17.392498593045783, "c": 2.0, "mux": 54.03944135350519, "muy": 53.39677356385017, "n": 1.0, "q": 0.5887437337313985, "roll": 1.3737354064796037}, "bulge": {"I": 0.0, "Re": 1e-08, "c": 2.0, "mux": 55.03952516783143, "muy": 52.92813303510775, "n": 1.97, "q": 0.7851560494418041, "roll": 2.316028477533742}, "bar": null, "spiral": []}