{"spiral": [], "disk": {"mu": [43.74957275390625, 42.8203125], "roll": 1.9944652486724124, "rEff": 21.86837692102516, "axRatio": 0.618520597567763, "i0": 0.3207016910841307, "c": 2, "n": 1}, "bulge": {"mu": [43.74957275390625, 43.330078125], "roll": 2.2455372690184494, "rEff": 2.68857552648238, "axRatio": 0.5071061420174475, "i0": 0.7416611777531784, "c": 2, "n": 0.49600714920852795}, "bar": null}