{"disk": {"mux": 89.72804564008823, "muy": 89.77756458317663, "roll": -2.4549882273306647, "Re": 28.41577370702688, "q": 0.5847687618550341, "I": 0.09472535083046088, "n": 1.0, "c": 2.0}, "bulge": {"mux": 90.78230850224054, "muy": 88.72324249515941, "roll": -2.649012017566351, "Re": 10.377156947354923, "q": 0.22134675817936167, "I": 0.11957717088342394, "n": 1.2055251297256604, "c": 2.0}, "bar": null, "spiral": []}