{"spiral": [], "disk": {"mu": [32.534912109375, 32.5390625], "roll": 3.115957245068116, "rEff": 25.936747317456383, "axRatio": 0.5757881589892053, "i0": 0.11508499564958811, "c": 2, "n": 1}, "bulge": {"mu": [35.058349609375, 33.0703125], "roll": 0.08314123188844122, "rEff": 5.609254499083238, "axRatio": 0.3334376426844033, "i0": 0.7099658698239791, "c": 2, "n": 0.30197419058388}, "bar": null}