{"disk": {"I": 0.2403679816733554, "Re": 10.054572643649433, "c": 2.0, "mux": 37.4041367770717, "muy": 37.46946096416164, "n": 1.0, "q": 0.681457902641685, "roll": 2.5499906728265023}, "bulge": {"I": 2.5499198637825966, "Re": 0.0, "c": 2.0, "mux": 35.093097448386345, "muy": 38.311130762045934, "n": 0.49137389983912544, "q": 0.9103401505614998, "roll": 0.5639004947020485}, "bar": null, "spiral": [[[[35.1796874999759, 38.16328125001388], [35.17968750009976, 38.133593750000045], [35.17968749982555, 38.07421875010775], [42.42343749995507, 36.0257812500118], [47.35156250005957, 41.592187500027435], [44.249218749956526, 48.91015624996629]], {"I": 0.3701670055073198, "falloff": 0.8060254620104198, "spread": 0.0}], [[[33.72500000014742, 38.029687500031045], [33.680468750082525, 37.985156250081985], [33.51718749998298, 37.92578124994799], [33.47265624997914, 37.92578124995002], [33.45781249995832, 37.92578125008353], [25.664843749973215, 35.12031249990082], [22.68124999983371, 26.926562500005787], [26.54062500001146, 23.14140624999135]], {"I": 0.033441482942949255, "falloff": 0.01, "spread": 0.8916509695725723}]]}