{"spiral": [], "disk": {"mu": [91.11985605955124, 88.08991169929504], "roll": 2.576256134331791, "rEff": 66.29347204789872, "axRatio": 0.7164421727713612, "i0": 0.16991889691472845, "c": 2, "n": 1}, "bulge": {"mu": [82.72923105955124, 92.63483357429504], "roll": 2.884268938618705, "rEff": 0.4212817901100379, "axRatio": 0.20143096316161718, "i0": 0.301148639924707, "c": 2, "n": 1.2901749452404174}, "bar": {"mu": [87.62376230955125, 87.21588025987147], "roll": 0.769356678482723, "rEff": 7.829913366459613, "axRatio": 0.48632446480469593, "i0": 0.28983880164669446, "c": 1.5076185340041846, "n": 0.31486289071588014}}