{"disk": {"I": 0.16639060490758506, "Re": 17.561369992996006, "c": 2.0, "mux": 67.35822099028887, "muy": 69.1418214918611, "n": 1.0, "q": 0.8232976933238227, "roll": 1.8231691878496497}, "bulge": {"I": 1.471030077067919, "Re": 4.13053489858305, "c": 2.0, "mux": 68.53280107851126, "muy": 68.34335114119335, "n": 0.376629373331212, "q": 0.04473137068270783, "roll": 1.596094349262347}, "bar": null, "spiral": []}