{"disk": {"I": 0.03143468508553496, "Re": 20.355139313332593, "c": 2.0, "mux": 58.733923707012, "muy": 58.098729935702664, "n": 1.0, "q": 0.44944585400774206, "roll": 2.184149710888083}, "bulge": {"I": 0.0, "Re": 0.0, "c": 2.0, "mux": 58.32647434409694, "muy": 55.49500355456618, "n": 0.79, "q": 0.5000673421365243, "roll": 2.3239363864396307}, "bar": {"I": 0.028921740862921576, "Re": 12.057065874074427, "c": 3.407694203957712, "mux": 57.46253496876636, "muy": 57.32640027122207, "n": 4.3633403471240815, "q": 0.7845478163823012, "roll": 0.7483114514574358}, "spiral": []}