{"disk": {"I": 0.09875299735852572, "Re": 19.804260589016053, "c": 2.0, "mux": 74.45424184870568, "muy": 74.6488743590029, "n": 1.0, "q": 0.8325246963044279, "roll": 1.4673196976559595}, "bulge": {"I": 0.4684321637535665, "Re": 1.9475969189741535, "c": 2.0, "mux": 74.5073416398274, "muy": 74.55058422107513, "n": 1.0308613615928721, "q": 0.8045566771778345, "roll": 1.1280523918598149}, "bar": null, "spiral": []}