{"disk": {"I": 0.007920158922909712, "Re": 20.6288048757619, "c": 2.0, "mux": 63.594470977771664, "muy": 63.372282505224405, "n": 1.0, "q": 0.9773784695925273, "roll": 1.1335332410662495}, "bulge": {"I": 0.04609875514484153, "Re": 8.640780787448344, "c": 2.0, "mux": 63.41773152342273, "muy": 63.71712806843502, "n": 3.991116735410419, "q": 0.5975895252592791, "roll": 1.564344693051928}, "bar": null, "spiral": []}