{"spiral": [], "disk": {"mu": [43.26777309179306, 44.00410294532776], "roll": 1.7470310245315712, "rEff": 25.20012692744534, "axRatio": 0.6271876026560955, "i0": 0.33354670217294785, "c": 2, "n": 1}, "bulge": {"mu": [42.92792934179306, 42.98457169532776], "roll": 1.7773323999005726, "rEff": 9.998167928423342e-06, "axRatio": 0.3675162665014411, "i0": 0.0, "c": 2, "n": 0.889999998167929}, "bar": null}