{"spiral": [], "disk": {"mu": [50.04231631755829, 49.24153685569763], "roll": 0.43873064850750687, "rEff": 25.50612558515843, "axRatio": 0.5043904365779478, "i0": 0.2123010876977304, "c": 2, "n": 1}, "bulge": {"mu": [50.06819665431976, 49.875760078430176], "roll": 2.035089232262999, "rEff": 4.639911711481401, "axRatio": 0.9944705406803268, "i0": 0.3499857461878318, "c": 2, "n": 1.1436112707948234}, "bar": null}