{"spiral": [[[[183.6734375, 163.23125]], {"i0": 0.7499999999628779, "spread": 0.9999999999628902, "falloff": 0.9999999999628902}]], "disk": {"mu": [99.39218139648438, 98.80899047851562], "roll": 2.26355291012975, "rEff": 69.38269751308127, "axRatio": 0.8381205155051805, "i0": 0.17360878714283862, "c": 2, "n": 1}, "bulge": {"mu": [97.844482421875, 97.56185913085938], "roll": 2.110999111039111, "rEff": 3.2148550807321183, "axRatio": 0.4794450018803863, "i0": 0.6131237122500829, "c": 2, "n": 0.8543206663822998}, "bar": null}