{"disk": {"I": 0.08264630301389313, "Re": 22.658947825825788, "c": 2.0, "mux": 77.44877564897843, "muy": 76.7988281249412, "n": 1.0, "q": 0.9231017959882294, "roll": 3.083805822819841}, "bulge": {"I": 0.2998785773779846, "Re": 2.066702735540739, "c": 2.0, "mux": 76.76601612569073, "muy": 76.54122474783986, "n": 4.907402414653763, "q": 0.01, "roll": 2.145684444923237}, "bar": {"I": 2.062468394912739, "Re": 4.043344537988599, "c": 1.5588395920255258, "mux": 76.16241623452231, "muy": 76.19323790066792, "n": 1.3079382208709458, "q": 0.04873908345405877, "roll": 2.192456303009364}, "spiral": [[[[70.6130859374091, 71.86816406248212], [70.61308593751608, 71.47968749994456], [70.46367187505996, 71.36015624995775], [70.1050781250176, 71.09121093744966], [70.10507812509945, 70.971679687532], [69.83613281238377, 70.8521484374671], [69.44765625002367, 70.8521484375351], [68.79023437509193, 70.8521484375878], [68.67070312487238, 70.8521484374802], [68.28222656256514, 70.85214843744242], [68.04316406243413, 70.85214843752732], [67.89375000013933, 70.85214843760156], [67.50527343745921, 70.85214843747212], [67.14667968747733, 70.85214843748105], [66.9972656249438, 71.09121093755522], [66.87773437504927, 71.09121093756067], [66.75820312506391, 71.09121093754743], [66.60878906246217, 71.24062499996995], [66.36972656244075, 71.36015625003503], [66.2203125000683, 71.59921874996922], [65.98125000000414, 71.86816406247931], [65.83183593744832, 72.13710937501315], [65.47324218763526, 72.64511718754011], [64.93535156264102, 73.153125000013], [64.93535156254984, 73.27265625006373], [64.69628906255491, 73.42207031247995], [64.42734375002499, 73.54160156252516], [64.18828124997901, 73.93007812504666], [64.03886718751994, 74.04960937495642], [63.91933593760223, 74.43808593753351], [63.91933593759654, 74.70703125001057], [63.79980468744702, 74.82656250003032], [63.650390625261934, 75.21503906252337], [63.411328124932766, 75.48398437491181], [63.41132812486126, 75.60351562501043], [63.411328124983356, 75.72304687496549], [63.142382812549045, 75.99199218752895], [62.87343749985416, 77.00800781240795], [62.36542968753952, 77.66542968745796], [62.245898437487995, 78.17343749994589], [62.12636718750571, 78.56191406256812], [61.97695312495023, 78.95039062494247], [61.857421874978286, 79.18945312503064], [61.85742187478161, 79.57792968738292], [61.857421874989654, 80.11582031254812], [61.857421874940314, 80.47441406246297], [61.857421875242494, 80.74335937503511], [61.85742187494145, 81.01230468755236], [62.365429687352275, 81.63984374992478], [62.36542968749586, 82.14785156244558], [62.36542968773347, 82.41679687498204], [62.75390625008231, 82.68574218757003], [62.75390624990075, 83.07421874995764], [63.02285156256016, 83.43281250007081], [63.411328124848865, 83.97070312499689], [63.530859375018736, 84.47871093744048], [63.91933593749832, 84.98671875002574], [64.30781249988183, 85.37519531254956], [64.69628906251774, 86.03261718744486], [64.93535156247276, 86.27167968755114], [65.08476562500084, 86.77968749997868], [65.4732421875193, 87.31757812507662], [65.7123046873262, 87.82558593743136], [66.2203124999777, 88.99101562503597], [66.22031250018199, 89.34960937505892], [66.48925781265484, 89.88750000001032], [66.75820312476333, 90.27597656251201], [66.99726562497835, 90.78398437503155], [66.99726562525473, 91.02304687500113], [67.38574218746282, 91.56093750005395], [67.5052734375463, 92.06894531248597], [67.77421874995741, 92.45742187497456], [67.89375000004281, 92.96542968749213], [68.04316406250382, 93.08496093756428], [68.28222656268645, 93.7423828125936], [68.55117187501003, 94.25039062495654], [68.79023437503986, 94.9078125000619], [69.05917968754238, 95.53535156245623], [69.3281249998704, 96.04335937502498], [69.71660156263363, 96.70078125005041], [70.10507812484366, 97.08925781250949], [70.2246093750498, 97.59726562495652], [70.4636718749839, 97.8662109375331], [70.61308593750493, 97.86621093756536], [70.73261718751405, 98.10527343750678], [71.1210937500424, 98.37421874993902], [71.62910156240332, 98.76269531247023], [72.13710937498024, 99.15117187498906], [72.67500000002133, 99.53964843755705], [73.1830078123404, 100.16718750002866], [73.57148437497597, 100.16718750002232], [73.81054687511562, 100.28671875006815], [74.07949218753117, 100.55566406249179], [74.3484375000495, 100.55566406252953], [74.58750000019938, 100.67519531247066], [75.09550781261385, 100.67519531258348], [75.63339843762787, 100.9441406250376], [76.26093750010284, 101.06367187498495], [76.6494140624983, 101.06367187501647], [77.30683593737047, 101.33261718742095], [77.66542968741942, 101.45214843749123], [78.32285156245166, 101.57167968748686], [78.44238281253001, 101.57167968757516], [78.83085937500312, 101.57167968742432], [79.33886718736932, 101.57167968741003], [79.72734374992046, 101.57167968756129], [80.3847656250324, 101.57167968744731], [80.65371093747194, 101.57167968754095], [81.1617187497286, 101.5716796874188], [81.40078124987349, 101.57167968746093], [81.55019531244665, 101.5716796874208], [81.6697265627289, 101.57167968751598], [81.789257812487, 101.5716796875132], [82.29726562471359, 101.57167968751727], [82.68574218751081, 101.57167968744683], [83.07421875003331, 101.57167968749451], [83.22363281262056, 101.57167968751628], [83.34316406250372, 101.57167968752536], [84.2396484376913, 101.33261718758503], [85.64414062508257, 100.67519531250919], [86.18203125022154, 100.43613281252662], [86.57050781245175, 100.43613281252526], [87.07851562505954, 100.28671874995848], [88.36347656234261, 100.16718749994433], [89.14042968754097, 99.89824218743554], [90.03691406245451, 99.77871093746666], [90.156445312774, 99.77871093749386], [90.42539062485042, 99.77871093753252], [91.1724609374537, 99.65917968754069], [91.94941406272989, 99.53964843750938], [92.33789062497857, 99.39023437503607], [92.60683593750144, 99.39023437498773], [92.8458984375527, 99.27070312502737], [93.23437500004826, 99.00175781244978], [93.62285156276215, 98.76269531247888], [94.39980468752162, 97.98574218747397], [95.29628906237264, 96.9398437500101], [95.68476562510119, 96.70078125003164], [95.80429687503681, 96.58124999998836], [96.73066406251712, 96.3123046874603], [97.47773437497096, 96.19277343747483], [98.13515624995682, 95.9238281249484], [98.40410156241154, 95.80429687503506], [98.91210937479048, 95.26640625001161], [99.30058593769627, 95.02734375009842], [99.30058593755814, 94.75839843751314], [99.30058593747106, 94.63886718750001], [99.42011718753656, 94.51933593745092], [99.53964843742273, 94.36992187505373], [99.6890624999603, 93.98144531252933], [99.92812499998189, 93.62285156252895], [99.9281250000065, 93.47343750006246], [100.07753906245978, 93.23437499997289], [100.31660156248739, 92.96542968757377], [100.43613281247241, 92.57695312505349], [100.82460937503788, 92.18847656255849], [101.48203125003943, 91.56093749995112], [101.60156249985386, 91.41152343741955]], {"I": 0.03175579449063872, "falloff": 0.47736906127205864,