{"spiral": [], "disk": {"mu": [86.63482666015625, 87.63885498046875], "roll": 1.1715755572196438, "rEff": 18.874770985862767, "axRatio": 0.27682787580300705, "i0": 0.13622366769641805, "c": 2, "n": 1}, "bulge": {"mu": [86.97662353515625, 87.29705810546875], "roll": 1.6475682180646745, "rEff": 4.863000721295239, "axRatio": 0.7532058895716395, "i0": 0.6769747635187858, "c": 2, "n": 1.473758138449623}, "bar": null}