{"disk": {"I": 0.0814540672276161, "Re": 29.39005633201453, "c": 2.0, "mux": 92.43697684588614, "muy": 91.87367793853286, "n": 1.0, "q": 0.6809944089589534, "roll": 1.6002957641605484}, "bulge": {"I": 1.3935880189942114, "Re": 1.5944485667397752, "c": 2.0, "mux": 93.15942049181842, "muy": 91.15111849978177, "n": 0.2, "q": 0.3411433022964406, "roll": 1.5708982302057537}, "bar": null, "spiral": [[[[85.57283322742353, 89.62126341257573], [85.10321908174421, 89.83799822011105], [78.92666434939133, 99.34008899756435], [85.79101310462465, 103.60464288796027], [86.04389416239246, 103.60467591019932], [97.64020121157466, 102.6667402453038], [98.10983746041575, 102.66680157294059], [98.36271851777764, 102.66683459540752], [109.9953429202559, 103.60780360800572], [120.65216002568047, 100.5379165038874], [121.338499878471, 100.03214846185415], [122.06087347797143, 98.62306786864042], [123.97450519688539, 88.43389937281074], [122.99888946830185, 86.30194336812406], [121.84274023297587, 85.10941369186207], [121.58978549460767, 84.38672690504302]], {"I": 0.0, "falloff": 0.01, "spread": 0.0}], [[[107.35709026450456, 93.16511162441645], [107.14033507794193, 93.16508331950104], [109.48796005539168, 87.70935388135342], [95.03631096954001, 74.91649547678549], [93.15769246326806, 74.19359643967493], [89.36438115181096, 73.25365126099706], [83.9093022671621, 72.5302851977325], [81.77787637450854, 72.53000686529106], [80.33279401954337, 72.06009324819848]], {"I": 0.006293681080362384, "falloff": 0.01, "spread": 1.137640342908451}], [[[103.81656403222064, 91.28574945264745], [104.03334131598189, 91.50257389409262], [104.75520669465527, 85.1071823168333], [104.75518091291411, 84.85425349895058], [102.62363710196405, 83.69772914665373], [94.82025540941856, 81.78167771180574], [93.62810191658275, 81.7815220344574], [91.71338329037911, 81.31154706809366], [80.11695905979036, 81.09323662653452], [79.39444179245027, 81.09314227674156], [77.9855331212118, 81.09295829429783], [66.35307503044021, 81.7779603255085], [65.88348664029184, 82.24762393862846], [65.6668308071961, 83.22317820549557], [73.72383685319704, 92.43806584415103]], {"I": 0.0, "falloff": 0.9944274954837232, "spread": 0.0}]]}