{"disk": {"mux": 60.97025238360814, "muy": 59.117893809173324, "roll": 2.701652939851388, "Re": 18.525431513589496, "q": 0.9904228166702693, "I": 0.009258192912060592, "n": 1.0, "c": 2.0}, "bulge": {"mux": 60.733940995869574, "muy": 59.59052813042456, "roll": -3.0703793205422416, "Re": 22.283116391843734, "q": 0.6065252522405822, "I": 0.01188091476842416, "n": 5.822825057802485, "c": 2.0}, "bar": null, "spiral": []}