{"disk": {"I": 0.11159416842027961, "Re": 26.014306448808064, "c": 2.0, "mux": 102.31890226779592, "muy": 103.13945310591703, "n": 1.0, "q": 0.8544463597036297, "roll": 3.0127384307221363}, "bulge": {"I": 0.008738645423646151, "Re": 33.72753171957715, "c": 2.0, "mux": 101.58576584953653, "muy": 101.94298582463301, "n": 4.636042275944165, "q": 0.5641285729687904, "roll": 2.8529673616298012}, "bar": null, "spiral": []}