{"spiral": [], "disk": {"mu": [60.413345873355865, 60.49212071299553], "roll": 0.972718497423189, "rEff": 43.69875311422858, "axRatio": 0.9656185167964609, "i0": 0.19400105291620132, "c": 2, "n": 1}, "bulge": {"mu": [60.886002123355865, 60.72845244407654], "roll": 2.6779440273369004, "rEff": 3.5976225395361707, "axRatio": 0.9216261406596394, "i0": 0.66398719022261, "c": 2, "n": 0.5331360260541613}, "bar": null}