{"disk": {"mux": 43.789380445761594, "muy": 42.5872563996343, "roll": 1.4923168408026768, "Re": 12.656854310737055, "q": 0.6040817775589735, "I": 0.051324964848553145, "n": 1.0, "c": 2.0}, "bulge": {"mux": 43.959280419266406, "muy": 42.58726571782415, "roll": 0.0665291000415417, "Re": 0.04786204528157698, "q": 6.440191628096706, "I": 19.178729983573152, "n": 3.243996426850742, "c": 2.0}, "bar": null, "spiral": []}