{"disk": {"mux": 79.70835306285778, "muy": 77.52306008057224, "roll": -0.9133438359236581, "Re": 24.217700723347626, "q": 0.5481714760444405, "I": 0.08858045058013456, "n": 1.0, "c": 2.0}, "bulge": {"mux": 79.70835306285778, "muy": 77.52306008057224, "roll": 2.2350287424602784, "Re": 3.911689489580727, "q": 0.880600514218817, "I": 0.17785507810558457, "n": 0.7128340468876067, "c": 2.0}, "bar": {"mux": 78.7826152351555, "muy": 75.98061040475443, "roll": 2.376858771835184, "Re": 9.179321931644942, "q": 0.6704399111023828, "I": 0.021373384968026637, "n": 0.1506207755203969, "c": 1.1609100557256296}, "spiral": []}