{"disk": {"mux": 138.72186972759897, "muy": 136.599664849869, "roll": 3.026481138408029, "Re": 46.141969958897604, "q": 0.7354519518527974, "I": 0.053652270349412376, "n": 1.0, "c": 2.0}, "bulge": {"mux": 142.51912490262043, "muy": 140.55926864295986, "roll": -1.2594659747371728, "Re": 5.236906999101241, "q": 0.6650595578201093, "I": 0.2955168967704534, "n": 0.6111027458574099, "c": 2.0}, "bar": null, "spiral": []}