{"spiral": [], "disk": {"mu": [50.04231631755829, 49.24153685569763], "roll": 0.43873064850750687, "rEff": 25.513369528632257, "axRatio": 0.5252741654259404, "i0": 0.21954079640176527, "c": 2, "n": 1}, "bulge": {"mu": [50.06819665431976, 49.875760078430176], "roll": 2.035089232262999, "rEff": 4.623688941918776, "axRatio": 0.9999881627634287, "i0": 0.26040420532205644, "c": 2, "n": 1.1325627693310918}, "bar": null}