{"spiral": [], "disk": {"mu": [53.677001953125, 53.3671875], "roll": 3.136690732068344, "rEff": 38.204769836217274, "axRatio": 0.9913514334036523, "i0": 0.21491472535393977, "c": 2, "n": 1}, "bulge": {"mu": [54.098876953125, 52.9453125], "roll": 2.316215803069055, "rEff": 3.813807961001215, "axRatio": 0.9292118513412616, "i0": 0.24425534824774225, "c": 2, "n": 1.9568601934922}, "bar": null}