{"disk": {"I": 0.16008376060588764, "Re": 12.217569684075356, "c": 2.0, "mux": 43.557876224404616, "muy": 43.001605270106765, "n": 1.0, "q": 0.7181109487693009, "roll": 0.40668016349064556}, "bulge": {"I": 4.54256392653889, "Re": 5.831681619310686, "c": 2.0, "mux": 42.51271579026372, "muy": 44.07033782594877, "n": 0.900795118801575, "q": 0.01, "roll": 0.8019101741391211}, "bar": {"I": 0.015503033191578175, "Re": 0.6776080695192318, "c": 1.9892376158989964, "mux": 43.565618258965685, "muy": 44.246964447376534, "n": 0.46545020254344643, "q": 0.03175747152187961, "roll": 0.8237718712278417}, "spiral": [[[[42.82031250006298, 39.829687500007196], [38.572265624942474, 36.26132812503829], [30.076171875036493, 41.019140625041416], [26.167968750065114, 47.81601562502459], [25.828125000023363, 49.51523437491852], [25.82812500003257, 49.68515625007274], [26.677734374957367, 56.821874999932845], [26.847656250016257, 57.67148437502823], [27.017578125052523, 57.84140624996979], [28.71679687508771, 61.40976562498645], [29.566406249938836, 62.59921874996604], [30.24609374999062, 63.27890624987509], [32.794921875000625, 64.97812500002539], [32.9648437499003, 64.97812499988294], [39.251953124978684, 65.14804687503005], [39.42187500000233, 65.14804687517517], [44.34960937505929, 65.82773437499418], [48.42773437494344, 65.99765625006631], [48.59765624998187, 65.82773437495928], [48.59765624987938, 65.65781249997366], [53.525390625062585, 61.579687500153796], [53.69531250006395, 61.40976562510218], [54.03515624999113, 61.23984375004903], [57.773437500099874, 57.84140625006944], [57.94335937498829, 57.84140625002232], [57.94335937489808, 57.67148437488902], [60.8320312499138, 54.27304687484815], [61.00195312491908, 54.27304687501788]], {"I": 0.1625, "falloff": 1.18, "spread": 0.0}], [[[39.931640624916554, 54.27304687499304], [39.93164062488785, 54.4429687498033], [47.2382812499481, 57.33164062490147], [47.40820312496311, 57.16171875000424], [52.84570312497743, 53.25351562495547], [53.18554687494563, 53.253515624961096], [53.35546875005525, 52.9136718750795], [55.39453124995248, 44.58750000004346], [55.56445312501967, 44.587500000017485], [57.43359375002939, 37.62070312500731], [57.60351562506844, 36.94101562499645], [57.603515624931134, 35.58164062492182], [57.43359374995126, 35.24179687505364], [55.56445312502666, 28.105078125010664], [55.73437500000301, 27.935156250175964], [55.734374999978456, 27.595312499975478], [53.52539062494185, 23.51718749990829], [53.185546874983714, 23.347265624838656], [51.65625000008416, 22.32773437499418], [50.97656249997152, 21.81796874986412], [49.44726562503979, 21.30820312508837], [48.937500000044395, 21.138281250164823], [34.664062500019384, 25.38632812504818], [34.4941406249967, 25.726171874890326], [30.24609375004067, 27.76523437502442], [24.468749999966235, 31.843359375057503], [23.789062500058236, 32.862890625053296], [21.070312499961148, 35.751562499849], [17.162109374930623, 39.48984374999844], [16.482421874972033, 41.5289062499632], [14.953124999989882, 44.41757812501328], [14.78320312504647, 44.75742187522553], [12.914062499965269, 52.23398437483377], [12.914062500048914, 52.40390625003539]], {"I": 0.0, "falloff": 1.1800000099999999, "spread": 0.1529296875}]]}