{"disk": {"mux": 52.00040457224975, "muy": 52.997863065646584, "roll": 0.9003881133108537, "Re": 24.96720068782823, "q": 0.4861474354222848, "I": 0.0715044174988693, "n": 1.0, "c": 2.0}, "bulge": {"mux": 51.59423229198785, "muy": 52.99803388952728, "roll": 0.9831112055987298, "Re": 2.3873840119880043, "q": 1.709634973293554, "I": 0.23903250115972455, "n": 0.5687678213013343, "c": 2.0}, "bar": null, "spiral": [[[[46.92996324539547, 55.43747425422964], [46.726907581723026, 55.64068288106671], [44.69619855086296, 56.65715307670382], [43.883884459091064, 56.86061794027091], [43.27462603259539, 56.860874175760046], [42.86848422428886, 57.06416821572316], [42.056139655554034, 57.064509863219314], [41.44688122893626, 57.06476609895583], [41.243795086730074, 57.06485151083302], [41.04070894453412, 57.06493692259642], [40.634506185340115, 56.861984530363316], [40.63447571058691, 56.6588613142477], [40.228181528915, 55.84653927616023], [40.02506491285055, 55.643501473098354], [40.025003963938275, 55.23725504377808], [39.82188734866929, 55.034217241293504], [39.61867931078007, 54.22180979793518], [39.61855741422471, 53.40931694605615], [39.618496465924636, 53.00307052130006], [39.61846599175749, 52.799947309184404], [39.618435517376156, 52.59682409738775], [39.61828314680167, 51.58120804135319], [39.61794793090337, 49.3468527359837], [39.8209426465894, 48.73739769962947], [40.22708444795728, 48.534103668047464], [40.22705397361176, 48.33098046061343], [40.63316529988094, 47.924563222490974], [40.83619048775017, 47.51823139716339], [41.0391852005456, 46.90877636648759], [41.24221038768201, 46.502444543054025], [41.44523557422292, 46.09611272059715], [41.445205099149916, 45.892989515384556], [41.85128594624109, 45.283449077844125], [42.86644234526591, 43.45491318804284], [43.27255366348538, 43.048495959938805], [43.67866498154342, 42.64207873252826], [44.28786243295917, 42.23557609405157], [44.693973748794065, 41.82915886832427], [45.506196378012646, 41.01632441945594], [46.52150513743709, 40.20340456203735], [46.92764692697199, 40.000110539118964], [47.1307025825115, 39.796901928420084], [47.333758237852294, 39.59369331795256], [47.53684437098343, 39.593607906131865], [47.53681389289352, 39.39048470756518], [47.73990002590301, 39.39039929590558], [47.94298615939465, 39.390313883894805], [47.94295568092798, 39.18719068573637], [48.1460418140864, 39.18710527382973]], {"I": 0.08040745651700201, "spread": 1.3640836630861501, "falloff": 0.4101580328619832}], [[[58.504928306602324, 49.13578622300713], [58.9110396146657, 48.72936898325554], [60.12934305033127, 47.30699406240444], [61.34770744761249, 46.290865562171575], [61.956965857811724, 46.29060932646303], [62.160051994626656, 46.29052391466098], [62.363138131283904, 46.29043850268613], [62.56622426789511, 46.29035309092956], [62.97239654117868, 46.29018226709513], [63.378660273300625, 46.899381060193946], [63.78492400682933, 47.50857985525238], [64.191157254764, 47.91465544504604], [64.19118774139235, 48.11777865201418], [64.39430436566738, 48.32081644751952], [64.39433485256234, 48.52393965499152], [64.39436533935441, 48.72706286274615], [64.39442631265956, 49.133309278677416], [64.19134017474937, 49.13339469066864]], {"I": 0.16062238635581944, "spread": 4.168583412147751, "falloff": 1.9084910236680621}]]}