{"disk": {"mux": 66.49188232418342, "muy": 66.60147094721611, "roll": -0.4716155678694529, "Re": 27.943171921649498, "q": 0.8014770309380139, "I": 0.016754925944086473, "n": 1.0, "c": 2.0}, "bulge": {"mux": 66.49188232420602, "muy": 66.34170532227242, "roll": -0.04874185132768627, "Re": 5.148202178258009, "q": 0.7195587980074586, "I": 0.24084865306898984, "n": 1.2707222482820142, "c": 2.0}, "bar": null, "spiral": []}