{"disk": {"mux": 98.66489445405864, "muy": 93.24385029350924, "roll": 2.9139808566294896, "Re": 13.299296597024673, "q": 7.085198839897925, "I": 0.0015444256239644683, "n": 1.0, "c": 2.0}, "bulge": {"mux": 104.24001432523005, "muy": 101.21197076077897, "roll": 0.30288276362551925, "Re": 6.475396311800653, "q": 0.9711351213110504, "I": 0.27979135942345973, "n": 0.6406286201717929, "c": 2.0}, "bar": {"mux": 105.63614583818162, "muy": 96.2317453507317, "roll": -3.14156188414494, "Re": 35.493319489660195, "q": 0.39846269056937217, "I": 0.07846479629814183, "n": 0.33966035872186, "c": 3.098020197608267}, "spiral": []}