{"disk": {"I": 0.16195779789631873, "Re": 21.56935874376993, "c": 2.0, "mux": 76.89019261414154, "muy": 76.0110153615662, "n": 1.0, "q": 0.8648732421698494, "roll": 1.695168879004088}, "bulge": {"I": 1.3907109326973541, "Re": 1.0244914360899182, "c": 2.0, "mux": 78.10112634281876, "muy": 76.01054032610762, "n": 1.2602001153627855, "q": 0.1258162301486612, "roll": 0.5044353290701123}, "bar": null, "spiral": [[[[73.25737683796274, 69.64605756489499], [65.99178414052989, 73.88685659932736], [67.80821126373053, 85.38914753298621], [81.1285005343712, 93.55710842433581], [93.5405571365065, 87.4980272778322], [98.9897270684994, 73.26849062204639], [94.44869235046156, 58.437450695626126], [87.18307394630489, 51.47795583154527], [72.04640071394721, 51.18118311560272], [57.81793204347923, 52.7003180850802]], {"I": 0.00997225103034162, "falloff": 0.2522780212494253, "spread": 5.013072545751909}], [[[84.15580798816853, 81.75020720567119], [89.90773221712163, 76.9045808895674], [87.18310264034085, 64.19180318126052], [78.70655732478264, 60.25989005235698], [69.3218226480846, 61.1717035189327], [59.02889191259004, 63.90013711875582]], {"I": 0.08908826994705343, "falloff": 0.01, "spread": 0.006482751042600827}]]}