{"spiral": [[[[47.734375, 47.9375], [41.84375, 45.09375], [38.1875, 50.78125], [43.265625, 61.75], [56.671875, 68.453125], [66.625, 69.46875]], {"i0": 0.24, "spread": 0.49, "falloff": 1.0}], [[[58.703125, 54.640625], [64.390625, 57.484375], [64.59375, 57.484375], [58.90625, 44.6875], [58.90625, 44.484375], [46.71875, 34.53125], [46.515625, 34.53125], [33.515625, 33.515625]], {"i0": 0.14, "spread": 0.62, "falloff": 1.0}]], "disk": {"mu": [51.38427734375, 51.390625], "roll": 2.498091544796509, "rEff": 30.29609375, "axRatio": 0.7161504815257599, "i0": 0.23, "c": 2, "n": 1}, "bulge": {"mu": [52.19677734375, 51.1875], "roll": 2.480549484739106, "rEff": 6.901624370053219, "axRatio": 0.942004253521117, "i0": 0.52, "c": 2, "n": 0.93}, "bar": {"mu": [51.99365234374998, 50.98437499999997], "roll": 2.7233683240105644, "rEff": 2.8265800729662756, "axRatio": 0.39092516739650207, "i0": 0.14, "c": 2.0, "n": 0.42}}