{"disk": {"mux": 85.18879801865899, "muy": 86.1091916287728, "roll": 1.2236713783965432, "Re": 16.403049209942523, "q": 0.5676456693422812, "I": 0.13014331204092355, "n": 1.0, "c": 2.0}, "bulge": {"mux": 87.359962323594, "muy": 85.64688872492684, "roll": 2.8448172458992445, "Re": 1.125944725453728e-06, "q": 0.5001967908811701, "I": 0.58125, "n": 1.07, "c": 2.0}, "bar": null, "spiral": []}