{"disk": {"mux": 98.71051025387803, "muy": 100.04049682629437, "roll": 2.4095788336790003, "Re": 33.21141490615371, "q": 0.7893656971986543, "I": 0.06653167064684906, "n": 1.0, "c": 2.0}, "bulge": null, "bar": {"mux": 98.09436190137245, "muy": 100.44347642351127, "roll": 1.3535029041001663, "Re": 5.442600453014907, "q": 0.03158836550837284, "I": 1.0561598102572203, "n": 0.4606424959195287, "c": 2.952409024839876}, "spiral": [[[[101.24902343752603, 99.03359374988858], [107.89531249998436, 99.38339843759292], [108.24511718758437, 99.38339843739175], [109.48886718758332, 99.22792968722067], [109.83867187500894, 99.2279296875497], [109.83867187492322, 98.87812500025098], [111.04355468762193, 97.4789062498173], [111.237890625056, 96.77929687488725], [111.39335937498944, 96.42949218755598], [111.39335937504605, 95.72988281250036], [111.58769531255516, 95.18574218747602], [111.7431640625605, 93.63105468739593], [112.28730468751155, 91.88203125000814], [112.63710937503448, 90.48281249992505], [112.63710937503669, 89.08359375000961], [112.63710937499415, 87.83984375004044], [112.63710937511374, 87.14023437488072], [112.28730468745951, 86.44062500018578], [111.58769531245142, 85.74101562510069], [110.69375000000008, 85.23574218741985], [108.94472656263613, 83.64218749975356], [106.14628906254791, 82.39843749992201], [103.34785156247197, 81.19355468749197], [100.89921875007241, 79.59999999989253], [98.45058593755539, 78.04531249994858], [94.05859374988604, 76.80156250016967], [91.95976562505557, 76.45175781232092], [90.05527343750829, 76.45175781237864], [87.95644531256698, 76.10195312506079], [86.36289062497067, 76.29628906253927], [84.10859374998721, 76.45175781246502], [81.11582031251129, 77.15136718742966], [80.41621093737724, 77.34570312521603], [80.06640625014106, 77.69550781225496]], {"I": 0.11187020780294606, "spread": 1.1954385826261626, "falloff": 1.869597292319413}], [[[94.7582031250128, 101.83203125000333], [93.00917968747345, 100.43281250013007], [91.9597656251108, 99.73320312475383], [89.35566406254293, 98.8781249999482], [87.76210937487448, 98.33398437505895], [87.41230468740406, 98.17851562508702], [87.25683593747024, 98.17851562497685], [87.06249999995916, 98.87812499996252], [84.96367187503148, 100.27734374988867], [84.61386718750654, 100.97695312510066], [84.45839843750534, 101.48222656256112], [84.45839843748988, 101.83203125002075], [84.26406250001975, 102.72597656248797], [84.45839843757322, 103.93085937492569], [84.45839843748755, 104.82480468753337], [84.26406249997677, 105.87421875008269], [84.26406250001008, 106.7292968749914], [84.45839843754595, 107.07910156232077], [84.61386718735017, 107.97304687518331], [85.50781250000921, 109.72207031256946], [86.36289062500799, 110.5771484374715], [87.06250000004877, 111.12128906236458], [88.30625000002584, 112.32617187495316], [89.16132812501533, 113.22011718753208], [89.8609375000305, 114.46386718754945], [90.21074218744414, 115.31894531258021], [90.560546874975, 116.0185546876672], [91.1046875000115, 116.91249999995523], [93.90312500004967, 119.0113281249364], [95.10800781252141, 119.71093749997738], [96.3517578124392, 120.91582031246836], [97.55664062504985, 121.4599609374101], [99.84980468751982, 122.50937499982788], [101.40449218753761, 123.20898437491329], [104.39726562500732, 123.71425781253492], [106.14628906250938, 124.25839843771209], [107.73984375001757, 125.11347656241068], [107.89531249998345, 125.11347656246829], [107.89531250005265, 125.30781249982255]], {"I": 0.13041313398163057, "spread": 1.3836584322671166, "falloff": 1.6890689269091186}]]}