{"spiral": [], "disk": {"mu": [70.68654924631119, 69.89333045482635], "roll": 3.054851467320118, "rEff": 40.96705733883147, "axRatio": 0.9999999935156509, "i0": 0.34649231566667105, "c": 2, "n": 1}, "bulge": null, "bar": null}