{"spiral": [], "disk": {"mu": [127.07444149255753, 125.91642758250237], "roll": 1.598566859785639, "rEff": 76.71240775311684, "axRatio": 0.7808354052189286, "i0": 0.1253330861471294, "c": 2, "n": 1}, "bulge": {"mu": [126.49086907505989, 126.20820248126984], "roll": 0.5779012515277895, "rEff": 7.532612231968997, "axRatio": 0.9039946689518475, "i0": 0.6528659396708613, "c": 2, "n": 0.7352006757420996}, "bar": null}