{"disk": {"I": 0.13014331204092355, "Re": 16.403049209942523, "c": 2.0, "mux": 85.18879801865899, "muy": 86.1091916287728, "n": 1.0, "q": 0.5676456693422812, "roll": 1.2236713783965432}, "bulge": {"I": 0.58125, "Re": 1.125944725453728e-06, "c": 2.0, "mux": 87.359962323594, "muy": 85.64688872492684, "n": 1.07, "q": 0.5001967908811701, "roll": 2.8448172458992445}, "bar": null, "spiral": []}