{"disk": {"I": 0.1673152251161609, "Re": 16.193174982479633, "c": 2.0, "mux": 47.80072962352478, "muy": 45.95891694698406, "n": 1.0, "q": 0.4587652536506838, "roll": 1.988980779890422}, "bulge": {"I": 0.0, "Re": 0.0, "c": 2.0, "mux": 48.54456221516834, "muy": 45.78187573602639, "n": 0.2, "q": 0.01, "roll": 1.8210687677315618}, "bar": null, "spiral": [[[[46.002277763610564, 46.019374795577335], [45.99683709154125, 45.869472570318635], [38.64843535737931, 45.985557856739035], [33.02214049324556, 43.93787223139134], [26.586716598515693, 40.26840378805696], [20.012317816041474, 36.904168162860174], [18.859950634569486, 34.0940241990686]], {"I": 0.0, "falloff": 0.8258957204729319, "spread": 0.0}], [[[47.63437560220715, 45.5099566362548], [51.097393706781524, 45.83481203128173], [54.26069914048186, 46.17052406263639], [57.306792276414534, 47.4110777811386], [59.18123794018443, 49.44456917714177], [62.01466912993573, 53.094415194300666], [60.33608760754408, 56.457403965938454]], {"I": 1.2580210976119601, "falloff": 0.8375082066049024, "spread": 0.0}]]}