{"disk": {"I": 0.08635141319169115, "Re": 16.25577394270148, "c": 2.0, "mux": 67.02319335935766, "muy": 66.77343749990573, "n": 1.0, "q": 0.9675319030372451, "roll": 2.8997536975655263}, "bulge": {"I": 0.007241355041042635, "Re": 19.467443905794045, "c": 2.0, "mux": 66.24975585937474, "muy": 66.25781249992409, "n": 9.99380653846127, "q": 0.2865659356573682, "roll": 2.910501986485371}, "bar": null, "spiral": []}