{"disk": {"I": 0.13229503267932485, "Re": 25.451265339891314, "c": 2.0, "mux": 77.4616601685276, "muy": 77.17128099939193, "n": 1.0, "q": 0.689211497613169, "roll": 1.6766534046746582}, "bulge": {"I": 0.0, "Re": 0.0, "c": 2.0, "mux": 77.99047851554661, "muy": 77.9999999999201, "n": 3.87, "q": 0.9435273721309494, "roll": 0.11065722115642511}, "bar": {"I": 0.15217158254001428, "Re": 10.003423101701204, "c": 5.791119130391511, "mux": 76.83976891757185, "muy": 78.35821172095031, "n": 1.0037284788711087, "q": 0.198085444841995, "roll": 0.7966826487883266}, "spiral": []}