{"disk": {"I": 0.04490054043266834, "Re": 20.869626176060013, "c": 2.0, "mux": 78.08378720273276, "muy": 79.2187500000384, "n": 1.0, "q": 0.704375220678566, "roll": 2.477546490766273}, "bulge": {"I": 3.020228182305208, "Re": 4.809798249211502, "c": 2.0, "mux": 78.38847470266018, "muy": 78.3046874999749, "n": 5.121444734084692, "q": 0.016690794651782775, "roll": 2.880990261664436}, "bar": null, "spiral": [[[[80.2242187501771, 65.56875000004226], [79.31015624998349, 65.56874999992847], [77.48203124978028, 66.7874999999831], [76.5679687500346, 67.39687499993605], [76.26328124987583, 67.39687500005373], [76.26328124989988, 68.00625000002952], [76.26328124985451, 68.31093749995034], [76.26328124993756, 69.22499999991729], [76.26328124987418, 69.83437500009285], [76.26328124999782, 70.44375000002674], [76.2632812499773, 71.05312499999792], [76.26328125002203, 71.662499999972], [76.26328124996303, 71.96718749992868], [76.26328125000111, 72.27187499996651]], {"I": 0.019714397520467143, "falloff": 0.4805347683708164, "spread": 4.020962643616041}]]}