{"disk": {"I": 0.07895846317974568, "Re": 18.822244757670326, "c": 2.0, "mux": 63.08959248645101, "muy": 63.74331575630799, "n": 1.0, "q": 0.7968681589312363, "roll": 2.386185524780563}, "bulge": {"I": 121.28013302500658, "Re": 0.49834222064665656, "c": 2.0, "mux": 64.1339699030224, "muy": 63.441493093994026, "n": 10.0, "q": 0.017060950941548275, "roll": 0.9097527899368127}, "bar": null, "spiral": []}