{"disk": {"I": 0.0019886574774336495, "Re": 64.42974713341366, "c": 2.0, "mux": 51.79157071361567, "muy": 48.35974369843859, "n": 1.0, "q": 0.6474736443672846, "roll": 1.6107605711815676}, "bulge": {"I": 0.14007562589931413, "Re": 11.575790597074041, "c": 2.0, "mux": 52.24126870189497, "muy": 49.25912360272753, "n": 0.9799425348472518, "q": 0.8989239598911734, "roll": 2.3909566801282316}, "bar": null, "spiral": []}