{"spiral": [], "disk": {"mu": [76.32947227358818, 76.2864508330822], "roll": 0.4890041412921722, "rEff": 49.035893997570504, "axRatio": 0.6960479114477413, "i0": 0.1923139868324679, "c": 2, "n": 1}, "bulge": {"mu": [75.93623560667038, 76.87630358338356], "roll": 0.7898448765202826, "rEff": 3.712768628416248, "axRatio": 0.7512261026391669, "i0": 0.6707150963809737, "c": 2, "n": 0.4650646814074842}, "bar": null}