{"spiral": [], "disk": {"mu": [57.45232230424881, 58.77210193872452], "roll": 0.20614442260454746, "rEff": 32.298721677539106, "axRatio": 0.5793656333377617, "i0": 0.09143263928493976, "c": 2, "n": 1}, "bulge": {"mu": [59.16586744785309, 58.80140286684036], "roll": 3.0182590398514773, "rEff": 4.077897333408435, "axRatio": 0.8355601414458242, "i0": 0.6870429556422599, "c": 2, "n": 1.0281846804828083}, "bar": null}