{"spiral": [], "disk": {"mu": [147.5562744140625, 146.42578125], "roll": 0.413330404539328, "rEff": 47.89189242828932, "axRatio": 0.5153492137663468, "i0": 0.0260443362747219, "c": 2, "n": 1}, "bulge": {"mu": [147.6478886604309, 146.6396062374115], "roll": 0.4615906677715014, "rEff": 5.521333288438611, "axRatio": 0.7825531797286406, "i0": 0.7600337136903309, "c": 2, "n": 0.5000342097800069}, "bar": null}