{"spiral": [[[[69.7265625, 81.56640625], [77.4921875, 81.4296875], [88.29296875, 71.6953125], [92.53125, 62.26171875]], {"i0": 0.29079774738960845, "spread": 1.013016710118384, "falloff": 1.249783338349542}], [[[70.4921875, 58.0234375], [67.921875, 49.4921875], [54.6875, 47.05859375], [43.5859375, 61.1953125], [44.48828125, 75.33203125], [50.28515625, 80.80078125]], {"i0": 0.07072658517638254, "spread": 1.5150540681409537, "falloff": 0.5079607041998648}], [[[60.45703125, 80.0625], [59.69140625, 88.8671875], [66.85546875, 94.63671875]], {"i0": 0.02276658566880003, "spread": 2.2381271215629432, "falloff": 0.01525518923448414}], [[[71.72265625, 87.19921875], [71.859375, 87.19921875], [72.0234375, 87.19921875], [79.625, 86.59765625], [85.53125, 82.93359375]], {"i0": 0.2717590512572191, "spread": 1.3392239769715557, "falloff": 0.9174817883687016}], [[[90.86328125, 54.5234375], [85.53125, 47.98828125], [75.5234375, 45.85546875]], {"i0": 0.2843284358597913, "spread": 1.859905342343418, "falloff": 0.8489239740583098}], [[[77.4921875, 58.625], [77.328125, 58.4609375], [75.9609375, 52.08984375]], {"i0": 0.26421117365703195, "spread": 0.3103004027997974, "falloff": 1.0981763494663033}]], "disk": {"mu": [70.068359375, 69.48958277702332], "roll": 3.1075921561173723, "rEff": 34.10514943722165, "axRatio": 0.9309199292256636, "i0": 0.11849760422481385, "c": 2, "n": 1}, "bulge": {"mu": [69.92849469184875, 69.34531629085541], "roll": 1.5167947626726612, "rEff": 4.247963893299067, "axRatio": 0.8933618270547935, "i0": 0.44748915923054094, "c": 2, "n": 1.4075254413651825}, "bar": {"mu": [70.02383232116699, 69.67901468276978], "roll": 1.5707963267948966, "rEff": 3.4380418515661533, "axRatio": 0.1132404318339517, "i0": 0.17788955030900133, "c": 2.259148704210998, "n": 0.46081073271139356}}