{"disk": {"I": 0.056888190720708755, "Re": 33.41005560198178, "c": 2.0, "mux": 120.69182011566437, "muy": 121.07663310282766, "n": 1.0, "q": 0.8658677773703373, "roll": 1.7091810942091026}, "bulge": {"I": 0.0659540679800647, "Re": 12.982145840555019, "c": 2.0, "mux": 118.63675235062178, "muy": 120.65431874627845, "n": 0.2, "q": 0.728487133940897, "roll": 1.43359306192949}, "bar": null, "spiral": [[[[121.25307695315973, 117.74078689112832], [121.2530565736991, 117.268189523746], [121.72558958172249, 114.90528525340528], [122.19816335199772, 113.48757571115561], [118.88959670741161, 110.65141334510713], [111.32743813735112, 110.65009200973026], [104.71073298048395, 114.90231224889158], [98.09406877860812, 120.09972712243439]], {"I": 0.0, "falloff": 0.01, "spread": 0.0}], [[[121.2531788506517, 120.1037737115887], [121.25319923011631, 120.57637107210235], [121.72587488688936, 121.52164837344486], [121.72591564479387, 122.46684308703436], [121.72597678168125, 123.88463514884859], [122.19863205503782, 124.35731508419366], [122.19867281164386, 125.30250978412158], [126.92506248949792, 126.24853031392814], [132.123903735996, 122.94125727808364], [135.43212401844067, 117.74326439488334], [134.48654875670968, 110.65413859958886], [130.23261050426783, 105.45482406043618]], {"I": 0.15175814101599314, "falloff": 5.336903320084418, "spread": 25.568044732040086}]]}