{"disk": {"mux": 123.63556979687428, "muy": 121.6452262476532, "roll": 1.569634450536616, "Re": 29.854692628885797, "q": 0.8114322284107249, "I": 0.08900059223199754, "n": 1.0, "c": 2.0}, "bulge": {"mux": 124.1285145000287, "muy": 123.45757724818256, "roll": 2.6212313664397544, "Re": 4.3797873687980005, "q": 0.6013263886403115, "I": 0.31327531863888913, "n": 0.5308289747335141, "c": 2.0}, "bar": null, "spiral": []}