{"spiral": [], "disk": {"mu": [97.15985107421875, 95.67826843261719], "roll": 0.9527644194654767, "rEff": 39.764018136141715, "axRatio": 0.4115310402523897, "i0": 0.22940150236945478, "c": 2, "n": 1}, "bulge": {"mu": [98.14115905761719, 97.69120788574219], "roll": 0.9820729160679832, "rEff": 4.982692223003271, "axRatio": 0.27783679275576967, "i0": 0.3619718700906073, "c": 2, "n": 0.5242435325406456}, "bar": null}