{"disk": {"I": 0.11748874149758216, "Re": 12.548657752825324, "c": 2.0, "mux": 41.01864500533533, "muy": 40.32778719165431, "n": 1.0, "q": 0.778563382061907, "roll": 2.150317782260489}, "bulge": {"I": 4.686001945874934, "Re": 2.7236662853861646, "c": 2.0, "mux": 41.196773438296496, "muy": 40.4556407141914, "n": 0.7944335366040403, "q": 0.01966585705772298, "roll": 3.1031708399207485}, "bar": null, "spiral": []}