{"disk": {"mux": 82.1850264233475, "muy": 81.86958364556608, "roll": 0.5957480072068803, "Re": 25.155764719245962, "q": 0.6145374425393209, "I": 0.12006717843336026, "n": 1.0, "c": 2.0}, "bulge": {"mux": 82.1850264233475, "muy": 81.86958364556608, "roll": -2.44525757766401, "Re": 0.0, "q": 0.01, "I": 0.8252740240225327, "n": 0.18223010347958224, "c": 2.0}, "bar": null, "spiral": []}