{"disk": {"mux": 70.07916611427845, "muy": 70.0520160197612, "roll": -0.08777389233576992, "Re": 22.25451156114084, "q": 0.7868971094838542, "I": 0.05979312821668268, "n": 1.0, "c": 2.0}, "bulge": {"mux": 69.80768173941931, "muy": 69.78053164490268, "roll": 2.0831857871101156, "Re": 4.227822758765636, "q": 0.01, "I": 5.97976318326122, "n": 1.9583728073928137, "c": 2.0}, "bar": {"mux": 78.63092392674872, "muy": 87.83424258217852, "roll": -1.0671990154395172e-10, "Re": 5.46750490841289, "q": 5.564093368629541, "I": 0.0022555313725839275, "n": 6.5987439430496835, "c": 2.373946325916431}, "spiral": []}