{"disk": {"I": 0.06723498158217756, "Re": 35.32753685015245, "c": 2.0, "mux": 117.59390990288853, "muy": 116.27904901221802, "n": 1.0, "q": 0.807221435734684, "roll": 0.47826640013425953}, "bulge": {"I": 0.04524052790092539, "Re": 20.763129728659788, "c": 2.0, "mux": 118.4654829605663, "muy": 117.40737647693834, "n": 2.1798565801715877, "q": 0.23159689165494635, "roll": 2.2898338395201434}, "bar": {"I": 0.06414381959391514, "Re": 11.503543352957013, "c": 0.7168903839512752, "mux": 116.8215978753117, "muy": 115.89048941697331, "n": 1.8159776423609693, "q": 0.724962157890116, "roll": 1.5707391762781153}, "spiral": []}