{"spiral": [], "disk": {"mu": [40.54088509082794, 40.482160806655884], "roll": 2.2073045425828477, "rEff": 31.5623580589438, "axRatio": 0.8237180177898124, "i0": 0.17871903135436049, "c": 2, "n": 1}, "bulge": {"mu": [41.02135384082794, 39.841535806655884], "roll": 3.070285188804503, "rEff": 2.189850045323622, "axRatio": 0.3360035469673785, "i0": 0.6703597601000941, "c": 2, "n": 0.9094219304576004}, "bar": null}