{"disk": {"I": 0.061313776525825384, "Re": 23.645082786671345, "c": 2.0, "mux": 73.32682828882936, "muy": 73.40132039385469, "n": 1.0, "q": 0.8757567584328836, "roll": 2.9354883845797284}, "bulge": {"I": 0.0575889018946203, "Re": 8.15050960361569, "c": 2.0, "mux": 73.79999999409512, "muy": 73.79999999520389, "n": 2.3191494337283936, "q": 0.810639984569598, "roll": 2.0617323760456756}, "bar": null, "spiral": []}