{"disk": {"I": 0.07276151751461832, "Re": 10.945295717075926, "c": 2.0, "mux": 34.59812227714929, "muy": 33.629829156090864, "n": 1.0, "q": 0.671027653907953, "roll": 2.9512958611904394}, "bulge": {"I": 0.5920528807126015, "Re": 1.7193019220510772, "c": 2.0, "mux": 34.59811882890824, "muy": 33.49506356938059, "n": 0.987415825749307, "q": 0.7033544447381097, "roll": 1.1659336576103687}, "bar": null, "spiral": []}