{"disk": {"I": 0.06487086340025737, "Re": 16.02940311714249, "c": 2.0, "mux": 45.86141967767992, "muy": 47.40820312499983, "n": 1.0, "q": 0.5264164225526954, "roll": 0.42826415288555747}, "bulge": {"I": 1.5587279485141448, "Re": 0.0, "c": 2.0, "mux": 46.40634155270686, "muy": 45.591796874905754, "n": 2.008261774428531, "q": 0.687158096126614, "roll": 0.4094372094787362}, "bar": {"I": 2.0785497602827188, "Re": 3.116039286778328, "c": 0.5117616636049395, "mux": 46.00789126754353, "muy": 45.65319232638558, "n": 10.0, "q": 0.10093162385203337, "roll": 5.078604203845316e-12}, "spiral": []}