{"disk": {"I": 0.06784610833152807, "Re": 10.904086810189442, "c": 2.0, "mux": 39.142232868856034, "muy": 39.40429446004177, "n": 1.0, "q": 0.9220650007613572, "roll": 0.314617091634561}, "bulge": {"I": 2.051488400478496, "Re": 0.3877049778892857, "c": 2.0, "mux": 39.417531714507824, "muy": 39.116328993301885, "n": 1.2909921392382622, "q": 0.9450488417224162, "roll": 1.6129898858549385}, "bar": {"I": 0.3258046782628662, "Re": 2.940358762540893, "c": 2.5187514488868334, "mux": 39.79820042575305, "muy": 37.936780068093455, "n": 0.22714409619858766, "q": 0.251136175441606, "roll": 0.48462131860556446}, "spiral": []}