{"spiral": [], "disk": {"mu": [87.14752197265625, 88.1195068359375], "roll": 0.9694966346597809, "rEff": 31.838242714293532, "axRatio": 0.5752879318789329, "i0": 0.2239016700993712, "c": 2, "n": 1}, "bulge": {"mu": [87.83111572265625, 88.1195068359375], "roll": 2.2655346029916, "rEff": 2.1667155205280935, "axRatio": 0.5208313184789515, "i0": 0.32344346880262054, "c": 2, "n": 2.580615169809341}, "bar": {"mu": [71.59576416015625, 79.4036865234375], "roll": 1.5707963267948966, "rEff": 14.261314644370456, "axRatio": 0.49272277218512184, "i0": 0.12690921059109742, "c": 2.5341005505818166, "n": 0.552528801064693}}