{"spiral": [[[[60.84140625, 44.2265625], [57.355078125, 40.102734375000004], [45.919921875, 39.56484375], [41.15859375, 44.007421875], [41.676562499999996, 51.737109374999996], [44.864062499999996, 57.355078125], [57.036328125000004, 60.6421875], [62.75390625, 60.004687499999996], [62.75390625, 60.104296874999996], [65.82187499999999, 57.135937500000004]], {"i0": 0.17486654787221306, "spread": 0.8315304930460619, "falloff": 0.9640622669472863}]], "disk": {"mu": [53.7828369140625, 50.203125], "roll": 2.988943325194528, "rEff": 36.66205088142571, "axRatio": 0.724620318546506, "i0": 0.14078377527284092, "c": 2, "n": 1}, "bulge": {"mu": [51.5914306640625, 50.80078125], "roll": 0.15494234260625694, "rEff": 2.683404233361723, "axRatio": 0.5243271777713532, "i0": 1.647908605164758, "c": 2, "n": 0.25346783278391627}, "bar": null}