{"spiral": [], "disk": {"mu": [63.036986231803894, 64.43430888652802], "roll": 2.248046674039682, "rEff": 47.86088609308604, "axRatio": 0.9585319353804338, "i0": 0.21155917600796928, "c": 2, "n": 1}, "bulge": {"mu": [63.39841341972351, 63.194074511528015], "roll": 1.4930854403214238, "rEff": 3.510023734619367, "axRatio": 0.7963760267668222, "i0": 0.5853429221212075, "c": 2, "n": 1.0084984943859943}, "bar": null}