{"disk": {"mux": 136.18163457021683, "muy": 133.61092612562953, "roll": 0.7077134064943421, "Re": 31.86367856563181, "q": 0.9902791553287205, "I": 0.06983295635223234, "n": 1.0, "c": 2.0}, "bulge": {"mux": 135.12289136691038, "muy": 134.66938353909222, "roll": 2.850141294344254, "Re": 5.195987202472546, "q": 0.30853308878875646, "I": 0.5048354332613867, "n": 0.4647802922988754, "c": 2.0}, "bar": null, "spiral": [[[[121.89775075966514, 134.12358105909556], [120.30924639363343, 137.8281876417038], [120.30778613898212, 145.76663905239985], [120.30720203715993, 148.94201961415013], [122.95250269259247, 154.76355724777937], [126.65654656765565, 159.52663722875127], [130.36097974764374, 162.17279678772678], [135.12386398645742, 165.34818894818932], [139.88674806493827, 168.52358100180027], [144.12064981959293, 170.11128151442864], [148.88402035204643, 170.6405231919454], [155.2352132661673, 171.1697687252974], [161.05722909544005, 171.16978292860182], [165.29142227740107, 171.16979325817906], [168.46726178603177, 170.11134099962018], [172.7022335676561, 165.8775113821521], [174.82001146954275, 162.17290664403117], [176.93798404623712, 157.40984198203714], [177.4678422575029, 154.23446337394444], [179.5858147970987, 149.4713988093453], [180.11547829432928, 147.3544802080875], [180.64562855283694, 142.59141170151904], [182.234132265349, 138.88680587474295], [182.23442432352414, 137.29911593486838], [182.76437986951146, 133.5945074339639], [182.76486663305414, 130.94835753677717], [182.76554810151262, 127.24374767883342], [182.76613221742357, 124.06836779901298], [182.76671633358774, 120.89298791779879], [182.76710574425252, 118.77606799619036], [181.70914170125477, 115.60068532497782], [181.18015967678463, 114.01299397999941], [180.12258503166635, 108.72069132728039], [180.1228770892869, 107.13300136870284], [180.12316914705647, 105.54531140985878]], {"I": 0.013949642971163023, "spread": 6.403342531916755, "falloff": 0.32628972148840546}]]}