{"spiral": [], "disk": {"mu": [63.036986231803894, 64.43430888652802], "roll": 2.248046674039682, "rEff": 47.85424914166179, "axRatio": 0.9883486747992153, "i0": 0.21492310443129536, "c": 2, "n": 1}, "bulge": {"mu": [63.39841341972351, 63.194074511528015], "roll": 1.4930854403214238, "rEff": 3.5014533695981664, "axRatio": 0.8256718559522341, "i0": 0.5048925547839572, "c": 2, "n": 1.0005499928154977}, "bar": null}