{"disk": {"I": 0.16919524564167676, "Re": 29.76748708560066, "c": 2.0, "mux": 96.57273708031494, "muy": 94.78439774641618, "n": 1.0, "q": 0.34552572455268754, "roll": 2.6382986136078963}, "bulge": {"I": 0.00670644178822682, "Re": 1.611760874843342, "c": 2.0, "mux": 96.63523535042305, "muy": 95.706543706108, "n": 0.8453183069527114, "q": 0.010419804844735894, "roll": 2.0985737120443964}, "bar": {"I": 0.0026293360542222572, "Re": 74.26657315097262, "c": 6.019529637395467, "mux": 94.91334463797386, "muy": 96.83199663931867, "n": 2.860139693298319, "q": 0.4465550547108296, "roll": 2.581085486129181}, "spiral": []}