{"disk": {"mux": 67.71124005312714, "muy": 67.28015005589936, "roll": -0.2048687384642035, "Re": 19.773169184919595, "q": 0.47299800937987074, "I": 0.16307285911837366, "n": 1.0, "c": 2.0}, "bulge": {"mux": 67.59297072898414, "muy": 68.25676918046966, "roll": 2.492028345842708, "Re": 0.5759815621618061, "q": 0.2677679476772699, "I": 2.4648479736658464, "n": 0.14899398226028604, "c": 2.0}, "bar": null, "spiral": []}