{"disk": {"I": 0.07865162441598031, "Re": 21.35902579067838, "c": 2.0, "mux": 95.41190049299304, "muy": 91.6506609194752, "n": 1.0, "q": 0.724121551452448, "roll": 2.8157526046206938}, "bulge": {"I": 0.0, "Re": 0.7224538613509894, "c": 2.0, "mux": 96.65700866069776, "muy": 94.81436863422472, "n": 0.8604953142491358, "q": 0.954555143430887, "roll": 1.257649863070526}, "bar": {"I": 0.24300455427314502, "Re": 4.795840384924831, "c": 2.531262566430774, "mux": 94.37199584234568, "muy": 95.11115342239934, "n": 0.8737139378387292, "q": 0.6241906654930832, "roll": 1.2520018120372314}, "spiral": [[[[137.62858048110684, 113.14369975823865], [137.25758545290518, 113.14363773680566], [136.88659042474518, 113.14357571498113], [136.51559539662298, 113.14351369362771], [136.14460036839893, 113.14345167194631], [135.77360534025115, 113.14338965023671], [135.4026103121035, 113.14332762863705], [135.03161528393653, 113.14326560693598], [134.6606202558297, 113.14320358563248], [134.28962730565897, 112.40106813928924], [133.91863331755465, 112.02996940655055], [133.54763829039325, 112.0299073848094], [132.80564823616032, 112.02978334155034], [132.06365818184128, 112.02965929858408], [131.6926631546898, 112.02959727696793], [131.32166812759624, 112.02953525524572], [130.57967807327236, 112.02941121193766], [130.2086830461373, 112.02934919050836], [129.83768801898412, 112.02928716876806], [129.09569796467153, 112.02916312565657], [128.35370791039927, 112.02903908268468], [127.9827128832494, 112.02897706111054], [127.61171785609469, 112.02891503929175], [127.24072282896475, 112.02885301792907], [126.86972780180398, 112.02879099614341], [126.49873277458892, 112.02872897454847], [125.38574769313378, 112.02854290949784], [125.01475266604137, 112.02848088841091], [124.64375763884333, 112.02841886652902], [124.27276261164326, 112.02835684468437], [123.90176758450836, 112.02829482341559], [122.78878250295713, 112.02810875870233], [122.046791398273, 112.39902142666887], [121.6757963707265, 112.39895940507222], [121.30480134323076, 112.39889738342998], [120.933806315746, 112.3988353619468], [120.56281128821307, 112.39877334040125], [119.44982515277954, 112.7696239872601], [119.07883012498682, 112.7695619659159], [118.7078350971462, 112.76949994428952], [117.9658450413823, 112.7693759012704], [117.59485001349427, 112.76931387955926], [117.22385498559358, 112.76925185809733], [115.36887984625362, 112.7689417500207], [114.99788587531637, 112.39784301645585], [114.62689084776154, 112.39778099475558], [114.25589687794319, 112.0266822619127], [113.88490185067005, 112.02662024027518], [112.77191782817634, 111.6553974651664], [112.77191888716959, 111.28436075524178], [112.40092703874157, 110.17118860770734], [112.02993201328763, 110.17112658620192], [111.65893698783502, 110.17106456434044], [111.28794196239856, 110.17100254304438], [110.91694693687128, 110.17094052144051], [111.28794196239856, 110.17100254304438], [111.65893698783502, 110.17106456434044], [112.77192100519238, 110.54228733730929], [112.77191994622461, 110.91332404593248], [113.14291391364002, 111.28442277644189], [113.5139078818569, 111.65552150816882], [113.8849029087039, 111.65558352996709], [114.25589687794319, 112.0266822619127], [114.62689190508675, 112.02674428356909], [114.99788693225572, 112.02680630495632], [115.36888195944731, 112.02686832659646], [115.7398769866179, 112.02693034831253], [116.11087201388777, 112.02699236998166], [116.85285784723897, 113.51126326242616], [117.96583871614573, 114.9955961875001], [118.3368326922748, 115.36669492604602], [118.33683058453617, 116.10876836145206], [119.07881959340122, 116.47992912394426], [119.07881854022197, 116.85096584354648], [119.07881748698499, 117.2220025635109], [119.44981146622958, 117.59310130617007], [119.82080649857363, 117.59316332771886], [120.19180047880877, 117.96426207100046], [120.93378844139782, 118.7064595595279], [121.30478242362767, 119.07755830469279], [121.30478137249341, 119.44859502936595], [122.78875835966942, 120.56195329305785], [123.1597512960681, 121.30408876987872], [123.5307463318509, 121.30415079116108], [123.90174136760919, 121.30421281266234], [124.27273535511067, 121.6753115629806], [124.64372934325651, 122.04641031352003], [124.64372829522759, 122.41744704364407], [125.38571836892262, 122.41757108693321], [125.75671340569914, 122.41763310810086], [125.75671235882083, 122.78866983899695], [126.12770634925926, 123.1597685919067], [126.49870138684028, 123.15983061350465], [126.86969537844642, 123.5309293668306], [127.24069041626302, 123.53099138853133], [127.9826804919474, 123.5311154318178], [128.72467056759046, 123.53123947469538], [129.0956645616127, 123.90233822918026], [129.46665855636655, 124.27343698407873], [129.83765255167395, 124.64453573988834], [137.9995775803628, 112.40168835520325]], {"I": 0.021212662174257574, "falloff": 0.24389656590401163, "spread": 3.1473928535669957}], [[[68.62366913657888, 57.84770115135882], [67.51068530690691, 57.476478476868635], [66.397697070611, 58.58940224359719], [65.65570490963626, 59.33135142499253], [65.65570380680447, 59.702388038365484], [64.54271776684607, 60.07323858775442], [64.17172057930105, 60.81524979604103], [63.429729514976344, 61.186162368692806], [62.68773623808639, 62.29914817812062], [61.9457451695412, 62.67006075381414], [61.57474908138619, 63.04103535167468], [61.20375299271387, 63.41200995032489], [60.090763614151854, 64.89597037328798], [58.97777755448368, 65.26682093213253], [58.9777764454513, 65.63785755649701], [57.86478816255294, 66.7507813690413], [57.49379317723705, 66.75071934735473], [57.49379206682161, 67.12175597450681], [56.380802664090965, 68.60571642524059], [56.00980434164336, 69.71876429760084], [55.63880712939425, 70.4607755421344], [55.26780991565539, 71.20278678939297], [54.154822720368145, 71.94467399621044], [53.41283051166096, 72.68662322705921], [53.41282828319032, 73.42869650454008], [53.0418321770814, 73.79967112243628], [52.67083607036352, 74.17064574100436], [53.04183106268434, 74.17070776248141], [53.78382104696345, 74.17083180580221], [53.78381993305533, 74.54186844674126], [54.896804910621825, 74.54205451194224], [55.26780101561425, 74.17107989234518], [55.6387982321269, 73.42906863427692], [56.380790437927146, 72.68711940015748], [57.12278041952305, 72.68724344350363], [57.86477040118305, 72.68736748697484], [58.606760382745875, 72.6874915301596], [58.97775537345356, 72.68755355170777], [59.34875036423472, 72.68761557335978], [60.09074256191593, 71.94566634215465], [61.20372974617135, 71.20377913543854], [62.316715820287016, 70.83292856590322], [63.05870800893871, 70.09097934161167], [64.17169297392417, 70.09116540688416], [65.28468014528755, 69.34927820664564], [66.02667012057509, 69.34940224993886], [66.39766731265394, 68.60739100962212], [68.62363833447534, 68.23672650970104], [70.84961154819842, 67.12398875408832], [71.22060763142633, 66.7530141485957], [72.33359478036537, 66.01112696124699], [72.70459086115635, 65.64015235765174], [73.44658192515573, 65.2692397765652], [73.81757800418818, 64.89826517452826], [74.55956906577309, 64.52735259493431], [74.93056404889657, 64.52741461627761], [75.30156121981858, 63.78540339420891], [75.30156231356197, 63.414366773013], [74.55957344398794, 63.04320610961565], [74.18857955718872, 62.67210746848565], [72.33360793983516, 61.55868750556817], [71.59162017375024, 60.8164902292653], [70.10764355096504, 59.70313229818663], [69.73664857230165, 59.703070276434744], [68.99466301383146, 58.218799783965835], [68.25267526011714, 57.476602520069605]], {"I": 0.12559831384182277, "falloff": 0.7769383460264423, "spread": 2.1015436034646386}]]}