{"disk": {"mux": 38.0689239466638, "muy": 37.31135235313741, "roll": -0.20675972491206054, "Re": 8.732198238882399, "q": 0.6270421870800422, "I": 0.05532980773914196, "n": 1.0, "c": 2.0}, "bulge": {"mux": 38.068924978446404, "muy": 37.61210981509521, "roll": 2.2458675381183917, "Re": 0.804923960942708, "q": 0.8360419771406261, "I": 2.3623001412510516, "n": 0.508267586241664, "c": 2.0}, "bar": {"mux": 37.843338399955485, "muy": 37.16114333810117, "roll": 1.5707921271225835, "Re": 0.6491877586833701, "q": 0.7481187155137179, "I": 0.836543359027222, "n": 0.15996440674017362, "c": 1.8136031656658638}, "spiral": []}