{"spiral": [[[[49.48046875, 48.23828125], [50.72265625, 44.92578125], [51.13671875, 44.92578125], [51.7578125, 44.92578125], [56.7265625, 45.33984375], [57.34765625, 45.75390625], [59.2109375, 47.203125], [59.625, 47.6171875], [63.765625, 53.62109375], [64.1796875, 54.2421875], [64.80078125, 55.27734375], [68.11328125, 59.41796875], [68.52734375, 60.0390625], [69.1484375, 60.8671875], [74.53125, 71.6328125], [75.56640625, 73.91015625], [76.39453125, 75.98046875], [76.6015625, 78.2578125], [76.6015625, 78.87890625], [69.1484375, 81.36328125], [62.73046875, 79.29296875]], {"i0": 0.022555879977975316, "spread": 1.099838067116354, "falloff": 0.17672295004890287}], [[[54.44921875, 59.625], [54.44921875, 62.9375], [47.41015625, 60.8671875], [42.234375, 53.828125], [39.3359375, 49.89453125], [39.12890625, 49.48046875], [37.6796875, 45.9609375], [36.0234375, 43.26953125], [36.0234375, 42.85546875], [34.98828125, 37.05859375]], {"i0": 0.018049159485819, "spread": 0.5146712638669206, "falloff": 0.01611073976291173}]], "disk": {"mu": [53.4075927734375, 52.37890625], "roll": 2.28759998673807, "rEff": 25.334531681534955, "axRatio": 0.5465009645445107, "i0": 0.25403082167147223, "c": 2, "n": 1}, "bulge": {"mu": [53.4075927734375, 53.0], "roll": 2.3006959849466284, "rEff": 7.16784468862754, "axRatio": 0.9781986384639167, "i0": 0.22490733358522574, "c": 2, "n": 1.4995759013051375}, "bar": null}