{"disk": {"I": 0.07189510257324688, "Re": 16.763399409988217, "c": 2.0, "mux": 47.82179642984002, "muy": 46.82281705994126, "n": 1.0, "q": 0.4654148091540415, "roll": 1.1384809483885818}, "bulge": {"I": 142.2966217461827, "Re": 0.47661763950043445, "c": 2.0, "mux": 48.384192986301656, "muy": 47.01021755569241, "n": 8.982721118281026, "q": 0.017793968172384125, "roll": 1.7506237670814337}, "bar": null, "spiral": []}