{"disk": {"I": 0.14583034876368214, "Re": 19.479513729471996, "c": 2.0, "mux": 66.00510248275077, "muy": 63.820609363437384, "n": 1.0, "q": 0.7873241072577731, "roll": 2.4917284755216005}, "bulge": {"I": 1.2612840850761635, "Re": 0.6781951352368493, "c": 2.0, "mux": 65.49361648087506, "muy": 64.50285769105335, "n": 0.31463270835268575, "q": 0.7499496496993655, "roll": 2.4704968116918096}, "bar": null, "spiral": [[[[69.74766965212336, 63.65353898873232], [77.08784354674117, 67.23608446419497], [79.1338896702789, 72.68595290182799], [78.95486421253759, 75.6026835439617], [78.2899025232449, 76.95866164037017], [77.08785668859207, 79.69621339323406], [75.55332836342075, 81.56383266370747], [74.19782767027857, 82.58714518844866], [71.64027711923006, 82.58694389260211], [70.94973881420515, 82.91950079156595], [70.77071065202006, 83.27768343076568]], {"I": 0.01563064267264042, "falloff": 0.01, "spread": 4.802092414083442}], [[[62.76555879146997, 66.03243880060569], [56.29495543962366, 66.21102752650914], [52.023844150813375, 65.00817343026918], [50.66834069913307, 63.65203606704611], [50.15682777612017, 61.09344747547719], [50.31027502290931, 55.643751671833385], [52.202854912882344, 48.30086717538266], [56.44838489416702, 44.028426205665795], [60.38701195595854, 42.851804533402884], [62.43305403494287, 44.2079964153571], [65.32308909937683, 46.76677246685827], [68.0596696232534, 47.96950583551008], [68.21312282612223, 48.12303082188879]], {"I": 0.06279035341417531, "falloff": 0.7754136097672192, "spread": 2.767002706759653}]]}