{"disk": {"I": 0.101875551423732, "Re": 34.96009659757808, "c": 2.0, "mux": 123.99213584266636, "muy": 123.32969894472274, "n": 1.0, "q": 0.6357636548166212, "roll": 0.19372181524861354}, "bulge": {"I": 0.2766699946990104, "Re": 4.638114315500713, "c": 2.0, "mux": 124.05131249079307, "muy": 126.2697914654317, "n": 0.5452249456069409, "q": 0.5093457177110484, "roll": 2.996835688954286}, "bar": {"I": 0.5265795924370612, "Re": 1.968765109687812, "c": 1.7285790386884263, "mux": 126.59774609328906, "muy": 118.8644740507159, "n": 0.2, "q": 0.15892125572953122, "roll": 2.564903871480793}, "spiral": [[[[85.13635369840995, 67.73381217972678], [85.12649086324609, 67.24379663732861], [84.13685529064355, 66.7738125230278], [83.63710608659653, 66.2938126945794], [83.13735688227825, 65.81381286625572], [82.64747051709867, 65.82382858240953], [82.15758415339496, 65.83384429851355], [80.65833654454207, 64.39384481686204], [80.15858734163339, 63.91384498939931], [79.16895177948095, 63.44386088164174], [78.16945337435277, 62.48386122789282], [77.66970417163702, 62.00386140094406]], {"I": 0.586709029021619, "falloff": 0.8318814425669033, "spread": 1.1797899073471323}], [[[129.14397858645623, 38.4014743264521], [129.13411581665446, 37.91145863015993], [129.1242530470455, 37.42144293236424], [129.11439027736742, 36.931427233001045], [129.1045275074548, 36.441411532217444]], {"I": 0.49652422375898486, "falloff": 2.8601071082204648, "spread": 0.0}], [[[185.8095362621076, 150.97334460509842], [185.7700855392087, 149.0132828840426], [185.68132141100477, 144.6031439239663]], {"I": 0.37179420300525423, "falloff": 3.470832271861784, "spread": 0.3417588571930802}], [[[70.70261729118101, 202.8385721024639], [71.18264055538941, 202.3385414877464], [71.17277770354099, 201.8485263827755], [73.10273364171712, 200.33841899862625], [73.09287079250271, 199.84840388483872], [73.56303122368399, 198.8583581350855], [74.52307779262833, 197.85829685770364]], {"I": 0.6509324149481132, "falloff": 2.4365345897946455, "spread": 0.39490364173024306}], [[[125.8164404443263, 213.96721375996788], [125.33641695763151, 214.46724440095454], [124.85639347392635, 214.9672750388895], [123.88648374294621, 215.4773211679842], [123.41632303967299, 216.46736693478078], [122.93629956734094, 216.9673975608797]], {"I": 0.3566368425721073, "falloff": 3.910480756570009, "spread": 0.1324000285424771}], [[[103.2619485152818, 213.44789633736013], [102.7720623229784, 213.45791183418612], [102.29203893677595, 213.9579424437054], [100.8322431819048, 214.478004040595], [99.86233362433563, 214.988050136913], [98.40253789901385, 215.50811172214185], [97.91265172394355, 215.51812721544593], [96.94274219099589, 216.02817330130404]], {"I": 0.3563285334245392, "falloff": 3.7956201958977163, "spread": 0.0}], [[[178.81954341897608, 193.274914240091], [178.32965697693714, 193.28492976898917], [176.88958573775562, 194.78502219761606], [175.92953825907114, 195.78508380186884], [174.48946706319134, 197.28517618540332]], {"I": 0.6457961208927445, "falloff": 2.6569897812842513, "spread": 0.42391183203151694}], [[[197.47155622572075, 97.30124661287937], [197.96144287338848, 97.29123094032559], [199.92098947804425, 97.25116824942813], [200.89090012930706, 96.74112128768036], [202.36056010890047, 96.71107426689161], [203.83022010087507, 96.6810272458954], [204.8099934362807, 96.6609958982574], [206.27965344989934, 96.63094887681461], [206.76954012400188, 96.62093320290387], [207.25942679966738, 96.61091752890081], [207.7493134765881, 96.6009018551755], [208.23920015494218, 96.59088618120109], [208.72908683475998, 96.58087050711481]], {"I": 0.9143438095604166, "falloff": 1.0588569758301034, "spread": 0.6215280409432752}], [[[56.269164364628296, 118.81635885664878], [55.289391956714326, 118.83639012923686], [52.84982384403429, 119.3764836467767], [50.91986773230951, 120.88659217862278], [50.429981546232284, 120.89660781179998], [49.46007206582681, 121.40665440288456], [47.5103902407285, 121.93673225243003], [46.060457506297894, 122.94680977870428]], {"I": 0.6042567890148409, "falloff": 2.899161898622484, "spread": 0.25571551826291417}]]}