{"disk": {"I": 0.09630871553792981, "Re": 18.299413534304406, "c": 2.0, "mux": 72.19090448207365, "muy": 71.68255295413104, "n": 1.0, "q": 0.9626306804184875, "roll": 1.6010682908411369}, "bulge": {"I": 0.47263463035114817, "Re": 2.5822166077180064, "c": 2.0, "mux": 71.90794367781206, "muy": 71.1161535478584, "n": 0.33494251393890384, "q": 0.4648196899869427, "roll": 2.0456118282385916e-05}, "bar": null, "spiral": []}