{"disk": {"mux": 88.78985595704432, "muy": 89.50000000000233, "roll": -2.154169333793623, "Re": 27.363083389104105, "q": 0.9458051930968125, "I": 0.07359166811083719, "n": 1.0, "c": 2.0}, "bulge": {"mux": 89.83868408203972, "muy": 88.80078125001594, "roll": -2.308611386919052, "Re": 4.224979579101565, "q": 0.4452157654786986, "I": 0.3478595104367124, "n": 0.3038071584052852, "c": 2.0}, "bar": {"mux": 89.48907470706928, "muy": 88.45117187500924, "roll": 0.9006742893422205, "Re": 1.1466939017128273, "q": 0.01001241606667088, "I": 0.21251098296563484, "n": 0.15114594233169917, "c": 2.9956480278807724}, "spiral": []}