{"spiral": [], "disk": {"mu": [127.19131457805634, 125.81864935159683], "roll": 0.02005626866228649, "rEff": 56.75677026670121, "axRatio": 0.5672647404325418, "i0": 0.18920227922770652, "c": 2, "n": 1}, "bulge": {"mu": [125.53512787818909, 125.29224732518196], "roll": 3.123412824054886, "rEff": 4.939229025625125, "axRatio": 0.3752359330072079, "i0": 0.4548650154890905, "c": 2, "n": 0.8658409662227806}, "bar": null}