{"disk": {"I": 0.04814342985158421, "Re": 18.94286390761108, "c": 2.0, "mux": 70.7766742405106, "muy": 68.88175010635558, "n": 1.0, "q": 0.9010700811351581, "roll": 3.107581178928858}, "bulge": {"I": 3.624926827083436, "Re": 2.057289936696772, "c": 2.0, "mux": 70.92094296480013, "muy": 69.02159947545886, "n": 1.1889791529496836, "q": 0.01, "roll": 1.5168993345251223}, "bar": {"I": 0.5059338032936177, "Re": 4.6526825157166645, "c": 2.6229487201351773, "mux": 70.58726375354877, "muy": 68.92626939588024, "n": 2.0169048851991542, "q": 0.08905200319058211, "roll": 1.5709030861153837}, "spiral": [[[[58.70094921105658, 69.2233570028639], [58.83682722152605, 61.458682082829114], [68.56919323719274, 50.65934053282001], [78.00150394788761, 46.42169394744877]], {"I": 0.20504905618655989, "falloff": 2.7872885558030434, "spread": 2.8297902114277016}], [[[82.24176503813453, 68.45811451645199], [90.77253802368898, 71.02821760757524], [93.2073307905996, 84.2610053744396], [79.07304203058254, 95.3610398696336], [64.93746986508631, 94.45863400710078], [59.46858167383607, 88.66239958772042]], {"I": 0.027024627885818407, "falloff": 1.006223669907765, "spread": 2.5218751950602836}], [[[60.205712520462384, 78.49177499097243], [51.401880176214036, 79.25719878175289], [45.6320911636783, 72.09393990114063]], {"I": 0.007971843138558468, "falloff": 0.020567008750193804, "spread": 3.4799705486237147}], [[[53.0684186825722, 67.22743782717288], [53.06840409443066, 67.09073577036503], [53.06838658846095, 66.92669330231433], [53.66908511972838, 59.32606650103463], [57.332195300760304, 53.420583155022996]], {"I": 0.10123426736169652, "falloff": 1.3993233468120718, "spread": 2.7982978765025264}], [[[85.73928147429058, 48.08955428373997], [92.27443105862608, 53.42101402050213], [94.40812439014144, 63.4276289721646]], {"I": 2.5740538518621103, "falloff": 3.116644858317737, "spread": 2.131494721746784}], [[[81.63950809223161, 61.45896260831677], [81.80357366042483, 61.62300707327006], [88.17425214402408, 62.99010580661735]], {"I": 0.38660470543190323, "falloff": 0.9530248442321476, "spread": 0.0}]]}