{"disk": {"I": 0.02871490205928711, "Re": 21.834888964781825, "c": 2.0, "mux": 76.17255015599392, "muy": 73.28442910641637, "n": 1.0, "q": 0.63219897634326, "roll": 0.8143744749041045}, "bulge": {"I": 3.7353960573609197, "Re": 0.7231711998981166, "c": 2.0, "mux": 75.57436891237015, "muy": 75.49163801978011, "n": 4.347327021579841, "q": 0.32153618025368796, "roll": 0.3237401024004857}, "bar": {"I": 0.10573818532807383, "Re": 0.2865049755624949, "c": 1.5810396463474212, "mux": 77.33858429825925, "muy": 73.48083093890023, "n": 1.940718657760164, "q": 0.11223256409752061, "roll": 0.8769553792949633}, "spiral": [[[[66.41291184963379, 80.16182306824112], [66.58981352652799, 80.16182246670542], [66.58972843696822, 80.4567032094435], [66.26531509765377, 80.78107312830696], [66.08831982286495, 81.10544254529509], [65.94085921469062, 81.25288341703049], [65.94080816125162, 81.42981186143572], [65.79334755341131, 81.57725273238691], [65.61630973522412, 82.04906251747502], [65.46884061896523, 82.22599146184541], [65.29185385510746, 82.5208728014727], [65.29180280186961, 82.69780124445595], [65.14434219502408, 82.84524211403743], [64.99678799128759, 83.31705179471487], [64.99669439399509, 83.64142060553274], [64.81974166674968, 83.81834964756331], [64.67218746381053, 84.29015932512311], [64.67214491969295, 84.43759969324196], [64.49514964911947, 84.76196910160502], [64.49505605217507, 85.08633790968668], [64.34755290313828, 85.38121914345766], [64.34740825355055, 85.88251639013436], [64.34732316568667, 86.17739712297225], [64.34717851594908, 86.67869436779074], [64.34704237519983, 87.15050353833851], [64.34690623449299, 87.6223127075533], [64.49428175042763, 87.76975257430331], [64.67108982543994, 88.0941207789358], [64.67099622854153, 88.41848958182936], [64.99527341645185, 88.56592884975407], [64.99522236346229, 88.74285728749157], [65.14264042363683, 88.74285678884576], [65.29001593938509, 88.89029665489977], [65.46691761164712, 88.8902960569269], [65.61433567197435, 88.89029555859372], [65.7912373444727, 88.8902949604286], [66.08602241228257, 89.06722240157819], [66.26288154038508, 89.21466216821261], [66.41029960104655, 89.21466166990467], [66.58715872934752, 89.36210143675828], [66.88199485138165, 89.36210044035761], [67.05889652464651, 89.3620998422681], [67.35368159316079, 89.53902728369837], [67.53058326689305, 89.53902668559397], [67.8549030022572, 89.53902558979587], [68.0023210639622, 89.53902509173884], [68.14973912568851, 89.53902459349263], [68.47405886188744, 89.53902349716702], [68.79837859877105, 89.53902240132629], [69.12269833600365, 89.53902130533459], [69.44701807376293, 89.5390202091013], [69.74185419929933, 89.5390192128774], [70.06613139180038, 89.68645848240237], [70.24303306750565, 89.6864578847235], [70.53786919409325, 89.68645688844583], [70.86218893375147, 89.68645579237364], [71.33392673760864, 89.68645419830364], [71.51082841436838, 89.6864536005861], [71.80566454255435, 89.68645260428002], [72.12998428406044, 89.68645150834254], [72.45430402616842, 89.68645041234356], [72.92608438049876, 89.53900845166515], [73.25040412381443, 89.53900735577417], [73.72219298992837, 89.36207732113189], [74.1939308002732, 89.3620757266765], [74.69519477265237, 89.21463366503326], [74.99003090533361, 89.21463266836804], [75.3143931997979, 89.06719120460673], [75.6387640049268, 88.89026166664496], [76.11054436818083, 88.74281970335801], [76.43486411669764, 88.74281860687483], [76.90665299174839, 88.56588856937014], [77.55533504080876, 88.4184460068426], [77.85021372706717, 88.27100464043781], [78.49894683851204, 87.94663363343591], [78.97073571994926, 87.76970359378231], [79.442558642331, 87.47482125718989], [80.09124921127622, 87.29789061757424], [80.41566257665434, 86.97352070391412], [80.71049871872361, 86.97351970558907], [81.35922333282701, 86.67863676695004], [86.28399971936372, 83.16953918286788], [86.60850671686796, 82.52080042714101], [87.08032966753453, 82.22591807231402], [87.55239091415288, 81.10536960273123], [88.20149002776213, 79.51301131024229], [88.52594597074716, 79.04120099300053], [88.67345766648339, 78.71683165586512], [88.6735938360896, 78.24502243953702], [88.99800722817932, 77.9206524985957], [89.1455614783807, 77.44884277779852], [89.32265040883476, 76.80010449765598], [89.7946606088125, 75.85648444517813], [89.94217230776354, 75.53211510088033], [89.94230847887164, 75.06030587609041], [90.11930379464329, 74.73593642927472], [90.26681549425805, 74.41156708273172], [90.26695166590298, 73.93975785478528], [90.59145017244381, 73.32050713337401], [90.73901293803203, 72.8192093218305], [91.06355400082279, 72.05251821036018], [91.21111676780163, 71.5512203942418], [91.38810357630314, 71.2563390171133], [91.53570889802762, 70.60760081194678], [91.71274677237668, 70.13579096805495], [91.86030103040699, 69.66398122375335], [91.86039464972984, 69.33961237094616], [91.86048826889987, 69.0152435172455], [92.00809359258747, 68.36650530325085], [92.18508040384435, 68.07162391957979], [92.18526764287424, 67.42288620720547], [92.33282190263407, 66.9510764551768], [92.48037616287442, 66.4792667015679], [92.48056340234069, 65.83052898377491], [92.80511298770278, 65.03434975853963], [92.80524916216592, 64.5625405058704], [92.98232959649658, 63.94329025159402], [92.98251683661027, 63.29455252504647], [93.13007109961163, 62.82274276088242], [93.13020727435713, 62.35093350248383], [93.27777004882586, 61.84963565647797], [93.27785515817217, 61.55475486874445], [93.2779487785173, 61.23038600143673], [93.27808495376888, 60.7585767390342], [93.45513134695577, 60.25727878722694], [93.45526752222185, 59.78546952224963], [93.6029154077739, 58.989290876682276], [93.60305158322899, 58.51748160881425], [93.78018308781671, 57.72130285609012], [93.92777990931387, 57.10205267844765], [94.07534268705876, 56.60075481699698], [94.07542779711727, 56.30587402081312], [94.25247419385946, 55.80457605485424], [94.25251674892655, 55.65713565626913], [94.25261037001746, 55.33276677861704], [94.25265292498796, 55.18532637961903], [94.25274654631244, 54.860957501369626], [94.25278910130629, 54.71351710183637], [94.25284016738539, 54.536588622377735], [91.06410720131262, 70.13579318828931], [88.2013964115691, 79.83738014424443], [84.86832663555228, 84.76190003289014]], {"I": 0.023248844496256877, "falloff": 0.9834734553708186,