{"spiral": [], "disk": {"mu": [70.97899436950684, 68.68548810482025], "roll": 0.005346949228991704, "rEff": 11.552037495809309, "axRatio": 0.19403623556253344, "i0": 0.08550794498852426, "c": 2, "n": 1}, "bulge": {"mu": [69.77755665779114, 69.61484432220459], "roll": 2.1169227509204163, "rEff": 4.670811762176464, "axRatio": 0.8841903087106672, "i0": 0.767094542767764, "c": 2, "n": 1.0666201727459057}, "bar": null}