{"disk": {"I": 0.10153688859404109, "Re": 22.124493753196912, "c": 2.0, "mux": 77.97988891625624, "muy": 77.4253234862204, "n": 1.0, "q": 0.9928883888710961, "roll": 3.134537387736465}, "bulge": null, "bar": {"I": 0.2782965487558234, "Re": 6.053386028930822, "c": 1.3069726409479436, "mux": 77.70906829838339, "muy": 78.14202880860404, "n": 0.5721969090556442, "q": 0.32918347837062456, "roll": 0.1350227272278472}, "spiral": []}