{"spiral": [], "disk": {"mu": [33.33739346265793, 32.3158523440361], "roll": 2.3793671664806064, "rEff": 18.419822002551815, "axRatio": 0.8478567150352962, "i0": 0.27051783582993943, "c": 2, "n": 1}, "bulge": {"mu": [33.50843381881714, 32.31585431098938], "roll": 2.214297067581639, "rEff": 3.247886466151093, "axRatio": 0.8812018838750887, "i0": 0.2705391119574133, "c": 2, "n": 0.928336333485824}, "bar": null}