{"spiral": [], "disk": {"mu": [102.9874267578125, 102.44049072265625], "roll": 0.05549850524571709, "rEff": 55.745045790025166, "axRatio": 0.6543629680933564, "i0": 0.19404627461561597, "c": 2, "n": 1}, "bulge": {"mu": [104.5968017578125, 103.24517822265625], "roll": 2.05527425583192, "rEff": 3.9934611409393432, "axRatio": 0.5876603975242409, "i0": 0.23923622877355646, "c": 2, "n": 0.8181971147604449}, "bar": null}