{"spiral": [], "disk": {"mu": [29.97878909111023, 29.261645078659058], "roll": 0.002729665632126181, "rEff": 17.401414460879323, "axRatio": 0.7466615467528658, "i0": 0.20016629040125866, "c": 2, "n": 1}, "bulge": {"mu": [29.652128219604492, 28.861488103866577], "roll": 1.9277855589067747, "rEff": 2.55449173904141, "axRatio": 0.36644903644748444, "i0": 0.44193183313633916, "c": 2, "n": 4.8210454563812}, "bar": null}