{"spiral": [[[[53.54375, 58.825], [51.35, 61.9125], [48.4046875, 61.9125], [45.479687500000004, 60.9375], [42.778124999999996, 59.8], [41.396875, 57.7484375], [39.934374999999996, 54.2546875], [38.959375, 51.715624999999996]], {"i0": 0.057506544299145174, "spread": 0.18680508840841412, "falloff": 1.0387927899215899}], [[[55.575, 46.028124999999996], [57.3828125, 43.4078125], [60.3078125, 42.1890625], [64.390625, 41.7015625], [67.234375, 41.9453125]], {"i0": 0.37141166151217153, "spread": 0.014229761172969733, "falloff": 1.0603181470661776}]], "disk": {"mu": [52.39990234375, 52.126953125], "roll": 0.6169418905475355, "rEff": 25.576390428860826, "axRatio": 0.5589287536929521, "i0": 0.0763546893813101, "c": 2, "n": 1}, "bulge": {"mu": [52.84809398651123, 51.79250168800354], "roll": 0.9563844847619981, "rEff": 3.5648646768317533, "axRatio": 0.9897381756209777, "i0": 0.6862128367389947, "c": 2, "n": 0.2210498212774647}, "bar": null}