{"disk": {"I": 0.13562735320902178, "Re": 24.27952240555751, "c": 2.0, "mux": 77.27294921874716, "muy": 77.24537625901809, "n": 1.0, "q": 0.5837801964780391, "roll": 0.9240379005318029}, "bulge": {"I": 0.32084843240601857, "Re": 1.5632186079505517, "c": 2.0, "mux": 77.1416392922655, "muy": 77.73239076147759, "n": 1.2618138210735053, "q": 0.8355123051536717, "roll": 0.942000232054661}, "bar": null, "spiral": [[[[85.09863281256276, 80.79980468759298], [93.30273437504252, 75.35058593747931], [93.51464843747846, 74.92675781262687], [98.11621093754081, 66.75292968743227], [87.42968749993065, 63.39257812512673], [75.65332031243418, 64.87597656256821]], {"I": 0.1657599804601185, "falloff": 0.01, "spread": 0.0}], [[[68.75097656234965, 72.62597656245308], [60.75878906262744, 74.321289062462], [57.18652343759504, 80.7998046875014], [56.97460937483265, 81.01171874999604], [54.0380859375079, 87.73242187503115], [54.03808593747533, 88.36816406253932], [60.97070312501205, 98.02539062490243], [66.84374999999977, 101.80957031245478]], {"I": 0.02406123285249873, "falloff": 0.3916200891622574, "spread": 5.7168959324365}], [[[102.7480468750233, 61.727539062473596], [97.05664062497846, 56.24804687505592], [95.81542968753774, 56.24804687508548]], {"I": 1.2146380988652887, "falloff": 2.6302629008220006, "spread": 7.320775441990248}], [[[71.68749999999523, 82.28320312504357], [71.6874999998987, 82.07128906261009], [65.9960937498713, 87.52050781249525], [65.60253906254047, 92.57617187504718]], {"I": 0.763709025730064, "falloff": 1.4355340327899746, "spread": 0.0}], [[[80.07324218739302, 73.89746093760917], [88.45898437498516, 69.05371093753737]], {"I": 0.0, "falloff": 1.2363224926375649, "spread": 0.0}]]}