{"disk": {"I": 0.04514144243479716, "Re": 17.692119377246964, "c": 2.0, "mux": 70.53833007826256, "muy": 70.54687500003229, "n": 1.0, "q": 0.5099535414747373, "roll": 1.5805047596424424}, "bulge": {"I": 1.4711806556431628, "Re": 0.8082243638899936, "c": 2.0, "mux": 70.81176757821964, "muy": 70.54687499994736, "n": 0.927477675268852, "q": 0.4654842552093076, "roll": 1.4382447946046122}, "bar": null, "spiral": []}