{"disk": {"I": 0.04032148926542065, "Re": 20.23670868693739, "c": 2.0, "mux": 56.06494983562666, "muy": 56.24526849106679, "n": 1.0, "q": 0.9383267270977877, "roll": 2.050722831296154}, "bulge": {"I": 0.03848703908093439, "Re": 2.4041342018332954, "c": 2.0, "mux": 56.19999972553761, "muy": 55.60000027544269, "n": 3.1714844772537307, "q": 0.19013587129878637, "roll": 3.0617541596786904}, "bar": {"I": 0.3423916338257374, "Re": 0.579990717971549, "c": 1.811731382217699, "mux": 55.929328810385044, "muy": 55.78076995327288, "n": 0.7226234922657062, "q": 0.6607407728792702, "roll": 2.7282285383099376}, "spiral": [[[[61.35937500000954, 59.76250000016054], [61.79687500003863, 59.106249999796546], [62.23437500001997, 58.449999999966394], [62.45312500000229, 57.793750000159974], [62.671875000045574, 57.13749999972407], [63.10937499999261, 56.48125000007062], [63.328125000008725, 56.04375000015622], [63.546874999990706, 55.38750000004683], [63.54687499997044, 55.16874999989298], [63.76562500000492, 54.949999999993906], [63.76562499995781, 54.51250000002781], [63.76562500005008, 53.85624999995778], [63.76562499997149, 52.98124999998777], [63.546874999979224, 51.45000000002949], [63.10937500002149, 50.356250000133], [62.89062499997072, 49.91875000015085], [62.45312499999419, 49.262500000029945], [62.23437500001542, 49.04375000002631], [61.5781249999722, 48.60625000002949], [61.359374999977724, 48.38750000011947], [60.484375000049845, 47.95000000004711], [59.828125000016804, 47.51249999991359], [58.95312499998659, 47.293750000088494], [57.859375000008505, 47.07499999995298], [56.98437499994787, 46.85625000010441], [56.109374999996085, 46.85625000006246], [55.67187500002809, 46.85624999988596], [55.453125000010175, 46.85625000004444], [55.01562499998452, 46.85624999998788], [54.79687500000901, 46.85625000021753], [54.359374999981604, 46.8562500000117], [53.92187500005451, 46.85625000001721], [53.48437499999168, 46.85625000003], [53.265624999979856, 46.856250000068826], [53.04687500001798, 46.856249999711], [52.82812500003377, 46.85625000015631], [52.390625000020506, 46.85624999992592], [51.953124999995104, 46.85624999999527], [51.734374999980126, 46.856250000079626], [51.51562499998745, 47.07499999997373], [51.296875000038085, 47.074999999783245], [51.29687500000828, 47.293749999967304]], {"I": 0.10539261376077351, "falloff": 2.4082669249733497, "spread": 4.391245859108729}], [[[53.703124999975145, 52.10624999996162], [53.48437500000013, 52.10624999982696], [53.04687500003717, 52.10625000003594], [52.60937499999372, 52.106249999944566], [52.39062500002022, 52.32500000015099], [51.95312500001462, 52.54375000017163], [51.73437500002171, 52.762500000029064], [51.51562499999005, 52.98125000011618], [51.296875000029296, 53.418749999814395], [50.85937499995844, 53.85625000012632], [50.42187500006508, 54.512499999823206], [49.98437500003609, 54.95000000013053], [49.765624999958995, 55.60624999993564], [49.76562500006177, 56.70000000002895], [49.765624999965475, 58.01249999998228], [49.546875000058996, 58.668749999911995], [49.54687499999362, 59.106250000074425], [49.5468750000193, 59.76250000027579], [49.54687500000723, 61.074999999952524], [49.546875000048914, 61.51250000004205], [49.546875000016726, 61.73125000012212], [49.54687500010289, 61.949999999985494], [49.984375000032124, 62.60625000013437], [50.20312500004031, 62.8250000002557], [50.421875000022766, 62.82499999999169], [50.64062499996028, 63.04374999984233], [51.07812500002009, 63.26249999998606], [51.51562500003011, 63.48125000003981], [51.73437500005609, 63.481249999976484], [51.95312500006943, 63.48125000000323], [52.17187499997118, 63.48125000013363], [52.17187499999313, 63.700000000042905], [52.39062500000209, 63.70000000001335]], {"I": 0.15350345190441989, "falloff": 2.7042846620308167, "spread": 5.494048848586902}], [[[66.17187500005033, 59.98124999995096], [66.17187500003317, 59.76249999972555], [66.17187500003384, 59.325000000033725], [66.17187499995559, 58.01250000009509], [66.609375000024, 56.69999999999024], [67.0468750000493, 55.8250000001658], [67.26562500002292, 54.293749999994986], [67.48437500004232, 52.762499999946726], [67.48437499997169, 51.23124999995457], [67.48437500000908, 49.48125000011345], [67.265625000026, 48.168750000029945], [66.82812500003581, 47.07499999995332], [66.39062499999508, 45.76249999996793], [65.29687500001076, 44.23124999996821], [64.42187499994935, 43.13749999991876], [62.23437499999662, 41.82500000010242], [60.484374999972616, 40.95000000009264], [57.85937500001853, 40.07499999991251], [55.67187499999405, 39.637500000015564], [52.17187500002631, 39.41874999997725], [49.76562500003139, 39.418749999979696], [48.45312499994984, 39.85625000011538], [48.23437500001861, 40.074999999774604]], {"I": 0.0, "falloff": 1.0001603527786938, "spread": 0.21847917504261577}], [[[44.51562499992565, 48.168749999997715], [44.51562499998167, 49.26249999992109], [44.515625000014175, 52.10624999978677], [44.51562499996736, 54.95000000014721], [44.51562500002879, 58.01249999983173], [45.171874999956344, 63.26250000009293], [45.82812500006525, 66.10624999993414], [46.48437499999453, 67.19999999995036], [46.70312500007714, 67.41874999996173], [46.70312500005801, 67.63750000011925], [47.35937500000624, 68.2937500001255], [48.015625000004086, 68.73125000006948], [48.89062500004822, 68.95000000006218], [49.546874999998124, 69.38750000009753], [50.421874999985945, 70.04375000016296], [51.078125000040956, 70.48124999995261], [51.73437500001468, 71.137499999926], [52.39062499997444, 71.35625000012098], [53.046875000027526, 71.57500000003367], [53.70312500004039, 72.01250000015347], [54.359375000030965, 72.23125000003327], [55.01562499997105, 72.44999999998015], [56.328125000005656, 72.66874999974792], [57.20312500000626, 72.88750000014971], [57.85937499998172, 72.88749999994997], [58.95312499993662, 73.10624999991083], [59.609375000001904, 73.1062499998421], [59.82812500004705, 73.10625000003719]], {"I": 0.0, "falloff": 1.0801693659187062, "spread": 0.18334358583398386}]]}