{"spiral": [], "disk": {"mu": [37.373046576976776, 37.553711235523224], "roll": 1.3460851583802542, "rEff": 10.711976665411976, "axRatio": 0.48430137059065326, "i0": 0.18268976180375146, "c": 2, "n": 1}, "bulge": {"mu": [37.080077826976776, 37.114258110523224], "roll": 1.3734007669450161, "rEff": 2.149350222697601, "axRatio": 0.8398553785056949, "i0": 1.129262456604554, "c": 2, "n": 4.2347087803841115}, "bar": null}