{"spiral": [], "disk": {"mu": [37.373046576976776, 37.553711235523224], "roll": 1.3460851583802542, "rEff": 11.015610674330892, "axRatio": 0.40318121288587494, "i0": 0.13100008910929378, "c": 2, "n": 1}, "bulge": {"mu": [37.080077826976776, 37.114258110523224], "roll": 1.3734007669450161, "rEff": 2.6418051085739243, "axRatio": 0.9999975434308062, "i0": 1.535087247003048, "c": 2, "n": 4.3512388508543}, "bar": null}