{"disk": {"I": 0.11415713861699131, "Re": 15.187348298334253, "c": 2.0, "mux": 62.59121010565468, "muy": 61.26026394460291, "n": 1.0, "q": 0.9338071922910164, "roll": 2.299780192558802}, "bulge": {"I": 0.247868004689695, "Re": 3.1247966865765573, "c": 2.0, "mux": 62.73021557346385, "muy": 61.294215792749526, "n": 0.6539142721938948, "q": 0.6566313016878895, "roll": 2.4753686919638924}, "bar": null, "spiral": []}