{"spiral": [], "disk": {"mu": [38.72206115722656, 39.14385986328125], "roll": 3.1097264450813036, "rEff": 13.851381771992076, "axRatio": 0.28103398344948294, "i0": 0.038101885698149776, "c": 2, "n": 1}, "bulge": {"mu": [38.12872314453125, 38.73674774169922], "roll": 1.5616222722497866, "rEff": 8.054892790023361, "axRatio": 0.664889675295602, "i0": 0.16122815819252084, "c": 2, "n": 10.0}, "bar": {"mu": [38.67095184326172, 39.69842529296875], "roll": 0.0, "rEff": 1.219572243835948e-06, "axRatio": 0.903494693929276, "i0": 0.0, "c": 1.9169000553865734, "n": 0.5647469953719666}}