{"disk": {"I": 0.019271801002886814, "Re": 22.091585845262525, "c": 2.0, "mux": 47.242076982634785, "muy": 44.70398157349359, "n": 1.0, "q": 0.4802341934830405, "roll": 2.9194807850537554}, "bulge": {"I": 0.0, "Re": 0.1512145263704354, "c": 2.0, "mux": 47.242076982634785, "muy": 44.70398157349359, "n": 4.888941276589175, "q": 0.01, "roll": 2.39037573048475}, "bar": {"I": 0.10497756372286071, "Re": 7.797515747264604, "c": 2.975285257134683, "mux": 46.882747235693955, "muy": 44.97340557816062, "n": 1.2982554610582142, "q": 0.8672109243556536, "roll": 1.8378029042691848}, "spiral": [[[[53.35029748852253, 45.41896591876423], [54.60862820835979, 35.17710717071077], [50.29759924645771, 25.65231841123193], [49.93828908875116, 25.652209821291535], [49.75863400968001, 25.652155526537513], [41.67416852532335, 25.470023845089713]], {"I": 0.0, "falloff": 1.8812846094505233, "spread": 0.0}], [[[45.98484479702273, 39.84639948971255], [39.6969041902139, 40.02418757125565], [40.77359316841364, 57.094910653238], [50.1151597937872, 63.925892498986514]], {"I": 0.014469314115448204, "falloff": 0.01, "spread": 3.6375908766234732}]]}