{"spiral": [], "disk": {"mu": [79.49029541015625, 79.26223754882812], "roll": 1.845706168275569, "rEff": 59.64708149572599, "axRatio": 0.8323652563424123, "i0": 0.21131074694348284, "c": 2, "n": 1}, "bulge": {"mu": [79.49029541015625, 79.57278442382812], "roll": 2.1854592787170617, "rEff": 4.807640789284926, "axRatio": 0.9713978566988349, "i0": 0.2034555036240415, "c": 2, "n": 3.6245145764657716}, "bar": null}