{"disk": {"mux": 88.8488879396632, "muy": 90.51807501699159, "roll": 1.1551355810085122, "Re": 27.941104576286644, "q": 0.5933522734006235, "I": 0.10687531736242967, "n": 1.0, "c": 2.0}, "bulge": {"mux": 90.2620850938381, "muy": 90.74769676120519, "roll": 0.88208881531337, "Re": 4.318062787214036, "q": 0.031179103173504294, "I": 5.0934495480247355, "n": 0.29749523568155783, "c": 2.0}, "bar": null, "spiral": []}