{"spiral": [], "disk": {"mu": [89.13946533203125, 90.19921875], "roll": 1.8109673346550696, "rEff": 51.853048453183966, "axRatio": 0.835428126647111, "i0": 0.19, "c": 2, "n": 1}, "bulge": {"mu": [88.78985595703125, 89.5], "roll": 2.316215803069055, "rEff": 3.463723895973676, "axRatio": 0.5, "i0": 0.53, "c": 2, "n": 0.5}, "bar": null}