{"disk": {"I": 0.08768672964425302, "Re": 9.151733337165417, "c": 2.0, "mux": 31.069414274451447, "muy": 31.42265867647734, "n": 1.0, "q": 0.959669621813159, "roll": 0.7863497946678666}, "bulge": {"I": 0.1749277904032801, "Re": 3.1128715383343724, "c": 2.0, "mux": 31.07697121925787, "muy": 31.344620735635203, "n": 0.5408460613578556, "q": 0.5114263952015322, "roll": 2.170649149304394}, "bar": {"I": 0.0, "Re": 1.3703115321059607, "c": 1.9414282766439204, "mux": 31.201808123400724, "muy": 31.112520402157315, "n": 0.34017340461224344, "q": 0.7429215932155127, "roll": 0.8319683786391923}, "spiral": []}