{"disk": {"mux": 78.57825458043179, "muy": 79.0102886558407, "roll": 0.7610126937455808, "Re": 18.454128865085345, "q": 0.9284287941362739, "I": 0.12882512939623694, "n": 1.0, "c": 2.0}, "bulge": {"mux": 79.59585678577255, "muy": 79.13066357372945, "roll": 1.2698766841032731, "Re": 1.5761967514566888, "q": 1.0303286544099959, "I": 0.0, "n": 1.2580906790095807, "c": 2.0}, "bar": {"mux": 79.51387009028629, "muy": 79.21266439553739, "roll": 3.1045738301017964, "Re": 3.1411737109464677, "q": 0.41475988260979263, "I": 0.19290320196590308, "n": 1.5397926985189017, "c": 2.9089144846368575}, "spiral": [[[[80.57382812494821, 69.77304687506864], [81.56132812493783, 66.00820312505965], [81.90078124997264, 65.36015625001582], [82.20937500006453, 65.02070312507642], [82.70312499981452, 64.71210937515572], [83.53632812512988, 64.37265625001443], [84.18437499989756, 64.03320312502042], [85.17187499994033, 63.724609374983544], [86.49882812497357, 63.72460937508808], [87.14687499996124, 63.72460937499402], [87.79492187502399, 63.72460937502292], [88.62812500014117, 64.21835937491683], [89.12187500013684, 64.86640624999633], [90.0785156249032, 65.5144531251517], [90.91171874999608, 66.34765624997463], [91.2511718750297, 66.99570312491619], [91.74492187496075, 67.98320312507474], [92.05351562500198, 68.97070312495326], [92.54726562520472, 69.95820312485544], [93.04101562500882, 71.40859374993505], [93.53476562499523, 72.73554687492111], [93.68906249996006, 73.56875000013635], [94.02851562506135, 74.52539062493602], [94.18281250000102, 75.35859374994058], [94.36796874996759, 76.50039062491736], [94.67656250012513, 77.8273437500055], [95.01601562509848, 79.30859374996402], [95.01601562496693, 80.94414062504256], [95.32460937491933, 82.7339843751689], [95.50976562511669, 84.36953124989682], [95.50976562505835, 85.20273437495307], [95.50976562501725, 85.51132812507797], [95.50976562522494, 86.3445312499046], [95.50976562503337, 87.17773437504312], [95.50976562496759, 88.31953125000291], [95.50976562497507, 89.1218749999622], [95.66406249998211, 91.09687499996485], [95.66406249977686, 91.74492187512814], [95.66406250014262, 92.23867187491604], [95.6640625000266, 92.73242187494743], [95.66406250016712, 93.41132812486225], [95.66406250002817, 94.05937500004123], [95.66406249989262, 94.55312500001554], [95.66406250001704, 94.86171875002175], [95.66406249997608, 95.04687499988466], [95.66406250006852, 95.35546875004725], [95.66406249998352, 95.5406250000338], [95.50976562504597, 95.54062500004312], [95.50976562504142, 95.35546875008453]], {"I": 0.0995256393461276, "spread": 0.5394552795310289, "falloff": 1.4433778831341697}], [[[83.53632812486882, 84.5546875000705], [83.69062499990852, 85.0484375001389], [83.69062500005187, 85.3570312500681], [83.69062500002865, 86.34453125004838], [83.53632812512706, 86.99257812501338], [83.5363281250842, 87.8257812499268], [83.38203125021533, 88.96757812490554], [83.04257812500308, 89.61562499991504], [82.39453124995669, 90.44882812501595], [82.05507812480656, 90.94257812499845], [80.5738281248458, 91.59062500006556], [79.4320312498625, 92.08437500009879], [78.44453125011428, 92.08437499999671], [76.96328124985334, 92.08437499998527], [75.82148437489565, 92.08437500010797], [75.01914062499068, 91.93007812503191], [74.0316406249909, 91.59062499989565], [73.53789062513403, 91.28203124989682], [70.57539062484038, 89.6156250000559], [70.08164062481833, 89.12187500003486], [69.43359375016698, 88.3195312499441], [69.27929687504007, 87.98007812509186], [69.09414062494584, 87.6714843748998], [68.446093749858, 86.83828124998595], [67.95234375008573, 85.51132812503704], [67.61289062489692, 84.55468750008659], [67.45859375012004, 83.87578124990883], [67.30429687498014, 83.07343750001478], [66.96484374990455, 81.74648437505127], [66.6253906249309, 80.604687499952], [66.62539062492434, 79.95664062503715], [66.62539062491706, 79.12343750006067], [66.62539062511632, 77.98164062494887], [66.62539062502685, 76.99414062506423], [66.62539062508975, 76.19179687499278], [66.96484375002734, 75.01914062497173], [67.30429687515914, 74.21679687484446], [67.79804687490395, 72.58124999992313], [68.44609374999382, 71.74804687498224], [69.27929687492319, 70.76054687502585], [69.92734374996382, 69.77304687506918], [70.42109375007792, 69.27929687493037], [71.22343749992743, 68.78554687502839], [72.36523437507793, 68.13750000002288], [73.53789062506259, 67.15000000003474], [74.83398437527788, 66.16249999990055], [75.48203124981296, 65.51445312520367], [76.46953125000384, 64.37265625002082], [76.9632812501343, 63.878906249922935], [77.45703124998076, 63.23085937496951], [78.29023437497035, 62.73710937505486], [78.9382812500087, 61.90390625000926], [79.58632812515921, 61.25585937485329], [80.75898437504915, 60.60781249997379], [81.71562499993517, 60.11406249991005], [82.54882812505093, 59.46601562500909], [83.04257812498318, 59.126562500039725], [83.38203125003471, 58.78710937506706], [83.69062500012578, 58.632812499958234], [84.52382812498593, 58.13906249998877], [85.17187500002368, 57.79960937505123], [85.66562500017044, 57.49101562495986], [86.15937500000665, 56.99726562499214], [86.49882812506993, 56.81210937505445], [87.45546874988659, 56.81210937510325], [87.79492187494853, 56.657812500005576], [89.4304687499239, 55.85546874998707], [89.9242187499908, 55.85546874990297], [90.26367187506378, 55.516015625012315], [90.2636718748759, 55.176562500088025], [90.4179687500813, 55.02226562486537], [90.5722656249381, 54.528515625104674], [90.75742187519805, 54.189062499992616], [90.9117187499887, 54.03476562504079], [90.9117187499796, 53.880468750051165], [91.06601562490519, 53.72617187515144], [91.25117187499961, 53.541015624964004]], {"I": 0.008262136965258253, "spread": 1.3234724492488115, "falloff": 0.01}]]}