{"spiral": [], "disk": {"mu": [96.99076563119888, 97.64909282326698], "roll": 2.36512279773692, "rEff": 47.4024656969153, "axRatio": 0.5902482451364116, "i0": 0.09463163075145221, "c": 2, "n": 1}, "bulge": {"mu": [98.13767328858376, 97.5290398299694], "roll": 2.226492127373745, "rEff": 4.978133195880722, "axRatio": 0.6332444038463353, "i0": 0.6579101523657391, "c": 2, "n": 0.9907259756368213}, "bar": null}