{"disk": {"I": 0.1402279565018998, "Re": 24.30600922376112, "c": 2.0, "mux": 85.73230334051802, "muy": 86.4339308943346, "n": 1.0, "q": 0.5462863981774807, "roll": 1.1244516742987531}, "bulge": {"I": 0.037923490178836235, "Re": 1e-08, "c": 2.0, "mux": 87.46720422527176, "muy": 84.81210087873819, "n": 1.02, "q": 0.8603157479241068, "roll": 2.199904653115559}, "bar": null, "spiral": []}