{"disk": {"I": 0.15692820662032608, "Re": 14.820206888234155, "c": 2.0, "mux": 55.297890304005286, "muy": 56.603110762850356, "n": 1.0, "q": 0.8148448505321283, "roll": 0.5206485662623339}, "bulge": {"I": 0.025420847616346352, "Re": 18.155167088546488, "c": 2.0, "mux": 55.400243685300495, "muy": 55.20073023990693, "n": 3.6589463251853824, "q": 0.1973586715187612, "roll": 2.4944852862117566}, "bar": null, "spiral": []}