{"spiral": [], "disk": {"mu": [46.40350341796875, 46.681640625], "roll": 2.014496457241795, "rEff": 28.994963822672506, "axRatio": 0.5907024629218273, "i0": 0.09741189528105317, "c": 2, "n": 1}, "bulge": {"mu": [46.40350341796875, 46.5], "roll": 0.1188403445677652, "rEff": 3.5955729142753214, "axRatio": 0.878199035344383, "i0": 0.4847036921102641, "c": 2, "n": 3.8823009524550587}, "bar": null}