{"spiral": [], "disk": {"mu": [49.376848578453064, 48.86464351415634], "roll": 0.7118467249286122, "rEff": 12.951168291717984, "axRatio": 0.4691488119134622, "i0": 0.14050965866728113, "c": 2, "n": 1}, "bulge": {"mu": [49.951067328453064, 48.48183101415634], "roll": 0.5585993153435624, "rEff": 9.340473295949957e-06, "axRatio": 0.9539990499074884, "i0": 0.0, "c": 2, "n": 0.4999993404733587}, "bar": null}