{"disk": {"mux": 74.94170720637908, "muy": 74.44977243878577, "roll": -2.3553178751800923, "Re": 18.24980261423652, "q": 1.0833437188510768, "I": 0.05471786553494901, "n": 1.0, "c": 2.0}, "bulge": {"mux": 73.89848103281736, "muy": 72.56318736817468, "roll": 2.9722662235032864, "Re": 40.59300088358077, "q": 0.7941592351657963, "I": 0.008924204306617013, "n": 3.4583599690059144, "c": 2.0}, "bar": null, "spiral": []}