{"spiral": [], "disk": {"mu": [48.736083984375, 47.331298828125], "roll": 1.1110551317727366, "rEff": 18.45948160045741, "axRatio": 0.36928974024157907, "i0": 0.12917021108651733, "c": 2, "n": 1}, "bulge": {"mu": [48.139892578125, 47.5458984375], "roll": 1.3058452309429829, "rEff": 3.299433696452521, "axRatio": 0.7023766363123037, "i0": 0.9434021806297007, "c": 2, "n": 0.7460901181312226}, "bar": null}