{"disk": {"mux": 42.23154862908609, "muy": 40.5727013490274, "roll": 2.2071407119101294, "Re": 11.562176303697337, "q": 0.7848036940165726, "I": 0.13818694362216305, "n": 1.0, "c": 2.0}, "bulge": {"mux": 42.872124081657034, "muy": 40.09223543907251, "roll": 3.07026984717155, "Re": 0.22676932679086353, "q": 0.01, "I": 0.0, "n": 0.7851774103630934, "c": 2.0}, "bar": null, "spiral": []}