{"disk": {"I": 0.04639750020498997, "Re": 15.539015776397594, "c": 2.0, "mux": 51.82395792007992, "muy": 52.41301918033906, "n": 1.0, "q": 0.5936427969504106, "roll": 2.310354931028207}, "bulge": {"I": 5.1835804030587855, "Re": 0.8777620088462187, "c": 2.0, "mux": 52.487982272988916, "muy": 51.87877464295934, "n": 0.6901257953307901, "q": 0.13246552725156896, "roll": 2.3584662263976575}, "bar": {"I": 0.0018466008856984292, "Re": 1.0296549885803705, "c": 2.7102799739918515, "mux": 52.68316030505025, "muy": 52.18055951594789, "n": 0.23305382040255518, "q": 0.5360865773126786, "roll": 1.1329231096375416e-11}, "spiral": [[[[40.198437500083514, 58.885937499875865], [37.98437500005929, 54.47812500000671], [37.86249999995607, 50.57812499992295], [38.24843750001804, 45.49999999991485], [40.19843749990025, 42.24999999999358], [44.0984374999739, 40.05625000006012], [49.806250000024534, 40.178124999976205], [49.92812500023041, 40.178124999822614], [50.19218750006553, 40.30000000001391], [50.334375000053, 40.44218749999618], [54.09218750004533, 42.77812499998197], [54.09218749984001, 42.89999999997451], [55.27031249998697, 46.55624999998446], [54.47812500013424, 47.592187499959834]], {"I": 0.014919377964947847, "falloff": 0.010519253477535758, "spread": 0.0437958944894588}], [[[52.9343750001683, 56.42812499991021], [55.1281249999148, 59.41406250016337], [57.220312499950694, 60.57187499999236], [59.82031249994759, 62.13593750005816], [62.15624999988677, 62.92812500013267], [65.40624999987654, 63.31406250015084], [68.39218750005983, 62.014062500028444], [69.54999999982903, 58.500000000015746], [69.55000000002047, 58.37812500000746], [69.5500000000975, 58.235937499915224], [68.51406250002839, 55.12812499997045], [67.74218750001887, 54.09218749996876]], {"I": 5.488101203002081, "falloff": 1.4544921066252248, "spread": 6.895426692723759e-05}]]}