{"disk": {"mux": 40.68438720699146, "muy": 41.40121459963717, "roll": 0.2855546708120226, "Re": 11.62755175278251, "q": 0.7961463461300052, "I": 0.04389287027185162, "n": 1.0, "c": 2.0}, "bulge": {"mux": 40.94290980697298, "muy": 41.164585769107134, "roll": -2.938602036970363, "Re": 0.18785541642051007, "q": 4.148185238440902, "I": 7.724996894708208, "n": 0.21606618551854956, "c": 2.0}, "bar": null, "spiral": []}