{"disk": {"I": 0.14576852240816127, "Re": 18.837155567049717, "c": 2.0, "mux": 57.12176513680387, "muy": 57.81445312512153, "n": 1.0, "q": 0.6265626719282679, "roll": 0.4899573262474035}, "bulge": {"I": 0.4725477725174797, "Re": 1.1824264538945577, "c": 2.0, "mux": 58.72137451179913, "muy": 58.728515625263356, "n": 1.7458302363070208, "q": 0.28447861257999785, "roll": 0.5961991414173683}, "bar": {"I": 0.0, "Re": 2.3289974820264154, "c": 1.5029298172608145, "mux": 59.52117919927798, "muy": 59.07128906266064, "n": 0.3841832065961528, "q": 0.0232202933618663, "roll": 1.109490633901629}, "spiral": [[[[54.615234375022, 58.27148437504104], [54.38671875009254, 58.271484375184], [54.15820312505204, 58.2714843750951], [53.701171875020236, 58.27148437518741], [53.472656250005286, 58.27148437505991], [52.78710937500176, 58.27148437500324], [52.55859374998454, 58.2714843750162], [52.33007812505471, 58.27148437510539], [52.10156250009513, 58.50000000023232], [51.41601562500722, 58.50000000004519], [50.501953125005855, 58.957031249997954], [50.27343749992775, 59.185546874864485], [49.816406249952166, 59.414062499918145], [49.58789062504047, 59.41406250004235], [49.35937499994128, 59.871093749763304], [49.1308593749217, 59.87109374996601], [48.90234374997368, 60.09960937492178], [48.44531249988569, 60.55664062487023], [48.21679687502848, 61.013671874909846], [47.75976562511664, 61.013671875111925], [47.30273437492744, 61.2421874998081], [46.84570312494719, 61.24218750000682], [46.84570312505491, 61.699218750006594], [46.84570312503803, 61.927734375055934], [46.84570312500469, 62.38476562496794], [46.845703124949864, 62.61328124993156], [46.845703125015035, 63.07031250002245], [46.84570312510192, 63.298828125068724], [46.84570312508097, 63.7558593750918], [46.84570312509831, 63.98437500026529], [46.84570312502524, 64.44140625008464], [46.8457031249832, 64.66992187495111], [46.84570312498752, 65.12695312496834], [46.84570312504704, 65.3554687500706], [46.84570312500213, 65.81250000001319], [47.07421874998951, 66.26953124991218], [47.07421874996032, 66.49804687482765], [47.074218750006224, 66.72656250000898], [47.07421875000486, 66.95507812506628], [47.3027343750212, 67.4121093750311], [47.531250000069065, 67.41210937505053], [47.75976562499798, 67.86914062497226], [47.988281250012506, 68.09765625009442], [48.216796875038284, 68.3261718750349], [48.44531250001211, 68.78320312496692], [48.673828125, 68.78320312501154], [48.673828125081485, 69.24023437501921], [48.9023437499082, 69.24023437486136], [48.90234375002328, 69.46875000009328], [49.13085937504695, 69.69726562514057], [49.35937500008342, 69.92578125018912], [49.58789062501495, 70.15429687508095], [50.044921875027995, 70.61132812510425], [50.273437500024784, 70.83984374998096], [50.7304687499757, 71.06835937501472], [51.18749999998275, 71.29687499995083], [51.41601562495558, 71.52539062496243], [51.64453125002481, 71.52539062503723], [51.87304687493753, 71.75390624989188], [52.10156250003175, 71.75390624999403], [52.33007812497718, 71.75390625000949], [52.55859374999153, 71.75390624999602], [52.78710937503834, 71.75390624999403], [52.787109374958106, 71.98242187485954], [53.015625000047066, 71.98242187509459], [53.24414062502416, 71.98242187510834], [53.47265624998542, 72.21093749999807], [53.70117187507947, 72.21093750008845], [53.92968749997854, 72.21093750006327], [54.15820312503837, 72.2109375000133], [54.61523437506875, 72.43945312516871], [54.843749999996845, 72.43945312506219], [55.072265625031605, 72.43945312512915], [55.52929687507964, 72.43945312512125], [55.75781249998539, 72.4394531250386], [56.214843749999716, 72.43945312499352], [56.4433593750681, 72.43945312510897], [56.900390625058435, 72.6679687500008], [57.12890625003945, 72.66796874997999], [57.585937500013415, 72.66796875010289], [57.81445312511343, 72.66796875008731], [58.271484375056076, 72.66796875007117], [58.49999999992889, 72.66796874992957], [58.95703125012113, 72.6679687501271], [59.185546875097145, 72.66796875024676], [59.64257812501265, 72.66796874994924]], {"I": 0.04865667812384583, "falloff": 0.4647692991830832, "spread": 1.0916523182417097}], [[[63.298828125004206, 58.042968750103796], [63.52734374998721, 58.042968749926445], [63.9843750000351, 57.5859375001769], [64.44140624999184, 57.585937500004434], [64.66992187489876, 57.35742187475637], [65.1269531250392, 57.128906250174566], [66.04101562499483, 56.6718750000187], [67.18359375011298, 55.98632812525926], [67.64062500002993, 55.30078124992929], [67.86914062496817, 55.07226562496828], [68.78320312499869, 54.158203125021714], [69.4687499999416, 53.47265624988074], [70.15429687503664, 52.78710937498738], [70.38281249990763, 52.558593749863974], [70.8398437499674, 52.330078124958845], [71.06835937489635, 51.41601562473289], [71.29687500004047, 50.73046875012221], [71.52539062494725, 50.04492187479525], [71.52539062499994, 49.58789062502274], [71.52539062504894, 48.90234375019696], [71.75390625007572, 48.67382812505923], [71.75390624999463, 48.216796875085265], [71.75390625001927, 47.98828124997169], [71.7539062499336, 47.759765624870795], [71.52539062500892, 47.302734375006764], [71.29687499998283, 47.07421874997192], [71.06835937505377, 46.61718750007276], [71.06835937504707, 46.38867187519668], [70.83984374993611, 46.16015624983521], [70.61132812498047, 46.16015624989507], [70.61132812503854, 45.931640625064176], [70.61132812502598, 45.70312500002876], [70.3828125000748, 45.474609375247894], [70.1542968750442, 45.017578125067246], [69.92578125006196, 45.0175781250785], [69.6972656250268, 44.78906249989075], [69.46875000001387, 44.56054687498363], [69.24023437503124, 44.33203125014791], [69.01171874993793, 44.33203124996555], [68.55468749996649, 44.33203125002831], [68.09765624992443, 43.87499999981054], [67.6406249999533, 43.64648437496987], [67.41210937493031, 43.4179687498613], [66.9550781249747, 43.41796875002848], [66.49804687501427, 43.18945312500284], [66.26953125001205, 42.96093749999363], [66.04101562498664, 42.96093750000506]], {"I": 0.17422385126835635, "falloff": 1.2168320818192793, "spread": 1.5921786305008196}]]}