{"spiral": [], "disk": {"mu": [37.56866455078125, 38.0859375], "roll": 0.8297041248482244, "rEff": 28.78862942819234, "axRatio": 0.9796448545621441, "i0": 0.1809077984218311, "c": 2, "n": 1}, "bulge": {"mu": [37.54396587610245, 37.99865394830704], "roll": 1.1702609130750297, "rEff": 3.0401109858552764, "axRatio": 0.9995144617866559, "i0": 0.7764171767243402, "c": 2, "n": 0.5184596854418806}, "bar": null}