{"disk": {"mux": 60.81581783307257, "muy": 61.368322849307305, "roll": -1.9341212248291397, "Re": 20.017449692093752, "q": 0.34269404147527216, "I": 0.18488099543482922, "n": 1.0, "c": 2.0}, "bulge": {"mux": 57.87165951730532, "muy": 62.75660681716792, "roll": -0.38600550088204727, "Re": 0.0, "q": 0.01, "I": 0.0, "n": 2.721497495345979, "c": 2.0}, "bar": null, "spiral": [[[[61.709375000019065, 62.87187499999541], [68.17578124992929, 63.017187500041956], [75.85312500019353, 56.502343750159525], [72.58359374994149, 52.62734374988199], [59.79609375005123, 52.50625000011226]], {"I": 0.5102041271710452, "spread": 0.15316486288962947, "falloff": 3.653752108300461}]]}