{"spiral": [], "disk": {"mu": [218.05990600585938, 217.81985473632812], "roll": 0.9397169393235671, "rEff": 97.84823302223398, "axRatio": 0.5115047336995674, "i0": 0.026269933871175107, "c": 2, "n": 1}, "bulge": {"mu": [218.94009399414062, 220.03366088867188], "roll": 1.0714496051147666, "rEff": 6.037618666617359, "axRatio": 0.576923033842584, "i0": 0.3940152677738634, "c": 2, "n": 1.4541267445698167}, "bar": {"mu": [216.37954711914062, 215.33932495117188], "roll": 0.0, "rEff": 2.65416699921909, "axRatio": 0.06477693174918805, "i0": 0.25996804190782863, "c": 1.9616490620217428, "n": 0.3422481733057981}}