{"spiral": [[[[47.922656249999996, 36.99765625], [52.27109375, 36.99765625], [59.1890625, 38.884375], [59.296875, 38.884375], [59.4046875, 38.884375], [64.09453125, 41.453906249999996], [64.20234375, 41.561718750000004], [66.9875, 47.365625], [65.31640625, 51.9296875], [56.853125, 55.397656250000004]], {"i0": 0.11795613623700152, "spread": 0.20044651658630006, "falloff": 0.6328343805976375}], [[[45.91015625, 52.9359375], [39.33359375, 52.163281250000004], [32.757031250000004, 50.4921875], [28.30078125, 45.586718749999996], [27.294531250000002, 38.219531249999996]], {"i0": 0.25624070885581796, "spread": 2.6052675778937693, "falloff": 1.1298948895764311}]], "disk": {"mu": [46.763671875, 44.601431012153625], "roll": 3.022500768340627, "rEff": 24.43043280771844, "axRatio": 0.5436719264408434, "i0": 0.11145546848035834, "c": 2, "n": 1}, "bulge": {"mu": [46.40584874153137, 45.013906717300415], "roll": 2.1489567284709525, "rEff": 6.531457744534913, "axRatio": 0.6910140333080957, "i0": 0.18112875493296465, "c": 2, "n": 1.3849831807563346}, "bar": {"mu": [46.32909715175629, 45.00602537393569], "roll": 1.9962114187593314, "rEff": 12.138254735827168, "axRatio": 0.7903815304002157, "i0": 0.10917544559308079, "c": 2.3194298205067456, "n": 0.6591062044569929}}