{"disk": {"I": 0.0999620890442741, "Re": 22.873245520874402, "c": 2.0, "mux": 75.49340373757795, "muy": 77.67954524869018, "n": 1.0, "q": 0.9420504840818407, "roll": 2.503142622105992}, "bulge": null, "bar": {"I": 0.3574400985844171, "Re": 5.845719372691243, "c": 1.6267825806971787, "mux": 76.70641696447915, "muy": 76.58496260434279, "n": 0.8195654833281625, "q": 0.27137833729402044, "roll": 0.2103078210207186}, "spiral": []}