{"spiral": [], "disk": {"mu": [97.15985107421875, 95.67826843261719], "roll": 0.9527644194654767, "rEff": 38.94335678947226, "axRatio": 0.4073950808754451, "i0": 0.24740746654634008, "c": 2, "n": 1}, "bulge": {"mu": [98.14115905761719, 97.69120788574219], "roll": 0.9820729160679832, "rEff": 5.392919329850284, "axRatio": 0.3609087180711546, "i0": 0.3326801154269286, "c": 2, "n": 0.2978518767104026}, "bar": null}