{"spiral": [], "disk": {"mu": [77.5921630859375, 76.58172607421875], "roll": 1.963666834259544, "rEff": 50.18447031627683, "axRatio": 0.7805713474395725, "i0": 0.20163013509184757, "c": 2, "n": 1}, "bulge": {"mu": [76.6898193359375, 76.88250732421875], "roll": 2.9889433251945277, "rEff": 9.339404026150124, "axRatio": 0.7602640176628191, "i0": 0.2601873371075309, "c": 2, "n": 0.954739363654813}, "bar": {"mu": [76.99060058593749, 76.43133544921874], "roll": 2.1849557540869076, "rEff": 1.9194925793995252, "axRatio": 0.04684898287811467, "i0": 0.2568522260138345, "c": 2.011674712241264, "n": 0.4978574956589076}}