{"disk": {"mux": 117.59390990288853, "muy": 116.27904901221802, "roll": 0.47826640013425953, "Re": 29.436643091456013, "q": 0.9401395664683586, "I": 0.08516958799816059, "n": 1.0, "c": 2.0}, "bulge": {"mux": 118.4654829605663, "muy": 117.40737647693834, "roll": 2.2898338395201434, "Re": 6.728160543874373, "q": 0.010481761178104013, "I": 1.7145282857986286, "n": 4.242588335702538, "c": 2.0}, "bar": {"mux": 116.8215978753117, "muy": 115.89048941697331, "roll": 1.5707391762781155, "Re": 4.903142178660496, "q": 0.9560191488039308, "I": 0.16267880516437427, "n": 0.24396091524468033, "c": 2.1683946909372773}, "spiral": []}