{"disk": {"I": 0.05626872630570084, "Re": 23.24966504153209, "c": 2.0, "mux": 70.25576252470387, "muy": 72.34173313574041, "n": 1.0, "q": 0.5848475995770757, "roll": 1.8446086435102516}, "bulge": {"I": 0.09565273574237945, "Re": 17.377197308721442, "c": 2.0, "mux": 72.80478410504202, "muy": 71.20794784045665, "n": 1.2266213213276553, "q": 0.7264560257709358, "roll": 1.8765687786445515}, "bar": null, "spiral": []}