{"spiral": [], "disk": {"mu": [102.9874267578125, 102.44049072265625], "roll": 0.05549850524571709, "rEff": 55.70576720591864, "axRatio": 0.830479275151418, "i0": 0.2, "c": 2, "n": 1}, "bulge": {"mu": [104.5968017578125, 103.24517822265625], "roll": 2.05527425583192, "rEff": 4.016989300640236, "axRatio": 0.5, "i0": 0.39, "c": 2, "n": 0.85}, "bar": null}