{"spiral": [], "disk": {"mu": [113.23004150390625, 116.853515625], "roll": 0.8725554379517314, "rEff": 68.00384173403303, "axRatio": 0.7856082338068021, "i0": 0.18062022286244633, "c": 2, "n": 1}, "bulge": {"mu": [115.03472900390625, 115.951171875], "roll": 0.0906598872007453, "rEff": 3.657080117381832, "axRatio": 0.2197706417075427, "i0": 0.2683979185414053, "c": 2, "n": 0.9024923245547566}, "bar": {"mu": [117.96734619140625, 111.890625], "roll": 2.7707013647771306, "rEff": 4.05592649508981, "axRatio": 0.42265609906911344, "i0": 0.3043472646921854, "c": 2.0150214555287698, "n": 0.48672814135529546}}