{"spiral": [], "disk": {"mu": [76.32947227358818, 76.2864508330822], "roll": 0.4890041412921722, "rEff": 49.03154259898227, "axRatio": 0.7000742841509624, "i0": 0.1911966940300233, "c": 2, "n": 1}, "bulge": {"mu": [75.93623560667038, 76.87630358338356], "roll": 0.7898448765202826, "rEff": 3.6991008600205673, "axRatio": 0.7770026567386223, "i0": 0.6405292995961465, "c": 2, "n": 0.45015939167329233}, "bar": null}