{"disk": {"I": 0.1334087799475568, "Re": 22.133796358471724, "c": 2.0, "mux": 74.65066664541739, "muy": 74.76458853329463, "n": 1.0, "q": 0.6772386471245145, "roll": 0.5010335465596059}, "bulge": {"I": 0.0, "Re": 1e-08, "c": 2.0, "mux": 74.44247993525971, "muy": 74.09170952374905, "n": 0.5, "q": 0.6694897949987456, "roll": 0.7901437868894692}, "bar": null, "spiral": []}