{"spiral": [[[[125.5078125, 138.60000000000002], [126.0, 138.60000000000002], [137.8125, 134.66250000000002], [146.671875, 120.88125], [147.1640625, 120.88125], [153.5625, 105.13125], [153.5625, 104.6390625], [148.640625, 94.303125], [141.2578125, 84.459375]], {"i0": 0.3629813389130601, "spread": 0.0, "falloff": 0.9997900317334187}], [[[134.3671875, 112.5140625], [138.3046875, 99.7171875], [138.3046875, 99.225], [130.4296875, 94.7953125], [129.4453125, 94.7953125], [128.953125, 94.7953125], [113.203125, 101.19375], [113.203125, 102.6703125], [103.8515625, 118.9125], [97.9453125, 144.01406250000002], [97.9453125, 145.98281250000002], [99.9140625, 151.88906250000002], [100.40625, 158.77968750000002], [119.109375, 169.11562500000002], [130.4296875, 168.13125000000002], [131.90625, 167.63906250000002], [143.2265625, 161.73281250000002], [143.71875, 161.73281250000002], [155.53125, 152.38125000000002], [159.9609375, 144.99843750000002]], {"i0": 0.020652354005390904, "spread": 0.9818371938659686, "falloff": 0.010189231114074241}], [[[119.109375, 143.02968750000002], [121.078125, 150.90468750000002], [121.5703125, 150.90468750000002], [128.953125, 152.87343750000002], [130.921875, 152.38125000000002], [149.625, 140.07656250000002], [149.625, 139.58437500000002], [162.9140625, 119.4046875], [165.8671875, 102.178125], [161.4375, 85.44375], [161.4375, 84.9515625], [148.640625, 76.584375], [148.640625, 76.0921875], [125.5078125, 77.56875], [113.203125, 81.9984375]], {"i0": 0.06474514758294976, "spread": 3.8173239253730324, "falloff": 0.6605266460514587}]], "disk": {"mu": [127.461181640625, 125.3155517578125], "roll": 1.1141908549024024, "rEff": 48.517387619059406, "axRatio": 0.5787298770849081, "i0": 0.10834775604266123, "c": 2, "n": 1}, "bulge": {"mu": [126.968994140625, 125.3155517578125], "roll": 1.5707963267948966, "rEff": 6.931044126313896, "axRatio": 0.37899816004313075, "i0": 0.03139879080020537, "c": 2, "n": 0.19002148978348518}, "bar": {"mu": [127.21508789062503, 126.79211425781244], "roll": 1.1347007990418492, "rEff": 0.10225850679342893, "axRatio": 0.21574544280289035, "i0": 0.2360992226794139, "c": 2.019497982567185, "n": 0.5116439063312112}}