{"disk": {"I": 0.006741869206055699, "Re": 54.58443560868783, "c": 2.0, "mux": 150.48927827666444, "muy": 147.15147297406554, "n": 1.0, "q": 0.631728806083516, "roll": 0.7853564015551597}, "bulge": {"I": 0.19051009103747168, "Re": 4.551422863168399, "c": 2.0, "mux": 148.4448121463335, "muy": 144.9482313313718, "n": 1.0798222909217596, "q": 0.5418787274009088, "roll": 0.6032706079674204}, "bar": null, "spiral": []}