{"disk": {"I": 0.10754331684851345, "Re": 17.479372180444415, "c": 2.0, "mux": 54.63139343282711, "muy": 54.74449157707534, "n": 1.0, "q": 0.6334877134424999, "roll": 0.2257802063959149}, "bulge": {"I": 0.16878213913194637, "Re": 2.5802428836823608, "c": 2.0, "mux": 54.552391052109556, "muy": 55.38565826421339, "n": 1.6529386871910923, "q": 0.4418023324035078, "roll": 0.8137556963675832}, "bar": {"I": 0.0, "Re": 0.5675486388363592, "c": 1.5967079771302253, "mux": 54.78191375729659, "muy": 55.74574279785895, "n": 0.41307686727520193, "q": 0.1527996322994222, "roll": 1.895556288698881}, "spiral": [[[[58.99199218757741, 58.05527343746064], [60.05644531255757, 62.100195312475876], [57.842382812548806, 66.74121093749136], [56.054101562546975, 69.04042968749516]], {"I": 0.012510490535780244, "falloff": 0.01, "spread": 1.6583782216152296}], [[[51.753710937491235, 51.98789062501396], [50.263476562290634, 47.38945312510975], [53.307812499933675, 42.42910156252225], [54.180664062515746, 39.704101562495794]], {"I": 0.020715285258415057, "falloff": 0.1589650366691562, "spread": 2.759734955497148}]]}