{"spiral": [], "disk": {"mu": [67.7834464609623, 66.708984375], "roll": 1.4056476493802699, "rEff": 30.47212894581103, "axRatio": 0.4937378905555532, "i0": 0.23777516966814893, "c": 2, "n": 1}, "bulge": {"mu": [67.25610673427582, 67.236328125], "roll": 1.2924966677897853, "rEff": 2.456713178471513, "axRatio": 0.5012108103580858, "i0": 0.709545342657073, "c": 2, "n": 0.9999973026143985}, "bar": null}