{"spiral": [[[[61.35078125, 46.255078125], [69.624609375, 52.50078125], [78.12890625, 61.235546875], [70.29296875, 70.29296875], [58.446875, 74.326171875], [45.12578125, 69.73984375], [37.5203125, 61.005078125], [38.30390625, 51.832421875], [49.596875, 45.909375], [56.18828125, 45.563671875]], {"i0": 0.024980162854435557, "spread": 1.9624419724010373, "falloff": 0.10732440859672301}]], "disk": {"mu": [58.995744824409485, 59.13609176874161], "roll": 0.23727484406368005, "rEff": 17.242387340783143, "axRatio": 0.47651199495824775, "i0": 0.12881992745709914, "c": 2, "n": 1}, "bulge": {"mu": [58.90361499786377, 58.952549517154694], "roll": 0.07677167329648521, "rEff": 3.718415350218856, "axRatio": 0.9991092284297096, "i0": 1.1297446439925232, "c": 2, "n": 0.6416499786371109}, "bar": null}