{"spiral": [], "disk": {"mu": [36.69067472219467, 37.8936767578125], "roll": 1.4259838285559576, "rEff": 21.317559693126643, "axRatio": 0.5186860285989022, "i0": 0.2320100212130619, "c": 2, "n": 1}, "bulge": {"mu": [37.27661222219467, 36.7218017578125], "roll": 0.9272952180016122, "rEff": 2.1024756762344072, "axRatio": 0.669482799201384, "i0": 1.0641024005923057, "c": 2, "n": 1.216938771696639}, "bar": null}