{"disk": {"I": 0.1755973913571296, "Re": 19.073760031771695, "c": 2.0, "mux": 66.97638228491924, "muy": 67.20000765103912, "n": 1.0, "q": 0.47124048424184317, "roll": 2.9861341447097574}, "bulge": {"I": 0.0, "Re": 3.768073732405283e-09, "c": 2.0, "mux": 67.59297070602192, "muy": 68.25676915750743, "n": 0.4999999770316746, "q": 0.9016256711590946, "roll": 2.492028322874425}, "bar": null, "spiral": []}