{"spiral": [[[[49.48046875, 48.23828125], [50.72265625, 44.92578125], [51.13671875, 44.92578125], [51.7578125, 44.92578125], [56.7265625, 45.33984375], [57.34765625, 45.75390625], [59.2109375, 47.203125], [59.625, 47.6171875], [63.765625, 53.62109375], [64.1796875, 54.2421875], [64.80078125, 55.27734375], [68.11328125, 59.41796875], [68.52734375, 60.0390625], [69.1484375, 60.8671875], [74.53125, 71.6328125], [75.56640625, 73.91015625], [76.39453125, 75.98046875], [76.6015625, 78.2578125], [76.6015625, 78.87890625], [69.1484375, 81.36328125], [62.73046875, 79.29296875]], {"i0": 0.018304737149496632, "spread": 1.0335177960049378, "falloff": 0.1239588620972901}], [[[54.44921875, 59.625], [54.44921875, 62.9375], [47.41015625, 60.8671875], [42.234375, 53.828125], [39.3359375, 49.89453125], [39.12890625, 49.48046875], [37.6796875, 45.9609375], [36.0234375, 43.26953125], [36.0234375, 42.85546875], [34.98828125, 37.05859375]], {"i0": 0.029334312725664172, "spread": 0.1642313101516863, "falloff": 0.032816681469975545}]], "disk": {"mu": [53.4075927734375, 52.37890625], "roll": 2.28759998673807, "rEff": 25.061636418100253, "axRatio": 0.5271407301157155, "i0": 0.24292706563871425, "c": 2, "n": 1}, "bulge": {"mu": [53.4075927734375, 53.0], "roll": 2.3006959849466284, "rEff": 9.645236698994015, "axRatio": 0.7442456682912301, "i0": 0.14795966389564089, "c": 2, "n": 1.4886268411141628}, "bar": null}