{"disk": {"I": 0.026616012277557295, "Re": 14.947608822899388, "c": 2.0, "mux": 48.712741360227426, "muy": 48.54270900542978, "n": 1.0, "q": 0.7835295534470582, "roll": 2.331018486353074}, "bulge": {"I": 0.7563292817277201, "Re": 1.2110139987678328, "c": 2.0, "mux": 48.339478671537506, "muy": 48.91797216492703, "n": 1.154259172110816, "q": 0.7469922732279749, "roll": 2.4209213197824146}, "bar": {"I": 0.15180341041056492, "Re": 0.7375261376642533, "c": 2.1451817218723015, "mux": 49.80008816697281, "muy": 49.36971729718997, "n": 1.9424412528192803, "q": 0.01, "roll": 2.5345652956266944}, "spiral": [[[[41.57343749989849, 42.37734374997794], [39.333984375035584, 48.65546875001023], [42.85585937500838, 57.80468750000304], [50.83749999997127, 60.15898437499311]], {"I": 0.0030795288092448016, "falloff": 0.07482077767433559, "spread": 3.154110096669884}], [[[58.819140625035686, 55.680078125008905], [61.47968749999876, 47.373046875002856], [56.043750000018974, 40.252734375001566], [56.25429687505613, 40.25273437501245], [47.31562500004486, 38.54921875000744], [47.54531249983921, 38.549218749973065], [47.851562500014836, 38.54921875000254]], {"I": 0.01366504103452452, "falloff": 1.2385868648749838, "spread": 0.7667691192898753}]]}