{"spiral": [], "disk": {"mu": [98.85821413993835, 97.36288905143738], "roll": 2.796037073008081, "rEff": 63.50149973754279, "axRatio": 0.8533419856580616, "i0": 0.18615071145131348, "c": 2, "n": 1}, "bulge": {"mu": [99.19839870929718, 98.61367070674896], "roll": 2.4149523915865685, "rEff": 5.459610683801258, "axRatio": 0.9134701440056952, "i0": 0.6497249349267519, "c": 2, "n": 0.7285216331341611}, "bar": null}