{"disk": {"mux": 75.03212954180526, "muy": 73.6983220530486, "roll": 0.489346201239383, "Re": 22.30406881121756, "q": 0.6672616442818176, "I": 0.13328762447439418, "n": 1.0, "c": 2.0}, "bulge": {"mux": 74.44247993525971, "muy": 74.09170952374905, "roll": 0.7901437868894692, "Re": 0.4433728729156844, "q": 0.10077282326669587, "I": 0.3589161103196915, "n": 0.1538689878501837, "c": 2.0}, "bar": null, "spiral": []}