{"disk": {"I": 0.06741672103750368, "Re": 29.73960972249841, "c": 2.0, "mux": 120.32368228825646, "muy": 120.56045637394868, "n": 1.0, "q": 0.9276784987502151, "roll": 1.013841416692685}, "bulge": {"I": 0.0, "Re": 8.487713018826819, "c": 2.0, "mux": 120.79625604716972, "muy": 119.14274687200134, "n": 1.1899449619202747, "q": 0.40653141551115035, "roll": 1.390965000303078}, "bar": null, "spiral": [[[[121.25307695315973, 117.74078689112832], [121.2530565736991, 117.268189523746], [121.72558958172249, 114.90528525340528], [122.19816335199772, 113.48757571115561], [118.88959670741161, 110.65141334510713], [111.32743813735112, 110.65009200973026], [104.71073298048395, 114.90231224889158], [98.09406877860812, 120.09972712243439]], {"I": 0.008220536877778637, "falloff": 0.01, "spread": 1.8363685380343722}], [[[121.2531788506517, 120.1037737115887], [121.25319923011631, 120.57637107210235], [121.72587488688936, 121.52164837344486], [121.72591564479387, 122.46684308703436], [121.72597678168125, 123.88463514884859], [122.19863205503782, 124.35731508419366], [122.19867281164386, 125.30250978412158], [126.92506248949792, 126.24853031392814], [132.123903735996, 122.94125727808364], [135.43212401844067, 117.74326439488334], [134.48654875670968, 110.65413859958886], [130.23261050426783, 105.45482406043618]], {"I": 0.12756191172996623, "falloff": 3.003275601130119, "spread": 6.186604258502698}]]}