{"disk": {"I": 0.006745260788622441, "Re": 59.383299574539656, "c": 2.0, "mux": 147.58989265763563, "muy": 145.98599650945664, "n": 1.0, "q": 0.5495279276558269, "roll": 0.482310715971639}, "bulge": {"I": 0.33969253659052767, "Re": 3.1875796324009222, "c": 2.0, "mux": 146.8806612404752, "muy": 146.54449770329302, "n": 1.9244571592809867, "q": 0.6027641686776583, "roll": 0.500381615871842}, "bar": null, "spiral": []}