{"spiral": [], "disk": {"mu": [55.70752000808716, 56.0], "roll": 2.464465186466431, "rEff": 36.759941663911825, "axRatio": 0.9740281621810732, "i0": 0.297039230470237, "c": 2, "n": 1}, "bulge": {"mu": [56.56160497665405, 55.715303897857666], "roll": 1.841743076352423, "rEff": 5.306514987539661, "axRatio": 0.9660108441629481, "i0": 0.1670205059207229, "c": 2, "n": 0.9901073862824472}, "bar": null}