{"disk": {"mux": 41.3565588201576, "muy": 41.29206332355784, "roll": 0.5562709690649041, "Re": 10.178209916983743, "q": 0.8349535383808124, "I": 0.09680319857232436, "n": 1.0, "c": 2.0}, "bulge": {"mux": 42.66892184998824, "muy": 38.995457330519685, "roll": 0.4917397329243321, "Re": 0.1448992701515328, "q": 0.01, "I": 0.0, "n": 0.7993937343671351, "c": 2.0}, "bar": null, "spiral": []}