{"spiral": [], "disk": {"mu": [63.08416748046875, 62.598846435546875], "roll": 2.7549969723539443, "rEff": 20.878511687594997, "axRatio": 0.36917015436610884, "i0": 0.2850969652678512, "c": 2, "n": 1}, "bulge": {"mu": [49.938873291015625, 57.26788330078125], "roll": 2.6126647559473097, "rEff": 4.36522470211211, "axRatio": 0.20968578968411136, "i0": 0.26316267698460066, "c": 2, "n": 0.9594320601376136}, "bar": null}