{"disk": {"I": 0.04324122634423613, "Re": 10.297402589632851, "c": 2.0, "mux": 37.129211425755216, "muy": 37.353515625067985, "n": 1.0, "q": 0.9171737810935953, "roll": 1.4743225516082425}, "bulge": {"I": 24.92708554138728, "Re": 0.5062661094123988, "c": 2.0, "mux": 37.275695800736, "muy": 37.7929687500513, "n": 6.518835225956974, "q": 0.14363768229747553, "roll": 0.07006058260349812}, "bar": null, "spiral": []}