{"spiral": [[[[69.7265625, 81.56640625], [77.4921875, 81.4296875], [88.29296875, 71.6953125], [92.53125, 62.26171875]], {"i0": 0.31903567258559923, "spread": 1.1690189771797723, "falloff": 1.2555684539071812}], [[[70.4921875, 58.0234375], [67.921875, 49.4921875], [54.6875, 47.05859375], [43.5859375, 61.1953125], [44.48828125, 75.33203125], [50.28515625, 80.80078125]], {"i0": 0.06940779119848076, "spread": 1.4453580329096685, "falloff": 0.469751669618238}], [[[60.45703125, 80.0625], [59.69140625, 88.8671875], [66.85546875, 94.63671875]], {"i0": 0.035544060424556934, "spread": 2.2257376756153966, "falloff": 0.15166943700898614}], [[[71.72265625, 87.19921875], [71.859375, 87.19921875], [72.0234375, 87.19921875], [79.625, 86.59765625], [85.53125, 82.93359375]], {"i0": 0.28467512375165005, "spread": 1.2221960635916163, "falloff": 0.9382542398694276}], [[[90.86328125, 54.5234375], [85.53125, 47.98828125], [75.5234375, 45.85546875]], {"i0": 0.32055845672877714, "spread": 1.8146018968856037, "falloff": 0.8627106810795164}], [[[77.4921875, 58.625], [77.328125, 58.4609375], [75.9609375, 52.08984375]], {"i0": 0.2578091215449248, "spread": 0.36188108438658956, "falloff": 1.0540820741573274}]], "disk": {"mu": [70.068359375, 69.48958277702332], "roll": 3.1075921561173723, "rEff": 34.003016796858795, "axRatio": 0.9394041092204201, "i0": 0.11347535215444732, "c": 2, "n": 1}, "bulge": {"mu": [69.92849469184875, 69.34531629085541], "roll": 1.5167947626726612, "rEff": 4.175778019996409, "axRatio": 0.9758871788389003, "i0": 0.6119207179262559, "c": 2, "n": 1.5032103338619733}, "bar": {"mu": [70.02383232116699, 69.67901468276978], "roll": 1.5707963267948966, "rEff": 3.419128046161291, "axRatio": 0.11306582054429443, "i0": 0.1780878574338825, "c": 2.256717958306732, "n": 0.45857573616026964}}