{"disk": {"I": 0.05979312821668268, "Re": 22.25451156114084, "c": 2.0, "mux": 70.07916611427845, "muy": 70.0520160197612, "n": 1.0, "q": 0.7868971094838542, "roll": 3.053818761254023}, "bulge": {"I": 5.97976318326122, "Re": 4.227822758765636, "c": 2.0, "mux": 69.80768173941931, "muy": 69.78053164490268, "n": 1.9583728073928137, "q": 0.01, "roll": 2.0831857871101156}, "bar": {"I": 0.0022555313725839275, "Re": 30.421707803849625, "c": 2.373946325916431, "mux": 78.63092392674872, "muy": 87.83424258217852, "n": 6.5987439430496835, "q": 0.17972379932335752, "roll": 3.141592653483073}, "spiral": []}