{"disk": {"mux": 51.009089789811924, "muy": 48.57793542253543, "roll": 3.1414405601906856, "Re": 15.1585928072227, "q": 0.850501596916656, "I": 0.09358600853554132, "n": 1.0, "c": 2.0}, "bulge": {"mux": 51.58274852364798, "muy": 48.96178560592864, "roll": 3.127357516296782, "Re": 2.152534442130846, "q": 0.30507492968367456, "I": 0.6692836686715851, "n": 0.3658395666284137, "c": 2.0}, "bar": null, "spiral": [[[[52.77539875114417, 41.88442328640937], [58.71179141730306, 41.12829159615467], [61.79951282593413, 45.13307646038524], [62.496740859069746, 51.68750930344473], [59.94688144836164, 55.870734396483925], [52.39690579115529, 58.87780324865972], [44.36883024061501, 55.46992613102955]], {"I": 0.029280986287761955, "spread": 0.8884075196543526, "falloff": 0.01}], [[[42.23730571755209, 48.576601292201616], [40.8428503084308, 43.19745799632142], [42.83492778648781, 35.82663311441411], [47.41670712420898, 30.049959751632286]], {"I": 0.4726973280453199, "spread": 0.36586608253271385, "falloff": 1.8103264031662998}]]}