{"disk": {"I": 0.10906135016755632, "Re": 16.312096546329926, "c": 2.0, "mux": 61.27784211982743, "muy": 61.53965547751096, "n": 1.0, "q": 0.8508565576529136, "roll": 1.7361413089953373}, "bulge": {"I": 0.2853823280508591, "Re": 3.395615045652591, "c": 2.0, "mux": 62.13988717446979, "muy": 62.21928684667296, "n": 0.7620493808546405, "q": 0.5973449235147911, "roll": 2.6087717895033755}, "bar": null, "spiral": []}