{"disk": {"I": 0.09481298452365404, "Re": 28.051573894072344, "c": 2.0, "mux": 116.45709371352564, "muy": 115.06983055907166, "n": 1.0, "q": 0.9521698792887406, "roll": 1.203442150337528}, "bulge": {"I": 0.20823001585655046, "Re": 3.5569809882596997, "c": 2.0, "mux": 116.12461250122207, "muy": 115.54751250831556, "n": 1.0292025740258703, "q": 0.8847497394074283, "roll": 2.3549179884669935}, "bar": null, "spiral": []}