{"disk": {"I": 0.10094542049426972, "Re": 25.205814184956676, "c": 2.0, "mux": 85.80346852541243, "muy": 86.9999999999274, "n": 1.0, "q": 0.6789024523315982, "roll": 1.2755882225679072}, "bulge": {"I": 0.13977060167114783, "Re": 5.818927747081622, "c": 2.0, "mux": 86.14331227541322, "muy": 88.01953124999608, "n": 0.7730148282028517, "q": 0.43970498571040206, "roll": 1.951302703898747}, "bar": null, "spiral": []}