{"disk": {"I": 0.1439477568680366, "Re": 22.709047360223877, "c": 2.0, "mux": 78.76465192501985, "muy": 79.93191056485625, "n": 1.0, "q": 0.7890839817717539, "roll": 0.2749699381446425}, "bulge": {"I": 1.107858656291633, "Re": 0.6550417970990904, "c": 2.0, "mux": 78.76464108269624, "muy": 79.62139302986236, "n": 0.2, "q": 0.941114951674089, "roll": 0.6147362764973869}, "bar": null, "spiral": []}