{"spiral": [], "disk": {"mu": [40.846435546875, 42.5921630859375], "roll": 0.5563300302827878, "rEff": 21.881955768465225, "axRatio": 0.8696618157856348, "i0": 0.18803265480041542, "c": 2, "n": 1}, "bulge": {"mu": [43.143310546875, 41.2796630859375], "roll": 0.4918091759886982, "rEff": 2.742479847289872, "axRatio": 0.347441406665352, "i0": 0.31127458061273844, "c": 2, "n": 0.8317846807753916}, "bar": null}