{"spiral": [[[[84.58984375, 78.65468750000001], [84.8671875, 78.93203125000001], [88.1953125, 75.88125000000001], [86.80859375, 68.39296875], [82.37109375, 64.2328125], [73.7734375, 59.240625], [73.49609375, 58.96328125], [59.3515625, 55.08046875], [51.86328125, 56.74453125], [51.86328125, 56.4671875], [52.140625, 56.4671875], [51.30859375, 63.1234375], [51.5859375, 67.83828125]], {"i0": 0.5309071763641765, "spread": 0.6347912460624523, "falloff": 0.9361289356542843}], [[[59.3515625, 60.9046875], [55.74609375, 64.2328125], [56.30078125, 64.7875], [56.30078125, 65.3421875], [57.6875, 70.61171875], [57.6875, 70.8890625], [62.125, 79.48671875000001], [62.40234375, 79.76406250000001], [66.28515625, 83.64687500000001], [66.5625, 83.64687500000001], [68.50390625, 84.47890625000001], [73.49609375, 87.52968750000001], [74.60546875, 88.08437500000001], [75.16015625, 88.08437500000001], [80.4296875, 87.80703125000001], [80.4296875, 87.52968750000001], [80.70703125, 87.52968750000001], [82.09375, 87.25234375000001], [88.47265625, 83.92421875000001], [94.01953125, 79.48671875000001]], {"i0": 0.5763620734691799, "spread": 0.8642564082076272, "falloff": 0.9551874222869461}]], "disk": {"mu": [71.8233642578125, 71.16900634765625], "roll": 2.5829933382462307, "rEff": 13.398769492036815, "axRatio": 0.5542609143614452, "i0": 0.10798959601846034, "c": 2, "n": 1}, "bulge": {"mu": [71.5460205078125, 70.05963134765625], "roll": 0.19739555984988078, "rEff": 3.1432588144588727, "axRatio": 0.517703672136205, "i0": 0.5414120429513243, "c": 2, "n": 0.739765182195192}, "bar": {"mu": [71.82336425781251, 69.50494384765625], "roll": 2.50884381858761, "rEff": 0.021346355060054816, "axRatio": 0.2564669633362922, "i0": 0.09110980604725402, "c": 1.9880840391107786, "n": 0.4748417076463458}}