{"disk": {"mux": 67.15586089339229, "muy": 64.01786904194785, "roll": -3.0648257834259476, "Re": 10.790138077229491, "q": 0.7056391092436749, "I": 0.004374232332889395, "n": 1.0, "c": 2.0}, "bulge": {"mux": 65.32502382375287, "muy": 64.80276476227692, "roll": -1.4993716721006862, "Re": 0.0, "q": 0.01, "I": 0.0, "n": 0.15678782232242042, "c": 2.0}, "bar": null, "spiral": [[[[66.09646187321005, 28.956580823936406], [66.61959001016089, 28.956597238609447], [68.71213965729908, 29.218314079314382], [69.49694311600308, 30.003292248133448], [70.28170949665548, 30.526619236949387], [71.32807703408332, 31.311605618057797], [73.15921096437, 32.619918995910666], [75.25205729034315, 34.97484531783232], [77.08322831558587, 36.54480989355966], [77.86803178951959, 37.329788076965315], [78.12963294798215, 37.59144747146422], [78.6528352648113, 38.114766261258865], [79.43778703339876, 39.94634916012245], [79.96113764106894, 41.51627265728348], [80.22277587154281, 42.039583227973935], [80.48448824660204, 43.08619614786306], [81.00772763392251, 43.871166111624234], [81.26940293504856, 44.65612785359269], [81.53115237931627, 45.96439193757362], [81.79282767925451, 46.74935367450672], [82.05450297850973, 47.53431540995473], [82.05461419279959, 48.319268918314094], [82.57789064657902, 49.36589004399502], [82.83952887333851, 49.88920060601788], [82.8396030149762, 50.41250294071688], [83.10127831184172, 51.197464667872964], [83.1013153823385, 51.459115833985436], [83.10142659446456, 52.24406932973841], [83.10153780629855, 53.0290228225997], [83.3631760308117, 53.552333379413994], [83.62496253632048, 55.12224858458569], [83.62507374700067, 55.907202067773255], [83.62514788790554, 56.430504387818814], [83.8868602505238, 57.477117257990926], [83.88704560125711, 58.78537304676291], [84.14879503235647, 60.09363706319402], [84.14898038203296, 61.401892836306445], [84.14909159189392, 62.186846295785074], [84.14920280161505, 62.97179975250276], [84.14935108144425, 64.01840435647875], [84.14946229116936, 64.80335780595573], [84.14964764087267, 66.1116135480587], [84.14979592075144, 67.15821813548018], [84.1500183404288, 68.72812500637428], [84.15016662018434, 69.7747295801575], [84.1503890396682, 71.34463643050196], [84.15042610980686, 71.60628757079678], [84.1506485292906, 73.17619440684689], [83.88923273764271, 74.22279070841034], [83.62770573719877, 74.48443359577942], [83.36625287866673, 75.26937875234859], [82.84319888241237, 75.79266452055106], [82.5817089566151, 76.31595853620377], [82.05869203709312, 77.1008954296845], [81.5356380500084, 77.6241811872377], [81.27414812942607, 78.14747519410662], [81.01265821012703, 78.67076919850354], [80.75113121979962, 78.9324120732582], [80.22807724140648, 79.45569782025564], [79.70498619365503, 79.71733243844176], [79.44349628020382, 80.24062643463844], [78.92040523695505, 80.50226104957966], [78.13578721365707, 81.02553853098442], [77.87426023187663, 81.28718139780489], [76.8280781642319, 81.81045061704685], [76.8281152389352, 82.07210173709461], [76.5665511864621, 82.07209348090885], [76.04342308261755, 82.07207696860723], [75.78189610663026, 82.33371983128808], [75.2588050821555, 82.59535443626424], [73.6894949466556, 83.11860712825148], [72.90483988710355, 83.38023347154149], [72.12014775495436, 83.38020869934053], [70.8124387801887, 84.16512074898003], [70.02774666115783, 84.16509597471077], [69.24309162629163, 84.42672231023766], [67.41218045733376, 84.68831561002185], [66.10439737612478, 84.94992542351162], [64.53505028005316, 85.21152697524155], [63.227230145403155, 85.21148567988263], [61.91944710688301, 85.4730954865513], [61.13475503944778, 85.47307070867987], [60.61162699680199, 85.47305419007853], [60.08849895633648, 85.47303767142841], [59.56537091775374, 85.47302115283037], [59.042205794286474, 85.21135353515137], [58.25743956836402, 84.68802655999764], [57.21107224149341, 83.90304022887682], [56.42630602070824, 83.37971325726431], [55.379975788879165, 82.8563780302627], [55.1183746871867, 82.59471867437867], [54.59517248426209, 82.07139996302533], [53.54873099035376, 80.76311144162281], [53.025491698290125, 79.97814163102578], [52.502215315496755, 78.93152071888119], [52.24057712377612, 78.40821026223057], [51.97890184093171, 77.62324870232624], [51.97882765857719, 77.09994649610394], [51.97871638545962, 76.31499318374347], [51.97856802127956, 75.26838876271665], [51.97849383918674, 74.74508655011061], [51.97830838396237, 73.43683101267891], [51.97816001986985, 72.39022657635337], [51.977974564275314, 71.08197102359054], [51.97786329105497, 70.29701768782087], [51.97767783583015, 68.98876212109599], [51.97752947175354, 67.9421576614696], [52.23905639750717, 67.68051478855239], [52.76207316073567, 66.89557792326673], [53.02356299914936, 66.3722839287185], [53.2850528382437, 65.84898993217337], [53.546542678643505, 65.32569593328594], [54.06959654219895, 64.80241017229798], [54.331086385807794, 64.27911616818415], [54.33104929632532, 64.017465045427], [54.59257623056294, 63.75582216164412], [54.85410316532568, 63.49417927726563], [55.115630101422994, 63.232536391794156], [55.37719412706531, 63.23254463061926], [55.63868397586407, 62.70925061844656], [56.423338969534825, 62.44762420682957], [57.207956881130485, 61.924346665362975], [57.731084941997096, 61.92436314073177], [58.5157399503114, 61.66273672399899], [58.777303983188176, 61.66274496128699], [59.038868016329616, 61.662753198736254], [59.300432050165, 61.66276143629136], [59.56199608436509, 61.66276967381509], [60.08512415449684, 61.66278614844066], [60.34668818997818, 61.66279438597712], [60.60825222615051, 61.66280262326359], [60.86981626286115, 61.66281086060678], [61.392944337751146, 61.6628273354313], [61.654508375762816, 61.66283557283168], [61.91607241443046, 61.662843810192214], [62.17763645331161, 61.66285204774516]], {"I": 0.0701879528331489, "spread": 23.51569911879446,