{"disk": {"I": 0.04701783746831766, "Re": 34.117452683977426, "c": 2.0, "mux": 87.38653929697942, "muy": 85.21974207241645, "n": 1.0, "q": 0.7031665743863431, "roll": 0.6047946912753254}, "bulge": {"I": 0.09826270786028814, "Re": 17.597168827798228, "c": 2.0, "mux": 86.17434807741266, "muy": 86.2813794993291, "n": 1.6317820829620324, "q": 0.3634961105708591, "roll": 1.5322162599752236}, "bar": null, "spiral": []}