{"disk": {"mux": 106.48095001498368, "muy": 104.06753890067785, "roll": -3.1198054316893975, "Re": 29.23152606202201, "q": 0.7966484883779896, "I": 0.0973997029138808, "n": 1.0, "c": 2.0}, "bulge": {"mux": 106.4809363820458, "muy": 103.65738574081877, "roll": 1.5708295653244344, "Re": 0.3658002316318651, "q": 0.10077541605328161, "I": 0.0, "n": 0.4543920434392249, "c": 2.0}, "bar": {"mux": 106.27593619321183, "muy": 104.06759603695593, "roll": 1.6884334472515052, "Re": 2.7339519586563688, "q": 1.0657123975496057, "I": 0.21623864505590587, "n": 0.5287523764936706, "c": 2.1366476629197044}, "spiral": [[[[115.09538775648662, 104.46247397901527], [115.50541540061243, 104.46235970644102], [111.81490747489795, 96.67047825659301], [105.25426082309437, 90.52000954054483], [105.25424719149936, 90.10985640878346], [95.00369266865647, 94.21424457810554], [85.9832208478303, 98.31829001457186], [76.55299324173723, 110.6255131097439], [76.14299279461972, 111.44593373130567], [74.91327705277362, 122.52041258703332], [74.9133178544316, 123.75087218443957], [81.06420905116096, 138.1045206286392], [84.34460741290096, 143.43559850840745]], {"I": 0.5499999999999999, "spread": 0.0, "falloff": 1.26}], [[[99.92433767320153, 103.64639574467583], [103.61503625097447, 117.18042200202888], [110.58568370492338, 122.51047086922881], [124.93632425079565, 112.66279482141283], [130.2665061871926, 107.32931803973327], [130.26649252977435, 106.91916487320418], [126.98564327491337, 88.0530343173449], [126.98557500494647, 86.00226869267806], [123.29487592377097, 72.46824455041997], [122.88483466263244, 72.05820572851201], [122.06475214353608, 71.23812808677042], [112.63387160944785, 63.858000825767476], [109.76366475664173, 63.44864765636191], [90.90223166368841, 58.53206733413049], [90.49220406659822, 58.532181606618906], [88.03207932666868, 59.76332644459865], [85.1619541942936, 61.81489170741702], [83.93191222237942, 63.04569374835603], [83.5219254488072, 64.27626725199877]], {"I": 0.0625, "spread": 0.0, "falloff": 1.26}], [[[94.59444141383506, 117.59308918675242], [94.5944277931666, 117.18293599941865], [94.18487684528651, 131.5384123323389], [96.64531533256033, 139.74079119472287], [97.0553430127151, 139.74067692204085]], {"I": 0.016927786359594518, "spread": 2.0994281375017305, "falloff": 0.32610639582569756}], [[[128.6267369907731, 117.58360456021558], [134.77750706465866, 128.24587363736225]], {"I": 0.05468183913867181, "spread": 0.5748096184480377, "falloff": 0.66365594654193}]]}