{"disk": {"mux": 87.33667589478318, "muy": 86.92772645164928, "roll": 0.9579321707171746, "Re": 24.3075612055899, "q": 0.571563365824823, "I": 0.13452353344061826, "n": 1.0, "c": 2.0}, "bulge": {"mux": 87.46720422527176, "muy": 84.81210087873819, "roll": -0.941688000474234, "Re": 0.0, "q": 0.01, "I": 0.7798867439268703, "n": 0.21157947284015344, "c": 2.0}, "bar": null, "spiral": []}