{"spiral": [[[[115.12187499999999, 129.8375], [115.015625, 129.8375], [113.79374999999999, 129.8375], [111.66874999999999, 130.740625], [110.34062499999999, 131.803125], [109.384375, 132.70625], [108.321875, 133.609375], [106.94062500000001, 134.671875], [105.61250000000001, 136.10625], [105.02812499999999, 136.796875], [104.603125, 137.328125], [104.390625, 137.59375], [104.178125, 138.07187499999998], [103.96562499999999, 138.496875], [103.69999999999999, 138.921875], [103.646875, 138.97500000000002], [103.59375, 139.13437499999998], [103.540625, 139.39999999999998], [103.275, 139.71875], [103.0625, 139.825], [102.95625000000001, 139.878125], [102.69062500000001, 139.984375], [102.42500000000001, 140.14375], [102.37187499999999, 140.25], [102.31875, 140.25], [102.10624999999999, 140.35625], [101.7875, 140.56875000000002], [101.521875, 140.8875], [101.46875, 141.046875], [101.415625, 141.10000000000002], [101.36250000000001, 141.153125], [101.36250000000001, 141.20625], [101.36250000000001, 141.25937499999998], [101.30937499999999, 141.3125], [101.04374999999999, 141.41875], [100.56562500000001, 141.684375], [100.40625, 141.684375], [100.353125, 141.7375], [100.30000000000001, 141.7375], [100.19375, 141.7375], [100.0875, 141.79062499999998], [99.98124999999999, 141.84375], [99.928125, 141.89687500000002], [99.821875, 142.003125], [99.55625, 142.215625], [99.50312500000001, 142.48125], [99.50312500000001, 142.58749999999998], [99.44999999999999, 142.58749999999998], [99.290625, 142.58749999999998], [99.025, 142.58749999999998], [98.91874999999999, 142.58749999999998], [98.865625, 142.58749999999998], [98.12187499999999, 141.41875]], {"i0": 0.6981346434545992, "spread": 0.2381894923763056, "falloff": 1.2854025658511878}], [[[159.375, 132.8125], [159.375, 132.121875], [158.63125000000002, 128.66875], [158.046875, 126.54374999999999], [157.621875, 124.525], [157.19687499999998, 122.87812500000001], [156.878125, 121.709375], [156.50625000000002, 120.80625], [156.13437499999998, 120.22187500000001], [155.17812500000002, 119.37187499999999], [154.27499999999998, 118.89375000000001], [153.58437500000002, 118.734375], [152.68124999999998, 118.46875], [151.45937500000002, 118.04374999999999], [150.609375, 117.77812499999999], [150.2375, 117.51249999999999], [149.971875, 117.30000000000001], [149.70625, 117.24687499999999], [149.22812499999998, 117.140625], [149.175, 117.0875], [149.121875, 117.0875]], {"i0": 0.032782004425613076, "spread": 0.5014149452835784, "falloff": 1.069663026870795}]], "disk": {"mu": [136.7159423828125, 135.1429443359375], "roll": 2.95608404789474, "rEff": 45.68330560823199, "axRatio": 0.6887651969430592, "i0": 0.15817815514971273, "c": 2, "n": 1}, "bulge": {"mu": [136.83931922912598, 134.8574914932251], "roll": 1.8237940278879852, "rEff": 5.31890662098641, "axRatio": 0.7576071723265062, "i0": 0.0, "c": 2, "n": 4.992325949026002}, "bar": {"mu": [136.5480988025665, 134.97504806518558], "roll": 2.1410875730603447, "rEff": 7.931515243435353, "axRatio": 0.6074033579801539, "i0": 0.3201596836568888, "c": 2.1012175095762995, "n": 0.3767538214176502}}