{"spiral": [], "disk": {"mu": [34.904296875, 34.091212034225464], "roll": 2.861642831066002, "rEff": 15.50742177776022, "axRatio": 0.5578294816730955, "i0": 0.17883526535121702, "c": 2, "n": 1}, "bulge": {"mu": [34.52837777137756, 34.32908356189728], "roll": 2.3561936149563594, "rEff": 3.9162617800682122, "axRatio": 0.9998531855636064, "i0": 0.8836464862841273, "c": 2, "n": 0.9753019295511047}, "bar": null}