{"disk": {"I": 0.029154178761323066, "Re": 35.1444849851358, "c": 2.0, "mux": 98.85821413996416, "muy": 100.63711094850555, "n": 1.0, "q": 0.5038175212430132, "roll": 1.2252407462080301}, "bulge": {"I": 0.059323595003368486, "Re": 27.890064100906695, "c": 2.0, "mux": 99.19839870931497, "muy": 99.38632929317005, "n": 1.7200096142286119, "q": 0.8787319974899163, "roll": 0.8441560647777244}, "bar": null, "spiral": []}