{"spiral": [], "disk": {"mu": [124.69097900390625, 123.319091796875], "roll": 1.5707963267948966, "rEff": 63.49513752126033, "axRatio": 0.7479641990455302, "i0": 0.16346869911751202, "c": 2, "n": 1}, "bulge": {"mu": [122.87887153029442, 122.8238835632801], "roll": 2.6224468460136894, "rEff": 5.653466048123842, "axRatio": 0.49480096488195174, "i0": 0.5856600444247517, "c": 2, "n": 0.6506021522665998}, "bar": null}