{"disk": {"I": 0.10120543687488182, "Re": 29.748471373095025, "c": 2.0, "mux": 89.60273029369489, "muy": 91.10586406831237, "n": 1.0, "q": 0.5580423707760301, "roll": 0.9789689951853164}, "bulge": {"I": 0.4402100574740501, "Re": 4.322439345838113, "c": 2.0, "mux": 89.44063494914434, "muy": 90.50608360407514, "n": 0.3478767213760721, "q": 0.45458209397282384, "roll": 0.6500353947879368}, "bar": null, "spiral": []}