{"spiral": [], "disk": {"mu": [40.846435546875, 42.5921630859375], "roll": 0.5563300302827878, "rEff": 21.891357866707835, "axRatio": 0.7210949941249206, "i0": 0.16575337943184648, "c": 2, "n": 1}, "bulge": {"mu": [43.143310546875, 41.2796630859375], "roll": 0.4918091759886982, "rEff": 2.706564820494682, "axRatio": 0.7522118179743872, "i0": 0.3467379705509329, "c": 2, "n": 0.928966256716818}, "bar": null}