{"disk": {"I": 0.14006177986982546, "Re": 11.528553891505732, "c": 2.0, "mux": 36.65757632966593, "muy": 37.65170899036162, "n": 1.0, "q": 0.5500292353467893, "roll": 3.0595310070648765}, "bulge": {"I": 0.464038486065268, "Re": 0.8305256002387931, "c": 2.0, "mux": 37.39999999729579, "muy": 37.19999999427175, "n": 2.1888380938625196, "q": 0.7398848736561274, "roll": 1.8562641756791534}, "bar": {"I": 0.0375409009064151, "Re": 0.9401765425270621, "c": 2.5796114813384645, "mux": 37.54654837623728, "muy": 38.385591808264465, "n": 1.5487854038740536, "q": 0.19451305158564805, "roll": 3.017712451120707}, "spiral": [[[[34.39453125001398, 34.731445312426985], [31.347656249913484, 30.14648437501606], [31.494140625007844, 26.059570312579154], [34.643554687479536, 18.793945312396886]], {"I": 0.021713436298660176, "falloff": 0.01, "spread": 1.5594708468760656}], [[[41.30859374999636, 51.60644531243321], [42.72949218743827, 46.45019531239291], [43.02246093740757, 41.11816406249187], [41.29394531252012, 38.05664062508964]], {"I": 0.06437294791681882, "falloff": 0.5162329498625002, "spread": 0.5845370391350089}]]}