{"disk": {"I": 0.1154874915419029, "Re": 9.882657115084276, "c": 2.0, "mux": 37.51015121152335, "muy": 37.160327373658674, "n": 1.0, "q": 0.9486403095015042, "roll": 1.529745878708886}, "bulge": {"I": 6.409767635210886, "Re": 0.41414648375548835, "c": 2.0, "mux": 37.26234642586076, "muy": 36.85316472979614, "n": 0.2, "q": 0.6021625194678477, "roll": 2.4100382280471386}, "bar": null, "spiral": []}