{"spiral": [[[[183.4609375, 176.23749999999998]], {"i0": 0.7500000001116132, "spread": 1.0000000001116145, "falloff": 1.0000000001116145}]], "disk": {"mu": [92.19512939453125, 90.48388671875], "roll": 1.801548180734063, "rEff": 54.563445575785956, "axRatio": 0.5804779085572828, "i0": 0.2078377543323138, "c": 2, "n": 1}, "bulge": {"mu": [91.8427734375, 92.54608154296875], "roll": 0.7357934995319937, "rEff": 4.75527338511478, "axRatio": 0.5271374764821231, "i0": 0.43604104641407637, "c": 2, "n": 0.9937807909145321}, "bar": null}