{"spiral": [], "disk": {"mu": [79.49029541015625, 79.26223754882812], "roll": 1.845706168275569, "rEff": 59.643111243044274, "axRatio": 0.8460942494467906, "i0": 0.21035574112856714, "c": 2, "n": 1}, "bulge": {"mu": [79.49029541015625, 79.57278442382812], "roll": 2.1854592787170617, "rEff": 4.880023620147051, "axRatio": 0.9564339443041509, "i0": 0.19533650091176027, "c": 2, "n": 3.6244670357513975}, "bar": null}