{"disk": {"I": 0.03411252802431811, "Re": 11.161919855896416, "c": 2.0, "mux": 36.351547342781856, "muy": 37.33442392021694, "n": 1.0, "q": 0.9648688767215635, "roll": 2.897500921166228}, "bulge": {"I": 0.920016468572537, "Re": 2.0929460947115017, "c": 2.0, "mux": 36.59999999699332, "muy": 37.400000006262694, "n": 2.167434360127219, "q": 0.2766724102038649, "roll": 3.0352079462921884}, "bar": null, "spiral": []}