{"spiral": [[[[78.3232421875, 65.15625], [78.8662109375, 64.61328125], [79.1376953125, 64.61328125], [84.0244140625, 56.197265625], [74.7939453125, 48.595703125], [65.2919921875, 51.853515625], [56.8759765625, 68.4140625]], {"i0": 0.04766493496859063, "spread": 1.2128239148881823, "falloff": 0.7139726618256818}], [[[63.1201171875, 75.47265625], [57.1474609375, 80.90234375], [63.3916015625, 85.24609375], [72.3505859375, 84.703125], [80.7666015625, 81.98828125]], {"i0": 0.06097383629259537, "spread": 0.786528359155408, "falloff": 0.7234896548554374}]], "disk": {"mu": [70.17305225133896, 68.685546875], "roll": 0.9861950706745701, "rEff": 44.27758689881863, "axRatio": 0.6454646040054111, "i0": 0.0899657747344842, "c": 2, "n": 1}, "bulge": null, "bar": {"mu": [69.17761230468753, 69.228515625], "roll": 0.8198672643969562, "rEff": 2.5579575885032306, "axRatio": 0.24408447451660006, "i0": 0.5066192518251177, "c": 3.0004045404180766, "n": 1.9983019147083958}}