{"disk": {"I": 0.08952719716457404, "Re": 14.271582026250186, "c": 2.0, "mux": 45.88010373191162, "muy": 45.826027199855154, "n": 1.0, "q": 0.6291918880011328, "roll": 3.116059294682414}, "bulge": {"I": 0.0, "Re": 2.4593507544135953, "c": 2.0, "mux": 46.452198889298415, "muy": 45.199607484346444, "n": 4.991086508295008, "q": 0.9400970513120663, "roll": 0.8016571849235801}, "bar": {"I": 0.21403955613537146, "Re": 2.890004854370329, "c": 2.5541584937240795, "mux": 45.381991432814786, "muy": 46.25659196408159, "n": 2.772445419163596, "q": 0.5480762495190682, "roll": 1.8467877931635142}, "spiral": [[[[53.35029748852253, 45.41896591876423], [54.60862820835979, 35.17710717071077], [50.29759924645771, 25.65231841123193], [49.93828908875116, 25.652209821291535], [49.75863400968001, 25.652155526537513], [41.67416852532335, 25.470023845089713]], {"I": 0.0, "falloff": 0.3596735692305348, "spread": 0.0}], [[[45.98484479702273, 39.84639948971255], [39.6969041902139, 40.02418757125565], [40.77359316841364, 57.094910653238], [50.1151597937872, 63.925892498986514]], {"I": 0.007857101240196483, "falloff": 0.01, "spread": 3.3913351571962473}]]}