{"disk": {"mux": 50.004882812470214, "muy": 49.548698306075394, "roll": 2.5327162555237566, "Re": 16.852582314231235, "q": 0.8081033364651511, "I": 0.01741129178178681, "n": 1.0, "c": 2.0}, "bulge": {"mux": 49.735799551014395, "muy": 49.352382481102595, "roll": 1.4601385126067388, "Re": 1.72546606526873, "q": 0.8587548306481464, "I": 0.32682748987805876, "n": 0.43927055731462067, "c": 2.0}, "bar": {"mux": 49.85593226560013, "muy": 49.26228404046552, "roll": 2.556042631213662, "Re": 0.7510157600181641, "q": 0.07048712945060776, "I": 0.0, "n": 1.928732081125258, "c": 2.1395096527315336}, "spiral": [[[[41.57343749989849, 42.37734374997794], [39.333984375035584, 48.65546875001023], [42.85585937500838, 57.80468750000304], [50.83749999997127, 60.15898437499311]], {"I": 0.03944480014415985, "spread": 5.124078214621988, "falloff": 1.793282620264212}], [[[58.819140625035686, 55.680078125008905], [61.47968749999876, 47.373046875002856], [56.043750000018974, 40.252734375001566], [56.25429687505613, 40.25273437501245], [47.31562500004486, 38.54921875000744], [47.54531249983921, 38.549218749973065], [47.851562500014836, 38.54921875000254]], {"I": 0.007310665369547423, "spread": 1.3905836681542532, "falloff": 0.7778597810098261}]]}