{"disk": {"I": 0.13748002945495663, "Re": 16.783623982512204, "c": 2.0, "mux": 63.17936782368201, "muy": 62.17109556045661, "n": 1.0, "q": 0.8927579669373618, "roll": 3.104978746332753}, "bulge": {"I": 0.9268100279628698, "Re": 1.2712182331648616, "c": 2.0, "mux": 63.00893717790815, "muy": 63.32754235186157, "n": 0.2, "q": 0.5387814295506647, "roll": 2.9464959887216406}, "bar": null, "spiral": []}