{"spiral": [[[[80.71875, 72.84375], [83.53125, 69.1875], [85.21875, 63.0], [82.125, 56.8125], [79.03125, 52.03125], [75.375, 47.8125], [72.28125, 43.875], [69.75, 41.34375]], {"i0": 0.08827948179828414, "spread": 0.573025241222491, "falloff": 1.0707657156769075}], [[[65.25, 76.21875], [65.8125, 76.21875], [68.625, 81.84375], [68.90625, 82.40625], [69.75, 83.8125], [70.3125, 84.375], [76.5, 86.90625], [76.78125, 86.90625], [77.625, 87.75], [77.90625, 88.03125], [82.96875, 89.71875], [83.25, 90.28125], [84.375, 90.84375], [85.21875, 91.125], [86.625, 91.6875], [86.90625, 91.6875]], {"i0": 0.09737294582735818, "spread": 0.6050555010061782, "falloff": 1.2012331624397377}], [[[66.375, 69.1875], [62.4375, 63.0], [61.03125, 61.875], [60.46875, 61.875], [59.0625, 61.875], [54.28125, 61.03125], [54.84375, 54.0], [55.40625, 49.21875], [48.65625, 54.84375], [48.375, 54.84375], [47.8125, 60.46875], [47.8125, 63.28125], [47.8125, 64.125], [48.9375, 68.34375], [48.9375, 68.90625], [49.78125, 70.59375], [52.875, 76.78125], [53.15625, 77.34375], [53.71875, 78.75], [55.40625, 79.875]], {"i0": 0.06863088922860454, "spread": 0.47593046320417015, "falloff": 0.8718141936758185}]], "disk": {"mu": [72.5537109375, 72.28125], "roll": 2.279422598922567, "rEff": 32.86758101850331, "axRatio": 0.5543106817473878, "i0": 0.1406875670943577, "c": 2, "n": 1}, "bulge": {"mu": [72.2724609375, 71.4375], "roll": 2.4186133001883023, "rEff": 5.854323075079315, "axRatio": 0.9146894873057871, "i0": 0.44513863078413746, "c": 2, "n": 1.1473727643847103}, "bar": null}