{"disk": {"I": 0.08180540257715084, "Re": 24.988621915856505, "c": 2.0, "mux": 88.78985595704432, "muy": 89.50000000000233, "n": 1.0, "q": 0.9517166589585511, "roll": 0.9874233197961697}, "bulge": {"I": 0.07701587839161587, "Re": 6.008851871468542, "c": 2.0, "mux": 89.83868408203972, "muy": 88.80078125001594, "n": 0.2, "q": 0.38212295643071015, "roll": 0.8329812666707412}, "bar": {"I": 5.150538141655469, "Re": 3.9319813034252724, "c": 3.2276282137357897, "mux": 89.48907470706928, "muy": 88.45117187500924, "n": 0.2744761173053151, "q": 0.0193917321084106, "roll": 0.9006742893422205}, "spiral": []}