{"disk": {"mux": 63.995579682010316, "muy": 63.70242027731888, "roll": -2.701902382016592, "Re": 20.78007159038449, "q": 0.42142849436085467, "I": 0.1822916676243797, "n": 1.0, "c": 2.0}, "bulge": {"mux": 63.99567314784133, "muy": 64.71011962322211, "roll": -2.598242659536198, "Re": 0.0, "q": 0.01, "I": 0.0, "n": 0.45706447581759146, "c": 2.0}, "bar": null, "spiral": []}