{"disk": {"I": 0.08100936460118653, "Re": 15.796016216669342, "c": 2.0, "mux": 46.84408589253445, "muy": 47.15579911753453, "n": 1.0, "q": 0.4725241282376684, "roll": 1.1935553459909778}, "bulge": {"I": 3.013696279392526, "Re": 0.008439751347609978, "c": 2.0, "mux": 48.39949114184134, "muy": 47.00001328679447, "n": 4.440440551975158, "q": 0.5284880011033177, "roll": 1.752361177277567}, "bar": null, "spiral": []}