{"spiral": [], "disk": {"mu": [76.73932230472565, 76.6290352344513], "roll": 0.0, "rEff": 58.95654032164313, "axRatio": 0.9848143528925339, "i0": 0.19112825694940172, "c": 2, "n": 1}, "bulge": {"mu": [78.24322855472565, 76.3282539844513], "roll": 1.6495802877840404, "rEff": 7.211685785349763, "axRatio": 0.5263739963931484, "i0": 0.23302346425390316, "c": 2, "n": 1.180286956223648}, "bar": null}