{"disk": {"I": 0.03014357402127482, "Re": 23.307381055784404, "c": 2.0, "mux": 59.14597010617132, "muy": 57.85533666614933, "n": 1.0, "q": 0.5885152083887789, "roll": 1.489892227640859}, "bulge": {"I": 8.078207163918286, "Re": 1.5631590790308134, "c": 2.0, "mux": 58.7989200951331, "muy": 59.220150828358356, "n": 1.1579529043366974, "q": 0.02630403679148035, "roll": 1.6002001512336543}, "bar": {"I": 0.024999999999999998, "Re": 7.681371264434429e-07, "c": 1.97, "mux": 58.35348761076909, "muy": 59.08371794222822, "n": 1.12, "q": 0.13907732985663035, "roll": 2.0367002907854252}, "spiral": [[[[58.63125000005755, 59.18437500001011], [59.530078124948716, 59.71445312500822], [64.5773437498658, 61.696484375041194], [65.2917968749129, 61.88085937498022], [66.74374999991312, 62.065234375048476], [69.97031249998008, 62.779687500030235], [72.13671875001728, 63.30976562502153], [73.21992187497028, 63.67851562496648], [73.21992187508113, 63.862890624957004], [73.21992187498785, 64.04726562501241], [73.03554687497638, 64.0472656249853], [72.85117187502203, 64.20859375004932], [72.50546875011213, 64.39296874995375], [72.13671875004354, 64.5773437500219], [71.76796874997194, 64.76171874998221], [71.60664062516224, 64.94609374997717], [71.23789062485093, 65.13046875001362], [70.70781249994991, 65.66054687507017], [70.15468749994614, 65.84492187502622], [69.62460937503613, 66.37499999999332], [68.72578124997983, 66.92812499998536], [68.54140625005141, 67.1125000000572], [67.98828125001432, 67.45820312494305], [67.64257812504258, 67.6425781249605], [67.08945312502135, 67.82695312499709], [66.37499999991917, 68.01132812496377], [65.29179687497646, 68.17265625000218], [64.92304687484722, 68.17265625000493], [64.39296874984126, 68.1726562499808], [64.02421875016717, 68.35703124996007], [63.49414062513995, 68.35703124998045], [62.59531249996036, 68.54140625007426], [62.04218749994857, 68.72578124992992], [61.69648437495647, 68.72578125004108], [61.32773437502124, 68.91015624998687], [60.95898437511687, 68.91015624997956], [60.24453124996671, 68.91015624999136], [59.87578125000539, 68.91015624997459], [58.97695312492476, 68.91015625002859], [58.44687499994768, 68.91015624996191], [58.07812500002365, 68.9101562499971], [57.5480468749912, 68.91015624995578], [56.810546874976694, 68.91015624995842], [56.6492187500412, 68.91015625000767], [56.464843749975444, 68.91015624995686], [56.28046875007681, 68.9101562500297], [56.096093750142984, 68.91015625000705], [55.91171874990408, 68.7257812499733], [55.75039062494784, 68.72578125003017], [55.566015625088994, 68.72578124996605], [55.197265625003695, 68.54140625000667], [54.8285156250538, 68.5414062500117], [54.48281249996819, 68.35703124999603], [54.29843750017335, 68.3570312500081], [54.11406249996571, 68.3570312499514], [53.92968750006844, 68.17265624999263], [53.76835937497515, 68.17265625001798], [53.58398437497317, 68.17265624997623], [53.39960937505464, 68.01132812496306], [53.21523437499218, 68.01132812501268], [53.03085937511298, 68.0113281250022], [52.50078125010498, 67.82695312498757], [52.31640625001489, 67.82695312496344], [52.13203125005202, 67.8269531250034], [51.94765625002901, 67.82695312494621], [51.7863281250369, 67.82695312499959]], {"I": 0.021194617532620946, "falloff": 0.6472710115880353, "spread": 1.1584699949105237}], [[[57.17929687478295, 57.548046875021896], [52.50078125002119, 56.833593750028115], [51.601953125020145, 56.6492187500009], [51.23320312511373, 56.649218749945874], [50.864453124943566, 56.64921875002915], [50.703125000103455, 56.464843749942105], [50.33437500004004, 56.280468750023374], [49.8042968749553, 56.280468749974546], [49.25117187501303, 55.9347656249937], [48.72109374992726, 55.75039062502208], [48.16796874984652, 55.38164062499243], [47.98359375002792, 55.220312499995885], [47.6378906249779, 54.851562499984254], [47.08476562500914, 54.48281249997149], [46.73906250006269, 54.48281249997632], [46.37031249998222, 54.29843749998719], [46.18593749995989, 54.13710937502566], [45.84023437497649, 53.9527343750126], [45.65585937492017, 53.76835937501119], [45.102734374984266, 53.583984374985164], [45.10273437484989, 53.399609374976194], [44.572656249974784, 53.05390625005555], [44.20390625008747, 52.50078124998009], [44.01953124995691, 51.78632812500052], [43.858203124965485, 51.60195312495301], [43.85820312501562, 51.07187500000316], [43.85820312501346, 50.70312500001182], [43.858203124922625, 49.9886718749932], [43.85820312501812, 49.43554687498852], [43.858203124943316, 49.08984374998454], [44.203906249960255, 48.5367187500338], [44.38828125004784, 48.191015624977354], [45.10273437499768, 47.637890624989154], [45.655859375166415, 47.453515624984334], [46.90039062503013, 46.92343749997167], [47.98359374997028, 46.55468749996783], [48.72109374990737, 46.370312499983925], [49.80429687499327, 46.208984375019696], [50.15000000013356, 46.02460937497122], [51.417578125016234, 45.47148437503455], [52.50078124992251, 44.941406250015575], [53.215234374996726, 44.38828124998983], [53.76835937508133, 44.042578124978945], [53.92968750019554, 43.858203124989586], [54.11406250004029, 43.67382812496268], [54.298437499996226, 43.4894531249393], [54.667187500020304, 43.30507812498681], [55.01289062502201, 43.14375000000854], [55.19726562495123, 43.143750000032554], [55.381640624832926, 42.959375000016024], [55.75039062510649, 42.775000000033884]], {"I": 0.013999124091530719, "falloff": 0.23336768556742402, "spread": 3.1723298862639178}]]}