{"spiral": [[[[101.95468749999999, 86.86093749999999], [99.3671875, 76.9421875], [91.92812500000001, 69.934375], [82.6921875, 66.55624999999999], [71.875, 65.98125], [66.4484375, 70.14999999999999], [64.2921875, 77.48125], [64.6515625, 86.17812500000001], [69.25156249999999, 98.00156249999999]], {"i0": 0.20013549236524256, "spread": 0.6806104366812943, "falloff": 1.6782203580647443}], [[[83.7703125, 96.8875]], {"i0": 0.7499999999135784, "spread": 0.999999999913577, "falloff": 1.6799999999136124}], [[[82.8359375, 96.8875], [79.6015625, 102.67343749999999], [80.8953125, 112.3046875], [87.97500000000001, 121.971875], [95.0546875, 129.05156250000002], [102.4578125, 127.11093749999999], [112.0890625, 120.67812500000001], [114.35312499999999, 111.65781249999999]], {"i0": 0.09265068513982444, "spread": 1.1625901595758061, "falloff": 1.678259417691152}]], "disk": {"mu": [92.5390625, 93.20989656448364], "roll": 1.839758396411752, "rEff": 56.97318322675554, "axRatio": 0.5922568166603297, "i0": 0.19247695587340874, "c": 2, "n": 1}, "bulge": {"mu": [92.15721011161804, 91.59024691581726], "roll": 2.368851496737251, "rEff": 4.7865150017938385, "axRatio": 0.644415081895881, "i0": 0.7097940924977023, "c": 2, "n": 0.6664859066339728}, "bar": null}