{"spiral": [], "disk": {"mu": [86.6495361328125, 86.256591796875], "roll": 2.765952418116728, "rEff": 45.155455950441926, "axRatio": 0.6213674903249353, "i0": 0.17763814062850952, "c": 2, "n": 1}, "bulge": {"mu": [86.71196043491364, 86.31702482700348], "roll": 0.057080649194026126, "rEff": 3.5176941694587143, "axRatio": 0.155534314496139, "i0": 0.3358800401535089, "c": 2, "n": 1.5215418227362643}, "bar": null}