{"disk": {"I": 0.1436964134510811, "Re": 22.830425084724837, "c": 2.0, "mux": 78.7436949292538, "muy": 79.41660298271918, "n": 1.0, "q": 0.7824903867964121, "roll": 0.4062381586293918}, "bulge": {"I": 3.6367381615087324, "Re": 0.8476993158426549, "c": 2.0, "mux": 78.08166712074315, "muy": 79.20257618632968, "n": 1.6276305125426838, "q": 0.10445200072141457, "roll": 1.2108516690780626}, "bar": null, "spiral": []}