{"spiral": [], "disk": {"mu": [100.67605590820312, 101.7130885720253], "roll": 0.07820540085960119, "rEff": 51.93141672178178, "axRatio": 0.5600290125378806, "i0": 0.20875721843249118, "c": 2, "n": 1}, "bulge": {"mu": [100.67958903312683, 102.13055390119553], "roll": 1.317580366574167, "rEff": 2.0014041352240155, "axRatio": 0.7132113487426329, "i0": 0.9335922365711388, "c": 2, "n": 0.9866606698395933}, "bar": {"mu": [100.52663315832615, 101.30065976083279], "roll": 1.4733132604864154, "rEff": 6.373397320457148, "axRatio": 0.22607279855888462, "i0": 0.15808831897758469, "c": 2.0068754429427598, "n": 0.4920057808840975}}