{"disk": {"I": 0.12000605199609603, "Re": 26.799761412111412, "c": 2.0, "mux": 103.1907987032961, "muy": 103.85067567622504, "n": 1.0, "q": 0.8261424611850473, "roll": 1.1414032146164965}, "bulge": {"I": 0.21580864687034648, "Re": 3.5638254254583788, "c": 2.0, "mux": 105.5599677878518, "muy": 104.7359538410304, "n": 0.513860496846735, "q": 0.8503933908262068, "roll": 2.845671337161405}, "bar": {"I": 0.050153511479890396, "Re": 3.1398530167743943, "c": 2.0120297111019108, "mux": 125.24305256076319, "muy": 102.39181939908778, "n": 0.6707857563243314, "q": 0.561355863604721, "roll": 2.125838212746881}, "spiral": [[[[84.68724388248461, 98.79413234501305]], {"I": 0.9375, "falloff": 1.0, "spread": 0.41015625}], [[[81.81611879130139, 92.64336224290861]], {"I": 0.9375, "falloff": 1.0, "spread": 0.41015625}], [[[64.99937097816678, 15.547449538763885], [64.99937252803966, 15.95756337566695], [64.17905738671482, 15.957830237608732], [63.768901365377474, 16.368077506558848], [63.76890291647089, 16.77819134386573]], {"I": 1.1036243159184085, "falloff": 0.47431236717276865, "spread": 0.12246545515714861}], [[[35.878527516878194, 105.78195799778814], [35.87852909412163, 106.19207170825598], [35.468371524582494, 106.19220526905531], [35.058212375595986, 105.78222511791864], [34.23789565133677, 105.37237852488562], [34.23789407245806, 104.96226481046614], [33.00741976286474, 104.55255177058513], [33.00741818315055, 104.14243805300345], [32.59726060337198, 104.1425716106965], [32.187101441743835, 103.73259144879586], [31.77694227848906, 103.32261128539255], [31.36678469434014, 103.32274484184921], [30.546469522679445, 103.32301195497587], [30.546466358293173, 102.50278450732418], [30.13630718754837, 102.09280433722603]], {"I": 0.8659994759516838, "falloff": 1.1515733303163382, "spread": 1.9267237809833797}], [[[45.72221946850425, 82.40227060362531], [45.312060336707304, 81.9922903889036], [44.49174363627549, 81.58244369746859], [44.08158449915891, 81.17246347841422], [43.26126621877086, 80.35250303390478], [43.26126464848312, 79.94238928586594], [43.261263078293496, 79.5322755372822]], {"I": 1.0273263376426471, "falloff": 1.1430404548139914, "spread": 1.6411652584295484}], [[[104.37503548654547, 162.76543817559218], [104.37503699970046, 163.17555168115268], [104.37503851283805, 163.58566518562617]], {"I": 0.9972857025589956, "falloff": 1.2228507844404597, "spread": 1.87303415332039}], [[[172.87118988718123, 134.03517957054055], [172.05087558673972, 134.0354467716702], [171.64071843500483, 134.03558037251696], [170.82040412782192, 134.03584757391582], [170.41024552062527, 133.62586770951373]], {"I": 0.9256517870386604, "falloff": 1.0438972627251835, "spread": 0.8059281661427957}], [[[39.56998965691082, 117.26393940948924], [39.98014720448282, 117.26380583307969], [39.56998808342405, 116.8538257252755], [38.339515432820804, 116.85422645317612], [37.109042771762006, 116.85462718142435]], {"I": 0.8495273313976636, "falloff": 1.2987992644423485, "spread": 1.0595617025779438}]]}