{"disk": {"I": 0.1191994062238132, "Re": 28.084762003436822, "c": 2.0, "mux": 112.73318093203204, "muy": 110.8106621861416, "n": 1.0, "q": 0.6847858141847292, "roll": 2.3789558419323433}, "bulge": null, "bar": null, "spiral": []}