{"disk": {"I": 0.07942816210973137, "Re": 31.15059264409669, "c": 2.0, "mux": 129.9733769891052, "muy": 127.779701813457, "n": 1.0, "q": 0.7786339581932946, "roll": 0.1528637994738866}, "bulge": null, "bar": null, "spiral": []}