{"disk": {"mux": 59.54730224610529, "muy": 61.208984375081826, "roll": -2.478389660878778, "Re": 16.72241250750289, "q": 0.5582871553667611, "I": 0.08411133125443153, "n": 1.0, "c": 2.0}, "bulge": {"mux": 60.965270996173956, "muy": 59.791015624923546, "roll": -2.158934898830401, "Re": 7.877054091833739e-07, "q": 0.8632926555623454, "I": 1.25, "n": 5.0, "c": 2.0}, "bar": null, "spiral": []}