{"disk": {"I": 0.13977090956230115, "Re": 12.293463098817774, "c": 2.0, "mux": 51.17298067059503, "muy": 50.27228575858589, "n": 1.0, "q": 0.8794563140441599, "roll": 1.135448077157681}, "bulge": {"I": 0.008505508317391542, "Re": 1e-08, "c": 2.0, "mux": 52.41806813573879, "muy": 49.32468486825019, "n": 0.5, "q": 0.9186357233714334, "roll": 1.4181309101993893}, "bar": null, "spiral": []}