{"spiral": [], "disk": {"mu": [33.22083306312561, 32.69400906562805], "roll": 0.18717694800717727, "rEff": 17.858582428985493, "axRatio": 0.5681484415506444, "i0": 0.17330693226999042, "c": 2, "n": 1}, "bulge": {"mu": [34.81458306312561, 33.490886092185974], "roll": 0.0570807824062646, "rEff": 4.654533600378361, "axRatio": 0.2391237800848365, "i0": 0.5140556732581751, "c": 2, "n": 0.9586117385560501}, "bar": null}