{"spiral": [], "disk": {"mu": [86.86197847127914, 86.46321892738342], "roll": 1.0679531158670357, "rEff": 15.607627759550153, "axRatio": 0.30334400644489645, "i0": 0.17968276602112918, "c": 2, "n": 1}, "bulge": {"mu": [87.20377534627914, 88.0678117275238], "roll": 1.5707963267948966, "rEff": 4.291126797705255, "axRatio": 0.6504233418705443, "i0": 0.8147840858351291, "c": 2, "n": 0.5855915317060627}, "bar": null}