{"disk": {"I": 0.07376350059377201, "Re": 16.276726053264333, "c": 2.0, "mux": 63.27267077062891, "muy": 62.33738811619187, "n": 1.0, "q": 0.7956232488846724, "roll": 2.3465494759685934}, "bulge": {"I": 1.9977027921284827, "Re": 2.925352768945651, "c": 2.0, "mux": 63.60000006678651, "muy": 62.79999996039703, "n": 1.3839735512178455, "q": 0.0674644605804848, "roll": 1.0881394857336253}, "bar": null, "spiral": [[[[76.82011718747424, 73.59550781238497], [70.6685546873776, 78.43242187505925], [60.77148437502251, 78.65566406252988], [50.229492187474335, 75.35664062500668], [45.169335937487574, 66.12929687495499], [42.96171875000692, 56.678710937544764], [43.18496093765293, 46.111914062602594], [53.305273437475535, 43.70585937498247], [67.36953125001412, 43.482617187539674], [82.10351562484846, 54.02460937490582], [86.49394531248907, 67.89042968755189], [88.0318359374098, 78.6556640625282], [82.77324218752156, 88.10624999994339], [66.947851562674, 90.95878906259719], [54.6199218749187, 90.09062500002956]], {"I": 0.032297319958961686, "falloff": 0.7821288397642443, "spread": 6.829203538874889}]]}