{"disk": {"I": 0.0819800649490155, "Re": 29.333934156849967, "c": 2.0, "mux": 93.15936497346132, "muy": 90.60630529357263, "n": 1.0, "q": 0.6917487900429795, "roll": 1.8778683046846707}, "bulge": {"I": 1.059786583373102, "Re": 1.1383941518338911, "c": 2.0, "mux": 93.34004952562316, "muy": 91.14831922098244, "n": 0.2, "q": 0.7714934278532168, "roll": 0.6947958978763271}, "bar": null, "spiral": []}