{"disk": {"I": 0.15982693333550604, "Re": 9.03825176515728, "c": 2.0, "mux": 30.357141792866575, "muy": 30.072588744813853, "n": 1.0, "q": 0.7398038890476546, "roll": 2.630263555171413}, "bulge": {"I": 9.139024430852308, "Re": 0.786346069067165, "c": 2.0, "mux": 30.767240067335305, "muy": 30.22475936084534, "n": 0.2, "q": 0.14230090759168626, "roll": 2.0617294836179205}, "bar": null, "spiral": []}