{"disk": {"mux": 69.0163432590648, "muy": 66.9969578590892, "roll": 2.8682277494742356, "Re": 26.04022500469049, "q": 0.42516736057824617, "I": 0.07335836897397881, "n": 1.0, "c": 2.0}, "bulge": {"mux": 69.55539867313746, "muy": 68.07486782802776, "roll": 2.2850536989049584, "Re": 6.103231298400641, "q": 0.8335045225351877, "I": 0.12981774887829559, "n": 1.2041002944400911, "c": 2.0}, "bar": {"mux": 69.55540040874052, "muy": 65.11000939250876, "roll": -3.141183849034831, "Re": 0.4096818005229476, "q": 0.13053423499202318, "I": 0.0, "n": 0.4949261442602892, "c": 2.067708660626553}, "spiral": [[[[67.67543186464559, 83.16103844518514], [67.13637596729359, 82.89172625733734], [66.32779235429155, 82.08345908733463], [64.98015283241273, 81.00587972008425], [64.17156905022318, 80.46714513254835], [62.82392966767327, 79.12003315701023], [61.2067623935194, 77.50349877121893], [60.39817875020333, 76.69523157211563], [59.320067378025556, 75.34800937036663], [58.51148372508146, 74.5397421611123], [57.433372658361804, 72.65345474876571], [56.62478931379883, 71.30612233143854], [55.816206124558335, 69.68925730900929], [55.54667887118376, 68.34170450380564], [55.27715161776018, 66.99415169720551], [54.73809647299322, 65.37717647535803], [54.46856937790733, 63.76009106592038], [54.46857049223536, 61.873362875442176], [54.46857192473908, 59.44756949135713], [54.46857287993089, 57.83037390410307], [54.46857351664073, 56.75224351381042], [54.46857494951871, 54.32645013830197], [54.46857574537955, 52.97878715355295], [54.46857654118901, 51.631124169971194], [54.46857733706099, 50.28346118805052], [55.00763391188639, 49.47464306039241], [55.277162436951585, 48.665935105154944], [55.81621884919889, 48.126649578426054], [56.085747213585705, 47.587474221583705], [56.35527541815145, 47.31783145998184], [57.16385986980754, 46.77843577169442], [57.70291611520838, 46.50868284522499], [58.51150039994491, 46.238819753861634], [59.32008467991034, 45.96895666380023], [60.39819715148599, 45.42945081976572], [61.47630945630647, 45.1594775685933], [63.0934779765098, 44.619751402451186], [64.44111829018004, 44.34966799287429], [65.7887585906642, 44.079584585722316], [66.86687085343976, 43.80961134507348], [67.94498294997095, 43.8091706887224], [68.75356701681585, 43.80884019676117], [69.56215107919297, 43.80850970459456], [70.37073513700125, 43.808179212483545], [70.64026299730699, 44.077601628233076], [71.44884673394893, 44.61633629359311], [71.98790245098928, 45.15518112157926], [72.52695800847823, 45.963558525977604], [73.0660138792972, 46.2328707715303], [73.60506943307348, 47.04124817146648], [74.14412514256537, 47.580092991593915], [74.95270838896101, 48.927425371500696], [75.49176362235949, 50.27486791503016], [76.30034686243778, 51.622200283382554], [76.56987377033386, 53.508818142302836], [77.37845700555192, 54.85615049925227], [77.91751176080913, 57.01219075154993], [78.72609499022076, 58.35952309550068], [79.53467805881814, 59.97638800727415], [80.34326081003928, 62.13231805945763], [80.88231602777682, 63.47976056499343], [81.42137124424369, 64.82720306628923], [82.49948198554216, 66.98302291177896], [83.30806488067651, 68.869420359797], [83.84712024647865, 69.94733027207828], [84.11664761567806, 71.0253503714512], [84.38617467195968, 72.64243561318906], [84.92522956578387, 74.52894323300414], [84.92522847135729, 76.41567123801778], [85.19475568342398, 77.76322390381156], [85.1947545888803, 79.64995191132213], [85.19475318213517, 82.07574506695454], [85.19475255655664, 83.15387535980847], [85.1947511496054, 85.57966852151966], [85.19474989903631, 87.73592911310642], [85.1947486483931, 89.89218970811179], [85.19474755394299, 91.77891773118301], [85.19474692853407, 92.85704803107708], [84.92521799521808, 94.4743536947235], [84.92521736974868, 95.552483997678], [84.65568890452255, 96.36119193927524], [84.65568812281867, 97.70885482104885], [84.65568749736815, 98.78698512766712], [84.65568687170583, 99.86511543484934], [84.6556865588833, 100.40418058865487], [84.9252137736164, 101.75173325561502], [85.19474130054869, 102.56022076707391], [85.19474083145235, 103.36881849803157], [85.19474051886345, 103.90788365230577], [85.1947400499347, 104.71648138394454], [85.19473973717913, 105.2555465386161], [85.19473926831324, 106.06414427095467], [85.1947389555504, 106.60320942626947], [85.19473879918155, 106.87274200379096], [85.19473848659345, 107.41180715933572], [85.1947381739601, 107.9508723150371], [85.1947380175609, 108.22040489289182], [85.19473770508762, 108.75947004908619], [85.19473754859689, 109.02900262693642], [84.92520939549411, 109.29864543122221], [84.92520923933967, 109.568178009572], [84.92520908288884, 109.83771058811412], [84.9252089264553, 110.10724316656777], [84.65568077276873, 110.37688597231636], [84.65568061646445, 110.6464185512774], [84.38615261851555, 110.646528778465], [84.38615246207405, 110.91606135779188], [84.3861523056953, 111.18559393703289], [84.11662430724311, 111.18570416496297], [84.11662415074761, 111.45523674456129]], {"I": 10.150319456496025, "spread": 2.3994398564527044,