{"disk": {"mux": 90.08559677003052, "muy": 89.15039062510849, "roll": 2.5563755581493286, "Re": 26.400113219828256, "q": 1.3725591255140768, "I": 0.05365523139785909, "n": 1.0, "c": 2.0}, "bulge": {"mux": 89.38637802008657, "muy": 90.19921874990328, "roll": -0.6435011088326982, "Re": 6.868710624191734, "q": 1.099004063010443, "I": 0.0, "n": 0.1, "c": 2.0}, "bar": {"mux": 89.38637001804989, "muy": 90.8984375000872, "roll": -0.5565993940540264, "Re": 3.6579530384199535, "q": 2.260960021383247, "I": 0.0, "n": 0.8533230854477025, "c": 2.42169004334592}, "spiral": [[[[88.34628906263879, 95.93281250002485], [87.99667968744279, 95.93281250000356], [87.99667968748827, 96.28242187512475], [86.59824218728522, 96.63203125003628], [85.5494140625571, 96.98164062507232], [84.15097656242051, 97.68085937503906], [83.45175781252499, 98.38007812501621], [82.40292968765465, 99.07929687496016], [81.00449218749884, 99.42890625004583], [80.654882812383, 99.77851562495209], [79.60605468749179, 100.47773437498907], [78.55722656265317, 100.82734375004839], [78.20761718742585, 100.82734375013294], [78.20761718764174, 101.17695312502224], [77.85800781259758, 101.5265625000743], [77.15878906262947, 101.87617187504304], [76.80917968753897, 101.87617187496744], [76.8091796875255, 102.2257812499972], [76.45957031247917, 102.22578125007792], [76.45957031238277, 102.57539062493555], [75.76035156247553, 102.9249999999781], [75.41074218767903, 103.27460937504955], [75.06113281252465, 103.97382812497972], [74.0123046875068, 104.67304687497784], [74.01230468771723, 105.02265625010972], [74.01230468725038, 105.37226562493211], [73.66269531251191, 105.37226562505936], [73.66269531236912, 105.7218749999536], [72.9634765624827, 106.07148437500086], [72.61386718758263, 106.77070312505879], [72.61386718743285, 107.12031250003659], [72.26425781247735, 107.46992187506712], [72.26425781246712, 107.81953124995076], [72.26425781240448, 108.16914062504247], [72.26425781273747, 108.86835937504429], [72.2642578125151, 109.21796875002892], [72.61386718774406, 109.56757812503719], [73.31308593762378, 109.9171874999972], [74.01230468756467, 110.61640625007223], [74.71152343766386, 110.96601562500314], [75.41074218736617, 111.66523437498887], [75.76035156248071, 111.66523437501826], [76.10996093746064, 111.66523437500209], [76.45957031252101, 111.66523437503938], [76.80917968748378, 111.66523437506586], [77.85800781243216, 112.01484374996136], [78.55722656252613, 112.36445312497233], [79.25644531245439, 112.36445312495846], [79.60605468731808, 112.36445312496531], [79.95566406254284, 112.36445312506049], [80.6548828126023, 112.36445312496988], [81.35410156250077, 112.36445312506953], [82.40292968748054, 112.36445312494672], [83.10214843745325, 112.36445312510094], [83.8013671873228, 112.36445312492785], [84.1509765624636, 112.3644531250379], [85.19980468764976, 112.36445312504983], [86.24863281223412, 112.36445312502971], [86.59824218756808, 112.36445312489795], [86.9478515624478, 112.36445312506521], [87.29746093747929, 112.36445312506967], [87.99667968746246, 112.36445312503551], [88.3462890624437, 112.36445312500356], [89.04550781255398, 112.3644531250782], [89.39511718745712, 112.36445312502465], [90.44394531255284, 112.36445312502212], [91.49277343753761, 112.36445312497708], [92.54160156274588, 112.01484375000376], [93.24082031229864, 111.66523437510614], [94.6392578125342, 111.3156250000925], [95.68808593752635, 111.31562500013209], [96.73691406251419, 110.96601562506993], [97.78574218752124, 110.96601562509159], [99.18417968772769, 109.91718750003886], [101.28183593754648, 109.91718749998958], [103.37949218748247, 109.56757812497452], [105.12753906264834, 109.21796875005865], [106.87558593741858, 108.51874999989931], [108.27402343758797, 108.16914062506035], [109.67246093754898, 107.81953124999046], [111.07089843757046, 107.12031250003247], [112.11972656246473, 107.12031249993476], [113.51816406247792, 106.77070312491514], [115.2662109375184, 106.42109375006444], [117.71347656255205, 105.72187499993322], [120.16074218752067, 105.02265625002445], [121.2095703124819, 105.02265624993274], [121.55917968748736, 105.02265625000751]], {"I": 0.0, "spread": 1.2751182279074529,