{"spiral": [], "disk": {"mu": [69.40781569480896, 65.41660475730896], "roll": 0.44530104388768565, "rEff": 34.81988456330142, "axRatio": 0.57100434741625, "i0": 0.1831125634271893, "c": 2, "n": 1}, "bulge": {"mu": [61.50390625, 65.94004225730896], "roll": 0.5633162614919681, "rEff": 5.965547853798313, "axRatio": 0.41490618920343775, "i0": 0.6472080672757035, "c": 2, "n": 0.2940818150734362}, "bar": {"mu": [68.83203125, 66.85605788230896], "roll": 0.0, "rEff": 3.4504796655324363, "axRatio": 0.13546819819751627, "i0": 0.20025064265048034, "c": 3.0172605884687647, "n": 1.5434462308439143}}