{"spiral": [], "disk": {"mu": [66.62446838617325, 67.03847381472588], "roll": 1.2679116032245727, "rEff": 19.342808272263255, "axRatio": 0.6217077391126721, "i0": 0.18182171449017817, "c": 2, "n": 1}, "bulge": {"mu": [66.19232898950577, 66.33420598506927], "roll": 1.5556459039600752, "rEff": 5.162637286654822, "axRatio": 0.6559994585069562, "i0": 0.4735858354215965, "c": 2, "n": 1.4961000449206197}, "bar": null}