{"spiral": [], "disk": {"mu": [63.37548792362213, 61.90013140439987], "roll": 1.1684752289344558, "rEff": 30.46673536853683, "axRatio": 0.56370443552906, "i0": 0.20334810928459815, "c": 2, "n": 1}, "bulge": {"mu": [62.64305114746094, 62.14427575469017], "roll": 1.4827893592890204, "rEff": 5.0308511812893, "axRatio": 0.35361952064747576, "i0": 0.39166486357894215, "c": 2, "n": 1.1635945710420141}, "bar": null}