{"spiral": [[[[100.39218749999999, 87.53203125], [101.08359374999999, 100.323046875]], {"i0": 0.0, "spread": 0.9282649831850398, "falloff": 1.0024184290603708}], [[[86.2875, 99.631640625], [75.08671875, 98.6982421875]], {"i0": 0.021379884106251006, "spread": 0.955253565802556, "falloff": 0.9940174286815268}], [[[80.825390625, 79.9265625], [91.47304687500001, 76.33125]], {"i0": 0.0, "spread": 0.0, "falloff": 1.0}]], "disk": {"mu": [88.90331679582596, 88.58231127262115], "roll": 0.4355425615403503, "rEff": 44.58640243985492, "axRatio": 0.55837151729106, "i0": 0.18762683729041818, "c": 2, "n": 1}, "bulge": {"mu": [88.81713366508484, 88.66573029756546], "roll": 0.4124099101855448, "rEff": 3.9167988718459634, "axRatio": 0.4425608065263103, "i0": 0.47750059863441063, "c": 2, "n": 0.7373135719500357}, "bar": null}