{"spiral": [], "disk": {"mu": [53.67682248353958, 54.15227907896042], "roll": 2.2937756801963873, "rEff": 22.209142847205577, "axRatio": 0.6395207962204548, "i0": 0.1767495867377142, "c": 2, "n": 1}, "bulge": {"mu": [55.16705685853958, 54.57806032896042], "roll": 2.677945044588987, "rEff": 4.247085125335874, "axRatio": 0.9999998520090657, "i0": 0.8460507538934893, "c": 2, "n": 0.5739828367507556}, "bar": null}