{"spiral": [], "disk": {"mu": [84.65460205078125, 84.83203125], "roll": 1.7074394892859837, "rEff": 82.54827828405985, "axRatio": 0.9999483861790682, "i0": 0.09941034582260624, "c": 2, "n": 1}, "bulge": {"mu": [85.61659079790115, 85.78862312436104], "roll": 1.763497085457282, "rEff": 10.973753373249874, "axRatio": 0.7654664110087609, "i0": 0.40150811195566477, "c": 2, "n": 1.0320817886142886}, "bar": null}