{"spiral": [], "disk": {"mu": [58.90625, 57.53932476043701], "roll": 2.263438170004201, "rEff": 19.648802733102972, "axRatio": 0.604415573693666, "i0": 0.17977271082970897, "c": 2, "n": 1}, "bulge": {"mu": [58.6796875, 57.99244976043701], "roll": 0.7157435896688801, "rEff": 3.314126982284433, "axRatio": 0.501305813139738, "i0": 0.5279255879183026, "c": 2, "n": 0.49947123273095695}, "bar": null}