{"disk": {"I": 0.08593294565294428, "Re": 13.171443564064813, "c": 2.0, "mux": 48.11385446186158, "muy": 47.24875677219902, "n": 1.0, "q": 0.8188527773858955, "roll": 2.025877514881839}, "bulge": {"I": 1.540310885726936, "Re": 1.714463812034538, "c": 2.0, "mux": 47.71642143136011, "muy": 47.36235937382337, "n": 3.1609508459362714, "q": 0.09069719088290301, "roll": 0.441457106171344}, "bar": null, "spiral": [[[[47.91743778714158, 45.49182468302749], [50.7302292645677, 38.74242875673686], [57.667320244271764, 38.74244451694345], [57.85480919414408, 38.742444943079164], [61.41634967730067, 49.80397402124785]], {"I": 0.03623202803869124, "falloff": 0.951180759709815, "spread": 2.445206223992518}], [[[45.47976399106585, 50.178903989390534], [42.29223615886008, 53.36611431798326], [29.918284966891065, 48.6790009246312], [23.731735404323558, 40.05475109229532]], {"I": 0.03446452367370055, "falloff": 0.7128381236645895, "spread": 1.0461676873262198}]]}