{"disk": {"I": 0.15366333626000306, "Re": 18.325923213068943, "c": 2.0, "mux": 78.10609294294851, "muy": 78.6563575115143, "n": 1.0, "q": 0.5466647923948937, "roll": 2.313531066924264}, "bulge": {"I": 0.0, "Re": 1e-08, "c": 2.0, "mux": 79.57957114838393, "muy": 76.56250349810648, "n": 0.5, "q": 0.5002596381614636, "roll": 2.4332543156182584}, "bar": null, "spiral": []}