{"spiral": [], "disk": {"mu": [86.2071607708931, 86.82662777602673], "roll": 1.2901186144478922, "rEff": 42.93917630734856, "axRatio": 0.5142194653469513, "i0": 0.08186688056321323, "c": 2, "n": 1}, "bulge": {"mu": [86.8829420208931, 87.16452097892761], "roll": 1.5707963267948966, "rEff": 10.76677314533932, "axRatio": 0.9041841410108142, "i0": 0.3483838232861316, "c": 2, "n": 1.1856164148613495}, "bar": {"mu": [89.24817639589311, 78.71725535392761], "roll": 1.0343608691901653, "rEff": 5.160837639149604, "axRatio": 0.20048414017505656, "i0": 0.18140402651617465, "c": 2.006915358469495, "n": 0.4919004731929143}}