{"disk": {"mux": 128.60427653995635, "muy": 125.65731688099041, "roll": -1.3863368132756098, "Re": 39.52386547766146, "q": 0.5363419807871553, "I": 0.09167680895948227, "n": 1.0, "c": 2.0}, "bulge": {"mux": 125.20782798014272, "muy": 129.52103065801708, "roll": -0.6569107138107575, "Re": 16.969243383621823, "q": 2.0271941625395407, "I": 0.02993556791626189, "n": 1.5314023379291832, "c": 2.0}, "bar": null, "spiral": []}