{"disk": {"mux": 66.43183672431616, "muy": 66.25781250015342, "roll": 0.6190661447378479, "Re": 16.35482355983605, "q": 0.8912864740620486, "I": 0.0950295921044029, "n": 1.0, "c": 2.0}, "bulge": {"mux": 66.39228916165416, "muy": 66.41721045959497, "roll": 0.017239318791812713, "Re": 9.046604719376713, "q": 0.014383199596529022, "I": 0.24269335227623456, "n": 4.386253169830798, "c": 2.0}, "bar": null, "spiral": [[[[66.95390624998518, 63.00937499994677], [66.9539062500161, 62.75156250008274], [66.95390624996404, 62.49374999984295], [66.6960937499596, 62.49374999979372], [66.1804687499939, 62.4937499999798], [65.92265624998608, 61.978124999955156], [65.66484374996655, 61.46249999976661], [65.4070312500067, 61.46250000002104], [64.89140625000232, 61.20468750002112], [64.89140624999901, 60.946874999943475], [64.37578124998448, 60.68906249992099], [64.11796874998375, 60.431249999944725], [63.86015624999311, 60.431249999967605], [63.602343750026336, 60.431250000136146], [63.344531250037846, 60.431250000268705], [63.0867187500361, 60.43125000025802], [62.82890625001052, 60.431249999978576], [62.57109375006944, 60.43125000009556], [61.79765624999681, 60.43125000002365], [61.539843750072606, 60.43125000001575], [61.28203125009296, 60.431249999986875], [60.76640625026084, 60.431250000164056], [60.76640625004967, 60.68906250009201], [59.99296875017035, 60.946875000018025], [59.73515625009837, 61.46249999999873], [58.96171874996387, 61.46249999998], [58.703906250029384, 61.72031250002536], [58.44609375010492, 62.23593750004994], [57.93046875014334, 62.49375000003633], [57.67265625008822, 62.49375000007407], [57.414843750114585, 62.75156249973958], [56.899218750145735, 63.2671874999385], [56.64140625001228, 63.267187500169655], [56.6414062501983, 63.52500000003178], [56.64140624998011, 63.78281249999179], [56.38359375004369, 64.04062499993074], [56.3835937499966, 64.29843750012972], [56.12578125018673, 64.29843749995308], [56.125781250100516, 64.55625000012319], [56.12578125013853, 64.81406249999588], [55.86796875013166, 65.32968750011031], [55.610156250165474, 65.58749999998346], [55.610156250066325, 66.10312500012722], [55.6101562500544, 66.61875000024301], [55.61015625008178, 66.87656250002675], [55.094531250073, 67.65000000004201], [55.09453125004842, 67.90781250000938], [54.83671875000266, 68.42343749981663], [54.836718750061905, 68.68124999993458], [54.57890625001847, 69.71249999995183], [54.32109374999045, 70.48593749992767], [54.06328125006634, 70.74375000014729], [54.063281250071334, 71.51718749995439], [54.063281249965854, 72.03281249976925], [54.06328124997842, 72.5484374998527], [54.06328124997083, 72.80624999975797], [54.063281250002774, 73.06406250000802], [54.06328124998621, 73.57968749995612], [54.06328125000458, 73.83750000005745], [54.063281250031835, 74.09531250016676], [54.063281249956276, 74.35312499974256], [54.063281250033725, 74.86875000025873], [54.06328124996918, 75.12656249977212], [54.321093750032205, 75.3843750002477], [54.57890625001457, 75.9000000001021], [54.57890625004141, 76.15781250018318], [54.578906250013006, 76.41562500008848], [54.836718750083406, 76.93125000014214], [54.83671875007758, 77.18906249980404], [55.09453125014237, 77.18906250026382], [55.094531250069394, 77.44687500013873], [55.09453125010526, 77.96250000012284], [55.3523437500582, 77.9624999999732], [55.35234375013384, 78.22031250004707], [55.610156250132036, 78.22031249997272], [55.61015624999618, 78.735937499991], [55.6101562501802, 78.99374999997093]], {"I": 0.0, "spread": 0.0, "falloff": 0.8450224976308819}], [[[65.66484374999548, 71.00156249997227], [65.9226562499886, 71.0015624999698], [65.92265624996092, 71.25937499975583], [65.92265625001824, 71.51718750009573], [65.9226562500001, 71.77500000005813], [65.92265624998726, 72.03281249988771], [66.18046875001717, 72.80625000014965], [66.18046875001752, 73.3218750001366], [66.18046875000107, 73.83750000000987], [66.43828124999257, 73.83749999993321], [66.43828125001961, 74.09531250015297], [66.43828124999968, 74.35312499999105], [66.43828124998181, 74.61093749993742], [66.43828125000006, 74.86875000007376], [66.69609374997592, 74.86874999985582], [66.69609374999018, 75.12656249991264], [66.69609375000753, 75.38437500004224], [67.21171875000331, 75.89999999991718], [67.46953124997142, 75.89999999986031], [67.98515624998808, 76.15781249988538], [67.9851562500109, 76.41562500011761], [68.24296875003495, 76.41562500020041], [68.50078125001063, 76.67343750002382], [69.01640625000886, 76.93125000008902], [69.27421875003677, 76.93125000028405], [70.04765625000056, 76.93125000002686], [70.30546874995346, 76.93124999985352], [71.07890624996935, 76.93124999988902], [71.59453124996037, 76.93124999979872], [72.11015625000451, 76.67343750001882], [72.36796874997654, 76.41562499983218], [72.88359374994124, 76.15781249978784], [73.14140624999229, 76.15781249997977], [73.39921874998132, 75.89999999996277], [73.65703124998544, 75.90000000000552], [74.17265624998262, 75.64218749990351], [74.43046874999507, 75.1265625000249], [74.68828124996139, 75.12656249984704], [74.9460937500141, 74.61093750008752], [75.20390624994383, 74.3531249997495], [75.20390624998282, 74.09531249997372], [75.46171874999027, 73.57968749996718], [75.71953125002938, 73.06406250013578], [75.71953125002824, 72.80625000014066], [75.7195312500246, 72.54843750006441], [75.97734375001606, 72.03281250003576], [76.23515625005135, 71.77500000016187], [76.23515624995424, 71.51718749988936], [76.23515624997913, 71.00156249987367], [76.23515625003469, 70.74375000019205], [76.23515624999774, 70.48593749997477], [76.23515625002582, 69.71250000011781], [76.2351562499858, 69.19687499997545], [76.23515625000312, 68.93906249994541], [76.23515624998909, 68.68125000001115], [76.23515625001674, 68.16562500003943], [76.23515624998942, 67.90781249996076], [76.23515624996156, 67.64999999984573], [76.23515624999871, 67.13437500004312], [76.23515624998176, 66.61874999995223], [76.23515625000803, 66.36093750007825], [76.23515625002527, 65.84531250008118], [76.23515625003404, 65.58750000014868], [76.23515624998576, 65.07187499995038], [76.2351562500485, 64.55625000015294], [76.23515625000198, 63.782812499973176], [75.71953125002983, 62.751562500142654], [75.20390625000172, 62.235937499982896], [74.94609374997869, 61.46250000003377], [74.94609375001639, 60.94687500004494], [74.94609374996975, 60.43124999986415], [74.43046874996047, 59.91562499981654], [74.17265625003739, 59.40000000012574], [74.1726562500248, 59.14218750015158], [73.91484374999801, 58.62656250006816], [73.65703124998967, 58.36874999990289], [73.39921875002771, 58.110937500158286], [73.39921874998792, 57.59531249996596], [73.14140624996323, 57.337499999887115], [73.14140624993723, 56.82187499978909], [72.88359375000022, 56.30625000000842], [72.6257812500275, 56.3062500001555], [72.36796874994701, 56.048437499727726], [72.11015625004617, 55.53281250020049], [71.85234375000556, 55.27500000004886], [71.5945312499917, 54.759374999976984], [71.33671874996685, 54.24374999980361], [71.07890625001812, 54.24375000007228], [70.8210937499954, 53.98593749993802], [70.82109375000661, 53.728125000023965], [70.56328124998836, 53.72812500002027], [70.5632812499361, 53.470312499720706], [70.30546874999476, 53.21250000006137]], {"I": 0.0005050026566493072, "spread": 1.015890244084261, "falloff": 0.01}]]}