{"spiral": [], "disk": {"mu": [60.058853685855865, 60.586654126644135], "roll": 0.2504430896113522, "rEff": 15.418096701663375, "axRatio": 0.4472724948204929, "i0": 0.13524713108141587, "c": 2, "n": 1}, "bulge": {"mu": [60.295181810855865, 59.877669751644135], "roll": 0.2967115787190101, "rEff": 1.795688649280082, "axRatio": 0.6903581981058917, "i0": 1.9988430240387762, "c": 2, "n": 1.6599378856517324}, "bar": null}