{"disk": {"I": 0.08250380941317871, "Re": 19.1314217992889, "c": 2.0, "mux": 70.16634920238107, "muy": 69.69181824168669, "n": 1.0, "q": 0.9802937552051426, "roll": 0.5281111010137058}, "bulge": {"I": 3.0216831334620773, "Re": 3.727699196994115, "c": 2.0, "mux": 70.56292875477533, "muy": 69.47855458975039, "n": 4.953974342415396, "q": 0.020372438328937887, "roll": 0.26629028193308013}, "bar": null, "spiral": []}