{"disk": {"I": 0.4326139091021634, "Re": 3.0330217065877916, "c": 2.0, "mux": 89.31552016116927, "muy": 88.82174043908469, "n": 1.0, "q": 0.6380152420150016, "roll": 2.125576965783006}, "bulge": {"I": 0.07162131815495822, "Re": 23.70108460516227, "c": 2.0, "mux": 88.2779109185874, "muy": 88.61413247380915, "n": 0.7204778481538842, "q": 0.935933154371644, "roll": 2.1647948887853534}, "bar": null, "spiral": []}