{"disk": {"I": 0.08765746802855186, "Re": 27.7609831431603, "c": 2.0, "mux": 101.43729776897143, "muy": 107.06635400950483, "n": 1.0, "q": 0.9533570683775902, "roll": 3.022342505636793}, "bulge": {"I": 0.2129283705336265, "Re": 4.299848918241739, "c": 2.0, "mux": 102.25458374327694, "muy": 101.62306037249888, "n": 2.058728664126499, "q": 0.4921120833298499, "roll": 1.2842383686815322}, "bar": {"I": 0.10064008226736315, "Re": 10.972710607353623, "c": 1.876762442573105, "mux": 102.043131141724, "muy": 95.08024172794889, "n": 0.41714178915234107, "q": 0.9239007072338342, "roll": 1.0689705628809756}, "spiral": []}