{"disk": {"I": 0.10880362383638367, "Re": 11.816543033364944, "c": 2.0, "mux": 54.486885510553904, "muy": 54.22318146166316, "n": 1.0, "q": 0.7726328788033078, "roll": 0.7615108836083215}, "bulge": {"I": 0.0, "Re": 4.8919658604630315e-09, "c": 2.0, "mux": 54.95535188411508, "muy": 54.38974096858731, "n": 0.7799999651171072, "q": 0.8254346127134128, "roll": 0.0555002155239282}, "bar": null, "spiral": []}