{"disk": {"mux": 86.94105893205358, "muy": 86.17824064246213, "roll": 1.242763817680036, "Re": 36.30485831636641, "q": 0.4875229634575802, "I": 0.038786255322413886, "n": 1.0, "c": 2.0}, "bulge": {"mux": 87.96692092638489, "muy": 87.20318618575806, "roll": 1.381327976307627, "Re": 0.5602976323470422, "q": 0.01, "I": 1.9529714019972537, "n": 0.23067601847636998, "c": 2.0}, "bar": {"mux": 87.55888791497523, "muy": 87.10911260450851, "roll": -3.141160048863766, "Re": 1.9829613574455325, "q": 1.4502834222276215, "I": 0.3884526268606912, "n": 1.1653614037308853, "c": 2.8616217205364873}, "spiral": []}