{"disk": {"I": 0.1087047393116422, "Re": 27.107982987866833, "c": 2.0, "mux": 89.69644956811732, "muy": 89.79294018478764, "n": 1.0, "q": 0.760253863340145, "roll": 2.2667085186774685}, "bulge": {"I": 1.7084592933740874, "Re": 3.558257773406799, "c": 2.0, "mux": 89.088116000434, "muy": 88.75953957554731, "n": 0.7409745416973412, "q": 0.09076275798694433, "roll": 2.7019800442426165}, "bar": null, "spiral": []}