{"disk": {"I": 0.09121290182685231, "Re": 19.705978338091953, "c": 2.0, "mux": 74.32785374249687, "muy": 74.31816861165349, "n": 1.0, "q": 0.8349460427608268, "roll": 2.7759187296812087}, "bulge": {"I": 0.19722701639731777, "Re": 4.283642395630077, "c": 2.0, "mux": 74.25692992220752, "muy": 74.09132787211567, "n": 1.1965901612918837, "q": 0.82258778190584, "roll": 2.524554364202752}, "bar": null, "spiral": []}