{"spiral": [], "disk": {"mu": [43.57411193847656, 43.87330627441406], "roll": 1.5240674155706033, "rEff": 36.67540289464655, "axRatio": 0.9999999947894697, "i0": 0.23147441552560163, "c": 2, "n": 1}, "bulge": {"mu": [41.311126708984375, 41.21467590332031], "roll": 2.5657343365823517, "rEff": 4.18336789251036, "axRatio": 0.43303477783233874, "i0": 0.41700146255641257, "c": 2, "n": 0.9808388169362123}, "bar": {"mu": [42.603370666503906, 41.73957824707031], "roll": 0.0, "rEff": 8.757849827949919, "axRatio": 0.7632249075381636, "i0": 0.1421437079400964, "c": 2.0017320652994077, "n": 0.4929858470245952}}