{"disk": {"mux": 71.99849261195013, "muy": 71.281012759671, "roll": -0.6434675993142006, "Re": 16.20237335056054, "q": 0.9749202149114777, "I": 0.13230582945924707, "n": 1.0, "c": 2.0}, "bulge": {"mux": 72.56092110897015, "muy": 70.71851155049427, "roll": -0.6904079479270784, "Re": 2.2696939314308473, "q": 2.01245950495541, "I": 0.21927729021885803, "n": 0.26233793867680366, "c": 2.0}, "bar": null, "spiral": []}