{"disk": {"mux": 83.50723028173701, "muy": 81.10780692113516, "roll": 2.5625184514170654, "Re": 26.84595956582688, "q": 0.5541997890199044, "I": 0.028684361829381833, "n": 1.0, "c": 2.0}, "bulge": {"mux": 77.86145031470443, "muy": 78.46611571312894, "roll": 2.8894408924381536, "Re": 4.014413174041677, "q": 0.02602842440880533, "I": 3.0495894971104267, "n": 3.8410604412604936, "c": 2.0}, "bar": {"mux": 79.1420574187959, "muy": 77.40978884701929, "roll": -0.21783193992624997, "Re": 2.518690129223444, "q": 0.01, "I": 7.609123898961665, "n": 0.7792114670951704, "c": 2.969100614587946}, "spiral": [[[[76.72031249984946, 93.17343750008806], [74.95312499996629, 92.89921874992312], [74.00859374993843, 92.53359374996889], [72.85078124989008, 91.6804687499546], [71.54062500014305, 90.73593749995828], [70.68750000014165, 90.06562499991767], [70.01718750013055, 89.39531249988251], [68.79843750009644, 87.99375000000143], [67.94531250000301, 86.65312500009122], [67.48828124998687, 85.5257812499178], [67.00078125008508, 84.48984374996274], [66.54374999990182, 83.4539062501202], [65.78203125013329, 81.65624999993594], [65.4164062499965, 79.95000000002926], [65.20312499988972, 78.54843750008263], [64.8374999999188, 75.80625000007983], [64.47187499998165, 74.37421875000757], [64.34999999990225, 72.97265625005132], [64.25859375001465, 71.26640625008113], [64.1671875001528, 70.13906249996765], [64.07578125009917, 69.01171875002751], [63.89296874994102, 67.97578124998601], [63.89296875004902, 67.03124999990308], [64.25859375000823, 65.90390625005199], [64.56328125025539, 64.95937500001276], [64.74609374996254, 64.38046875000504], [64.92890625008727, 63.71015624987098], [65.11171874989441, 62.76562500002254], [65.20312500006793, 62.308593750050534], [65.41640625001139, 62.00390625008035], [65.69062500003184, 61.36406249992349], [65.78203125006087, 60.69375000003129]], {"I": 0.009549196160655114, "spread": 6.549902036628391, "falloff": 0.18756588938285568}], [[[75.8976562498624, 69.37734375009396], [75.68437499986334, 69.46875000007545], [75.31875000015009, 68.43281249994132], [75.1359375000556, 67.57968749996394], [75.04453124988186, 66.36093749997517], [74.95312499994685, 65.50781249994846], [74.95312500014455, 65.0507812498916], [75.13593750009738, 64.5632812499119], [75.89765625014593, 63.710156249894794], [76.62890624977064, 63.52734374999477], [77.29921875012121, 63.52734375004064], [77.96953125026249, 63.52734374991854], [78.82265625021319, 63.8015624999756], [79.95000000008815, 64.380468749925], [80.71171874999038, 64.95937499993116], [81.44296874996388, 65.50781249991385], [81.93046875005041, 65.9039062499829], [82.6007812500842, 66.17812499998843], [83.24062500005442, 66.4523437499547], [84.09374999997738, 66.84843750003068], [85.22109374998746, 67.3968750000276], [85.80000000018754, 67.76250000002226], [86.25703125014047, 68.06718749997576], [86.56171874988797, 68.06718750003569], [86.561718750063, 68.15859375003657], [86.83593750014006, 68.52421875006002]], {"I": 0.02923440104776016, "spread": 4.760118450432833, "falloff": 0.8471457229512892}]]}