{"disk": {"I": 0.14185188866540727, "Re": 24.265535474889898, "c": 2.0, "mux": 77.26865887643726, "muy": 77.91060590736154, "n": 1.0, "q": 0.7146235917704876, "roll": 1.6772192670300712}, "bulge": {"I": 3.0825046617024427, "Re": 4.0001745233118005, "c": 2.0, "mux": 78.34995174422278, "muy": 77.41892910008428, "n": 2.15941612970259, "q": 0.02286344419234728, "roll": 0.7316926292167532}, "bar": null, "spiral": []}