{"spiral": [[[[63.0, 65.5], [62.0, 71.0], [75.5, 76.25], [99.5, 71.25]], {"i0": 0.06151846475446789, "spread": 1.3078159028418854, "falloff": 0.34272851182790215}], [[[59.25, 65.25], [48.5, 64.25], [45.75, 50.75], [54.5, 45.75]], {"i0": 0.06248454556419736, "spread": 1.0268481361522175, "falloff": 0.48198475726160794}]], "disk": {"mu": [63.2421875, 62.0], "roll": 0.9423458218317959, "rEff": 49.52500591277855, "axRatio": 0.9999997056806612, "i0": 0.20023088796981753, "c": 2, "n": 1}, "bulge": {"mu": [63.9921875, 63.25], "roll": 2.2058230621852104, "rEff": 5.858250566240996, "axRatio": 0.9264123978446781, "i0": 0.3721671905643429, "c": 2, "n": 0.9190613654422204}, "bar": null}