{"spiral": [], "disk": {"mu": [49.912499606609344, 49.45488202571869], "roll": 0.8034142319515034, "rEff": 47.986256293057615, "axRatio": 0.9999999983552188, "i0": 0.2554837777293361, "c": 2, "n": 1}, "bulge": {"mu": [49.525780856609344, 50.03496015071869], "roll": 1.6704649792860586, "rEff": 3.886449690960939, "axRatio": 0.9331562647616926, "i0": 0.10936937319849864, "c": 2, "n": 5.000001530283747}, "bar": null}