{"spiral": [[[[74.5078125, 76.5], [74.90625, 76.8984375], [75.3046875, 76.8984375], [76.1015625, 77.296875], [76.1015625, 78.09375], [76.5, 78.09375], [76.8984375, 78.09375], [77.6953125, 78.09375], [78.09375, 78.09375], [78.890625, 78.09375], [79.2890625, 78.09375], [80.0859375, 78.09375], [80.484375, 78.09375], [81.28125, 78.09375], [81.28125, 78.4921875], [81.6796875, 78.4921875], [82.4765625, 78.4921875], [82.875, 78.4921875], [83.2734375, 78.4921875], [83.2734375, 79.2890625], [84.0703125, 79.2890625], [84.46875, 79.6875], [84.46875, 80.484375], [85.265625, 80.484375], [85.6640625, 80.484375], [86.859375, 80.484375], [87.65625, 80.484375], [88.0546875, 80.484375], [88.0546875, 80.8828125], [88.0546875, 81.28125], [88.8515625, 82.078125], [89.25, 82.078125], [89.25, 82.4765625], [89.25, 83.671875], [89.6484375, 84.46875], [90.4453125, 84.8671875], [90.4453125, 85.6640625], [90.4453125, 86.0625], [90.84375, 86.859375], [91.640625, 87.2578125], [92.0390625, 87.2578125], [92.8359375, 87.65625], [92.8359375, 89.6484375], [92.8359375, 90.046875], [92.8359375, 90.84375], [92.8359375, 91.2421875], [93.234375, 92.0390625], [93.234375, 92.4375], [93.234375, 93.234375], [93.234375, 93.6328125], [94.03125, 93.6328125], [94.03125, 94.4296875], [94.03125, 94.828125], [94.4296875, 95.625], [94.4296875, 96.0234375], [95.2265625, 96.421875], [95.2265625, 97.21875], [95.625, 98.4140625], [96.0234375, 98.4140625], [96.8203125, 98.4140625], [98.015625, 98.8125], [98.4140625, 98.8125], [99.2109375, 98.8125], [99.609375, 98.8125]], {"i0": 0.0, "spread": 0.5767355910735696, "falloff": 0.7871351492537442}], [[[105.1875, 105.1875], [105.1875, 105.5859375], [105.1875, 106.3828125], [105.1875, 106.78125], [105.1875, 107.578125], [105.1875, 107.9765625], [105.984375, 107.9765625], [106.3828125, 108.375], [107.1796875, 108.375], [107.1796875, 109.171875], [107.1796875, 109.5703125], [107.578125, 110.3671875], [108.375, 110.765625], [108.375, 111.5625], [108.7734375, 112.7578125], [109.5703125, 112.7578125], [109.96875, 113.953125], [110.3671875, 115.1484375], [110.3671875, 115.546875], [111.1640625, 115.9453125], [111.5625, 116.7421875], [111.5625, 117.140625], [112.359375, 117.140625], [112.359375, 117.9375], [112.7578125, 117.9375], [113.5546875, 117.9375], [113.953125, 117.9375], [113.953125, 118.3359375], [114.75, 118.3359375], [115.1484375, 118.3359375], [115.9453125, 118.3359375], [116.7421875, 119.1328125], [118.734375, 120.328125], [121.5234375, 120.7265625], [121.921875, 120.7265625], [122.71875, 120.7265625], [123.1171875, 120.7265625], [124.3125, 120.7265625], [124.7109375, 121.5234375], [125.5078125, 121.5234375], [125.90625, 121.5234375], [126.703125, 121.5234375], [127.1015625, 121.5234375], [127.8984375, 121.5234375], [128.296875, 121.5234375], [129.09375, 121.5234375], [129.4921875, 121.5234375], [129.4921875, 121.921875], [129.890625, 121.921875], [129.890625, 122.71875], [130.6875, 122.71875], [131.0859375, 122.71875]], {"i0": 0.0, "spread": 1.6901004456134898, "falloff": 0.7805825182169409}]], "disk": {"mu": [101.987548828125, 101.203125], "roll": 2.3412702252022597, "rEff": 26.05665274747823, "axRatio": 0.41476817685581335, "i0": 0.0777374312812064, "c": 2, "n": 1}, "bulge": {"mu": [102.784423828125, 101.203125], "roll": 2.1293956421384594, "rEff": 2.1657557884263703, "axRatio": 0.8981292458775456, "i0": 1.2396803316992844, "c": 2, "n": 2.807608039573875}, "bar": null}