{"disk": {"I": 0.025781961779706545, "Re": 28.237314357585102, "c": 2.0, "mux": 103.18063216891397, "muy": 100.73532632035307, "n": 1.0, "q": 0.3560422683587169, "roll": 2.238654854567583}, "bulge": {"I": 0.00030239021683267495, "Re": 148.74268323802033, "c": 2.0, "mux": 103.18048004039349, "muy": 99.68965480890768, "n": 8.460689180950862, "q": 0.6808964184076539, "roll": 2.148739969809128}, "bar": null, "spiral": []}