{"disk": {"I": 0.12909152930686238, "Re": 17.86168047257699, "c": 2.0, "mux": 54.08604956739506, "muy": 53.3939030760698, "n": 1.0, "q": 0.5871390122132949, "roll": 1.3737976732797064}, "bulge": {"I": 5.119624861203232, "Re": 0.47239742009422375, "c": 2.0, "mux": 53.60366585848656, "muy": 53.39434133611838, "n": 0.389154177337888, "q": 0.42888883255299254, "roll": 0.7030115215650401}, "bar": null, "spiral": []}