{"spiral": [], "disk": {"mu": [69.5306396484375, 68.51568603515625], "roll": 2.8461518164460733, "rEff": 29.771296613665754, "axRatio": 0.48487845479104114, "i0": 0.20908508877033324, "c": 2, "n": 1}, "bulge": {"mu": [69.42523884773254, 69.17233121395111], "roll": 0.5028437620240074, "rEff": 5.40537411579246, "axRatio": 0.4525221277521239, "i0": 0.40724870634843613, "c": 2, "n": 0.5281856047902053}, "bar": null}