{"spiral": [], "disk": {"mu": [49.3768310546875, 49.921142578125], "roll": 0.7370487767455454, "rEff": 21.849694399168094, "axRatio": 0.5020368971704485, "i0": 0.31951778504695316, "c": 2, "n": 1}, "bulge": {"mu": [46.6971435546875, 46.858642578125], "roll": 0.3947911196997609, "rEff": 4.388595676090192, "axRatio": 0.29519127218844304, "i0": 0.4009589499387213, "c": 2, "n": 0.7134902862323553}, "bar": null}