{"spiral": [], "disk": {"mu": [128.98384925723076, 127.76300919055939], "roll": 2.94047921758058, "rEff": 59.81884935084391, "axRatio": 0.5601145087055607, "i0": 0.11894124177463022, "c": 2, "n": 1}, "bulge": {"mu": [129.5012458562851, 128.11875611543655], "roll": 2.8632920132532504, "rEff": 4.942556901193737, "axRatio": 0.22771562960195973, "i0": 0.3864780254106121, "c": 2, "n": 1.6592010695224224}, "bar": null}