{"disk": {"mux": 46.71832898996981, "muy": 47.1438073946494, "roll": 2.2271546512051192, "Re": 14.423629741595727, "q": 0.5399810842838486, "I": 0.16834547190298255, "n": 1.0, "c": 2.0}, "bulge": {"mux": 49.647447612262525, "muy": 45.16146324195972, "roll": 1.6419339477991843, "Re": 2.315321319775252, "q": 1.3587986726400865, "I": 0.10530224184127591, "n": 0.1625975627975906, "c": 2.0}, "bar": null, "spiral": []}