{"disk": {"I": 0.024770872488225563, "Re": 34.68198844706353, "c": 2.0, "mux": 129.36002399045069, "muy": 130.1831615655711, "n": 1.0, "q": 0.9909736510769116, "roll": 2.832924814187183}, "bulge": {"I": 0.07181366999219126, "Re": 3.2052277758819305, "c": 2.0, "mux": 127.7978373234726, "muy": 128.3347481006729, "n": 4.991540675279908, "q": 0.7525189169331447, "roll": 2.6788206907360426}, "bar": {"I": 1.3347350829559221, "Re": 6.6476481194179495, "c": 3.367815796958025, "mux": 126.39999962379912, "muy": 126.59999867708177, "n": 2.1455933333950217, "q": 0.024893766648677443, "roll": 2.8530710131882584}, "spiral": [[[[132.84272436424914, 139.27049956462565], [132.84273294864116, 139.46968799110368], [132.84279733122747, 140.9636011844882], [132.99220472323535, 141.81016077387198], [132.99221974582892, 142.15874051599815], [132.84287029831594, 142.65670278971777], [132.49435964023846, 143.15465334890246], [132.29520486799063, 143.3040329525994], [131.79733832710025, 144.1505544635313], [130.9509482564528, 145.1962438929919], [130.6522279056572, 145.6941973741201], [130.15433132153285, 145.84355940557236], [128.95940055684275, 146.6900399086963], [128.46151256100006, 147.0385903584787], [127.76447623764017, 147.6859117218085], [127.11721733789821, 148.03445338466634], [126.27079723100067, 148.38298333367766], [125.22521591784792, 148.73150156854206], [124.22941631971258, 148.88083431404505], [122.5365610846045, 149.2293144792875], [121.69014098423591, 149.57784442608215], [120.54500055065878, 150.42432784177504], [119.69858689799682, 150.92224909757914], [119.00153556103913, 151.22099072313733], [117.65721245168717, 151.56949138263315], [117.00995356675605, 151.91803303897018], [116.16354636610845, 152.5653456015965], [115.11797366585515, 153.11305224196303], [114.47069974710536, 153.11301417305015], [113.97279673266212, 153.11298488959676], [113.62426462273123, 153.11296439115597]], {"I": 0.003122058623291456, "falloff": 0.01, "spread": 2.3993235587587067}], [[[124.42723341840465, 117.70785631218814], [124.57659789461198, 117.55847376109273], [125.22381390104343, 116.21398979854575], [125.77147076915466, 115.36747109752378], [126.41872328021543, 114.8695380388433], [127.61366916191076, 114.37163719126329], [128.75882259368214, 113.82393630123863], [129.9537899458848, 113.82400658228141], [132.14456342504906, 113.82413543044936], [134.68386904842168, 113.82428477758504], [136.1776018410228, 114.37214087115842], [136.87467256549337, 114.52157320707897], [137.024043484358, 114.52158199189932], [138.01986462752402, 114.87022034949644], [139.71274147448108, 115.01971125208843], [140.40980576095686, 115.01975224933972], [140.55918525995122, 115.2189494851234], [140.7583464848209, 115.21896119874623], [142.10270620040765, 115.71701139111224], [143.2478896752953, 115.86647008111333], [144.2935011155044, 116.21511136438676], [145.28935870494496, 117.41030062669972], [146.13583679360926, 118.40629264934876], [146.78313221190774, 118.90430183647481], [147.3308470175565, 119.40230516544432], [148.8246140769832, 120.74691502639598], [149.521714801594, 121.59350691393774], [150.31840256561912, 122.58949598715594], [150.66701616885078, 124.48180668871692], [151.36412331438635, 125.47778989083815], [151.86206280620573, 126.32437004481915], [152.21061637621963, 126.82236164191727], [152.50936463535757, 126.97177054126882]], {"I": 0.004974442738762192, "falloff": 0.0969735476018281, "spread": 4.687620875434507}]]}