{"disk": {"mux": 63.0369786620891, "muy": 63.50826810289925, "roll": -0.2334280722569343, "Re": 13.278067103549404, "q": 0.7470854184370164, "I": 0.03714326919090663, "n": 1.0, "c": 2.0}, "bulge": {"mux": 63.53307241203038, "muy": 64.00435996031436, "roll": 0.3587706699609278, "Re": 1.0991823385959847, "q": 1.2376087806455238, "I": 0.8317369165410491, "n": 0.22505574664553735, "c": 2.0}, "bar": {"mux": 63.53307241203038, "muy": 64.00435996031436, "roll": -0.2662520493186755, "Re": 2.644359596207129, "q": 0.06654017836475151, "I": 0.19092959223088626, "n": 2.081401714159391, "c": 2.4235231916290214}, "spiral": []}