{"spiral": [], "disk": {"mu": [132.20709830522537, 131.07551684975624], "roll": 0.771181263749724, "rEff": 55.72468934361309, "axRatio": 0.9057539102722225, "i0": 0.040238216388041655, "c": 2, "n": 1}, "bulge": {"mu": [131.2243371605873, 131.812579870224], "roll": 0.5667282792180297, "rEff": 3.0747896355758795, "axRatio": 0.9314169272552854, "i0": 1.956504190778679, "c": 2, "n": 0.9677204938439087}, "bar": null}