{"spiral": [[[[56.265234375, 47.448046874999996], [60.050390625, 44.998828124999996], [64.72617187499999, 45.889453124999996], [64.94882812499999, 45.889453124999996], [67.39804687499999, 50.787890624999996], [68.73398437499999, 57.690234375], [68.73398437499999, 57.912890625], [67.62070312499999, 64.592578125], [67.84335937499999, 65.705859375]], {"i0": 0.21386632960930474, "spread": 1.053835348901779, "falloff": 1.5757370959014751}], [[[58.046484375, 62.143359375], [58.714453125, 65.928515625], [56.042578125, 68.823046875], [49.808203125, 67.709765625], [49.585546875, 67.487109375], [45.355078125, 61.920703125], [45.355078125, 61.698046875], [45.355078125, 61.475390625], [45.577734375, 52.346484374999996], [45.577734375, 52.123828124999996], [45.577734375, 51.455859374999996], [45.800390625, 50.787890624999996], [45.800390625, 50.565234374999996], [46.913671875, 43.440234374999996], [47.136328125, 43.440234374999996], [47.136328125, 43.217578124999996], [47.136328125, 42.994921874999996], [50.476171875, 39.655078124999996]], {"i0": 0.08885042790934017, "spread": 0.6235227166936314, "falloff": 0.5042615887334079}]], "disk": {"mu": [56.4823215007782, 55.24658203125], "roll": 1.6575346845563006, "rEff": 30.782897208739133, "axRatio": 0.5463208707066879, "i0": 0.17423143792419293, "c": 2, "n": 1}, "bulge": null, "bar": {"mu": [57.595604449510624, 56.582519531250014], "roll": 1.697769036546713, "rEff": 3.6865599262242266, "axRatio": 0.3597409032447554, "i0": 0.4663096035966192, "c": 2.953433923691673, "n": 0.9225411477958766}}