{"spiral": [], "disk": {"mu": [84.65460205078125, 84.83203125], "roll": 1.7074394892859837, "rEff": 82.5043006490835, "axRatio": 0.9999999535840368, "i0": 0.10645668887590816, "c": 2, "n": 1}, "bulge": {"mu": [85.61659079790115, 85.78862312436104], "roll": 1.763497085457282, "rEff": 12.386742105982817, "axRatio": 0.8898973353462857, "i0": 0.347047919870286, "c": 2, "n": 0.8977661165086159}, "bar": null}