{"disk": {"mux": 117.50068862431317, "muy": 120.03731056542067, "roll": 2.291437103212075, "Re": 43.164281937875614, "q": 0.3897383312184114, "I": 0.08640082146379288, "n": 1.0, "c": 2.0}, "bulge": {"mux": 118.88914398441466, "muy": 118.18603358227706, "roll": 2.2894555402014505, "Re": 3.0737467127355815, "q": 3.0741162205468426, "I": 0.03955631900616409, "n": 1.6380763937994616, "c": 2.0}, "bar": {"mux": 118.42648991611259, "muy": 117.26033881469478, "roll": 1.5706897756655054, "Re": 3.246862782896718, "q": 0.7963693218719871, "I": 0.2198624458641061, "n": 1.285197717626228, "c": 1.8555245147944621}, "spiral": []}