{"disk": {"mux": 96.89098158746947, "muy": 99.06806392287945, "roll": 1.1179764767258757, "Re": 4.327655546632084, "q": 1.5611093519397885, "I": 0.13847154858469937, "n": 1.0, "c": 2.0}, "bulge": {"mux": 100.71834147045547, "muy": 97.15378346033287, "roll": 2.2365026506506447, "Re": 25.03905755555562, "q": 0.524019977114793, "I": 0.03494877843050435, "n": 1.2259993445870068, "c": 2.0}, "bar": null, "spiral": []}