{"disk": {"mux": 79.26509258676765, "muy": 77.26549321193397, "roll": 2.3707349956631854, "Re": 20.876583881874225, "q": 0.5236964914931493, "I": 0.12131292099156189, "n": 1.0, "c": 2.0}, "bulge": {"mux": 79.57957114838393, "muy": 76.56250349810648, "roll": -0.7083383379715344, "Re": 6.933376786767857, "q": 2.6893316386830937, "I": 0.010096837314111668, "n": 3.4536851174943, "c": 2.0}, "bar": null, "spiral": []}