{"disk": {"I": 0.07013556385489242, "Re": 23.49730987635106, "c": 2.0, "mux": 91.10644568235625, "muy": 92.65137047667778, "n": 1.0, "q": 0.8656623278496417, "roll": 1.9767263474897643}, "bulge": {"I": 0.02130099766646901, "Re": 37.04252944569417, "c": 2.0, "mux": 93.73792323998009, "muy": 91.7745937401096, "n": 2.5810104568574412, "q": 0.4256219248327133, "roll": 1.3854704957437143}, "bar": null, "spiral": []}