{"spiral": [], "disk": {"mu": [116.63397216796875, 118.78207397460938], "roll": 2.195512284317081, "rEff": 45.61525811451493, "axRatio": 0.3687860665634997, "i0": 0.15858248357869273, "c": 2, "n": 1}, "bulge": {"mu": [118.94842529296875, 118.31918334960938], "roll": 0.0, "rEff": 6.690399766287158, "axRatio": 0.9032822874462114, "i0": 0.6516339640972695, "c": 2, "n": 0.782778516677555}, "bar": null}