{"spiral": [], "disk": {"mu": [51.39312744140625, 51.022216796875], "roll": 1.846893346190333, "rEff": 16.42225143125164, "axRatio": 0.48373020512250214, "i0": 0.13355162038078483, "c": 2, "n": 1}, "bulge": {"mu": [51.39312744140625, 51.223388671875], "roll": 1.477319545636307, "rEff": 4.799721245928076, "axRatio": 0.9999999896262395, "i0": 0.909437907155003, "c": 2, "n": 1.156001631108553}, "bar": null}