{"spiral": [], "disk": {"mu": [78.95901489257812, 78.53349304199219], "roll": 2.2824519391457434, "rEff": 26.610978845611115, "axRatio": 0.4859694319266331, "i0": 0.25821148112836056, "c": 2, "n": 1}, "bulge": {"mu": [80.31107139587402, 78.04028737545013], "roll": 1.6855105478803913, "rEff": 3.119189963968932, "axRatio": 0.8574050307574806, "i0": 0.27622636163102804, "c": 2, "n": 1.964571918340918}, "bar": null}