{"disk": {"mux": 30.843900740141315, "muy": 31.72137033937841, "roll": -0.04713496269702807, "Re": 8.76300392356893, "q": 0.8099132662683401, "I": 0.1524361184215459, "n": 1.0, "c": 2.0}, "bulge": {"mux": 31.103907883264327, "muy": 31.62098056080591, "roll": -1.411444348543498, "Re": 1.272612800391486, "q": 0.388566148141902, "I": 0.8020640398855398, "n": 0.18695738370289477, "c": 2.0}, "bar": null, "spiral": []}