{"disk": {"I": 0.12970785644415733, "Re": 12.579173941772872, "c": 2.0, "mux": 51.820416291719425, "muy": 48.527839730867015, "n": 1.0, "q": 0.9027697779028866, "roll": 1.2394642288844229}, "bulge": {"I": 0.0, "Re": 0.11905346370273515, "c": 2.0, "mux": 52.41806813573879, "muy": 49.32468486825019, "n": 0.2, "q": 0.10182638928085053, "roll": 1.4181309101993893}, "bar": null, "spiral": []}