{"disk": {"I": 0.01637365090571098, "Re": 30.659969617071667, "c": 2.0, "mux": 57.42964141693403, "muy": 55.38994357701097, "n": 1.0, "q": 0.49276584224677733, "roll": 2.1164108468833804}, "bulge": {"I": 0.11973006511501284, "Re": 6.126471220723868, "c": 2.0, "mux": 58.07698406503732, "muy": 55.35541021968814, "n": 1.2697238788949707, "q": 0.9981468117241503, "roll": 2.659901010784658}, "bar": null, "spiral": []}