{"spiral": [], "disk": {"mu": [74.424560546875, 74.0], "roll": 1.5348836301803324, "rEff": 48.30557667079874, "axRatio": 0.6808154186540871, "i0": 0.18943044745229815, "c": 2, "n": 1}, "bulge": {"mu": [75.002685546875, 73.7109375], "roll": 0.3217505543966424, "rEff": 4.583648829965201, "axRatio": 0.30745338776043146, "i0": 0.4218606627194723, "c": 2, "n": 0.9603856454187886}, "bar": null}