{"disk": {"I": 0.0820611728978779, "Re": 29.588255370912936, "c": 2.0, "mux": 88.38512803590109, "muy": 89.70005832659213, "n": 1.0, "q": 0.6026217561580532, "roll": 0.7031577620515852}, "bulge": {"I": 3.02482312890099, "Re": 4.846681437555456, "c": 2.0, "mux": 88.70319825990983, "muy": 90.12220148965427, "n": 4.263875274730483, "q": 0.014497883596890648, "roll": 0.4755292989726211}, "bar": null, "spiral": [[[[89.8686890211855, 92.58412599510802], [89.86869796637365, 92.93562955565983], [89.86870691142775, 93.28713311540616], [89.86872480187594, 93.99014023344068], [89.86874269222494, 94.69314734904242], [89.5173306890357, 95.39609159125837], [88.81448879439318, 96.0989729606132], [88.1116558489017, 97.15335788048651], [87.40881395962538, 97.8562392432857], [86.70598102108096, 98.91062415412557], [86.00313913747073, 99.61350551093585], [85.65172714546486, 100.31644973598713], [84.5974643276241, 101.37077176294633], [83.89461350168244, 101.72214956670325], [82.48890290174938, 102.07340162865148], [82.1374819661857, 102.42484230188359], [80.73176241717215, 102.42459081946163], [80.38034148316177, 102.77603149178503], [79.67748170942849, 102.77590575073373], [78.62320100358107, 103.12722068149196], [78.27177111691611, 103.12715781083216], [77.2174904133725, 103.47847274104072], [77.21749936965836, 103.82997628234716], [76.51463959757757, 103.82985054105802], [76.16321866868071, 104.18129121107836]], {"I": 0.02358298601277685, "falloff": 0.5413920140092126, "spread": 3.8065175050878546}], [[[93.03138817919597, 85.90612406280991], [93.03137029445901, 85.20311691610937], [91.97703587063864, 83.44541042739263], [91.9770090407469, 82.39089969352653], [91.97696432408225, 80.63338179178902], [91.97693749419119, 79.57887104294241], [91.97692855086859, 79.22736745894815], [91.97690172097589, 78.17285670304273], [92.32828691468319, 76.41540163466118], [92.67968999678737, 75.36095373453645], [93.03111990783327, 75.36101660507472], [93.73395290469097, 74.30663156965272], [94.78821581851832, 73.25230939980179], [95.1396278503073, 72.5493650790578], [96.19390865152752, 72.19805009459503], [97.24818051593843, 71.49523151181438], [98.302461321755, 71.1439165251661], [99.00532115141942, 71.1440422666094], [99.70817204460639, 70.79266440894673], [100.76245285435687, 70.44134942135656], [101.11388276992841, 70.44141229196998], [101.4653126852944, 70.44147516269004]], {"I": 0.037704274531964364, "falloff": 1.5354567439689097, "spread": 3.1502416682162697}]]}