{"spiral": [[[[37.5, 39.0], [34.6875, 43.875], [36.75, 47.8125]], {"i0": 0.3128211311301087, "spread": 1.0878882633002231, "falloff": 0.8561599068663043}], [[[57.75, 56.625], [64.6875, 50.8125], [54.375, 35.0625]], {"i0": 0.20120518032694062, "spread": 0.5124653920796421, "falloff": 0.9771970553574307}]], "disk": {"mu": [48.744140625, 46.875], "roll": 2.4074316575957635, "rEff": 31.58436257714065, "axRatio": 0.7454046233148566, "i0": 0.21523011463745848, "c": 2, "n": 1}, "bulge": null, "bar": {"mu": [49.306640625, 47.25000000000001], "roll": 2.2965637770611753, "rEff": 6.520499459065393, "axRatio": 0.29327670250836724, "i0": 0.262650710935326, "c": 2.129193880309605, "n": 0.3510493587574042}}