{"disk": {"mux": 63.49370486248927, "muy": 61.21841964088941, "roll": 2.513560627646154, "Re": 18.903767850740245, "q": 0.9046756360848094, "I": 0.054745088611838605, "n": 1.0, "c": 2.0}, "bulge": {"mux": 62.743341002269744, "muy": 62.468866610183625, "roll": -2.506169731230007, "Re": 1.5308459672348926, "q": 1.6408967760091377, "I": 0.3084271685619822, "n": 0.260123673370138, "c": 2.0}, "bar": null, "spiral": [[[[63.7345948140819, 64.71775168967253], [64.73248209481471, 70.21619442550156], [51.23218620756302, 75.47655303703641], [27.23685896141285, 70.49689172859212]], {"I": 0.0781818123387289, "spread": 13.872863298595558, "falloff": 0.6550833449127759}], [[[67.48423921636254, 64.46471206109447], [78.23332309570446, 63.456036413013464], [80.98788994234428, 49.95559265888534], [72.24074286811083, 44.96343424808566]], {"I": 0.019065882511931392, "spread": 6.307247452593438, "falloff": 0.018925908440779838}]]}