{"disk": {"I": 0.030655682594204915, "Re": 20.457441907171933, "c": 2.0, "mux": 57.76508740696304, "muy": 57.11325752918204, "n": 1.0, "q": 0.7903321401796801, "roll": 1.4154567999411067}, "bulge": {"I": 0.5934904874054848, "Re": 1.6421271836814633, "c": 2.0, "mux": 57.8770528892129, "muy": 57.709569169011466, "n": 1.9001742558758035, "q": 0.7866591663179521, "roll": 0.8071392636545501}, "bar": null, "spiral": [[[[63.93593749986508, 72.56796875011172], [54.98671874991457, 74.5843750000341], [49.07343750002116, 70.12109374998678], [49.0734374999617, 69.98515625000891], [50.95390625011706, 61.466406249908374]], {"I": 0.13922606069244237, "falloff": 2.2107143251853016, "spread": 0.99277500364121}], [[[65.52187499993326, 54.98671875000406], [68.26328125003384, 51.65624999996922], [67.4023437500064, 45.17656250000164], [65.09140625008382, 40.1242187499398]], {"I": 0.1888795266730725, "falloff": 2.6347152681460027, "spread": 0.9256008887495891}]]}