{"disk": {"I": 0.12806902476525, "Re": 25.081209430039408, "c": 2.0, "mux": 90.46238240458196, "muy": 88.49464355484139, "n": 1.0, "q": 0.9453250016652229, "roll": 0.22277297928001172}, "bulge": {"I": 4.4151279165167425, "Re": 0.26343612304911174, "c": 2.0, "mux": 88.68711999595502, "muy": 88.49298993302801, "n": 1.0241358252847532, "q": 0.9260977185741552, "roll": 0.13720676823747635}, "bar": {"I": 1.2622902285981221, "Re": 8.898853639559833, "c": 3.7355578445450424, "mux": 91.52413651079632, "muy": 89.17254079204736, "n": 0.2, "q": 0.01146882646071295, "roll": 1.5805870262136619}, "spiral": []}