{"spiral": [], "disk": {"mu": [81.14682006835938, 79.2105484008789], "roll": 0.8188701169463815, "rEff": 76.06475439086908, "axRatio": 0.9999999860536017, "i0": 0.1809702235406296, "c": 2, "n": 1}, "bulge": {"mu": [82.12925720214844, 83.34424591064453], "roll": 1.1050702145858171, "rEff": 19.19634895451336, "axRatio": 0.890189865797956, "i0": 0.48004575589442433, "c": 2, "n": 0.4904013066732417}, "bar": null}