{"disk": {"mux": 65.9723510741066, "muy": 67.12100219737083, "roll": -3.1352233129743707, "Re": 29.721554723997617, "q": 0.8305218387989205, "I": 0.01396865893819378, "n": 1.0, "c": 2.0}, "bulge": {"mux": 66.49188232420602, "muy": 66.34170532227242, "roll": 3.0419240010817297, "Re": 5.555824904999208, "q": 0.7316341903195178, "I": 0.21406485735465755, "n": 1.4129198164556616, "c": 2.0}, "bar": null, "spiral": []}