{"disk": {"I": 0.07714552356892435, "Re": 19.593021146517977, "c": 2.0, "mux": 70.07911669966252, "muy": 70.18045976252671, "n": 1.0, "q": 0.9824295594104205, "roll": 2.7349626621325767}, "bulge": {"I": 0.10223739587435059, "Re": 8.444450002984617, "c": 2.0, "mux": 70.20024168025174, "muy": 69.99961792125498, "n": 3.6197482654834725, "q": 0.1788792362541374, "roll": 0.24046205526888847}, "bar": null, "spiral": []}