{"disk": {"mux": 89.5347804834811, "muy": 88.85576016731727, "roll": 2.617863283717685, "Re": 19.49404064903797, "q": 1.3114625965296585, "I": 0.06281685654291426, "n": 1.0, "c": 2.0}, "bulge": {"mux": 89.30361240230549, "muy": 88.85715186647366, "roll": 2.303720073631332, "Re": 6.8579925026409585, "q": 4.091093770766555, "I": 0.014955520029289952, "n": 5.2450279754042715, "c": 2.0}, "bar": null, "spiral": []}