{"spiral": [], "disk": {"mu": [77.26865887641907, 78.08939409255981], "roll": 0.10642294023464806, "rEff": 60.41069204631794, "axRatio": 0.7495648185201564, "i0": 0.19209066920861256, "c": 2, "n": 1}, "bulge": {"mu": [78.34995174407959, 78.58107089996338], "roll": 2.3024889559333706, "rEff": 4.836331297800966, "axRatio": 0.15424231992238277, "i0": 0.28797473966764375, "c": 2, "n": 1.5484054341121574}, "bar": null}