{"disk": {"I": 0.018890399620331958, "Re": 50.33313231591405, "c": 2.0, "mux": 65.51347144115809, "muy": 58.950110817991856, "n": 1.0, "q": 0.9841869954966412, "roll": 1.588192275203325}, "bulge": {"I": 0.030580153649199544, "Re": 25.891741661620763, "c": 2.0, "mux": 86.75715318270241, "muy": 87.28603010542398, "n": 3.9203435075378477, "q": 0.3942583469861827, "roll": 1.1263094055153715}, "bar": {"I": 0.0, "Re": 0.0, "c": 1.7415181754516453, "mux": 93.28209704269742, "muy": 96.30743656319909, "n": 1.5653022935602932, "q": 0.5899730163001675, "roll": 2.2431241721909636}, "spiral": []}