{"disk": {"mux": 62.222858435203534, "muy": 60.46737679765556, "roll": -1.9489747759896316, "Re": 19.62939883262028, "q": 0.5711472446572733, "I": 0.11564445904261675, "n": 1.0, "c": 2.0}, "bulge": null, "bar": null, "spiral": []}