{"spiral": [], "disk": {"mu": [49.912499606609344, 49.45488202571869], "roll": 0.8034142319515034, "rEff": 47.9863149040723, "axRatio": 0.9999999304079894, "i0": 0.2605362097754598, "c": 2, "n": 1}, "bulge": {"mu": [49.525780856609344, 50.03496015071869], "roll": 1.6704649792860586, "rEff": 3.8862762366164016, "axRatio": 0.933509530915661, "i0": 0.10618182777249942, "c": 2, "n": 4.999993345239287}, "bar": null}