{"disk": {"mux": 57.42964141693403, "muy": 55.38994357701097, "roll": -1.025181806706413, "Re": 30.659969617071667, "q": 0.49276584224677733, "I": 0.01637365090571098, "n": 1.0, "c": 2.0}, "bulge": {"mux": 58.07698406503732, "muy": 55.35541021968814, "roll": -0.48169164280513477, "Re": 6.115117716085292, "q": 1.0018566289588688, "I": 0.11973006511501284, "n": 1.2697238788949707, "c": 2.0}, "bar": null, "spiral": []}