{"disk": {"I": 0.08411133125443153, "Re": 16.72241250750289, "c": 2.0, "mux": 59.54730224610529, "muy": 61.208984375081826, "n": 1.0, "q": 0.5582871553667611, "roll": 0.6632029927110152}, "bulge": {"I": 1.25, "Re": 7.877054091833739e-07, "c": 2.0, "mux": 60.965270996173956, "muy": 59.791015624923546, "n": 5.0, "q": 0.8632926555623454, "roll": 0.982657754759392}, "bar": null, "spiral": []}