{"spiral": [], "disk": {"mu": [43.330078125, 42.57675504684448], "roll": 1.4426677652541995, "rEff": 17.21109044200903, "axRatio": 0.45319143808274354, "i0": 0.09618756388301275, "c": 2, "n": 1}, "bulge": {"mu": [42.990234375, 42.74667951464653], "roll": 0.5880031904245865, "rEff": 1.9048614008502645, "axRatio": 0.9863188465007128, "i0": 4.0431432843545885, "c": 2, "n": 0.9919343399323206}, "bar": null}