{"disk": {"I": 0.16876118401817986, "Re": 22.944223562711688, "c": 2.0, "mux": 63.92946938831758, "muy": 63.0002466546309, "n": 1.0, "q": 0.4039381465909711, "roll": 0.5822920456818066}, "bulge": {"I": 0.8543006395295522, "Re": 0.6905158592095203, "c": 2.0, "mux": 63.30762128432909, "muy": 63.7611527854242, "n": 0.4898699659164568, "q": 0.6972107724599109, "roll": 0.17855474406400607}, "bar": null, "spiral": [[[[67.49999999990195, 62.00000000004712], [76.50000000009135, 56.74999999993588], [78.49999999992315, 47.00000000006054], [64.75000000012062, 49.7500000001333]], {"I": 1.8698343348260924, "falloff": 0.01, "spread": 0.0}], [[[60.000000000028535, 68.25000000000932], [52.50000000001239, 84.24999999997601], [67.00000000006912, 78.24999999997283]], {"I": 0.010141636483564573, "falloff": 0.01, "spread": 3.5426622753961428}]]}