{"disk": {"I": 0.019999110071663682, "Re": 28.894731335538044, "c": 2.0, "mux": 70.25323608683073, "muy": 69.376712520546, "n": 1.0, "q": 0.4797402857888805, "roll": 2.974542979801513}, "bulge": {"I": 12.800244095102785, "Re": 1.515933697130369, "c": 2.0, "mux": 70.01592290425714, "muy": 70.24845067509887, "n": 1.1228840195972112, "q": 0.03842480483286049, "roll": 0.1106518316873113}, "bar": null, "spiral": [[[[71.8408727391573, 82.73020353297102], [75.06278432755568, 86.94269726646189], [81.3416028812652, 88.45689702860955], [84.70147159460339, 84.73987532766125], [88.44701363892466, 77.14068890706096]], {"I": 0.061998197357290424, "falloff": 1.3796014034540722, "spread": 19.630092560887178}], [[[67.46307275246141, 55.99570996969578], [66.44426192702161, 52.113570983485374], [60.358215957036066, 50.57183431906765], [54.76777364920201, 51.94859019291039], [50.88458210614124, 58.19866144816558]], {"I": 0.04564511169938383, "falloff": 1.3732121855735777, "spread": 20.35653286411916}]]}