{"disk": {"I": 0.1316149747531886, "Re": 17.566676490435235, "c": 2.0, "mux": 54.57386258541606, "muy": 52.996213836952734, "n": 1.0, "q": 0.5940917675573125, "roll": 3.0411994494674897}, "bulge": {"I": 0.837685467042642, "Re": 0.5740685608550273, "c": 2.0, "mux": 54.714425609115125, "muy": 52.3634107029975, "n": 0.2, "q": 0.964809611309652, "roll": 2.8722769559347787}, "bar": null, "spiral": []}