{"disk": {"I": 0.11989960315978271, "Re": 23.880734717289183, "c": 2.0, "mux": 87.24088311038656, "muy": 88.33766586619583, "n": 1.0, "q": 0.7789687562346302, "roll": 0.06718250334268472}, "bulge": {"I": 0.20656104226876768, "Re": 3.388238094639042, "c": 2.0, "mux": 86.89380927529942, "muy": 87.294687632271, "n": 0.6414613984963363, "q": 0.9849139684911342, "roll": 0.20388173581267166}, "bar": null, "spiral": []}