{"disk": {"I": 0.14119862208658263, "Re": 11.924434384495198, "c": 2.0, "mux": 38.76932595586446, "muy": 39.77350559061928, "n": 1.0, "q": 0.7698409638981399, "roll": 2.9510236181357223}, "bulge": {"I": 0.0, "Re": 0.0, "c": 2.0, "mux": 40.787566608131044, "muy": 38.06531057446455, "n": 5.0, "q": 0.5000110069246334, "roll": 2.9395718444773737}, "bar": {"I": 3.2869058407255025, "Re": 3.3435816879398836, "c": 3.1114988301470166, "mux": 39.6012192176813, "muy": 39.46719818488488, "n": 3.7604797092699216, "q": 0.01, "roll": 0.991226215151277}, "spiral": []}