{"disk": {"I": 0.11594106333716611, "Re": 12.391477794593756, "c": 2.0, "mux": 48.914993733263216, "muy": 48.65654011857805, "n": 1.0, "q": 0.9480754085511839, "roll": 2.459335230128259}, "bulge": {"I": 0.5739794007367451, "Re": 2.085632170419707, "c": 2.0, "mux": 49.10835640478861, "muy": 48.26985390073651, "n": 0.4774647357035475, "q": 0.46155552097642083, "roll": 0.8066332325989998}, "bar": null, "spiral": []}