{"disk": {"mux": 74.50710475438129, "muy": 75.56881630421302, "roll": 0.841615920495804, "Re": 18.882242720178148, "q": 0.945995613069724, "I": 0.09527000384829827, "n": 1.0, "c": 2.0}, "bulge": {"mux": 75.09694850442473, "muy": 74.97897255425693, "roll": 0.7853981634062847, "Re": 2.1207422367788236, "q": 0.9694646102753322, "I": 0.34609329066923006, "n": 1.1248645375001405, "c": 2.0}, "bar": null, "spiral": []}