{"disk": {"I": 0.08533032526020842, "Re": 19.206393681573797, "c": 2.0, "mux": 57.38084333541182, "muy": 52.13085891730942, "n": 1.0, "q": 0.687547483404661, "roll": 0.06464540999095274}, "bulge": {"I": 1.975473307216403, "Re": 7.573402388694535, "c": 2.0, "mux": 57.14023640686046, "muy": 57.464084099348604, "n": 0.893823740536481, "q": 0.025748165144441608, "roll": 3.096134521570717}, "bar": null, "spiral": [[[[54.5647096680392, 54.647058642808815], [51.00723538766147, 65.3320872693256], [58.79971214842544, 69.33913417143185], [65.69932010713808, 66.89058901929855]], {"I": 0.03256133533931836, "falloff": 0.01, "spread": 1.5403496246406503}], [[[56.78949713917473, 51.530612883075946], [58.345465203760114, 45.74288262168761], [52.77820312055371, 39.73242137355862], [48.549945987856745, 42.62622579724564]], {"I": 0.0, "falloff": 0.6626313401659754, "spread": 0.0}]]}