{"disk": {"I": 0.11026394046777664, "Re": 13.613179737138537, "c": 2.0, "mux": 42.85496749907446, "muy": 41.071627217506176, "n": 1.0, "q": 0.7582237865195658, "roll": 3.09577704565225}, "bulge": {"I": 0.09672070022180781, "Re": 8.884004364673041, "c": 2.0, "mux": 44.001992128937694, "muy": 42.170540806460615, "n": 0.2, "q": 0.6534120017904236, "roll": 1.9482556737185066}, "bar": {"I": 0.2475307153542934, "Re": 5.436922033220981, "c": 2.935679085892947, "mux": 42.345263054379984, "muy": 43.13380748276416, "n": 0.6209913527660053, "q": 0.3829156410560094, "roll": 1.1820854420320397}, "spiral": []}