{"spiral": [], "disk": {"mu": [63.28502553701401, 62.99564003944397], "roll": 1.3502030728407508, "rEff": 28.633033321343667, "axRatio": 0.6826391586830661, "i0": 0.050008352156856756, "c": 2, "n": 1}, "bulge": {"mu": [63.53307241201401, 63.24367934465408], "roll": 1.4056479243129523, "rEff": 4.662487217395734, "axRatio": 0.9364302595302431, "i0": 0.8799824948179901, "c": 2, "n": 0.6299925220285787}, "bar": {"mu": [63.16100209951398, 63.4917318969965], "roll": 1.3446437628179067, "rEff": 5.827419146252228, "axRatio": 0.2345798572323548, "i0": 0.029989934737980964, "c": 2.69000006096706, "n": 0.4999991468772247}}