{"disk": {"mux": 90.16665870399402, "muy": 90.5680439382013, "roll": 2.4673306882309696, "Re": 24.51109296946725, "q": 1.0008479416696874, "I": 0.12419970152993254, "n": 1.0, "c": 2.0}, "bulge": {"mux": 90.51827384149351, "muy": 88.47037533776688, "roll": 0.1973622312712657, "Re": 0.823890486774758, "q": 5.698456230127645, "I": 0.22322038807294545, "n": 0.1491139194722763, "c": 2.0}, "bar": {"mux": 92.0907855092222, "muy": 89.16960638682156, "roll": 1.8555709054003577, "Re": 3.0707414184767186, "q": 0.01, "I": 0.0, "n": 0.6530492112237435, "c": 2.3194850099790174}, "spiral": []}