{"disk": {"I": 0.13718262873806517, "Re": 15.473746815448749, "c": 2.0, "mux": 47.848969684662706, "muy": 48.05437885667424, "n": 1.0, "q": 0.5852240926413923, "roll": 1.0760776993314298}, "bulge": {"I": 1.8109822201468901, "Re": 6.236767493319427, "c": 2.0, "mux": 47.61372080429235, "muy": 46.83662336319768, "n": 2.571456827716684, "q": 0.018041531198194783, "roll": 0.8279343862010693}, "bar": {"I": 0.18159966198277241, "Re": 0.6191889048749375, "c": 1.7303968849147602, "mux": 49.03146475715767, "muy": 48.81585609128972, "n": 0.5670623031449128, "q": 0.3584550412292269, "roll": 0.75361983447734}, "spiral": [[[[55.48125000004748, 43.89374999984125], [55.481250000009226, 43.687499999943896], [57.131250000060305, 43.48124999994707], [58.36874999998966, 43.481250000091734], [59.1937499999118, 43.275000000120656], [60.01875000009221, 43.2749999999499], [60.43124999995868, 43.27500000007262], [61.25624999994798, 43.68749999996385], [61.875000000079154, 43.68749999996362], [62.28750000001139, 44.10000000004709], [62.70000000005248, 44.92499999997699], [62.90625000009078, 45.54374999994417], [63.52499999996061, 46.368750000097236], [63.73125000008622, 46.78125000003604], [63.7312499999839, 47.193749999972965], [63.73124999993831, 48.22500000007432], [63.73124999990782, 49.05000000014036], [63.731250000021106, 49.46250000014237], [63.11249999999643, 50.28750000004146], [62.906249999954895, 50.90625000002257], [62.49374999992517, 51.524999999918236], [62.081249999932425, 51.93750000014063], [61.25624999999971, 52.76250000000363], [60.224999999939115, 53.7937500000171], [59.60625000006581, 54.61874999998969], [58.781249999957254, 55.23749999995471], [58.16249999991794, 55.650000000252476], [57.54374999996753, 56.06250000010522], [56.71875000004883, 56.887499999966735], [56.30624999994788, 57.71250000000083], [55.89375000004026, 58.537499999897534], [55.48125000002554, 59.15625000010158], [55.06874999996754, 59.775000000011175], [54.65625000000847, 60.39375000006265], [54.24374999999529, 60.80624999998605], [53.624999999972744, 61.21874999997016], [52.800000000037556, 61.83750000001419], [51.97500000013912, 62.45625000007533], [51.150000000034595, 62.86875000008604], [50.53124999994901, 63.2812500000216], [49.912500000007014, 63.69375000008307], [49.499999999983544, 63.69375000026048], [49.29375000003387, 63.69375000001327], [48.05624999992082, 64.72499999997143], [48.05625000000768, 64.93124999994893], [47.85000000004419, 64.93124999996286]], {"I": 0.047963927794014316, "falloff": 0.5949870442504736, "spread": 0.9956930404437655}], [[[44.96250000000035, 55.23750000004168], [44.75625000003464, 55.23749999986342], [43.51875000005353, 55.44374999998223], [42.48750000004202, 55.443749999904526], [41.86875000002122, 55.44374999990174], [40.837499999984004, 55.44374999994017], [40.631250000045526, 55.44374999997535], [39.80624999989121, 55.44375000004675], [38.775000000076375, 55.443750000012585], [38.1562499999616, 55.44374999998064], [37.74375000003465, 55.44374999997103], [37.12499999998818, 54.82499999996111], [36.50624999985068, 54.41249999999883], [36.300000000045046, 53.99999999997715], [36.09374999986119, 53.175000000252], [36.093750000049425, 52.35000000000929], [36.09375000013462, 51.3187499998981], [36.29999999999961, 50.4937500000471], [36.50624999999066, 49.66875000017029], [36.50624999991403, 49.46250000001692], [36.918750000040134, 48.84374999974966], [37.33124999995731, 48.43125000002277], [37.537500000030946, 47.81250000001012], [37.949999999998326, 47.39999999991005], [38.77499999996422, 46.57499999994815], [40.01249999993907, 45.5437500000894], [40.631249999871216, 44.7187500000241], [41.24999999992782, 44.51250000003324], [41.868749999839736, 43.8937500001295], [42.487500000005454, 43.06874999995904], [43.1062500000794, 42.44999999972276], [43.312500000040814, 42.03749999999786], [43.931249999872676, 41.418750000199], [44.75624999986877, 41.006249999945226], [45.37499999994526, 40.59375000016365], [46.40624999990777, 39.9750000000048], [47.23124999994852, 39.562500000277225], [47.643750000008765, 39.35625000010572], [47.85000000011638, 38.943750000064085], [48.26249999992143, 38.737499999944816], [48.674999999857164, 38.531249999942816], [48.67499999998651, 38.32500000004012], [48.881250000083156, 37.70624999987109], [49.29375000002608, 37.49999999999869], [49.50000000005619, 37.087499999819045], [49.91249999980673, 36.88125000010194], [50.11874999994859, 36.881250000138095], [50.32499999995548, 36.881249999990814], [50.53125000005062, 36.67500000003355], [50.7375000000319, 36.67499999989059], [51.14999999991585, 36.674999999952036], [51.14999999995976, 36.468750000110674]], {"I": 0.016270985933134804, "falloff": 0.20089474788748674, "spread": 3.378189368365301}]]}