{"disk": {"mux": 47.79026270528357, "muy": 48.31868080265974, "roll": -2.4552269663992017, "Re": 13.487253924106673, "q": 0.5396424604833017, "I": 0.22743844771387878, "n": 1.0, "c": 2.0}, "bulge": {"mux": 48.17309967595588, "muy": 47.55314497242347, "roll": -2.498024658080044, "Re": 0.2709188123350332, "q": 0.0527086231793129, "I": 83.29302178805149, "n": 1.2913826399271802, "c": 2.0}, "bar": null, "spiral": []}