{"disk": {"I": 0.11589158338584626, "Re": 18.702124643028675, "c": 2.0, "mux": 62.25300293329701, "muy": 61.67224777119566, "n": 1.0, "q": 0.5988261508602566, "roll": 1.1983356813758572}, "bulge": {"I": 0.11210239709119066, "Re": 0.5320225306782032, "c": 2.0, "mux": 61.764972698683096, "muy": 61.18396581003134, "n": 0.8712427775941515, "q": 0.14959910506680646, "roll": 1.7356170063449368}, "bar": {"I": 0.2985485953733401, "Re": 4.547683469736688, "c": 1.896078143797959, "mux": 62.619246788432974, "muy": 61.306038866757035, "n": 0.49633756005828833, "q": 0.47354030299636657, "roll": 1.2913496577923902}, "spiral": [[[[60.78997271428557, 66.79918529378568], [60.54588386837247, 66.79918444329718], [60.30164756882482, 67.28746384406855], [59.813322421902285, 67.77574239592673], [59.569086121322016, 68.26402179831632], [57.86009554521627, 69.4847164901513], [56.88344523462672, 70.46127360929444], [56.39519380340698, 70.70541204307193], [55.906942370472734, 70.94955047702365], [55.66277979035942, 71.19368975906855], [55.174602081324224, 71.19368806515394], [54.19817293201095, 71.43782480779583], [53.2218175021701, 71.43782142133387], [52.73363978476459, 71.43781972798752], [52.24546206585194, 71.43781803478288], [52.00137320542626, 71.43781718774721], [51.51319548389051, 71.43781549439268], [51.025017760453466, 71.43781380131975], [50.29289862397286, 70.94953099392251], [49.804794622105646, 70.70538916568239], [49.31669061859009, 70.46124733666619], [49.07267547877507, 70.21710635426984], [48.58457147238903, 69.97296452360541], [48.096541189689674, 69.48468255604303], [47.364495762481624, 68.75225960168729], [47.120628070072144, 68.01983834217486], [46.632524056450734, 67.77569650568665], [46.388656362522056, 67.04327524298236], [46.14464121698006, 66.79913425420267], [46.14471494248642, 66.5549941162522], [45.90084724751307, 65.82257285081414], [45.6569795518584, 65.09015158322427], [45.65705327704961, 64.84601144461323], [45.657200727698296, 64.357731167017], [45.65742190356366, 63.625310750301196], [45.65771680500336, 62.64875019429883], [45.658159156973056, 61.18390935854228], [45.658380332874685, 60.45148894012078], [45.6586015088626, 59.71906852145838], [45.658748959330524, 59.23078824192123], [45.658896410108696, 58.74250796215341], [45.90305900762792, 58.498368680257215], [46.14729533020409, 58.01008925899515], [46.147369055457034, 57.76594911942948], [46.39160537783869, 57.277669698957254], [46.879930570498686, 56.789391138556596], [47.124166891754726, 56.30111171989233], [47.36840321281068, 55.81283230220788], [47.85665467684214, 55.56869388354181], [48.100817271137544, 55.32455460571134], [48.3449798649325, 55.08041532809034], [48.58914245851395, 54.83627605078408], [48.83330505167282, 54.59213677397054], [49.32163023684825, 54.10385822136499], [49.565719103204856, 54.10385908273565], [50.053970560323705, 53.85972066899984], [50.29813315137858, 53.615581394206686], [50.786384605935496, 53.37144298172109], [51.27463605919388, 53.12730457002067], [51.51879864809882, 52.88316529686517], [51.7629612365472, 52.6390260236916], [52.251212686586996, 52.394887614120705], [52.73946413509509, 52.1507492052703], [53.22771558191232, 51.90661079709844], [53.47187816795076, 51.66247152629978], [53.960129612368746, 51.41833311967673], [54.44838105532904, 51.17419471378764], [54.69246991318926, 51.17419557791527], [55.18072135368698, 50.93005717307773], [55.42488393651763, 50.68591790463336], [55.91306164827006, 50.68591963353424], [56.15722422986562, 50.4417803657517], [56.40131308477396, 50.44178123072021], [56.889564519643955, 50.197642828347625], [57.3777422266495, 50.19764455833479], [57.86599365829784, 49.95350615713221], [58.11008251042699, 49.95350702240603], [58.8423490639766, 49.95350961780315], [59.08651164082994, 49.709370353069346], [59.330600490815414, 49.70937121851051], [60.06294076473125, 49.465233685472015], [60.551118460963266, 49.465235416425514], [60.79528103500206, 49.22109615362899], [61.28345872871898, 49.22109788507896], [61.771636420527784, 49.22109961656844], [62.01579899283115, 48.97696035493959], [62.748139253386626, 48.7328228260144], [62.99230182398753, 48.48868356552623], [63.480479510232385, 48.48868529851774], [63.968730921810106, 48.24454690497038], [64.45690860474917, 48.24454863826429], [64.70099744558445, 48.244549504819304], [64.94516001305203, 48.000410246373974], [65.18924885305148, 48.00041111328255], [65.43333769264757, 48.000411980217734], [65.6774265318237, 48.00041284692281], [65.92151537076325, 48.000413713705484], [66.16567793627996, 47.756274456632184], [66.4097667739693, 47.75627532339246], [66.65385561161213, 47.7562761905495], [66.65392933885335, 47.512136066697735], [67.14210701258287, 47.512137801344636], [67.38619584885487, 47.51213866858342], [67.6302846847044, 47.51213953558835], [67.87437352027348, 47.51214040291512], [68.11846235536234, 47.51214127024275], [68.36255118999236, 47.512142137333115], [68.60671375149809, 47.268002882695896], [68.85080258521964, 47.268003750117884], [69.09489141860672, 47.268004617590066], [69.3389802516308, 47.26800548509726], [69.58306908411032, 47.26800635233377], [69.82715791621138, 47.26800721986666], [70.07124674787372, 47.268008087411886], [70.31533557903447, 47.26800895470086], [70.55949813764369, 47.02386970176093], [70.80358696800408, 47.0238705691616], [71.0476757980307, 47.023871436869456], [71.29176462761029, 47.02387230484214], [71.53585345683757, 47.0238731723482], [71.77994228572595, 47.02387404016048], [71.78001601334836, 46.77973392047039], [72.26819366970733, 46.77973565622625], [72.51228249723101, 46.77973652437959], [72.75644505211142, 46.53559727350199], [73.00053387879643, 46.53559814150566], [73.24462270513504, 46.53559900929821], [73.4887115309474, 46.53559987758848], [73.7328003565151, 46.53560074595441], [73.97688918145718, 46.53560161377328], [74.2209780062675, 46.535602481957255], [74.46514055819296, 46.29146323280668], [74.70922938196077, 46.29146410103078], [74.95331820544834, 46.29146496931372], [75.19740702841375, 46.29146583784711], [75.44149585094215, 46.29146670614546], [75.68558467309424, 46.291467574221656], [76.17376231601145, 46.29146931066464], [76.4179248647913, 46.047330063386596], [76.66201368544944, 46.04733093191567], [76.90610250534985, 46.04733180037027], [77.3942801443095, 46.0473335374769], [77.63836896320697, 46.047334406074754], [77.88245778157454, 46.04733527466021], [78.1265465993497, 46.04733614297089], [78.37063541689326, 46.04733701135075], [78.61472423400949, 46.047337880005045], [78.85881305071405, 46.047338748437255], [79.10290186704208, 46.04733961690522], [79.34699068287989, 46.04734048536858], [79.59107949826353, 46.047341354102684], [79.83516831333463, 46.04734222263693], [80.32334594219958, 46.04734395950567], [80.56743475575593, 46.047344828286896], [80.81152356910411, 46.04734569664208], [81.05561238211862, 46.04734656504269], [81.29970119459426, 46.04734743343795], [81.54379000659662, 46.04734830208605], [81.78787881828805, 46.04734917053679], [82.03196762951404, 46.04735003899913], [82.27605644023595, 46.047350907711234], [82.52014525051504, 46.047351776187156], [82.76423406061213, 46.04735264449448], [83.00832287019978, 46.0473535130584], [83.25241167916988, 46.04735438158809], [83.49650048801152, 46.04735525022386], [83.74058929628893, 46.047356118581774], [83.98467810424256, 46.04735698725119], [84.22876691162583, 46.047357855638666], [84.4728557187558, 46.04735872410055], [84.7169445252498, 46.04735959251798], [84.71687079651679, 46.29149970119613], [84.96095960249784, 46.29150056930183], [85.20504840828971, 46.2915014377499], [85.44906348487962, 46.53564241380275], [85.4489897558567, 46.77978252167583], [85.69307856083299, 46.779783389557], [85.93716736521037, 46.77978425740531], [85.93709363628568, 47.02392436479096], [86.18118244047287, 47.02392523241588], [86.42527124379023, 47.02392609993308]], {"I": 0.0, "falloff": 1.0427003226657363,