{"disk": {"I": 0.0, "Re": 18.53174609041958, "c": 2.0, "mux": 65.97240268942899, "muy": 67.12123684846847, "n": 1.0, "q": 0.9047964271577663, "roll": 0.006457673789362607}, "bulge": {"I": 0.029571274912625813, "Re": 20.66567622482437, "c": 2.0, "mux": 65.9088577410894, "muy": 65.72970088598284, "n": 3.7165514557531965, "q": 0.7664706235011911, "roll": 2.985249541952809}, "bar": null, "spiral": []}