{"spiral": [], "disk": {"mu": [127.22576904296875, 125.51171875], "roll": 1.5060720453793044, "rEff": 72.19978499633767, "axRatio": 0.7591041084864207, "i0": 0.13363878819227185, "c": 2, "n": 1}, "bulge": {"mu": [126.99534702301025, 127.23131093382835], "roll": 1.319696242646391, "rEff": 6.504494677165456, "axRatio": 0.72170629335604, "i0": 0.6174793772001779, "c": 2, "n": 0.7138015003103778}, "bar": null}