{"disk": {"mux": 74.50024573981125, "muy": 74.22598203950992, "roll": 2.3417683396444526, "Re": 15.910601879590377, "q": 0.911665435446464, "I": 0.12702509891294342, "n": 1.0, "c": 2.0}, "bulge": {"mux": 76.25715022678924, "muy": 76.27661307140647, "roll": -0.7856045439476976, "Re": 3.7788052415888247, "q": 0.4766565316803663, "I": 0.21257083514750663, "n": 0.15889490382485918, "c": 2.0}, "bar": null, "spiral": []}