{"spiral": [], "disk": {"mu": [42.802602767944336, 45.584115982055664], "roll": 2.805758523370291, "rEff": 33.77488177371726, "axRatio": 0.7712620968028145, "i0": 0.16387751618974894, "c": 2, "n": 1}, "bulge": {"mu": [43.679166316986084, 43.68489670753479], "roll": 2.6422462882721094, "rEff": 4.52209626263115, "axRatio": 0.26542287559223254, "i0": 0.40011710349364693, "c": 2, "n": 1.112718547773888}, "bar": null}