{"spiral": [[[[64.3671875, 63.12109375], [61.14453125000001, 69.99609375], [50.1875, 72.359375]], {"i0": 0.0767243033521231, "spread": 1.1329053889720615, "falloff": 0.03077705037111299}], [[[49.11328125, 72.359375], [35.79296875, 70.85546875], [25.05078125, 63.12109375]], {"i0": 0.43997041951328153, "spread": 0.7991492335044782, "falloff": 0.835678374468324}], [[[47.1796875, 42.28125], [51.26171875, 38.62890625], [55.34375000000001, 38.62890625]], {"i0": 1.0564868551339517, "spread": 2.9049073780961097, "falloff": 1.0107121604158142}], [[[56.84765625000001, 38.84375], [71.671875, 42.28125], [81.125, 48.7265625], [85.8515625, 54.95703125]], {"i0": 0.4260209480148385, "spread": 0.8266661104797832, "falloff": 1.1048551258881665}]], "disk": {"mu": [55.98527640104294, 54.52582657337189], "roll": 3.1364113528055544, "rEff": 25.937765048568682, "axRatio": 0.6205167977458038, "i0": 0.22487689807128383, "c": 2, "n": 1}, "bulge": {"mu": [55.770429372787476, 54.09613251686096], "roll": 2.922923707715851, "rEff": 3.9811881442266275, "axRatio": 0.9335407838971687, "i0": 0.2579253303147626, "c": 2, "n": 0.8034970114252284}, "bar": {"mu": [54.26650017499924, 52.21622183918953], "roll": 2.275290690007412, "rEff": 6.888023232486336, "axRatio": 0.17806428109880287, "i0": 0.18582743908101584, "c": 2.272204761723454, "n": 0.20902763340636832}}