{"spiral": [], "disk": {"mu": [132.20709830522537, 131.07551684975624], "roll": 0.771181263749724, "rEff": 55.734732610627795, "axRatio": 0.6658938475032031, "i0": 0.0338636696094766, "c": 2, "n": 1}, "bulge": {"mu": [131.2243371605873, 131.812579870224], "roll": 0.5667282792180297, "rEff": 2.7697536221543806, "axRatio": 0.9965820027771597, "i0": 1.7090758482405295, "c": 2, "n": 0.7756154377384293}, "bar": null}