{"spiral": [], "disk": {"mu": [98.70047163963318, 97.31230318546295], "roll": 2.2739359116248483, "rEff": 22.46413555847002, "axRatio": 0.5190445906346246, "i0": 0.1756587627891313, "c": 2, "n": 1}, "bulge": {"mu": [98.43290710449219, 97.38908064365387], "roll": 3.072120179728961, "rEff": 3.030032624317247, "axRatio": 0.7663394321870043, "i0": 0.9250968962443478, "c": 2, "n": 0.5313735701857399}, "bar": null}