{"disk": {"I": 0.1835729199839721, "Re": 14.815525924668341, "c": 2.0, "mux": 51.87468885782687, "muy": 52.61536761129628, "n": 1.0, "q": 0.6221408095560246, "roll": 0.8639338371326403}, "bulge": {"I": 0.6643264558458272, "Re": 0.6216849169485787, "c": 2.0, "mux": 52.484038719847945, "muy": 53.224481011920375, "n": 0.917340547786897, "q": 0.6637250553126429, "roll": 0.9276302173756451}, "bar": null, "spiral": [[[[62.24124681771434, 46.02642958322076], [62.44443660600575, 46.71696306949798], [62.64752274288037, 46.71687765769286], [62.85060887972679, 46.71679224595505], [63.05362794713665, 46.26983578185866], [63.05365843338075, 46.4729589870708], [63.25674457021478, 46.47287357539835], [63.45983070687316, 46.47278816348421], [63.45986119328836, 46.67591136915223], [63.662947330139446, 46.67582595718511], [63.66297781648325, 46.878949163103925], [63.866063953575804, 46.87886375115943], [63.8661249265615, 47.2851101633687], [64.27229720095715, 47.284939339583275], [64.47541382513555, 47.48797713424244], [64.47544431167535, 47.69110034087282], [64.67853044912067, 47.69101492903337], [64.67856093619866, 47.894138135860885], [65.08473321114388, 47.89396731214754], [65.08476369811797, 48.097090519188214], [65.08479418540355, 48.30021372633189], [65.28788032323041, 48.300128314522794], [65.28791081028896, 48.50325152205926], [65.28794129744222, 48.706374729692925], [65.28800227192619, 49.11262114563692], [65.28803275903624, 49.31574435389825], [65.28806324635093, 49.5188675624795], [65.28809373340323, 49.72199077118137], [65.2881242206472, 49.925113980128344], [65.2881547081322, 50.128237189089646], [64.88204340462573, 50.534654431798344], [64.67898775313927, 50.73786305335557], [64.67904872640258, 51.144109473659], [64.47596258741828, 51.144194885373736], [64.27287644846717, 51.144280297259684]], {"I": 1.5556503763414982, "falloff": 2.214105163812328, "spread": 0.16912561912247068}], [[[45.996087007705796, 57.57066091410013], [45.99615101036363, 57.99721966998436], [44.168497632230356, 58.81048124754784], [43.9654419653649, 59.013689877535626], [43.76235582235881, 59.01377528933676], [43.35618353571567, 59.013946113394695], [43.15309739262477, 59.014031525110795], [42.950011249313434, 59.01411693693274], [42.543838963098665, 59.014287760798425], [42.34075281977175, 59.014373172627984], [41.93458053346785, 59.01454399627244], [41.73149439009603, 59.014629408320616], [41.32532210382578, 59.01480023199247], [41.122235960638136, 59.01488564390195], [40.91914981748005, 59.01497105580427], [40.5129775308892, 59.0151418796587], [40.106805244688985, 59.01531270329019], [39.90371910132296, 59.01539811512316], [39.700632958161805, 59.015483527138144], [39.0913135807931, 58.609493326627444], [39.091283106924266, 58.406370108680335], [38.888196964023564, 58.40645552068884], [38.88813601651941, 58.0002090857696], [38.88810554236079, 57.79708586869572], [38.88807506869114, 57.59396265170028], [38.88804459509106, 57.3908394349595], [38.8880141213624, 57.18771621853034], [38.887983647594524, 56.98459300209629], [38.887953173630876, 56.781469786044454], [38.887922699645856, 56.57834657027297], [38.88786175227051, 56.17210013909141], [38.887831278572094, 55.96897692347409], [38.88780080484605, 55.765853708574696], [38.88777033096949, 55.56273049383299], [38.88773985714852, 55.359607278973044], [38.88767890962583, 54.953360850384456], [38.887648435939354, 54.750237636331576], [38.88761796213123, 54.54711442240841], [38.88755701443688, 54.14086799552558], [38.887526540739486, 53.937744782176196], [38.887496066952735, 53.734621569263254], [38.88746559316712, 53.531498356336215], [38.88743511924258, 53.32837514381572], [38.88740464544799, 53.12525193139322], [38.88734369808196, 52.719005507252064], [38.88731322439412, 52.515882295534084], [38.887252276672825, 52.10963587254821], [38.88722180277614, 51.90651266145824], [38.887191329133316, 51.703389450547775], [38.88716085539545, 51.500266239821826], [39.09015557304508, 50.89081119679008], [39.09012509917841, 50.687687986972605], [39.09003367755122, 50.07831835849697], [39.293058868313096, 49.671986528594175], [39.29299792017787, 49.26574011159357], [39.29296744627834, 49.06261690328586], [39.49599263619723, 48.65628507561644], [39.495931688053815, 48.250038660542714], [39.699017825597366, 48.24995324852625], [39.69898735143374, 48.04683004134495], [40.10506820369585, 47.43728959721477], [40.105037729101696, 47.23416639071752], [40.511149054444786, 46.827749154974185], [40.511088105185536, 46.42150274348114], [40.5110576304254, 46.21837953824706], [40.917229904022406, 46.218208714306684]], {"I": 0.04148311699751246, "falloff": 0.01, "spread": 0.44168684785460405}], [[[39.29662737254296, 73.4577156934779], [38.89045507146011, 73.45788651705789], [38.078110469172316, 73.45822816466239], [37.67193816792417, 73.45839898864233], [37.468852017301174, 73.45848440064913], [37.26576586699923, 73.4585698123484], [37.06267971651221, 73.45865522437623], [36.453421264695635, 73.45891145996643], [36.25033511395009, 73.45899687195356], [36.04724896363655, 73.45908228381074], [35.84416281325514, 73.45916769568305], [35.43799051193139, 73.45933851945495], [35.234904361326926, 73.45942393139671], [35.03172679554859, 72.85013964529458], [34.6255544949023, 72.85031046901884], [34.62552402332335, 72.64718723693431], [34.21935172300391, 72.64735806061424], [34.21932125154831, 72.44423482853665], [34.21929078001904, 72.2411115967609], [34.01620463026711, 72.2411970085783]], {"I": 0.7909939521230207, "falloff": 1.3537854179458435, "spread": 1.134419604452586}], [[[61.629397152897695, 28.76121413623821], [61.83248328053878, 28.761128724664673], [62.2385640789787, 28.15158833944247], [62.6447363342495, 28.151417515541084], [63.25399471653145, 28.151161279987946], [63.8631921258866, 27.74465867122126], [64.47242002098994, 27.54127924935665], [64.67550614831248, 27.541193837439096], [64.87859227509398, 27.541108425530865], [65.28476452951611, 27.54093760182502], [65.48785065674792, 27.54085218997716], [66.09710903819075, 27.540595954326136], [66.50325080475488, 27.337301944607248], [67.11250918575979, 27.337045708975893], [68.1279093324165, 27.13349546369568], [69.34639560489109, 26.929859807013486], [71.17410976603719, 26.522844729484518], [71.98645427250835, 26.522503082114554], [73.61114328552742, 26.521819787294362], [74.01731553872912, 26.52164896347142], [74.22040166531178, 26.521563551660392], [74.62657391847017, 26.521392727897478], [74.82966004549087, 26.52130731604018], [75.84502969327013, 26.114633886878437], [76.86046032512775, 26.114206827743374], [77.4697187044411, 26.11395059201152], [78.07897708374958, 26.11369435651079], [78.28206321010043, 26.11360894469385], [78.485149336576, 26.11352353281893], [78.68823546303372, 26.113438120915248], [78.89132158955431, 26.113352709196988], [79.0944077158016, 26.11326729705104], [79.29749384217382, 26.11318188541088], [79.7036660951569, 26.11301106171095]], {"I": 0.02545836243135701, "falloff": 0.3823866946068287, "spread": 2.7407091794397287}]]}