{"disk": {"I": 0.0689205350722254, "Re": 33.503683932835195, "c": 2.0, "mux": 126.91633759100043, "muy": 127.9953648437179, "n": 1.0, "q": 0.8738036825922065, "roll": 1.7932917588919026}, "bulge": {"I": 0.2769030460950485, "Re": 3.991640741256266, "c": 2.0, "mux": 126.00518191084797, "muy": 125.77326195945759, "n": 1.0074421878170552, "q": 0.8491916720440328, "roll": 1.7050995119940198}, "bar": null, "spiral": []}