{"disk": {"I": 0.05856382072051029, "Re": 43.729312065679146, "c": 2.0, "mux": 146.5839123477694, "muy": 145.72437719004608, "n": 1.0, "q": 0.7564336210305168, "roll": 2.3563179082251575}, "bulge": {"I": 0.20147420294463667, "Re": 6.599784935218412, "c": 2.0, "mux": 147.1561327355485, "muy": 145.72429680774098, "n": 0.9773141951321039, "q": 0.5984943254153384, "roll": 2.446986167212032}, "bar": null, "spiral": [[[[132.27785283960554, 132.54828755775094], [132.27782893479525, 131.9761041364688], [132.27780502967227, 131.40392071448025], [133.99439434640783, 129.68712919896677], [135.1387394335942, 127.39823464024522], [135.71093588563855, 126.82597078559479], [136.2831323409606, 126.25370692748481], [136.8553287992338, 125.68144306643086], [137.42752526089475, 125.10917920213694], [138.57196599430796, 125.10901835404911], [140.28857931299655, 123.9644101852615], [140.86077579183421, 123.39214630828639], [142.57741304288385, 122.81972157083152], [144.29407421351237, 122.81948028492167], [145.43851500557486, 122.81931942739459], [147.15517621067175, 122.81907814142096], [148.87183743667742, 122.81883685560399], [150.5884986834235, 122.81859556970397], [151.73293952606696, 122.81843471232901], [152.87738037804445, 122.81827385488941], [155.73848254798395, 122.81787171160875], [156.88292343221917, 122.81771085432337], [157.45514387784976, 122.81763042574573], [159.1718052282036, 122.81738913969332], [160.8885382532987, 124.53369832685826], [162.03300306042502, 125.10572096819942], [164.3219326975759, 126.24976626212998], [164.32195657972613, 126.82194975603079], [164.89420093424002, 127.3940528296414], [165.46646917174888, 128.53833939864745], [166.61098176809986, 130.25472904767486], [166.61100564872635, 130.82691254040003], [167.75554212829184, 133.11548568778687], [168.90005473180054, 134.83187534960365], [168.90007861072968, 135.404058840448], [170.04454346144064, 135.97608152613896], [171.1890321968616, 137.12028770887116], [171.18907995151307, 138.2646546927519], [172.3335686914798, 139.40886088264568], [173.47810518874172, 141.6974340617569], [174.05034956323215, 142.2695371625784], [174.6225939388292, 142.8416402649488], [175.76710656912775, 144.55802996597282], [176.3393270752606, 144.55794958132282], [176.3393509489337, 145.13013307327736], [176.3394703175946, 147.99105052165083], [176.33951806519843, 149.135417495232], [176.3395896863206, 150.8519679495601], [176.3397329286028, 154.2850688363352], [176.3397568025295, 154.8572523143884], [176.33980455015018, 156.0016192684501], [176.3399000447812, 158.2903531671334], [175.7678227933938, 161.72353434056765], [175.7678944159041, 163.44008473780258], [174.05135232807174, 166.3012430736145], [173.47922734955745, 168.5900572316055], [171.76268530886824, 171.45121547666184], [170.04611942254837, 173.74019022889786], [169.4739467197549, 174.88463742769122], [167.18518430671173, 177.74587586760862], [166.04079117956547, 178.89040335153325], [164.89639806512145, 180.03493082259422], [164.32420151233396, 180.60719455356616], [162.03536756542542, 181.75188262597626], [159.74655754719265, 183.46875408090145], [158.60216449883444, 184.6132814954076], [158.02994409258872, 184.61336179945508], [156.8855271745, 185.18570580406134], [154.0244729819354, 186.33047409727104], [151.73559144939452, 186.3307953001199], [148.8745134785392, 186.90338018138013], [145.44123911177553, 188.04822871752611], [142.58013738063852, 188.04863020382052], [140.29125603729864, 188.0489513930384], [138.00237473087316, 188.04927258219766], [135.71349346119354, 188.04959377121935], [133.99683253317232, 188.04983466302], [129.9912426353044, 186.9060300674678], [127.70228976667505, 185.189801258771], [125.4133608351143, 184.04575580484544], [123.12440802251245, 182.32952703484338], [121.40769940878158, 181.18540130316788], [119.69099081113859, 180.04127558199684], [117.40203806707541, 178.32504686147377], [116.25757366349256, 177.7530241713462], [115.11308535027985, 176.6088181614088], [113.39637681007565, 175.46469248050695], [111.67962044638915, 173.1762001681247], [110.53506039552133, 170.31544421577507], [109.96276841030021, 168.5989745783047], [109.39047642451226, 166.8825049406579], [108.81820836062855, 165.73821862925388], [107.10145201840896, 163.44972635733313], [106.52918395796007, 162.30544005240603], [105.38467176329948, 160.58905077376096], [105.38457606676019, 158.30031745982535], [103.66784366605322, 156.58400854773737], [103.09555168392734, 154.8675389210801], [102.52325970164503, 153.1510692937702], [101.95099164589055, 152.00678299864865], [101.37869966368908, 150.29031337221278], [100.8064076814706, 148.57384374502084], [100.2341156991173, 146.85737411748175], [100.23406784350533, 145.71300744390868], [100.23404391585404, 145.14082410588003], [100.23399606036753, 143.99645742740847], [100.23392427710235, 142.2799074035915], [100.23387642161379, 141.135540717014], [100.23382856597897, 139.99117402731684], [100.23380463830159, 139.41899068115407], [100.2337807103608, 138.84680733426933], [100.23375678259436, 138.2746239863922], [100.23373285506801, 137.70244063800578], [100.23370892738762, 137.1302572885607], [100.23368499950601, 136.55807393831083]], {"I": 0.012723635272080645, "falloff": 0.31637347258481435,