{"disk": {"I": 0.041589487567676886, "Re": 9.20546984593527, "c": 2.0, "mux": 39.53505131840884, "muy": 46.361160918941025, "n": 1.0, "q": 0.7415102426266587, "roll": 0.368031944578543}, "bulge": {"I": 0.19973868181459362, "Re": 14.096964649567708, "c": 2.0, "mux": 47.93393115860024, "muy": 48.446273353275465, "n": 1.25556860377145, "q": 0.47236951279535005, "roll": 0.6656435039853669}, "bar": null, "spiral": []}