{"disk": {"I": 0.0626439385089433, "Re": 25.599456600122686, "c": 2.0, "mux": 89.5347804834811, "muy": 88.85576016731727, "n": 1.0, "q": 0.761669829449907, "roll": 2.6178632837176856}, "bulge": {"I": 0.015240071332561457, "Re": 27.84197138959617, "c": 2.0, "mux": 89.30361240230549, "muy": 88.85715186647366, "n": 5.166431630918037, "q": 0.2467529010840238, "roll": 2.303720073631332}, "bar": null, "spiral": []}