{"disk": {"I": 0.05186740526726034, "Re": 16.09512632529587, "c": 2.0, "mux": 62.354329159166696, "muy": 61.38620780098671, "n": 1.0, "q": 0.612339155499389, "roll": 2.3581114103328433}, "bulge": {"I": 0.008480021664821947, "Re": 30.985473449562228, "c": 2.0, "mux": 62.012275065883614, "muy": 61.7624307637393, "n": 5.091474253063154, "q": 0.6356705870672811, "roll": 2.8915439283654476}, "bar": null, "spiral": []}