{"spiral": [], "disk": {"mu": [90.09730517864227, 90.27243733406067], "roll": 2.1257914493622896, "rEff": 9.123032978602618, "axRatio": 0.6698234588959204, "i0": 0.4566473513886894, "c": 2, "n": 1}, "bulge": {"mu": [90.30490279197693, 91.31044149398804], "roll": 2.1650101342699237, "rEff": 67.48446568329176, "axRatio": 0.9259193091822959, "i0": 0.11567031690957433, "c": 2, "n": 0.5402421561079266}, "bar": null}