{"spiral": [], "disk": {"mu": [68.49163818359375, 69.46578979492188], "roll": 0.5890508211930043, "rEff": 51.487207161779196, "axRatio": 0.7396263419605733, "i0": 0.20113090120603322, "c": 2, "n": 1}, "bulge": {"mu": [67.95648193359375, 69.19821166992188], "roll": 2.922923707715851, "rEff": 3.186838420551091, "axRatio": 0.5003665501893634, "i0": 0.287014578088006, "c": 2, "n": 1.6953389192612256}, "bar": null}