{"spiral": [], "disk": {"mu": [89.8857432603836, 89.6484375], "roll": 0.5905342824848715, "rEff": 42.14097175848776, "axRatio": 0.507312437349441, "i0": 0.18100365481999103, "c": 2, "n": 1}, "bulge": {"mu": [89.5341807603836, 89.6484375], "roll": 0.35299064834300553, "rEff": 3.797344402094329, "axRatio": 0.26545608925095354, "i0": 0.48925686919913985, "c": 2, "n": 0.7286289019369145}, "bar": null}