{"disk": {"I": 0.08298803818148942, "Re": 27.417338941393496, "c": 2.0, "mux": 92.19131395621922, "muy": 93.40341050854036, "n": 1.0, "q": 0.7278854911989338, "roll": 3.0166425357064686}, "bulge": {"I": 0.06949372527912605, "Re": 9.625621308026869, "c": 2.0, "mux": 92.70385590371521, "muy": 92.91145585323993, "n": 2.290646234109693, "q": 0.5138360433255421, "roll": 0.12977822374444958}, "bar": null, "spiral": []}