{"spiral": [], "disk": {"mu": [86.86197847127914, 86.46321892738342], "roll": 1.0679531158670357, "rEff": 15.599055176323574, "axRatio": 0.34971954626018154, "i0": 0.2013903567310001, "c": 2, "n": 1}, "bulge": {"mu": [87.20377534627914, 88.0678117275238], "roll": 1.5707963267948966, "rEff": 4.276612897928722, "axRatio": 0.6983473659982854, "i0": 0.7910900375507853, "c": 2, "n": 0.5692986935280837}, "bar": null}