{"spiral": [], "disk": {"mu": [115.81027221679688, 116.8697509765625], "roll": 1.9288597836048724, "rEff": 53.03167496839284, "axRatio": 0.6307713922355944, "i0": 0.18252934114519576, "c": 2, "n": 1}, "bulge": {"mu": [115.35519409179688, 115.5045166015625], "roll": 2.245537269018449, "rEff": 2.3493455988550402, "axRatio": 0.34421581217347763, "i0": 0.7274051993915052, "c": 2, "n": 0.9222188425838944}, "bar": null}