{"disk": {"I": 0.017127578026079393, "Re": 20.35141432958524, "c": 2.0, "mux": 60.651131457611676, "muy": 61.19812192883258, "n": 1.0, "q": 0.7933224638131662, "roll": 2.93232905379108}, "bulge": {"I": 0.0720979228563848, "Re": 6.909069784079168, "c": 2.0, "mux": 60.4000003000138, "muy": 60.19999859131592, "n": 3.6035890727157804, "q": 0.551441432711535, "roll": 0.3216187801712094}, "bar": null, "spiral": []}