{"disk": {"mux": 37.24223200847882, "muy": 36.52204286403634, "roll": 2.4533877477500656, "Re": 8.643101362658308, "q": 1.0044278870887358, "I": 0.17977992131627019, "n": 1.0, "c": 2.0}, "bulge": {"mux": 37.96489280542551, "muy": 35.51047453250533, "roll": 0.753101856568204, "Re": 3.8730478864233597, "q": 0.010294604981150134, "I": 1.0884217221662698, "n": 0.8678901119620864, "c": 2.0}, "bar": null, "spiral": []}