{"spiral": [[[[110.16796875, 101.80078125], [110.16796875, 102.0], [110.16796875, 102.796875], [110.765625, 103.59375], [111.76171875, 104.7890625], [112.7578125, 105.5859375], [114.75, 106.78125], [115.9453125, 107.578125], [123.1171875, 109.76953125], [126.50390625, 110.96484375], [128.09765625, 111.1640625], [129.29296875, 111.1640625], [130.2890625, 111.1640625], [132.6796875, 110.56640625], [134.671875, 109.5703125], [136.265625, 108.7734375], [138.05859375, 107.77734375], [140.6484375, 106.3828125], [142.44140625, 105.38671875], [144.83203125, 102.99609375], [146.2265625, 102.0], [147.421875, 100.8046875], [148.41796875, 99.609375], [149.21484375, 98.61328125], [149.61328125, 97.41796875]], {"i0": 0.03624208296117139, "spread": 1.9931346368185592, "falloff": 1.9436133420124242}], [[[95.02734375, 97.21875], [95.02734375, 97.01953125], [95.02734375, 96.62109375], [94.4296875, 95.625], [93.234375, 95.02734375], [92.4375, 94.03125], [90.84375, 93.234375], [88.8515625, 92.4375], [86.0625, 92.4375], [82.875, 92.4375], [80.68359375, 93.03515625], [78.69140625, 93.6328125], [76.5, 95.02734375], [74.90625, 96.22265625], [72.9140625, 97.21875], [71.51953125, 98.4140625], [69.52734375, 100.40625], [66.73828125, 104.19140625], [65.7421875, 106.58203125], [64.9453125, 109.171875], [64.74609375, 110.765625], [64.546875, 112.55859375], [64.546875, 113.75390625], [64.546875, 114.3515625], [64.546875, 115.1484375], [64.546875, 115.34765625]], {"i0": 0.08689439132310672, "spread": 2.036839876723879, "falloff": 1.8571883499200577}], [[[110.56640625, 96.22265625], [111.36328125, 96.22265625], [113.15625, 96.22265625], [114.75, 96.22265625], [116.54296875, 96.22265625], [118.13671875, 95.82421875], [119.33203125, 95.625], [121.125, 94.828125], [122.71875, 94.62890625], [123.515625, 94.62890625], [123.9140625, 94.62890625], [124.3125, 94.4296875], [125.109375, 94.23046875]], {"i0": 0.03629877137674921, "spread": 1.9786891711613475, "falloff": 1.984980665268735}]], "disk": {"mu": [103.18597412109375, 100.0078125], "roll": 3.077726142831784, "rEff": 68.62464524418499, "axRatio": 0.4318871825810624, "i0": 0.05502345684401539, "c": 2, "n": 1}, "bulge": {"mu": [101.59222412109375, 101.00390625], "roll": 1.4016951007935194, "rEff": 14.499853782798489, "axRatio": 0.7688350530720144, "i0": 0.33068472192096765, "c": 2, "n": 1.01395245471333}, "bar": {"mu": [102.38909912109375, 103.095703125], "roll": 2.4397433861429967, "rEff": 16.35407869748813, "axRatio": 0.5949986001085227, "i0": 0.09651178245068859, "c": 3.0006137024642565, "n": 0.345134654623051}}