{"disk": {"I": 0.08658912735708592, "Re": 43.306645920190896, "c": 2.0, "mux": 117.1207991187085, "muy": 118.98120418861403, "n": 1.0, "q": 0.3905169826873617, "roll": 2.237043625730481}, "bulge": {"I": 0.31120204395930057, "Re": 4.0164626303663695, "c": 2.0, "mux": 117.32479332901309, "muy": 118.4312386170926, "n": 0.9705976878343568, "q": 0.6174278932959558, "roll": 0.8205954292540434}, "bar": {"I": 1.952520376571531, "Re": 1e-08, "c": 1.74, "mux": 118.42648991611259, "muy": 117.26033881469478, "n": 0.3, "q": 0.9998197326810984, "roll": 1.5706897756655054}, "spiral": []}