{"disk": {"mux": 61.21445336598549, "muy": 59.819518799292666, "roll": 2.8641544608990213, "Re": 15.997680283914843, "q": 0.9929647514739651, "I": 0.01706096607254031, "n": 1.0, "c": 2.0}, "bulge": {"mux": 60.52434264499196, "muy": 59.505548053003395, "roll": 3.1109677141424887, "Re": 30.171410040280442, "q": 0.6171793350715528, "I": 0.004402976933027696, "n": 9.915186893979985, "c": 2.0}, "bar": null, "spiral": []}