{"spiral": [], "disk": {"mu": [90.09730517864227, 90.27243733406067], "roll": 2.1257914493622896, "rEff": 9.114502886726763, "axRatio": 0.644600658334033, "i0": 0.41187192733236744, "c": 2, "n": 1}, "bulge": {"mu": [90.30490279197693, 91.31044149398804], "roll": 2.1650101342699237, "rEff": 67.48525588249639, "axRatio": 0.9395684868269971, "i0": 0.11511411838881203, "c": 2, "n": 0.5639531246424995}, "bar": null}