{"spiral": [], "disk": {"mu": [74.9908447265625, 73.71368408203125], "roll": 0.6837093116343711, "rEff": 40.82417819837176, "axRatio": 0.8272565344558847, "i0": 0.20343252160982958, "c": 2, "n": 1}, "bulge": {"mu": [74.6978759765625, 74.00665283203125], "roll": 2.8632929945846817, "rEff": 6.394606823083173, "axRatio": 0.949672014186199, "i0": 0.40824772433671597, "c": 2, "n": 0.9726315249768446}, "bar": null}