{"disk": {"I": 3.575184766194471, "Re": 0.7598868341790348, "c": 2.0, "mux": 97.75219814544835, "muy": 97.5868932886904, "n": 1.0, "q": 0.3239011889043183, "roll": 0.7642051265950668}, "bulge": {"I": 0.07056472145955493, "Re": 17.975215387373957, "c": 2.0, "mux": 97.73015883474879, "muy": 97.85313665006726, "n": 1.3678799248479097, "q": 0.6011700227832286, "roll": 2.3574009713489987}, "bar": null, "spiral": []}