{"spiral": [[[[66.30859375, 52.0751953125], [73.14453125, 51.8310546875], [75.5859375, 68.6767578125], [61.42578125, 92.3583984375]], {"i0": 0.021228421864627034, "spread": 1.919487065942459, "falloff": 0.07636521651450062}], [[[54.833984375, 72.3388671875], [49.951171875, 65.2587890625], [61.42578125, 37.1826171875], [73.876953125, 33.5205078125], [76.806640625, 39.3798828125]], {"i0": 0.07591673491443589, "spread": 1.3774397142467012, "falloff": 0.4607515724581603}]], "disk": {"mu": [63.131339848041534, 63.059814274311066], "roll": 1.2004728819510233, "rEff": 25.29238404288127, "axRatio": 0.4780498165995912, "i0": 0.18348985654248998, "c": 2, "n": 1}, "bulge": {"mu": [62.64304742217064, 62.57152557373047], "roll": 1.3258164669188819, "rEff": 4.286728454679607, "axRatio": 0.885278547829658, "i0": 0.6813653366860685, "c": 2, "n": 0.4784973785007385}, "bar": null}