{"disk": {"mux": 43.57411193847099, "muy": 42.12669372556485, "roll": 3.0948637423745464, "Re": 9.752636809592675, "q": 0.9583400471860392, "I": 0.21448138496834107, "n": 1.0, "c": 2.0}, "bulge": {"mux": 41.31112670903974, "muy": 44.7853240966312, "roll": 0.9949380097179077, "Re": 2.356127741851277, "q": 0.4853470125424504, "I": 0.19357899126162562, "n": 1.1407173579385035, "c": 2.0}, "bar": {"mux": 42.60337066662561, "muy": 44.26042175304195, "roll": 1.570796326847154, "Re": 3.6758519411743826, "q": 0.39060601198986106, "I": 0.0, "n": 0.6932090899812046, "c": 2.1916897275978755}, "spiral": []}