{"disk": {"I": 0.04916844797688517, "Re": 24.118614777779683, "c": 2.0, "mux": 69.58473179462591, "muy": 71.18903011934022, "n": 1.0, "q": 0.5072140182918802, "roll": 2.8614640605285278}, "bulge": {"I": 4.543980573572414, "Re": 2.0633889777372927, "c": 2.0, "mux": 69.5065249749893, "muy": 70.31702984522514, "n": 1.3966530640143187, "q": 0.08573857586299576, "roll": 0.00830351766356715}, "bar": null, "spiral": [[[[71.8408727391573, 82.73020353297102], [75.06278432755568, 86.94269726646189], [81.3416028812652, 88.45689702860955], [84.70147159460339, 84.73987532766125], [88.44701363892466, 77.14068890706096]], {"I": 0.05892482570390138, "falloff": 1.2428787974755922, "spread": 1.5064013984429026}], [[[67.46307275246141, 55.99570996969578], [66.44426192702161, 52.113570983485374], [60.358215957036066, 50.57183431906765], [54.76777364920201, 51.94859019291039], [50.88458210614124, 58.19866144816558]], {"I": 0.7041710607697985, "falloff": 3.0334185635616917, "spread": 1.4391550043135803}]]}