{"disk": {"I": 0.09277595993169747, "Re": 17.16305197305828, "c": 2.0, "mux": 60.16810599372216, "muy": 59.758626732674294, "n": 1.0, "q": 0.48574322681358284, "roll": 0.9559726205615025}, "bulge": {"I": 1.2500000144286614, "Re": 8.12134021440454e-07, "c": 2.0, "mux": 60.965271010605555, "muy": 59.791015639355145, "n": 5.0000000144293795, "q": 0.863292669990932, "roll": 0.9826577691879786}, "bar": null, "spiral": []}