{"spiral": [], "disk": {"mu": [98.70047163963318, 97.31230318546295], "roll": 2.2739359116248483, "rEff": 22.463209940402677, "axRatio": 0.4883865239197086, "i0": 0.16545063321544626, "c": 2, "n": 1}, "bulge": {"mu": [98.43290710449219, 97.38908064365387], "roll": 3.072120179728961, "rEff": 3.0299871880194966, "axRatio": 0.7729196643945309, "i0": 0.9320337034609678, "c": 2, "n": 0.5338962083184363}, "bar": null}