{"spiral": [], "disk": {"mu": [127.22576904296875, 125.51171875], "roll": 1.5060720453793044, "rEff": 72.20120186738184, "axRatio": 0.74695745757234, "i0": 0.13128824938415673, "c": 2, "n": 1}, "bulge": {"mu": [126.99534702301025, 127.23131093382835], "roll": 1.319696242646391, "rEff": 6.501933237321271, "axRatio": 0.7284538525020673, "i0": 0.6290587144507649, "c": 2, "n": 0.7242984318771892}, "bar": null}