{"spiral": [], "disk": {"mu": [44.17304992675781, 42.961692810058594], "roll": 1.8611690738039754, "rEff": 22.210808091347054, "axRatio": 0.598555404083506, "i0": 0.3700035156448065, "c": 2, "n": 1}, "bulge": null, "bar": null}