{"disk": {"mux": 103.18063216891397, "muy": 100.73532632035307, "roll": 2.238654854567583, "Re": 28.237314357585102, "q": 0.3560422683587169, "I": 0.025781961779706545, "n": 1.0, "c": 2.0}, "bulge": {"mux": 103.18048004039349, "muy": 99.68965480890768, "roll": 2.148739969809128, "Re": 101.27836028111223, "q": 1.4686521664170338, "I": 0.00030239021683267495, "n": 8.460689180950862, "c": 2.0}, "bar": null, "spiral": []}