{"disk": {"mux": 37.10473632826006, "muy": 38.29687500000658, "roll": 2.344766416304521, "Re": 11.487787751315611, "q": 0.595254691115814, "I": 0.2385933592650423, "n": 1.0, "c": 2.0}, "bulge": null, "bar": null, "spiral": []}