{"disk": {"mux": 37.51953095215981, "muy": 37.182618677446044, "roll": 0.3077793158120595, "Re": 13.186805791102564, "q": 0.8134135557033646, "I": 0.05707216855501453, "n": 1.0, "c": 2.0}, "bulge": {"mux": 37.958984076968136, "muy": 37.1826186776683, "roll": -1.2998502613767995, "Re": 1.5921910771216008, "q": 0.05566345330149802, "I": 1.935797439789274, "n": 2.0080509668772457, "c": 2.0}, "bar": null, "spiral": [[[[36.0498046873638, 33.51562500002274], [36.04980468771828, 33.36914062483385], [36.19628906248022, 32.929687500036266], [36.34277343753456, 32.783203124993975], [36.342773437499886, 32.49023437504445], [36.48925781250102, 32.490234374951], [36.92871093759061, 32.05078124989501], [36.92871093747465, 31.90429687499187], [37.221679687359256, 31.757812500093905], [37.51464843739245, 31.464843750071168], [37.661132812479195, 31.464843750011823], [38.10058593748033, 31.025390624989654], [38.247070312479536, 30.732421875026603], [39.27246093755491, 30.29296875007185], [39.56542968745828, 30.000000000042974], [39.85839843745407, 29.853515625022737], [40.590820312708274, 29.70703124980315], [40.88378906243793, 29.414062500111186], [41.90917968749545, 29.414062500020805], [42.05566406258083, 29.414062500036323], [42.055664062522055, 29.267578124933095], [42.20214843758595, 29.26757812503729], [42.93457031246942, 28.974609374985334], [43.374023437518076, 28.828124999997215], [43.520507812573555, 28.828125000046555], [43.81347656260675, 28.535156249894214], [44.399414062449296, 28.242187500124714], [44.69238281257469, 28.242187499943384], [44.98535156255355, 28.09570312501944], [45.424804687586175, 28.095703125083162], [45.57128906267235, 28.09570312486011], [45.7177734375789, 28.095703125033992], [46.15722656273681, 28.095703124832653], [46.45019531246237, 28.095703125024556], [46.596679687574806, 28.095703125028194]], {"I": 0.11635351282738113, "spread": 2.0820034608511824, "falloff": 1.4633437414360098}], [[[37.66113281265143, 42.74414062488029], [37.51464843743577, 42.744140625055195], [37.07519531247158, 42.74414062497459], [36.92871093744441, 42.74414062494958], [36.782226562706455, 42.59765624982407], [36.63574218742906, 42.59765625005616], [36.19628906257435, 42.597656249896886], [36.049804687717256, 42.597656249838565], [36.04980468749045, 42.451171875106354], [35.903320312454525, 42.45117187503979], [35.610351562615506, 42.30468749994452], [35.024414062510914, 42.30468749990183], [34.87792968745305, 42.30468749996993], [34.438476562537176, 42.158203125002274], [34.29199218746544, 42.15820312493486], [34.14550781270293, 42.158203124856925], [33.999023437588676, 42.15820312497499], [33.70605468754695, 42.011718749936904], [33.26660156260618, 42.011718750076795], [33.12011718749511, 42.01171874997982], [32.97363281251205, 41.86523437499483], [32.82714843733538, 41.86523437520037], [32.38769531249898, 41.71874999996794], [31.948242187434744, 41.71875000000057], [31.801757812700203, 41.71875000001347], [31.655273437442702, 41.57226562493787], [31.362304687494657, 41.42578124999034], [30.922851562364258, 41.27929687506145], [30.33691406263199, 40.98632812485994], [30.190429687497613, 40.83984374995066], [30.190429687364713, 40.69335937512966], [30.043945312362325, 40.54687500010192], [29.458007812498295, 40.25390624997533], [29.458007812568212, 40.10742187498636], [29.31152343746487, 39.96093750002336], [28.87207031253672, 39.37500000011238], [28.872070312412234, 39.228515625026716], [28.872070312580945, 39.08203125002018], [28.87207031249727, 38.93554687493952], [28.725585937567757, 38.64257812505127], [28.72558593751114, 38.49609375011721], [28.579101562383812, 38.203125000018304], [28.579101562593905, 38.05664062487432], [28.432617187567985, 38.05664062505417]], {"I": 0.11310717387013262, "spread": 0.5802547391017513, "falloff": 1.5476037025386116}], [[[42.6416015623779, 39.37500000000688], [42.64160156263131, 39.52148437496675], [42.641601562421556, 39.66796875002831], [42.64160156257378, 39.8144531250328], [42.93457031244202, 40.400390624965155], [43.37402343753172, 42.597656249911154], [42.64160156249932, 44.208984374954866], [42.495117187365395, 44.35546874996794], [42.34863281253092, 44.79492187489393], [41.46972656260618, 46.552734374864826], [41.32324218737779, 46.69921875001751], [40.883789062542974, 47.13867187487972], [40.29785156241758, 48.01757812510175], [39.418945312494316, 49.18945312497243], [38.833007812485675, 49.18945312508981], [38.97949218753365, 49.18945312489927], [39.1259765625889, 49.189453124909676]], {"I": 0.0026111471344105997, "spread": 0.04730677637264144, "falloff": 1.004834146315215}]]}