{"disk": {"I": 0.06800114706111102, "Re": 29.26131724489309, "c": 2.0, "mux": 97.93316650395131, "muy": 98.87448120117881, "n": 1.0, "q": 0.8682843881353507, "roll": 3.102937884478824}, "bulge": {"I": 0.07387358428667798, "Re": 5.742039650190713, "c": 2.0, "mux": 99.48785400386414, "muy": 100.81784057618404, "n": 0.23678787382970512, "q": 0.44442811295592977, "roll": 0.8224182792508485}, "bar": {"I": 0.25146227065824805, "Re": 2.2490312889997175, "c": 2.092298291662943, "mux": 98.710510253916, "muy": 100.81784057623034, "n": 0.6163882074781308, "q": 0.42846047954636424, "roll": 1.570796326793563}, "spiral": [[[[82.78710937501243, 71.28242187496753], [86.67382812492514, 57.2902343750435], [87.06249999984848, 57.29023437518882], [87.06250000007982, 56.90156249992765], [87.06250000002007, 56.512890624977146], [97.16796874999466, 38.633984374982305], [97.55664062496287, 38.63398437493851], [98.33398437506096, 38.63398437497952], [112.71484374996876, 38.633984374989964], [113.10351562487801, 38.63398437511691], [116.21289062496795, 38.63398437518248], [122.43164062497999, 38.633984375058105], [122.82031249996093, 38.24531250009471], [126.70703124993116, 37.46796875012765]], {"I": 0.03348974818000669, "falloff": 0.7599312266488937, "spread": 4.248906489693205}], [[[111.16015625003962, 101.2101562499679], [115.8242187499794, 98.87812499991122], [116.99023437490843, 86.44062500015477], [116.99023437498819, 86.0519531249067], [116.99023437510468, 84.8859374998672], [114.65820312498707, 80.61054687504611], [107.66210937493793, 74.00312500007732], [106.88476562507826, 74.00312499988632], [103.77539062509166, 73.61445312482681], [92.11523437494306, 70.89375000006436], [71.90429687493112, 84.88593750014451], [66.07421875003479, 103.15351562500376], [66.07421874992295, 103.54218750014437], [65.29687499991732, 128.0285156249948], [66.46289062495872, 136.9679687500858]], {"I": 3.0720374022317833, "falloff": 6.162862377732713, "spread": 3.272219024924445}], [[[87.83984375005086, 100.43281250000561], [81.62109375011728, 107.42890624977954], [81.6210937499527, 107.81757812509332], [82.00976562498911, 108.20624999997807], [83.17578125001606, 117.14570312498279], [83.56445312497436, 117.14570312501266], [92.11523437505801, 125.69648437487774], [104.55273437494466, 130.3605468749701], [104.55273437512025, 130.74921874977548], [109.99414062495993, 133.08125000008917], [116.60156249997627, 134.63593750001024], [125.92968749994593, 133.46992187494686], [126.70703125001528, 133.0812499999917], [136.81249999995413, 119.8664062500086], [136.81250000005207, 119.47773437502812], [136.81250000012798, 119.08906250025464], [137.97851562500324, 116.36835937472361], [137.97851562504655, 115.97968749999248], [138.36718750001575, 98.10078125000356], [138.36718750003178, 97.71210937497531], [134.86914062501802, 79.83320312497005], [133.3144531249444, 77.88984375014391]], {"I": 0.10915633986003462, "falloff": 1.8142057833351133, "spread": 11.44626546001554}], [[[107.27343749992122, 126.08515625013018], [115.82421875002652, 115.20234374996005], [118.15624999993116, 109.76093750007362], [118.54492187498509, 108.98359374989496], [118.54492187496379, 107.81757812516389], [123.59765624993928, 97.32343750019714]], {"I": 0.059770990676232046, "falloff": 1.3673781230309128, "spread": 1.2817461499180751}]]}