{"spiral": [[[[71.7, 64.825], [71.875, 64.825], [72.025, 58.825], [70.7, 53.675], [69.7, 51.675], [67.025, 47.5], [62.525, 44.175], [59.875, 43.325], [56.525, 42.675], [54.525, 42.0], [53.375, 42.5], [52.525, 42.675], [51.7, 43.0]], {"i0": 0.659421835141828, "spread": 0.0, "falloff": 1.019649082724295}], [[[54.525, 69.0], [54.525, 69.175], [54.7, 75.825], [55.2, 77.675], [56.375, 79.5], [57.7, 82.0], [59.2, 83.325], [60.875, 84.0], [63.025, 84.175], [64.875, 84.325], [66.525, 84.325], [66.7, 84.325]], {"i0": 0.46116467398345473, "spread": 0.12744678443002985, "falloff": 1.031825181555063}]], "disk": {"mu": [63.36979675292969, 62.66666793823242], "roll": 1.2311549866765232, "rEff": 24.671031840062593, "axRatio": 0.6928755988507967, "i0": 0.15323193203354935, "c": 2, "n": 1}, "bulge": {"mu": [64.86979293823242, 63.5000114440918], "roll": 1.5405030078414381, "rEff": 3.1643135859578275, "axRatio": 0.9999983391437954, "i0": 1.2046899360288592, "c": 2, "n": 0.7918187073793258}, "bar": null}