{"disk": {"mux": 51.820416291719425, "muy": 48.527839730867015, "roll": 1.2394642288844229, "Re": 12.719839132620018, "q": 0.908068863767342, "I": 0.1255151936400535, "n": 1.0, "c": 2.0}, "bulge": {"mux": 52.41806813573879, "muy": 49.32468486825019, "roll": -1.7234617433904038, "Re": 1.034400630588065, "q": 0.62356229546075, "I": 0.32329625049802535, "n": 0.17553597951325856, "c": 2.0}, "bar": null, "spiral": []}