{"spiral": [], "disk": {"mu": [43.49468994140625, 43.603546142578125], "roll": 1.8088016022608893, "rEff": 33.54483357548701, "axRatio": 0.7411526379330733, "i0": 0.23876618685774637, "c": 2, "n": 1}, "bulge": {"mu": [43.66461181640625, 43.603546142578125], "roll": 1.8622531212727638, "rEff": 6.561679425311121, "axRatio": 0.7770502813597558, "i0": 0.10901437011841404, "c": 2, "n": 0.986661319446146}, "bar": {"mu": [41.96539306640625, 39.015655517578125], "roll": 1.9316331098279873, "rEff": 3.710697259892761, "axRatio": 0.2895154140662314, "i0": 0.34737635829040164, "c": 2.2575186348782053, "n": 0.256982651199791}}