{"spiral": [[[[61.465625, 55.00625], [57.403125, 42.81875], [40.949999999999996, 31.646875]], {"i0": 0.062052423501936294, "spread": 1.48195279470623, "falloff": 0.7378935097439744}], [[[46.434374999999996, 47.084375], [38.309374999999996, 47.69375], [40.137499999999996, 55.81875]], {"i0": 0.08480970042434356, "spread": 0.3967109443097213, "falloff": 0.01638754424012263}], [[[41.153124999999996, 57.646875], [55.778125, 68.00625000000001]], {"i0": 0.16772120917967553, "spread": 0.7065145888016048, "falloff": 0.7567784496779195}]], "disk": {"mu": [51.10338115692139, 51.75481867790222], "roll": 2.4668517226438147, "rEff": 25.755767713087856, "axRatio": 0.46359901407998094, "i0": 0.23537504423760966, "c": 2, "n": 1}, "bulge": {"mu": [52.72840595245361, 51.55169367790222], "roll": 2.013171516377348, "rEff": 8.142063071074386, "axRatio": 0.865107743334291, "i0": 0.35653893561469985, "c": 2, "n": 0.7588106169145015}, "bar": null}