{"spiral": [], "disk": {"mu": [69.40781569480896, 65.41660475730896], "roll": 0.44530104388768565, "rEff": 34.87066608259846, "axRatio": 0.6120852430514786, "i0": 0.18084474758823335, "c": 2, "n": 1}, "bulge": {"mu": [61.50390625, 65.94004225730896], "roll": 0.5633162614919681, "rEff": 5.276373007506161, "axRatio": 0.311382994488891, "i0": 0.5234358633610732, "c": 2, "n": 0.506853301077282}, "bar": {"mu": [68.83203125, 66.85605788230896], "roll": 0.0, "rEff": 3.3339583284283405, "axRatio": 0.15928921761248316, "i0": 0.22764355645601791, "c": 3.0044952981112987, "n": 1.629613532259532}}