{"spiral": [], "disk": {"mu": [71.7099609375, 71.95166015625], "roll": 2.498091544796509, "rEff": 39.29919713616666, "axRatio": 0.9372210095603394, "i0": 0.2785067843344195, "c": 2, "n": 1}, "bulge": {"mu": [72.2724609375, 71.38916015625], "roll": 2.451146196535101, "rEff": 4.062182936626859, "axRatio": 0.8881997195107217, "i0": 0.1661947312472541, "c": 2, "n": 4.996312496095825}, "bar": null}