{"disk": {"I": 0.06771997762606473, "Re": 33.48043125090112, "c": 2.0, "mux": 126.1370891192312, "muy": 125.46376664327283, "n": 1.0, "q": 0.8861840131383357, "roll": 0.2888744875208413}, "bulge": {"I": 0.2225371006042638, "Re": 4.632055353932947, "c": 2.0, "mux": 127.304802078644, "muy": 126.50217566935754, "n": 1.048433389785946, "q": 0.800157387525785, "roll": 0.5222071912818653}, "bar": null, "spiral": []}