{"disk": {"mux": 127.17437968542231, "muy": 126.70474888320837, "roll": -2.7131608829467, "Re": 20.555560825498244, "q": 0.590402145524869, "I": 0.1276475734775775, "n": 1.0, "c": 2.0}, "bulge": {"mux": 127.60170641612837, "muy": 125.9871866497449, "roll": -2.9284114489747597, "Re": 2.400356783478885, "q": 0.10850095933945589, "I": 1.663521853653963, "n": 0.9903700964346897, "c": 2.0}, "bar": {"mux": 128.4061400637594, "muy": 125.68063948127411, "roll": -2.872903383064061, "Re": 0.0, "q": 0.01, "I": 0.0, "n": 1.73630099083004, "c": 2.9665143858244445}, "spiral": [[[[129.67689763890155, 119.81613197804779], [129.22879400636603, 119.41769595998306], [129.22885031159166, 118.57101646321195], [129.22887680812644, 118.17257905195186], [128.8305919062022, 117.37570546301083], [128.83061840237042, 116.97726804904045], [128.83064489858788, 116.57883063445354], [128.830671394759, 116.18039321923175], [128.8306978909755, 115.78195580267482], [128.83072438714754, 115.3835183859195], [128.83075419533472, 114.9352762908511], [129.22911858943857, 114.53683763572081], [129.22914508600826, 114.13840021608075], [129.2291715825553, 113.73996279581479], [129.6773547126354, 112.94308656208568], [130.07571910956923, 112.54464790293423], [130.47408350731956, 112.14620924301607], [130.47411000512943, 111.74777181884457], [130.87244790581326, 111.74777058256876], [131.27081230511837, 111.34933192124197], [131.66918001763753, 110.9010885804899], [132.06751791915315, 110.90108734403634], [132.06754441859786, 110.50264991764152], [132.4659088203212, 110.10421125338735], [132.86427322282344, 109.70577258866217], [133.2626376262101, 109.30733392309367], [134.10910567032857, 109.30733129594483], [134.50747007530958, 108.9088926296431], [135.30414588235107, 108.90889015691545], [135.70248378585052, 108.90888892041454], [136.10082168937527, 108.90888768451009], [136.49915959292167, 108.90888644794126], [136.49918609673003, 108.51044901703818], [136.89752400065788, 108.5104477807397], [137.74401855148963, 108.11200772175124], [138.14240946682804, 107.31513162004086], [138.93911509659455, 106.86688703419071], [139.73584392185833, 106.0700096911479], [140.13420833566943, 105.67157101823005], [140.53254624241526, 105.67156978194305], [141.32922205592476, 105.67156730909124], [142.175663598159, 106.07000211850459], [142.5739749946118, 106.46843831744502], [143.37065080644345, 106.46843584502341], [144.16730010675892, 106.86687080719923], [144.56563801235302, 106.86686957093042], [144.96394609147654, 107.3151104475395], [145.3622574838517, 107.71354664444902], [145.81038762663263, 107.71354525370117], [146.60703692202844, 108.1119802129814], [146.6070104080563, 108.51041764476173], [147.40365970107874, 108.90885260255544], [147.80197108932828, 109.30728879617624], [147.80194457422044, 109.70572622518745], [148.20022944578864, 110.50259984484552], [148.59851100127995, 111.34927813915533], [148.59843145343933, 112.54459041196026], [148.59840493746924, 112.94302783458102], [148.99668980422885, 113.73990144095944], [148.99666328787578, 114.13833886134887], [148.9966367714684, 114.53677628078401], [149.3949183213363, 115.38345455818586], [149.39489180452142, 115.78189197527928], [149.39486528775518, 116.18032939147776], [149.3948122542893, 116.97720422127645], [149.8429158694417, 117.37564024443873], [149.84288935226647, 117.77407765707619], [149.84286283504753, 118.17251506935634], [149.39467967052394, 118.96939128233379], [149.3946498392416, 119.41763336833736], [148.99623239717633, 120.61294682922943], [148.9962058808777, 121.01138423540732], [148.99617936448743, 121.4098216414207], [148.99612633183511, 122.20669645023122], [148.19931465924415, 124.24869060690241], [148.19915556592304, 126.63931499011744], [147.4022908768648, 129.47818388119896], [147.40223784731893, 130.2750586579773], [147.4022113325757, 130.67349604524924], [147.00381710785248, 131.52017672685582], [146.60545271306304, 131.9186153476706], [146.20703529191212, 133.11392873344766], [145.80864438624712, 133.91080473211548], [145.36043473485103, 135.10611826058442], [144.96204051889657, 135.95279892314187], [144.16523220848342, 137.94498826718524], [143.3684471028147, 139.58854489378268], [142.97005620933913, 140.38542086647072], [142.5716653174595, 141.18229683592438], [141.77491004769604, 142.3776114027463], [140.92825320238, 145.2164802240477], [140.13149794557052, 146.4117947665581], [139.33471287346538, 148.05535132331067], [138.53793112115898, 149.6491031978165], [138.13954024742728, 150.44597913010153], [136.8946814202787, 151.24285768695967], [136.49626073453715, 152.48797562474556], [135.3011676467737, 153.68329135990427], [134.50441242373392, 154.87860585158387], [133.25949730388848, 156.5221637298331], [132.8610799474037, 157.7174769679238], [132.06435123910427, 158.51435410445225], [131.2675927230831, 159.75947323327824], [130.47083752431007, 160.95478768848858], [129.6741088272101, 161.75166481227944], [128.42925005227835, 162.54854332385992], [127.63254785751059, 162.94698311950015], [127.23415370696335, 163.79366366380407], [126.43745151589422, 164.1921034569931], [124.39589056831964, 165.38742174940995], [123.2008240459369, 166.18430009188063], [122.00578401776195, 166.5827411166523], [121.60744617188536, 166.5827423530916], [120.36261391572366, 166.98118353135067], [119.16757389272021, 167.37962455460735], [118.37089820254023, 167.37962702768976], [117.12606264156568, 167.82787286871314], [115.93104910754835, 167.82787657813208], [115.13437341823635, 167.82787905076276], [113.93935988426206, 167.8278827602145], [112.296216274997, 167.82788786040214], [110.30452705163289, 167.82789404281232], [108.66138344231327, 167.82789914333483], [105.87301852952116, 167.82790779843282], [103.433172759979, 168.22635268384806], [100.99332699524373, 168.6247975685282], [99.79831346352631, 168.62480127768555], [98.60329993178769, 168.62480498713683], [96.96015632563007, 168.62481008744942], [95.36680494993229, 168.62481503326296], [94.57012926205348, 168.6248175062305], [93.77348003531561, 168.22638266787447], [92.13039265380645, 167.3797084786974], [90.53706773099802, 166.9812761105744], [88.89395057417154, 166.58284389631046], [86.90231425269172, 165.7859754466864], [85.30898931817968, 165.3875430755956], [84.46254784468698, 164.98910838517827], [83.26756075252598, 164.59067477585887], [82.07262986295524, 163.34556185911958], [80.82787698038547, 162.5486910784175], [79.23465781308454, 160.5565093986234], [78.8363728533806, 159.7596359792709], [78.83640260532727, 159.31139398376234], [78.4381440893741, 158.11608322792222], [78.03991201641566, 156.5223351299856], [78.04012688511723, 153.28503175525367], [77.64189480574632, 151.6912836186754], [77.64197744629959, 150.44616691188935], [77.64208322618795, 148.8524175160299], [77.64216256119309, 147.65710546109705], [77.64219231176429, 147.20886343815425], [77.64227164683675, 146.01355137350652], [78.04071529486414, 144.4198007056762], [78.04079793671544, 143.17468395379979], [78.43921514346331, 141.9793706279582], [78.43926803499485, 141.1824958980822], [78.83765879878563, 140.38561992793456], [78.83771169117912, 139.58874519156052], [78.837767889288, 138.74206578065503], [79.23623799603719, 136.7498776802459], [79.23631733573202, 135.5545655525596], [79.23639998131023, 134.30944874529666], [79.23647932101977, 133.11413660258722], [79.23650576762704, 132.7156992202162], [79.63484364748818, 132.71569798398804], [79.63487009447059, 132.31726060059998]], {"I": 0.007269779249765092, "spread": 7.4264806288469405,