{"spiral": [], "disk": {"mu": [69.5306396484375, 68.51568603515625], "roll": 2.8461518164460733, "rEff": 29.77271402862018, "axRatio": 0.49733760490710843, "i0": 0.21860987613029934, "c": 2, "n": 1}, "bulge": {"mu": [69.42523884773254, 69.17233121395111], "roll": 0.5028437620240074, "rEff": 5.408535097945272, "axRatio": 0.48286181836905223, "i0": 0.3973673449442457, "c": 2, "n": 0.4996523776666374}, "bar": null}