{"disk": {"mux": 68.14545571800465, "muy": 67.96484375006901, "roll": -1.4783960958448374, "Re": 21.55151086760263, "q": 0.7694191541491693, "I": 0.13585624088452486, "n": 1.0, "c": 2.0}, "bulge": {"mux": 68.4130338430399, "muy": 67.42968750003953, "roll": -1.2715301022115032e-06, "Re": 0.3600277656911362, "q": 0.6004591546849687, "I": 0.326635281842942, "n": 0.16329155246923, "c": 2.0}, "bar": null, "spiral": [[[[64.13847656248731, 68.2324218749227], [63.87089843758088, 68.2324218750853], [63.60332031246344, 68.23242187501995], [63.33574218760384, 68.23242187497905], [63.06816406245434, 68.23242187489674], [62.8005859374357, 68.23242187501975], [62.533007812606115, 68.23242187509268], [61.99785156253233, 68.23242187493443], [61.730273437515734, 68.23242187504954], [61.19511718763192, 68.23242187496413], [60.65996093749095, 68.23242187501302], [59.5896484375005, 68.23242187499054], [58.786914062490496, 68.23242187505605], [57.98417968760691, 67.96484375006017], [57.44902343758781, 67.96484375007267], [57.44902343738352, 67.42968749985894], [57.44902343746696, 66.89453125001458], [57.18144531249618, 66.091796874999], [57.181445312479696, 65.28906250005195], [56.9138671875088, 64.75390624999307], [56.913867187498454, 64.21875000010584], [56.91386718765716, 63.68359374998673], [56.91386718750414, 63.148437499898336], [56.91386718746935, 62.613281250024386], [56.913867187433084, 62.07812500011323], [57.71660156250812, 61.81054687493213], [57.71660156261498, 61.54296874997337], [57.9841796875445, 61.54296875004073], [57.98417968751255, 61.00781249995157], [58.2517578124739, 61.00781249995413], [58.78691406256485, 60.74023437493679], [58.786914062533356, 60.47265624995535], [59.054492187656024, 60.472656249997925], [59.3220703125196, 59.93750000007762], [59.85722656237408, 59.93749999989177], [59.85722656243047, 59.40234375006307], [60.12480468758065, 58.867187500092], [60.392382812446954, 58.867187499995566], [60.92753906233702, 58.86718750005477], [61.19511718763158, 58.59960937495859], [61.99785156258963, 58.33203125011954], [62.265429687515166, 57.79687499993466], [62.53300781256792, 57.79687500006179], [63.06816406262578, 57.79687499992235], [63.60332031258338, 57.79687499995464], [64.13847656248106, 57.52929687504309], [64.6736328125121, 57.52929687491394], [65.20878906259941, 57.52929687508566], [65.74394531262533, 57.26171874997422], [66.27910156236976, 57.26171874993861], [66.81425781242729, 56.72656250009632], [67.34941406247606, 56.726562500084384], [67.61699218750891, 56.72656249991621], [68.4197265624747, 56.72656249999622], [69.4900390624797, 56.458984374973454], [69.7576171874847, 56.19140624990692], [70.0251953125694, 56.191406249912944], [70.56035156246776, 55.65624999995708], [70.82792968751403, 55.656250000087994], [71.63066406248083, 55.656249999949154], [72.1658203124864, 55.656250000067445], [72.70097656254973, 55.38867187499031], [72.96855468743252, 55.388671875057156], [73.77128906262521, 55.38867187507151], [74.03886718776107, 55.38867187502143], [75.10917968742979, 55.38867187506062], [76.44707031244809, 55.38867187500074], [77.24980468753904, 55.12109375003092], [77.51738281247913, 55.121093750024414]], {"I": 0.34077525222003474, "spread": 0.0, "falloff": 0.6936399679947014}], [[[73.2361328127646, 67.42968750003283], [73.77128906262305, 67.42968749999088], [74.30644531250141, 67.42968749994847], [75.10917968748618, 67.69726562495512], [75.91191406271685, 67.69726562497351], [76.17949218767001, 67.6972656250185], [76.44707031250084, 67.69726562508157], [76.98222656253142, 67.69726562507509], [77.5173828125047, 67.96484374993088], [77.51738281262578, 68.2324218749313], [78.05253906239216, 68.23242187488603], [78.05253906250118, 68.76757812507245], [78.32011718761316, 69.3027343749564], [78.58769531252756, 69.57031249990334], [79.12285156266171, 70.10546875003152], [79.39042968746048, 70.64062499999295], [80.19316406238431, 71.17578124988037], [80.19316406254507, 71.44335937503129], [80.46074218744616, 71.97851562504482], [80.46074218753279, 72.2460937500037], [80.46074218749527, 73.0488281249298], [80.46074218748413, 73.31640624998732], [80.46074218752528, 73.58398437510948], [80.1931640624639, 74.11914062507711], [79.92558593745798, 74.65429687499017], [79.65800781254814, 74.92187499996925], [79.39042968745468, 75.18945312503575], [78.85527343753051, 75.4570312499402], [78.32011718756746, 75.72460937501063], [77.78496093753449, 76.25976562502123], [77.51738281254495, 76.79492187509928], [77.24980468754836, 77.06250000002876], [77.24980468739977, 77.33007812499326], [76.98222656251028, 77.33007812493375], [76.71464843746799, 77.86523437501054], [76.44707031250584, 78.13281250000861], [76.17949218742513, 78.66796875005002], [75.91191406263374, 78.93554687496035], [75.64433593754359, 79.20312499992247], [75.64433593742888, 79.73828125006654], [75.37675781249732, 80.00585937503595], [75.10917968768331, 80.54101562507248], [74.57402343748811, 81.07617187492517], [74.30644531250505, 81.3437499998856], [74.03886718745093, 81.34374999990615], [73.50371093762851, 81.61132812494895], [73.50371093755359, 81.87890624991607], [73.23613281237385, 81.87890625006204], [72.96855468748527, 81.87890625000068], [72.70097656252517, 81.87890625002933], [72.43339843751846, 81.87890624988304], [72.43339843748379, 82.1464843750853], [71.89824218752608, 82.14648437506796], [71.63066406240125, 82.41406249991698], [71.36308593731076, 82.41406249985016], [71.09550781264682, 82.68164062508589], [70.82792968753392, 82.68164062502268], [70.560351562552, 82.94921875002171], [70.29277343748231, 83.21679687496606], [70.02519531266694, 83.21679687503124], [69.7576171875694, 83.48437500010283], [69.49003906248026, 83.48437500006841], [69.22246093740523, 83.48437499989438], [68.95488281252892, 83.75195312495023], [68.68730468750095, 83.75195312512434]], {"I": 0.9551956844062179, "spread": 0.0, "falloff": 0.618366943861633}]]}