{"disk": {"I": 0.09891754509475353, "Re": 19.789413642553697, "c": 2.0, "mux": 74.44527518193885, "muy": 74.64910735536415, "n": 1.0, "q": 0.8323357987678934, "roll": 1.4683921930064696}, "bulge": {"I": 0.4778630927904147, "Re": 1.9510838889282704, "c": 2.0, "mux": 74.50830071143321, "muy": 74.55003265883465, "n": 0.9713200864815851, "q": 0.800041204654411, "roll": 1.096033603090426}, "bar": null, "spiral": []}