{"spiral": [[[[76.7203125, 62.826562499999994], [74.953125, 63.10078125], [74.00859375, 63.466406250000006], [72.85078125, 64.31953125], [71.540625, 65.2640625], [70.6875, 65.934375], [70.0171875, 66.6046875], [68.7984375, 68.00625], [67.9453125, 69.346875], [67.48828125, 70.47421875], [67.00078125, 71.51015625], [66.54375, 72.54609375], [65.78203125, 74.34375], [65.41640625, 76.05], [65.203125, 77.4515625], [64.8375, 80.19375], [64.471875, 81.62578124999999], [64.35, 83.02734375], [64.25859375, 84.73359375000001], [64.1671875, 85.8609375], [64.07578125, 86.98828125], [63.892968749999994, 88.02421874999999], [63.892968749999994, 88.96875], [64.25859375, 90.09609375], [64.56328125, 91.040625], [64.74609375, 91.61953125], [64.92890625, 92.28984374999999], [65.11171875, 93.234375], [65.203125, 93.69140625], [65.41640625, 93.99609375], [65.690625, 94.63593750000001], [65.78203125, 95.30625]], {"i0": 0.04810525392963476, "spread": 1.241465205578849, "falloff": 0.7789301780826952}], [[[75.89765625, 86.62265625], [75.684375, 86.53125], [75.31875, 87.56718749999999], [75.1359375, 88.4203125], [75.04453125, 89.6390625], [74.953125, 90.4921875], [74.953125, 90.94921875], [75.1359375, 91.43671875000001], [75.89765625, 92.28984374999999], [76.62890625, 92.47265625], [77.29921875, 92.47265625], [77.96953125, 92.47265625], [78.82265625, 92.19843750000001], [79.94999999999999, 91.61953125], [80.71171874999999, 91.040625], [81.44296875, 90.4921875], [81.93046874999999, 90.09609375], [82.60078125000001, 89.821875], [83.240625, 89.54765624999999], [84.09375, 89.15156250000001], [85.22109375, 88.603125], [85.80000000000001, 88.23750000000001], [86.25703125000001, 87.93281250000001], [86.56171875000001, 87.93281250000001], [86.56171875000001, 87.84140625], [86.8359375, 87.47578125000001]], {"i0": 0.04290287087151588, "spread": 1.596782944202125, "falloff": 0.8129648970243535}]], "disk": {"mu": [83.50723028182983, 74.89219307899475], "roll": 0.9917221246290797, "rEff": 52.62587003162169, "axRatio": 0.5572003717311271, "i0": 0.04301121064231611, "c": 2, "n": 1}, "bulge": {"mu": [77.86145031452179, 77.5338842868805], "roll": 1.3186445657997008, "rEff": 3.339147777081939, "axRatio": 0.47311037576142234, "i0": 1.6378169535749603, "c": 2, "n": 0.4429628013855634}, "bar": {"mu": [79.1420574188233, 78.5902111530304], "roll": 1.3529643868483963, "rEff": 7.884641753904161, "axRatio": 0.22929078154516572, "i0": 0.12550452759803257, "c": 3.013429009503323, "n": 0.19945880252948475}}