{"spiral": [], "disk": {"mu": [97.88548827171326, 103.22071045637131], "roll": 2.325695361459207, "rEff": 75.34004123234915, "axRatio": 0.9962286999010264, "i0": 0.1655202988598314, "c": 2, "n": 1}, "bulge": {"mu": [103.65111693739891, 102.58008301258087], "roll": 1.3654010645500516, "rEff": 8.282640933099472, "axRatio": 0.8242340112633613, "i0": 0.3794711651649233, "c": 2, "n": 0.9308060751385593}, "bar": {"mu": [110.69800965487954, 102.41992920637128], "roll": 1.39991293905664, "rEff": 25.262285940971708, "axRatio": 0.8555569361411952, "i0": 0.15190060792526805, "c": 2.5071220450255716, "n": 0.17648108162673448}}