{"spiral": [[[[51.617578125, 56.06015625], [51.498046875, 56.06015625], [51.498046875, 56.1796875], [51.498046875, 56.29921875], [51.498046875, 56.418749999999996], [51.378515625, 56.6578125], [51.258984375000004, 56.996484375], [51.258984375000004, 57.355078125], [51.159375000000004, 57.474609375], [51.159375000000004, 57.713671874999996], [51.159375000000004, 58.05234375], [50.68125, 58.410937499999996], [50.442187499999996, 58.530468750000004], [50.203125, 59.008593749999996], [49.983984375, 59.227734375000004], [49.505859375, 59.705859374999996], [49.505859375, 59.944921875], [49.386328125, 59.944921875], [49.386328125, 60.064453125]], {"i0": 0.9732968546609229, "spread": 4.347047294677075, "falloff": 3.9365907489895635}]], "disk": {"mu": [51.26894652843475, 49.980663657188416], "roll": 0.9934543001884739, "rEff": 19.37577300579126, "axRatio": 0.3761884626394569, "i0": 0.15277876760311737, "c": 2, "n": 1}, "bulge": {"mu": [51.908321499824524, 50.299402713775635], "roll": 1.0097229798081084, "rEff": 2.988185879754664, "axRatio": 0.4976636702082443, "i0": 0.0, "c": 2, "n": 0.284230431666347}, "bar": null}