{"disk": {"I": 0.0638893357792801, "Re": 23.943272182729714, "c": 2.0, "mux": 83.75586005672085, "muy": 80.76142129064999, "n": 1.0, "q": 0.7568587068517324, "roll": 0.8190078851079368}, "bulge": {"I": 0.16061225874600477, "Re": 17.376163996739965, "c": 2.0, "mux": 79.6230805679595, "muy": 79.77937134105116, "n": 1.0638780082734938, "q": 0.9125140046009772, "roll": 1.1051867494664664}, "bar": null, "spiral": []}