{"disk": {"I": 0.08954342610345334, "Re": 26.942617526764618, "c": 2.0, "mux": 101.46513750896429, "muy": 107.01159093906159, "n": 1.0, "q": 0.9910885509156625, "roll": 2.3256439256896266}, "bulge": {"I": 0.21362247140413457, "Re": 4.506642670330917, "c": 2.0, "mux": 102.10527757431555, "muy": 101.24594564843949, "n": 1.3913903953229372, "q": 0.5779908332845657, "roll": 1.365498957948554}, "bar": {"I": 0.09676494491277766, "Re": 10.443337985485426, "c": 2.2419387323004645, "mux": 102.26494409668294, "muy": 94.1990350708432, "n": 0.36191588832266325, "q": 0.9594176822658538, "roll": 1.400005944620191}, "spiral": []}