{"disk": {"mux": 40.47481204282184, "muy": 39.315158899477865, "roll": 3.033684573059466, "Re": 11.76329891206634, "q": 0.7971221654238722, "I": 0.1389312668282459, "n": 1.0, "c": 2.0}, "bulge": {"mux": 40.787566608131044, "muy": 38.06531057446455, "roll": 2.9395718444773737, "Re": 0.0, "q": 0.01, "I": 0.0, "n": 4.6809077609779655, "c": 2.0}, "bar": {"mux": 40.16243011725243, "muy": 38.846465592807476, "roll": 1.171072169846846, "Re": 0.8922928061182278, "q": 0.05112839800530954, "I": 10.096271174904798, "n": 8.476057521949247, "c": 3.691076002712447}, "spiral": []}