{"disk": {"I": 0.09290642146551824, "Re": 29.460746899761148, "c": 2.0, "mux": 88.27752280293902, "muy": 88.3670637569088, "n": 1.0, "q": 0.5833561472010891, "roll": 0.34973052497866663}, "bulge": {"I": 0.08180418142316324, "Re": 7.415441232346163, "c": 2.0, "mux": 88.14713280690096, "muy": 88.46651416006627, "n": 2.4046513252015274, "q": 0.5241098960608799, "roll": 0.8020980187662666}, "bar": {"I": 0.1938029819212132, "Re": 2.7773675785777607, "c": 2.216453920944248, "mux": 88.17401200809348, "muy": 74.10737364626792, "n": 0.4651824893847929, "q": 0.24030646972808117, "roll": 1.7252696640137866}, "spiral": [[[[104.71316566588462, 80.58452479423357], [104.95573229350612, 78.26835303563723], [105.23286480599882, 75.95218793723171], [105.47556697958316, 73.11745981143389], [105.4760368696293, 71.31979776258584], [105.47650675958516, 69.52213571431855], [105.47711219522262, 67.20591730659879], [105.4775820852617, 65.40825525941486], [105.23588294671094, 64.405666329306], [104.71760251407227, 63.61044664892242], [103.68076152736671, 63.09169043322578], [102.40195032417773, 62.60745801208441], [101.36518164565564, 61.81213841651146], [100.3283406839771, 61.293382213924815], [99.84461711649101, 60.53273963792003], [98.8077761658949, 60.01398344248216], [98.28942346628583, 59.49532717332909], [97.52917284356022, 58.73463131508231], [96.25050627821179, 57.69727215896896], [95.73215358807693, 57.17861589879416], [94.41884886624075, 56.417813476204515], [92.62155855939, 55.8989107634348], [90.82419598431534, 55.65657143417417], [89.5453306796935, 55.379761600970255], [88.26639309536245, 55.37951514468398], [87.2294166843119, 55.37931531539121], [86.22700616063003, 55.379122147341775], [85.43191863164657, 55.65553231668284], [84.9134304353845, 55.65543240141449], [84.3948789862784, 55.89732543619968], [83.9109566732377, 55.89723218145727], [69.49248553448956, 73.11052349099151]], {"I": 26.64467580488002, "falloff": 11.639056112012007, "spread": 3.392266723047615}]]}