{"disk": {"I": 0.047896220967636904, "Re": 50.7436046598524, "c": 2.0, "mux": 131.23464111495875, "muy": 133.25271495465904, "n": 1.0, "q": 0.694021562721863, "roll": 0.0671255760064751}, "bulge": {"I": 0.28603716947019375, "Re": 6.345013974162803, "c": 2.0, "mux": 141.54681383644206, "muy": 142.14208218504044, "n": 0.805990957203517, "q": 0.7442573682347451, "roll": 2.2014501865779397}, "bar": null, "spiral": []}