{"spiral": [], "disk": {"mu": [33.22083306312561, 32.69400906562805], "roll": 0.18717694800717727, "rEff": 23.580686396131295, "axRatio": 0.5639663030000712, "i0": 0.13554338214689576, "c": 2, "n": 1}, "bulge": {"mu": [34.81458306312561, 33.490886092185974], "roll": 0.0570807824062646, "rEff": 2.1959034871102254, "axRatio": 0.14191422338179593, "i0": 1.4754280288772614, "c": 2, "n": 0.43563266066813483}, "bar": null}