{"disk": {"I": 0.055982902828544436, "Re": 36.86974536022054, "c": 2.0, "mux": 132.7361254034497, "muy": 132.8725578941037, "n": 1.0, "q": 0.8549197058900112, "roll": 1.5708800766709872}, "bulge": {"I": 0.7285292321984295, "Re": 2.0421216338456447, "c": 2.0, "mux": 135.8997426180581, "muy": 133.92704824838887, "n": 3.792146106518264, "q": 0.07246110298557092, "roll": 0.18535177432783215}, "bar": {"I": 0.21160019153746149, "Re": 9.647871306927698, "c": 4.33079893957856, "mux": 136.16339210415742, "muy": 134.19067233357356, "n": 0.620589161874005, "q": 0.40334478655338973, "roll": 0.23145057901050547}, "spiral": [[[[133.26960243359383, 148.14632088163177], [133.26964659153623, 148.6735705943606], [133.79698974763323, 149.7280684953378], [134.32428874542416, 150.25531668196106], [134.85158774265528, 150.78256486820442], [135.90618573542872, 151.83706123896312], [136.4334405690305, 151.83705970724765], [136.43348473094034, 152.36430942368344], [136.96073956346868, 152.36430789091884], [137.48803855718893, 152.89155607405232], [138.01529338641546, 152.89155454024947], [138.54259237850044, 153.41880272195345], [138.54263654331874, 153.94605243852217], [139.5971903608514, 154.47329908346694], [140.12448935130283, 155.00054726347432], [140.1245335181228, 155.5277969812483], [140.651832508643, 156.05504516117546], [141.17913149861954, 156.58229334052263], [141.70638631907707, 156.5822918001871], [142.23368530742368, 157.1095399779086], [142.7609401249049, 157.10953843647252], [142.7609842952936, 157.6367881551475], [143.8154939254739, 157.6367850705582], [144.34274873780657, 157.6367835281678], [145.3973025304258, 158.1640301588778], [148.03362072389893, 158.69127215397555], [150.14277244516177, 160.27301510895123], [151.7245368169531, 160.2730104673655], [152.7790905718772, 160.800257081699], [153.833600137021, 160.800253985402], [154.36085491670565, 160.80025243737546], [155.415364470315, 160.8002493411128], [156.46987401599404, 160.8002462448853], [157.524383553892, 160.80024314882573], [158.57889308447102, 160.80024005269146], [160.16061317194158, 160.27298571323206], [161.2151226813919, 160.2729826189202], [162.2695879871411, 159.7457298347536], [162.79684273452574, 159.74572828851475], [163.8513522231782, 159.74572519616075], [165.96028277574908, 158.6912196496787], [166.4874933062863, 158.1639684277269], [168.0692132859192, 157.63671412429113], [168.5964238046679, 157.10946291084682], [169.12363432015138, 156.58221170064812], [170.17809954744234, 156.054958954518], [170.70535426092613, 156.05495741510367], [171.23252055650505, 155.0004565529788], [171.75973105600133, 154.47320535705782], [172.8141962550685, 153.94595262884783], [173.34145095588894, 153.94595109332155], [173.86857302087947, 152.36420060680913], [174.92299398295472, 151.30969825176808], [176.50462540142985, 149.72794474380754], [177.55909054698475, 149.20069205451625], [177.55900211433357, 148.1461927910772], [177.5589578979659, 147.61894316139737], [178.08612413922663, 146.56444238427522], [178.61320194015275, 144.4554423766441], [178.61306928703732, 142.87369352692463], [178.6129366341214, 141.29194468978892], [179.14010286013558, 140.2374439617883], [179.140058641853, 139.7101943559714], [179.66722486237938, 138.65569364098698], [179.66718064324618, 138.12844404030298], [179.66713642436923, 137.60119444086595], [180.72151306918624, 136.01944264607573], [180.72133618735563, 133.91044428741333], [180.7212919667394, 133.38319470112117], [180.7212477463064, 132.85594511625735], [180.72120352588058, 132.3286955328725], [180.72111508503804, 131.2741963700941], [180.72102664385886, 130.21969721308662], [180.72098242342668, 129.69244763663698], [180.72093820293878, 129.1651980614742], [180.7208939825341, 128.6379484879382], [180.7208497620452, 128.11069891569588], [180.72080554162676, 127.58344934469858], [180.72076132106076, 127.0561997751974], [180.72071710041996, 126.52895020713095], [180.7206728801931, 126.00170064031323], [180.72058443910748, 124.9472015112753], [180.7205402185582, 124.41995194865046], [180.19324136403577, 123.89270386773353], [179.66598672776865, 123.89270534825118], [179.13873209001326, 123.89270682861599]], {"I": 0.011257848905574115, "falloff": 0.02417713929650799, "spread": 9.802163769305443}], [[[139.59401039776787, 116.51132309070772], [139.5939662315277, 115.98407347507805], [139.5939220653661, 115.45682386058752], [139.5938778991033, 114.92957424768383], [139.5938337331088, 114.40232463632435], [139.59378956703733, 113.87507502614278], [139.5937454006679, 113.34782541731914], [139.59370123458086, 112.82057581007149], [139.06640229876848, 112.29332766321619], [138.5391475269771, 112.29332912228267], [138.01184858926558, 111.76608097379722], [137.48454965111557, 111.23883282489834], [136.95729487484732, 111.23883428202703], [136.95725071259096, 110.71158467558882], [136.4299959349854, 110.71158613184099], [135.9027411555984, 110.71158758787283], [135.90269699449345, 110.18433798089359], [135.37539805358756, 109.65708982932267], [134.84809911166622, 109.12984167719844], [134.8480549519063, 108.60259207212891], [134.32075601034796, 108.07534392010302], [133.79350122684286, 108.07534537129885], [133.7934570683551, 107.54809576740143], [133.2662022835175, 107.54809721774183], [132.73890333981785, 107.02084906355236], [132.2116485517446, 107.02085051284621], [131.68434960619606, 106.49360235696025], [131.15709481511556, 106.49360380574944], [130.62979586777783, 105.96635564838772], [130.1025410734661, 105.96635709587196], [129.57528627707427, 105.96635854316509], [129.04794317438189, 104.91186077781413], [128.5205559212327, 103.33011341143299], [127.9933011226118, 103.33011485398345], [127.46604632191531, 103.33011629650525], [126.41153671540917, 103.33011918188413], [125.35702710067721, 103.33012206710822], [124.302517478445, 103.33012495248767], [123.77526266461757, 103.33012639513316], [123.24796370386309, 102.80287822671227], [121.13894442352444, 102.80288399356829], [120.08443477168089, 102.80288687682577], [117.97537130708781, 102.27564302446922], [116.39360679363813, 102.27564734664355], [115.33909710829562, 102.27565022808187], [113.75733256573517, 102.27565454997671], [111.64826901974061, 101.74841068357307], [110.59375930097644, 101.74841356305211], [110.06650443879812, 101.74841500270611], [108.48473983998565, 101.7484193220044], [106.902975224319, 101.7484236411861], [105.84846547087625, 101.74842652092383], [104.79395570959468, 101.74842940013889], [103.73944594043746, 101.74843227962964], [102.68498028100282, 102.2756848049367], [102.15772538905378, 102.27568624594022], [101.63051461106909, 102.80293733543368], [101.10325971460634, 102.80293877732328], [100.57600481604561, 102.8029402188219], [100.0487940295152, 103.33019131392587], [98.46716164983195, 104.9119446192355], [96.88548513061801, 105.96644828704609], [95.83110761731291, 107.54820019495133], [94.24951926410608, 109.65720326099529], [92.66788677286354, 111.23895668331403], [92.66797498099527, 112.293456063181], [92.14076414268334, 112.82070721536758], [92.14089645322474, 114.40245630292264], [91.61377381455941, 115.98420686880303], [91.61386201987466, 117.03870627765156], [91.61395022563511, 118.09320569221399], [91.08678347625255, 119.14770658384583], [90.55957262062475, 119.67495776971981]], {"I": 0.016044102594714813, "falloff": 0.407318760028284, "spread": 0.9466757241260307}]]}