,mux,muy,Re,q,I,roll,bulge_dx,bulge_dy,bulge_scale,bulge_q,bulge_roll,bulge_frac,bulge_n,chisq
Gradient Descent,30.00124682508135,35.2365388669325,19.808160705423315,0.318886341812872,0.04814472274222879,-0.5399301859309668,8.534218381615961,1.7397016702757737,0.27269472113244025,1.6718302377589118,0.6121622916944286,0.2970603919233972,0.7811796994928968,3.2201036356140813
Basinhopping,27.810912850744227,32.496476808059555,12.661946938036182,0.4025078057253305,0.07107658440691224,-0.43374843514871675,10.970444772605802,4.84849018479914,0.6986701742308712,0.6448081885064516,5.410698299669467,0.6566201787311738,0.8396253633051945,2.822140970697587
