,mux,muy,Re,q,I,roll,bulge_dx,bulge_dy,bulge_scale,bulge_q,bulge_roll,bulge_frac,bulge_n,chisq
Gradient Descent,117.11050752916535,118.96571039626123,16.93587407858078,2.5608201877146017,0.08642924449085736,0.6663826456450919,0.21523564450957552,-0.5132649861016959,0.14662538809595646,1.6245462058786966,-0.7522599312126661,0.07084425561374728,0.9647323441970872,1.090846481022993
Basinhopping,117.1399296512313,118.98321359625278,16.924008631144577,2.5629270309907928,0.08641827220172502,0.6663340599979122,0.17565314864633919,-0.5409154158498093,0.14709043506067973,1.6301419343976449,-0.7527971485245727,0.07106019815522786,0.9938768464891633,1.0908453977602235
