,mux,muy,Re,q,I,roll,bulge_dx,bulge_dy,bulge_scale,bulge_q,bulge_roll,bulge_frac,bulge_n,chisq
Gradient Descent,77.3767472724993,77.14054082021147,17.84414306225229,1.461979746027905,0.12601881248968927,0.08291084625297622,-0.13050886099068412,0.9694396286464346,0.5718710195023493,0.4,0.7614046785678887,0.22099358312322337,1.4534909902736715,1.3122255290360445
Basinhopping,77.380245866871,77.13912815724716,17.84469830785599,1.461953441322688,0.12600883264714116,-3.058505022461782,-0.14213279256189987,0.9746609748810837,0.5720875224723373,0.4,0.7614154660463922,0.22110261475224083,1.4539469366257047,1.3122254571460423
