,mux,muy,Re,q,I,roll,bulge_dx,bulge_dy,bulge_scale,bulge_q,bulge_roll,bulge_frac,bulge_n,chisq
Gradient Descent,49.19497235644159,48.54519752462687,14.443687288588533,0.9278840197453809,0.19237062495241516,-0.8022164441874496,-0.39408916903659985,-2.5721426776175558,0.06974686858124704,0.7160925190651166,-0.24860283470915648,0.0,2.3488034221396092,1.7455912793794075
Basinhopping,49.194972351328154,48.545197521334664,14.443687282144207,0.9278839754756614,0.19237057126137075,-0.8022164459386253,-0.39408916903659985,-2.5721426776175558,0.06974686858124704,0.7160925190651166,-0.24860283470915648,0.0,2.3488034221396092,1.7455912793780868
