,mux,muy,Re,q,I,roll,bulge_dx,bulge_dy,bulge_scale,bulge_q,bulge_roll,bulge_frac,bulge_n,chisq
Gradient Descent,66.2417302526001,66.0561884150647,19.15654351446223,0.2,0.00311925406883055,0.5368768287914464,-0.3366783198485952,-0.3344096917895654,1.0,0.7691040013693723,-0.20843049777720327,0.95,3.5544708670481784,1.386753919519904
Basinhopping,66.19662314931546,65.84305418360015,19.312219217090515,1.982143771652117,0.0030251508835306335,0.5440393805522753,-0.2901889755058062,-0.11200892466399068,0.8504957101776374,0.7381503017276586,-0.06868838723356782,0.945010936744371,3.448066758857469,1.3679964750541864
