,mux,muy,Re,q,I,roll,bulge_dx,bulge_dy,bulge_scale,bulge_q,bulge_roll,bulge_frac,bulge_n,chisq
Gradient Descent,58.00933036357555,57.78667859921064,19.813057507400597,1.0505969103176698,0.023073531217894825,-0.16390804228727202,-0.009330363477945287,-0.1866786041375563,0.16288024005291082,2.5,-0.4984712689415657,0.15617716568398501,2.311464322593622,1.8069959252107684
Basinhopping,58.11797423991861,57.6975081984309,16.508397887819267,1.1727549770492498,0.029141199121141218,-0.18578911417892652,-0.11797424004310139,-0.09750820320262442,0.21491381964435424,2.5,-0.4975279182518348,0.16383376358653398,3.3753415523093464,1.726006865301315
