,mux,muy,Re,q,I,roll,bulge_dx,bulge_dy,bulge_scale,bulge_q,bulge_roll,bulge_frac,bulge_n,chisq
Gradient Descent,63.512875195914354,62.95564836461593,19.721048049374456,0.7728646649982067,0.07643580268664439,-0.7590038930014027,0.01561334214897075,-0.29160805152883523,0.029849630500524766,1.040713118339831,0.0023683311580132743,0.030113735867684562,2.06125446397391,1.3315290976643201
Basinhopping,63.47214254142881,62.63354645434627,19.184741794421576,0.7957296471733007,0.07589744942782271,-0.7590911199126932,0.007183986890431947,0.19176325163956928,0.040128740357571004,2.5,-0.51268736882975,0.01918476208335467,3.6919138497814785,1.283951366967637
