,mux,muy,Re,q,I,roll,bulge_dx,bulge_dy,bulge_scale,bulge_q,bulge_roll,bulge_frac,bulge_n,chisq
Gradient Descent,61.99298581102453,62.14410503975149,19.592253700929394,2.001934313160576,0.0019191729402120372,0.059217849033920245,-0.2825834311854901,-0.11329791604190576,0.5572677780149553,1.7758696402707446,-0.3856712896647117,0.95,1.118010123206036,1.9736072335091595
Basinhopping,61.62487029407423,62.005692378960504,20.462943273229893,0.5655088699956616,0.10765422055941348,-1.9351621115127884,0.31388328450108394,0.0498289893738473,0.05900746057319045,0.4,1.3054469456236313,0.037455903663102454,0.6,1.667229809638773
