,mux,muy,Re,q,I,roll,bulge_dx,bulge_dy,bulge_scale,bulge_q,bulge_roll,bulge_frac,bulge_n,chisq
Gradient Descent,88.31990868660573,88.12806022553302,28.459460038772878,0.5839082042872185,0.10303676068592357,0.37626836508466044,-0.10037579627551872,0.3580923865148583,0.11281708615064383,0.7102666389046872,0.32298046204022035,0.029144130917911033,0.6,2.005792053628034
Basinhopping,88.30619320272746,88.1199546469179,28.48985353954634,0.5834395293428246,0.1029056949240336,0.3761133452579709,-0.06502727723005444,0.3708421676646209,0.11323587284168378,0.7077524157790555,0.32025464175476565,0.02934088578150355,0.6,2.0057815665286207
