,mux,muy,Re,q,I,roll,bulge_dx,bulge_dy,bulge_scale,bulge_q,bulge_roll,bulge_frac,bulge_n,chisq
Gradient Descent,74.44697400315908,74.64680767090715,16.473774616212253,1.201534108806865,0.09886247324637656,-0.10278587150949015,0.06249138834195379,-0.09634890621388188,0.09475088643473142,1.2487187076498631,-0.46457584963524795,0.041297920772783984,1.0121207142260125,1.1549240525085664
Basinhopping,74.44697398988063,74.64680763794054,16.473774655962607,1.201534237051908,0.09886398188957433,-0.10278586084932284,0.062491376984710155,-0.0963489313426335,0.09475093116662961,1.2487186617278347,-0.46457585817018254,0.041298059014921625,1.012120720329681,1.154924050983423
