,mux,muy,Re,q,I,roll,bulge_dx,bulge_dy,bulge_scale,bulge_q,bulge_roll,bulge_frac,bulge_n,chisq
Gradient Descent,52.24043575399792,52.180351511948174,19.648636038378243,1.2668019484760642,0.014682181854610546,-0.21694995354035757,0.7619807001231842,0.6917230153489283,0.895576183286931,0.5354706341103828,-0.05262604624975748,0.5615660156951815,2.0846153400874776,25.70245921099368
Basinhopping,50.721319439588825,50.69895779188762,21.18554878557644,0.5666709299971572,0.023684628767015704,-1.272916437320778,-0.11626018364477037,0.29119638194057423,0.10985638150271713,1.7399812262511758,-0.2937884454220619,0.15864193099696833,3.0253485236830975,1.3381223003208524
