,mux,muy,Re,q,I,roll,bulge_dx,bulge_dy,bulge_scale,bulge_q,bulge_roll,bulge_frac,bulge_n,chisq
Gradient Descent,54.06697917894811,53.631486900603136,19.694165300216003,1.7139421868906035,0.001729051216474366,-0.3556469082364382,0.087899856575763,-0.2584306014511678,0.4786455634855561,1.7145280504829954,-0.19190126368374516,0.9499876728696801,0.6719058010460195,2.9321580652318513
Basinhopping,58.70787688631555,56.539073984950065,16.10120917651144,0.34126971905020315,0.008505050167457678,-20.868153927261574,-4.788762288699307,-3.334129742672601,0.5987161299819804,1.7051903815335023,9.23399859813718,0.8541279532972645,0.6968615770120574,2.922185434633238
