,mux,muy,Re,q,I,roll,bulge_dx,bulge_dy,bulge_scale,bulge_q,bulge_roll,bulge_frac,bulge_n,chisq
Gradient Descent,63.29332396351627,63.813063340649805,19.92047431581953,1.240973523399425,0.019816216874413668,0.05155419982183762,-0.5880230215763393,-0.17257704192756276,0.41285213604526705,0.7435495983039849,0.1503257789440189,0.5026872337706744,2.0839777081955697,2.197767001566643
Basinhopping,62.78968818986351,64.44899020907168,14.498858020744615,1.3958924167177043,0.03612569667342333,-0.06377306343307028,0.010311808959186462,-0.6489902099001051,0.6118089687003361,0.4,0.5549844759476799,0.5733412237652513,3.3320184152935526,1.6039407325964925
