,mux,muy,Re,q,I,roll,bulge_dx,bulge_dy,bulge_scale,bulge_q,bulge_roll,bulge_frac,bulge_n,chisq
Gradient Descent,115.83134732156577,116.88569890989304,24.367377946152363,1.265659729981989,0.08896850302588213,0.19073066644811668,0.542421794644753,-0.6003732258020633,0.10446616061154292,0.722517389303286,-0.511448149738621,0.03984960224614001,0.6,1.042503185706345
Basinhopping,115.80555177673018,116.86979135760586,24.33642355764067,1.266643977216762,0.08906238623772743,0.19069200490430152,0.5858588333830868,-0.5706925408981527,0.1047342632075083,0.719223315545561,-0.5061143301095317,0.04000528658143402,0.6,1.0425020683560389
