,mux,muy,Re,q,I,roll,bulge_dx,bulge_dy,bulge_scale,bulge_q,bulge_roll,bulge_frac,bulge_n,chisq
Gradient Descent,130.2003041265896,131.53522870051629,36.677752178546314,1.4669988984751767,0.04479694804550945,1.6257821363938063,11.153469692695863,10.567584985256186,0.18181554446561934,0.7694633133924188,-0.8683308128702747,0.15834730023654506,0.8919239254016692,1.8374114840858475
Basinhopping,131.11911352595578,133.36977386281205,35.61143996570693,1.4558575699343608,0.047156149040281786,4.76062021047902,10.320999007008785,8.698917948736634,0.1742883865253549,0.753012869310057,-0.9175358762328083,0.1472350410531214,0.821649976677231,1.8340837382134434
