,mux,muy,Re,q,I,roll,bulge_dx,bulge_dy,bulge_scale,bulge_q,bulge_roll,bulge_frac,bulge_n,chisq
Gradient Descent,90.07431696062027,89.06365530913992,25.308237255636165,1.5284099800841804,0.07421217722337668,-0.7520246102778587,-1.135141193948464,0.08140898910570975,1.0,0.4194678792598686,-0.46613191438055246,0.367317874675181,2.8758480159180704,1.2038556768947262
Basinhopping,90.08412695499125,89.03819882930291,25.330503418446273,1.5287103252839886,0.07403106323482456,-0.7510954620461626,-1.1438994614452938,0.11895409060275611,1.0,0.42144617049089467,-0.4649489990493319,0.36802355091134925,2.867150156014154,1.2038546759394526
