,mux,muy,Re,q,I,roll,bulge_dx,bulge_dy,bulge_scale,bulge_q,bulge_roll,bulge_frac,bulge_n,chisq
Gradient Descent,57.84452735898429,57.78216139412608,18.76560071889954,0.829628827417862,0.11737973193952798,0.09947336793772682,0.12701624406841874,-0.11388589483237632,0.03908037127170152,0.6620180215663712,-0.28921101484466005,0.02239698776892789,2.2291358888000583,2.297029257838775
Basinhopping,57.818506826361954,57.56458647958591,16.730862436245,0.8597976064018973,0.13270525333054561,0.11772720537832596,-0.18000999010854107,0.15971406703288776,0.029359032805122295,0.4,-0.2485845171161476,0.029918605814582427,2.9366655770232515,2.242331459020636
