,mux,muy,Re,q,I,roll,bulge_dx,bulge_dy,bulge_scale,bulge_q,bulge_roll,bulge_frac,bulge_n,chisq
Gradient Descent,111.63789864100428,112.03729275855925,23.619971029149607,1.5135130424777568,0.04813456026986159,0.2095049346939287,0.2424949683817705,0.4738758172048501,0.13496868692361477,2.2119523385064945,-0.508043645396449,0.057398743372772926,1.349902027358494,1.4864881426772376
Basinhopping,111.59860600603935,112.0414621257353,23.663762336133107,1.5145150909806437,0.0479089151596489,0.20946092367003935,0.291679820912866,0.462143734324958,0.1373754926552526,2.186321500994227,-0.5106664422618895,0.05887617380742799,1.3734698364447802,1.4864755611975797
