,mux,muy,Re,q,I,roll,bulge_dx,bulge_dy,bulge_scale,bulge_q,bulge_roll,bulge_frac,bulge_n,chisq
Gradient Descent,39.350517722277424,39.881309949904605,19.831259329203423,0.5882535393323701,0.0026298867684412825,-0.024462539907284777,-0.36179432486172564,-0.0998852882087428,0.539329564446689,0.8191123511248992,-0.08736791864790042,0.9499897081359513,1.2826293982461296,1.6622674090578105
Basinhopping,38.77708082502302,39.69334224470803,12.087848438579208,0.7734697096102169,0.1359870294894585,-0.1919901757770103,0.6229288062413663,0.10665229093214203,0.22205907323706242,0.4,0.9302355726845482,0.12059720652484733,3.1095165744471736,1.3917048688556886
