,mux,muy,Re,q,I,roll,bulge_dx,bulge_dy,bulge_scale,bulge_q,bulge_roll,bulge_frac,bulge_n,chisq
Gradient Descent,92.42415895606138,91.93129648718596,19.42400095296078,1.4616769989695717,0.08922183487108,0.12189849974361146,-0.015106474951758406,-0.5291217672999547,0.048062420998872715,0.966770522708878,-7.274699681293936e-05,0.015015012525459217,2.1878413474543956,1.1823983625451362
Basinhopping,90.84568718757492,91.63215668724503,20.254428369847293,1.455270897251939,0.08242446330394669,0.15251516065953327,1.7265203133557578,-0.006368266702246109,0.024360808848671936,2.5,0.19842558602925559,0.009422685822054093,0.6,1.1488516669694127
