,mux,muy,Re,q,I,roll,bulge_dx,bulge_dy,bulge_scale,bulge_q,bulge_roll,bulge_frac,bulge_n,chisq
Gradient Descent,97.62854395801813,99.21457344621555,25.68918787513703,1.3144260053736416,0.07152248427044401,1.260954483764246,-0.5309618142005306,0.7468245491974519,0.1357096813872652,2.5,-0.21243528145935606,0.05242852503847933,0.813055166035959,1.190435952117715
Basinhopping,97.66265844732375,99.171248369577,25.591530655835093,1.3176811374072017,0.07175263849160246,4.401324492860751,-0.6124085161808442,0.8067722832482016,0.13629194938015757,2.5,2.9290312348190977,0.05258096862972437,0.8154930532144326,1.1904144069175784
