,mux,muy,Re,q,I,roll,bulge_dx,bulge_dy,bulge_scale,bulge_q,bulge_roll,bulge_frac,bulge_n,chisq
Gradient Descent,107.05163037635415,107.30444613283386,28.610122371880276,1.0322914815393545,0.09315357695515895,1.741650928864929,0.6615775512724248,-0.2716598065351379,0.13855237549604504,0.5712753710890076,-0.3161370782562432,0.0470357791693999,0.8524926050731485,2.0605928268574405
Basinhopping,107.0638749289254,107.28702464267064,28.626446126780326,1.031854718590392,0.09310289407011943,1.7404977296723496,0.6457945987760941,-0.24615052401834076,0.13874147158775035,0.5711516087541592,-0.31560382621847044,0.047147396207758714,0.8627648615952294,2.060589518245156
