,mux,muy,Re,q,I,roll,bulge_dx,bulge_dy,bulge_scale,bulge_q,bulge_roll,bulge_frac,bulge_n,chisq
Gradient Descent,111.13496904436128,110.34939469802876,27.162387504266473,1.0628359547422572,0.07923669803897797,-0.5218708823902857,1.185059323911942,2.2004842594823373,0.18335351288532076,0.6909930617577948,0.2165874726489433,0.0952972008054526,0.9572234464122779,1.2226417096771727
Basinhopping,111.1741649568973,110.31431147345533,27.20118818918768,1.0620035479705698,0.0790920795701725,-0.5110148646410402,1.1414532678526255,2.242180457413741,0.18373380336956627,0.6908160542747799,0.21761859148820123,0.09564198152811634,0.9614220659598177,1.22263830381645
