,mux,muy,Re,q,I,roll,bulge_dx,bulge_dy,bulge_scale,bulge_q,bulge_roll,bulge_frac,bulge_n,chisq
Gradient Descent,77.92549562924114,78.43744949045252,24.73010913786426,0.5284465277039498,0.08816671710909592,-0.8318634733827523,0.3750690280054028,0.4725734507120945,0.21395504079874184,0.6075455115477253,-0.8003696416473596,0.09782937563198887,1.3076093364924606,1.0418675270576823
Basinhopping,77.91552394706441,78.42033824846361,24.586404730320545,0.5291171940810656,0.08932468268020453,-0.8318987014546939,0.39138875605592705,0.5034613000042957,0.2090198863149842,0.6092231026069377,-0.7993548374426527,0.09433460530528077,1.2757960046808292,1.041861897886938
