,mux,muy,Re,q,I,roll,bulge_dx,bulge_dy,bulge_scale,bulge_q,bulge_roll,bulge_frac,bulge_n,chisq
Gradient Descent,30.703223368265824,30.546696600570566,19.915008462702207,0.2,0.001758840742621999,-0.7764411160078261,-0.2366658029810707,-0.43825842473434035,0.42200027314439864,0.7523872153150407,-0.519920864346938,0.95,1.1483137756282613,2.493579896873524
Basinhopping,30.871830856080887,30.160952085026057,7.8861772633452905,0.7159996966434549,0.19933745427348581,-0.4307741172805155,-8.338731125962559,-1.0283412722446772,0.9016391044398679,2.5,1.4251773708820994,0.04023912684613765,3.580927157517582,2.2163647107060678
