,mux,muy,Re,q,I,roll,bulge_dx,bulge_dy,bulge_scale,bulge_q,bulge_roll,bulge_frac,bulge_n,chisq
Gradient Descent,43.44881949380607,43.04025967855724,19.26547586273205,1.0924983650709694,0.009131346645047686,0.6948614762389312,-0.04881949792628894,-0.04025967926367259,0.1718481568753614,1.452885172501577,-0.04018126436852653,0.3995225347657539,2.711380948042985,4.1739287876523345
Basinhopping,43.0720804247946,42.39306620341285,17.71447465005526,1.8643980018579693,0.0036859906931798418,0.2571856109749529,0.3279195722029039,0.6069337924753443,0.659146649193956,0.5497630788279719,1.4633212340097355,0.8936281999902622,3.9761969695708097,3.574880272053768
