,mux,muy,Re,q,I,roll,bulge_dx,bulge_dy,bulge_scale,bulge_q,bulge_roll,bulge_frac,bulge_n,chisq
Gradient Descent,63.86487474907914,63.497145624317795,12.078825156741306,0.431385536989824,0.1415134799245886,-0.2714187326065011,0.2722189459853525,0.2048135344909785,1.0,1.8333106520284936,-0.35655973150118087,0.42896069063135883,0.6,1.7755128810097336
Basinhopping,63.865237992422045,63.49929967681118,12.077822862303286,0.4314608379005743,0.1415324390678656,-0.2714402543847942,0.2750731921192273,0.20173770193470708,1.0,1.8335781679308958,-0.356586304915231,0.42891902329679776,0.6,1.7755124654638932
