,mux,muy,Re,q,I,roll,bulge_dx,bulge_dy,bulge_scale,bulge_q,bulge_roll,bulge_frac,bulge_n,chisq
Gradient Descent,43.400089341783335,43.33379767399009,19.759943908809547,0.8322794500374067,0.016099565994754997,1.6782348774059122,-0.06521536311309324,-0.08478798198463212,0.5412456959671633,0.6130850824878084,0.4972137448592047,0.7900069342079798,1.176726206989021,1.5392311997201504
Basinhopping,43.783953452430815,42.471432601774914,12.799065864886774,0.8287660517527538,0.10029315843152964,3.341190150967152,-0.9632030134610602,1.5989408321076581,0.6858897844054558,0.4,0.6224380358075527,0.45373796606846867,1.3569244764594943,1.3547027404758
