,mux,muy,Re,q,I,roll,bulge_dx,bulge_dy,bulge_scale,bulge_q,bulge_roll,bulge_frac,bulge_n,chisq
Gradient Descent,69.12611243919756,70.64406594113348,19.97366214405727,1.6601480338142378,0.017737390400665264,1.2336103453523584,0.47388755846848685,-0.24406594767867992,0.7081497024289365,0.4,-0.21902415903981895,0.7512155899782631,2.573469389175235,2.6662604395827767
Basinhopping,69.64200464848201,71.74920217973141,19.826723437813,1.5855870624915853,0.016227884644421525,1.2348290346816346,-0.042004635493694514,-1.349202133106863,1.0,0.4,-0.2205491660745866,0.8110987513369874,3.2411880870655434,2.615541769402989
