,mux,muy,Re,q,I,roll,bulge_dx,bulge_dy,bulge_scale,bulge_q,bulge_roll,bulge_frac,bulge_n,chisq
Gradient Descent,67.86774832642796,69.15499084909739,19.391436120839426,0.9722854815093036,0.024310829623127007,0.048128517449726745,-0.40945722279727564,-0.2686653372046725,0.6723261300188175,1.284457366793945,0.23517805911010897,0.7442270897398325,1.0818705472457628,1.1410401898704594
Basinhopping,67.43798615283337,68.01390663797858,17.743065474280506,0.2,0.029905556147398656,-1.9445874895661814,0.10495020285971421,1.0788021112210553,0.7947915304379422,1.2299717253845353,16.107417994263407,0.7787824738298263,1.0176509516739267,1.1373646775216886
