,mux,muy,Re,q,I,roll,bulge_dx,bulge_dy,bulge_scale,bulge_q,bulge_roll,bulge_frac,bulge_n,chisq
Gradient Descent,97.94228337734212,98.08156202583109,20.221373801287346,1.1244408059263455,0.13138210408010476,0.20500844728155015,-0.006947210052947253,0.052307431255693385,0.01806799459620548,0.9870491804086735,0.00022370629869354066,0.009262053847281758,2.0001968805684034,1.889089026615588
Basinhopping,97.31670435379077,98.19788186463319,28.536364751080292,0.885906294825443,0.10111301877445736,-0.2180259937404927,0.9392109803096007,0.0008960491638114431,0.10063984541237699,0.4,-0.8579340878535826,0.03460706602589418,1.7597902331717636,1.5085089198838129
