,mux,muy,Re,q,I,roll,bulge_dx,bulge_dy,bulge_scale,bulge_q,bulge_roll,bulge_frac,bulge_n,chisq
Gradient Descent,76.44707106494788,76.26480492993204,19.175397029994848,1.1434054562015221,0.17246010521291513,-0.08036501469967809,0.23078775177290264,0.25669846551402875,0.0007617180651640473,0.9979195171275108,-0.003022791372384946,0.08375271672231298,1.962817915875826,1.0154091392692886
Basinhopping,76.8001201558536,76.83667542502664,18.908707365771658,0.7730809226673381,0.10938240410173544,-2.0240641268209156,-1.0860966164139987,-1.656528189435319,1.0,1.1921386063519006,0.40084384112379134,0.4469775270294492,0.6,1.0063999023361074
