,mux,muy,Re,q,I,roll,bulge_dx,bulge_dy,bulge_scale,bulge_q,bulge_roll,bulge_frac,bulge_n,chisq
Gradient Descent,128.94962401472674,129.0064126949051,20.044121206478792,1.0166139340887737,0.10409188528514364,-0.10210696557172301,-0.010362399432914808,0.006762525907349468,0.08721216185158748,0.8858630973356388,-0.0037881298030578324,0.022858336562983337,2.0103661889965343,1.73117837686669
Basinhopping,128.32002898265466,130.2153830495551,28.374747790500734,1.4196640629891961,0.05568995551948083,-1.8551840256686087,-0.042406268035709134,-2.197275974838706,0.2043405919556903,0.4,-0.21543857014022577,0.19918518302044383,0.7133704275070757,1.2707039443119614
