,mux,muy,Re,q,I,roll,bulge_dx,bulge_dy,bulge_scale,bulge_q,bulge_roll,bulge_frac,bulge_n,chisq
Gradient Descent,86.27035170488945,84.23302623947359,19.641996632491143,2.9262791037505296,0.009817452618618062,-0.19887503845701984,0.27004845086545815,1.9292187595734143,0.4866005563087535,1.7031377053825394,-0.47090565136800544,0.7311571661280568,2.160925210847473,1.2801347502683045
Basinhopping,86.27035171296215,84.23302624082615,19.641996624209952,2.926279110882485,0.009817500175965126,-0.1988750334308012,0.27004845681467277,1.9292187609586242,0.48660052953957866,1.7031377377022907,-0.4709056714313552,0.7311571701923321,2.1609252053326937,1.2801347500470204
