,mux,muy,Re,q,I,roll,bulge_scale,bulge_q,bulge_roll,bulge_frac,chisq
Gradient Descent,78.17374534350681,78.73556541938714,24.079634075938603,0.5300888494785805,0.09436199451447223,-0.8307416147181952,0.18406118149555628,0.6191426449961559,-0.7949928318181535,0.07771315524039743,1.0431961699402637
Basinhopping,78.17464808672624,78.73650629223364,24.08138241180185,0.5300392793845651,0.09436118355358189,-0.8307596152549229,0.18395528418231666,0.6194323260883275,-0.7945202716560567,0.07765867206465378,1.043196117913106
