,mux,muy,Re,q,I,roll,bulge_dx,bulge_dy,bulge_scale,bulge_q,bulge_roll,bulge_frac,bulge_n,chisq
Gradient Descent,47.92736190983283,47.57994327468407,20.10645659806508,1.2919381452562226,0.001729702658275319,0.020132144694244472,-0.07481682409567056,-0.43718741469177363,0.5060593803352866,1.1400699174740763,-0.05991705874940316,0.95,1.4942122031941654,1.7433598891509225
Basinhopping,48.09592869502669,47.066972610373,10.450591847199206,1.286646119995542,0.09658869471376832,0.17431192618515357,-0.4959286922800451,0.33302738772866963,0.18166306283835232,2.5,-1.1214746008616474,0.0639753200409394,2.6673394409162796,1.3454167896285705
