,mux,muy,Re,q,I,roll,bulge_dx,bulge_dy,bulge_scale,bulge_q,bulge_roll,bulge_frac,bulge_n,chisq
Gradient Descent,37.720879727679076,39.369741169971455,23.560343082912826,0.4459149544243833,0.010253586987182588,-1.0574332314833894,12.704296780383157,10.863684115711859,0.5274793085121308,0.4,-0.42084035076790943,0.8237623862614771,1.6225191623202735,1.3740864578182674
Basinhopping,34.73798953404264,38.143675921225274,12.55626661141382,0.5703423857121277,0.015650780555077064,-1.993662836324782,15.659172853178998,12.046942040246469,1.0,0.41406527250766106,-0.4359769932853819,0.9172869129697924,1.599276745238979,1.3045968389222498
