,mux,muy,Re,q,I,roll,bulge_dx,bulge_dy,bulge_scale,bulge_q,bulge_roll,bulge_frac,bulge_n,chisq
Gradient Descent,62.44236253900289,62.09370291902274,19.70983656176003,1.1567697042718712,0.002172036018398679,-0.16366304719555877,-0.0423607751502433,-0.29369992527098937,0.5428067752463847,1.7196962855385005,-0.32169569163758893,0.9499762192349377,1.640058381840108,1.1554543745440609
Basinhopping,62.49446598315966,61.41456008965428,19.306278067215334,0.5908993742516301,0.11018874261471065,1.1806980373037237,-0.20868802881666487,0.7861224551373648,0.09846213020938634,2.5,0.006837569465378243,0.024526544511699614,0.8759341110086594,1.0351851682514661
