,mux,muy,Re,q,I,roll,bulge_dx,bulge_dy,bulge_scale,bulge_q,bulge_roll,bulge_frac,bulge_n,chisq
Gradient Descent,69.60229769201612,70.92145892979543,25.29447937768596,0.42315718866535484,0.08639146274196896,-0.2718263572365164,-1.3748824482042625,-2.438755969970195,0.2574245552617226,0.7389796981131546,0.07020322270575148,0.11824352278359404,1.122838842993478,1.0921364485246676
Basinhopping,69.5950281642531,70.9182064682702,25.30829399970374,0.42293178266026504,0.08635786722680609,-3.4133183717354814,-1.3653452982764598,-2.4373495587454905,0.19030831136328738,1.3518644955447727,1.6409560093539646,0.06828151374689656,1.1235337605880655,1.092135182052532
