,mux,muy,Re,q,I,roll,bulge_dx,bulge_dy,bulge_scale,bulge_q,bulge_roll,bulge_frac,bulge_n,chisq
Gradient Descent,88.29460147617318,90.43049465721676,31.542697427113787,0.5793727594044711,0.07129896971428817,0.7618192266029573,0.7872240967825014,-0.9817002731553905,0.4298181399134,0.4,0.39847708074437055,0.22370126342433147,1.7616173422273256,1.4844647224343481
Basinhopping,88.32087236033338,90.39216873837967,31.455959133345374,0.5799277903010441,0.07158822450337302,0.7609996810264019,0.7546123522201216,-0.9296472855194702,0.43242155913232827,0.4,0.3990116050337014,0.2236080048038252,1.7750875031247373,1.4844586836562261
