,mux,muy,Re,q,I,roll,bulge_dx,bulge_dy,bulge_scale,bulge_q,bulge_roll,bulge_frac,bulge_n,chisq
Gradient Descent,49.61888264372213,50.05036857455526,19.488204206946982,2.1674932110925296,0.0016251784024307958,-0.9816486623831011,-0.28937131078127704,-0.03458075755349515,0.4129548333074537,1.9201838325750746,0.4178046954702559,0.9394071913713923,0.9642537802810439,2.358711558160241
Basinhopping,49.2826891361224,49.82590763270602,16.637496832712316,0.5357593505328969,0.1281266637547082,1.9579022705617712,0.2806819428168052,1.3537727266232198,0.08323257470405346,1.6951932270202457,0.9462240643990248,0.010677625894279591,3.2522227598593956,2.1970548745062732
