,mux,muy,Re,q,I,roll,bulge_dx,bulge_dy,bulge_scale,bulge_q,bulge_roll,bulge_frac,bulge_n,chisq
Gradient Descent,77.24848006297677,76.66618457038516,22.744214276224284,1.0291661018144298,0.10154470715172953,-0.3536955410238544,-0.7398995667656467,-0.4260785337684408,0.06291287060153054,2.5,0.5878410413305704,0.012355661856820594,0.6332023751613596,1.5803902369078258
Basinhopping,77.24848011638872,76.66618455372021,22.744214395244605,1.0291660834496927,0.10154460730223307,-0.35369555565606386,-0.7398994268046204,-0.42607856064964955,0.06291290845251551,2.5,0.5878409780528357,0.012355564916242416,0.633202456155458,1.5803902368667133
