,mux,muy,Re,q,I,roll,bulge_dx,bulge_dy,bulge_scale,bulge_q,bulge_roll,bulge_frac,bulge_n,chisq
Gradient Descent,100.26445330251,100.58561443794594,30.218123963295277,0.520081520162626,0.023204027756746987,-0.7431929987426765,0.9355466863630371,0.8143855529514528,0.04283691432377082,1.8578460298853776,0.7302791283482379,0.05002494463005764,2.3599648211962942,1.152956897112747
Basinhopping,100.48504113763906,100.73648869687798,30.582536254112124,0.5086696636210484,0.0233343244303677,-0.740635794995195,0.714958859146107,0.6635113001546943,0.04425805935624345,1.6522188039265902,0.6823225772447432,0.05422775436280958,2.093691415046204,1.1509287557592052
