,mux,muy,Re,q,I,roll,bulge_dx,bulge_dy,bulge_scale,bulge_q,bulge_roll,bulge_frac,bulge_n,chisq
Gradient Descent,125.90686412890416,126.56626916550286,26.668992562388446,1.2161808583921732,0.0771634118326613,0.5695165139261258,-0.24481629132847307,-0.24365694360245516,0.12585634932953044,1.1873903270019703,-0.057214434141514205,0.045981305099524056,1.1799204724769647,1.1882903531877322
Basinhopping,126.91155227853821,127.9908139612672,29.27598604181709,1.1441145331433196,0.06893489200627458,0.22012347312728098,-0.9068733191513786,-2.218302551274451,0.11561565052754545,1.1802949466458723,0.14327653364716697,0.0511135689231982,1.0068685066841747,1.135057794558224
