,mux,muy,Re,q,I,roll,bulge_dx,bulge_dy,bulge_scale,bulge_q,bulge_roll,bulge_frac,bulge_n,chisq
Gradient Descent,47.698612745155835,47.87607580414097,19.920207981741715,0.4968320133867036,0.03926111682734738,0.6489061785139478,-0.2927510438582796,-0.09501952823078393,0.4782451497896813,2.1413940665108684,-0.17643326029164635,0.3728289396529925,1.563612397763369,2.9071760447881805
Basinhopping,47.24354115245169,47.57207593649545,13.348483795517545,0.22085143008374772,0.16463795991317912,0.9698082892067172,1.1769503543058188,0.39638898735823674,1.0,0.7948386948918198,1.1792943811402576,0.428844861821263,0.6,1.7102701118938446
