,mux,muy,Re,q,I,roll,bulge_dx,bulge_dy,bulge_scale,bulge_q,bulge_roll,bulge_frac,bulge_n,chisq
Gradient Descent,58.02535653090354,50.58984137091245,19.67750409004579,0.7678835264234422,0.05096042293407154,0.4576705462642008,-1.5333181583953712,7.885728747417346,0.7063565034868734,0.4,-0.09656335004065347,0.6127468329934571,1.3043455399656172,3.7111913547747477
Basinhopping,58.073499607803456,50.78069053221695,19.394872435829235,0.7759612418331181,0.05231567588941581,0.42399302597360233,-1.6043935797376354,7.696802323622751,0.7152942473768594,0.4,-3.2377144285966946,0.6100855088803773,1.3191388533268378,3.7095310077963184
