,mux,muy,Re,q,I,roll,bulge_dx,bulge_dy,bulge_scale,bulge_q,bulge_roll,bulge_frac,bulge_n,chisq
Gradient Descent,63.05367560285935,63.38370200116448,16.603069992092067,1.0968572369552623,0.00886052818039516,-1.2809864952047874,-0.33672961253745415,-0.1704790687713571,0.9997968970003058,0.40002520434617,-0.0035416034165744585,0.8202739920797624,2.8397130290144097,3.184182295301383
Basinhopping,63.56960356385844,63.7239744484465,16.390177420403987,1.2103608887674215,0.010960071755552206,-0.7794995754213203,-0.7696035688903491,-0.5239744544282713,0.3623364483866685,0.5469212211336604,-0.19222513905707103,0.651409413437008,3.0836498944013164,1.5869037526170562
