,mux,muy,Re,q,I,roll,bulge_dx,bulge_dy,bulge_scale,bulge_q,bulge_roll,bulge_frac,bulge_n,chisq
Gradient Descent,79.98480422938813,80.03332437583023,20.014495447216444,1.2512775775397094,0.11002204943748459,0.010739097882781608,0.005530787261703157,0.0066908116947639335,0.1020381787419269,1.007667438735607,-8.620682175601113e-05,0.012356743105286385,2.0023961678422872,1.20274529310502
Basinhopping,79.06092970877022,80.93477351406969,22.820957552362614,1.0907098913624285,0.10215968593839334,0.22884935976125875,0.7549511797222261,-1.0403832307545724,0.0846535999694456,0.4,0.9353670142170805,0.03040842545376171,0.6,1.1441932682865714
