,mux,muy,Re,q,I,roll,bulge_dx,bulge_dy,bulge_scale,bulge_q,bulge_roll,bulge_frac,bulge_n,chisq
Gradient Descent,43.57956417041615,43.923426271747836,19.823800397410047,0.5203852360372514,0.0057796565011712046,0.07465285906819669,-0.23733839821947794,-0.11641722676586978,0.6330042982704142,0.715103557639555,-0.11895153850759436,0.9146871491243489,1.2193630059304057,4.337499284420528
Basinhopping,43.31512280570973,43.91633101603164,13.789229867274496,0.7072396653955948,0.12131761397679147,-6.2977995396788735,0.5646329905187604,0.07993501887462347,0.186856165278449,2.5,4.219780177715201,0.03437879526893379,1.550738545020301,3.7813896885239835
