,mux,muy,Re,q,I,roll,bulge_dx,bulge_dy,bulge_scale,bulge_q,bulge_roll,bulge_frac,bulge_n,chisq
Gradient Descent,95.65889631095034,93.74098205607356,29.187774234335823,0.7304472631208797,0.11709801823217345,-0.0961928871654758,-0.08349785485377778,6.973733317770132,0.35299939935116526,0.4,-0.10651660778896681,0.09932521210761629,0.6,1.0471179232991383
Basinhopping,95.6549164153942,93.7500924340971,21.312104301507233,1.3696474879451608,0.11715874340921721,-1.6664077407642195,-0.07474915742224375,6.986293188449914,0.19333738523811575,2.5,1.4639647619358225,0.03194293238026015,0.6,1.0471172525102497
