,mux,muy,Re,q,I,roll,bulge_dx,bulge_dy,bulge_scale,bulge_q,bulge_roll,bulge_frac,bulge_n,chisq
Gradient Descent,60.495971036807205,60.66575194152187,19.277030301921762,1.564115387394276,0.010091213254992841,0.9702987282282853,0.18240376775879882,0.28710516060972247,0.8702813779268079,0.4993367518353149,0.021374496165035128,0.7163255778290281,2.1622082003332364,4.596154346661952
Basinhopping,60.37230149521123,60.24910080233485,18.4030614424642,0.7248908561090157,0.02809714248748315,0.06144598153941784,0.027698504539074745,-0.049100804242892274,0.13180404097023998,0.6200807170903305,0.3935884724339667,0.24100146831694935,2.0709110040883045,1.3678757209391221
