,mux,muy,Re,q,I,roll,bulge_dx,bulge_dy,bulge_scale,bulge_q,bulge_roll,bulge_frac,bulge_n,chisq
Gradient Descent,89.00593580048718,88.99355930696419,19.992353203713318,0.9710960517140002,0.07718915676751105,0.09526338902135777,-0.016931464265216134,-0.005879501866544994,0.14379001938436042,0.9153823201714261,0.00945397901134577,0.04410031697426153,2.0165024057751055,2.1166706879268746
Basinhopping,91.07003764161858,88.6062668281869,27.657748523676926,0.6875513672585274,0.06261089334624602,0.8379417176850821,-2.757139648353504,0.21596755189591765,0.29105543881909485,0.4,0.48556307902739304,0.16271434937765034,3.1817077063506174,1.3444073930096123
