,mux,muy,Re,q,I,roll,bulge_dx,bulge_dy,bulge_scale,bulge_q,bulge_roll,bulge_frac,bulge_n,chisq
Gradient Descent,90.80225755563279,88.51840941329671,23.717269970549623,1.0531463111234327,0.12891410101911127,-1.2431968094147314,-3.2288488496726986,-0.060944769681173336,0.05655511177062119,2.5,0.2677708566475796,0.004935264811220634,0.6,1.8635021034619572
Basinhopping,92.5738377330376,87.91235513276355,24.10657625400458,0.20616990674489044,0.045307490051698505,-1.838166862176256,-1.908586054986035,0.2004453202292196,0.8585281804414365,1.1491305609485545,1.4864258214638622,0.6825242124015966,0.6132283834735487,1.8330624079612885
