,mux,muy,Re,q,I,roll,bulge_scale,bulge_q,bulge_roll,bulge_frac,chisq
Gradient Descent,36.50472013537566,36.695780728697216,19.85728976239598,0.8318813434469301,0.01862324723475816,-0.2505258772246633,0.38994110501611623,0.789311078537182,0.17640851295175794,0.618024842316055,1.4505884712736825
Basinhopping,36.50478664288666,36.69540553339718,20.153845045045067,0.8309863956793615,0.017919170137756776,6.022583446250136,0.3855792296885936,0.7893990758552112,6.458866812497219,0.6223225567120154,1.450579694504773
