,mux,muy,Re,q,I,roll,bulge_dx,bulge_dy,bulge_scale,bulge_q,bulge_roll,bulge_frac,bulge_n,chisq
Gradient Descent,63.44072710041865,63.97378115059677,23.167679037561527,0.3975146328700575,0.17958270383527897,0.5643632323946547,-0.031845252737377,-0.017485102352197336,0.5722242116688275,1.2949275434996006,0.030336814778289988,0.0,1.9322005918546408,2.266084075968275
Basinhopping,63.44069903023928,63.9737738768115,23.167811238962212,0.3975155085409177,0.17958122358693737,0.5643590084415535,0.12289255302173309,0.2931025440279494,0.8248169493583114,1.357050732800365,0.29397406022132644,0.0,2.1848545273034374,2.2660840746783233
