,mux,muy,Re,q,I,roll,bulge_dx,bulge_dy,bulge_scale,bulge_q,bulge_roll,bulge_frac,bulge_n,chisq
Gradient Descent,60.04774736732862,59.7086004438973,19.727395913100075,0.4523242764086617,0.06413090308684993,0.8967423184993507,0.05865945430046794,0.06083637980349012,0.35108973951577477,0.737923189257057,0.21315880636639792,0.11138549932769419,2.5048640647155405,1.9196213521338872
Basinhopping,59.64431138805379,59.706302050693715,20.13642156573119,0.48097740365858815,0.06318554100459697,0.946539545807262,-0.05790672628387426,0.14386695159076426,0.1070018148714061,0.7156268607227537,-0.16494657386390707,0.0783902263342496,2.1365957406635165,1.6540447374615659
