,mux,muy,Re,q,I,roll,bulge_dx,bulge_dy,bulge_scale,bulge_q,bulge_roll,bulge_frac,bulge_n,chisq
Gradient Descent,131.1695444854922,131.53981617940596,20.016388501249978,2.1505827157698567,0.014351022024498948,-0.11229437847442529,-0.16444673223504472,0.05443993392306465,0.13202746871133933,0.8870789492078994,-0.024902502786127635,0.26230273504055784,2.0417438210115866,2.8449842989746004
Basinhopping,132.56391395183053,130.58477023499603,22.21772532697867,2.1675440354865456,0.009009230235319935,-0.8197737708178059,-1.3639139539447844,0.2152297686281164,0.9953639690839602,0.4351417369601043,-1.1283230056934197,0.7351841426261039,4.334884385247197,2.389972334828446
