,mux,muy,Re,q,I,roll,bulge_dx,bulge_dy,bulge_scale,bulge_q,bulge_roll,bulge_frac,bulge_n,chisq
Gradient Descent,126.3298020000058,125.71784627364602,24.183703111726317,1.5675258375383692,0.10558315029268925,-0.0782441509193128,0.16141888734099807,0.1937676562706194,0.11893990063829071,2.2438461841345805,0.10324656599810676,0.02372002005323937,0.6085459276643771,1.047483357311201
Basinhopping,126.26296377470173,125.7482599641762,24.144342637063875,1.5688220212868837,0.10576476954685705,-0.07812647641083138,0.3033018292576886,0.14460985450599126,0.11887401259825509,2.2448421351164227,0.10348036249043803,0.023639255321414938,0.6086292280527777,1.0474774926319463
