,mux,muy,Re,q,I,roll,bulge_dx,bulge_dy,bulge_scale,bulge_q,bulge_roll,bulge_frac,bulge_n,chisq
Gradient Descent,54.30367875995282,56.14610318734548,20.66490929930737,0.741488678839348,0.06553900533811095,1.461086449685327,0.09535755467400295,-1.9612611800765272,0.6127527627114717,0.4,0.5479916982456579,0.4667802396496552,0.6,4.799237368108461
Basinhopping,54.30367879230691,56.146103148848205,20.664909292975167,0.741488733392905,0.06553928495265612,1.4610864202033038,0.09535756457135183,-1.9612611996401992,0.6127527436781085,0.4,0.5479917029606813,0.46678027009253525,0.6,4.799237367351601
