,mux,muy,Re,q,I,roll,bulge_dx,bulge_dy,bulge_scale,bulge_q,bulge_roll,bulge_frac,bulge_n,chisq
Gradient Descent,49.9960358635446,49.93962344338263,19.95894669056763,0.5327966405317783,0.05346026189571021,-0.020690664942703232,0.4814054703079139,0.4118497744494397,0.583008078485347,0.7861627541220829,-0.00023137712648525966,0.19011140744470817,2.00088354259025,6.830931591004944
Basinhopping,48.71218275704227,48.171467392988134,13.01677262191522,0.8573337172941549,0.11636382653905845,-0.09709290797632858,-0.2757031772432246,0.6899499210302157,0.14717607410339084,0.496774298905847,0.8575366397753431,0.08436108044756119,0.6,1.9361692834303381
