,mux,muy,Re,q,I,roll,bulge_scale,bulge_q,bulge_roll,bulge_frac,chisq
Gradient Descent,70.40229937235324,70.29525424265597,22.66334927118774,1.0,0.05014163506085756,-0.035491321065238,0.5022946536718307,1.0,0.003698506751021633,0.426887429692591,3.281554152046082
Basinhopping,70.38235371391166,70.3060364111019,23.157430436223404,0.5501720761045197,0.14501417873455236,-1.792536706110663,0.38890519224519204,0.4,-0.2231230922259875,0.08646208986344861,1.6343693097217085
