,mux,muy,Re,q,I,roll,bulge_dx,bulge_dy,bulge_scale,bulge_q,bulge_roll,bulge_frac,bulge_n,chisq
Gradient Descent,33.83635623000935,33.79862209000177,19.17902326449425,0.20000929878720625,0.0041279448842685045,0.4482939463008863,-0.13085092144526186,-0.21902929073847058,0.6803157486523785,0.4330996806575683,0.08253468369741646,0.95,2.2225062556480855,2.9923996419652905
Basinhopping,33.755369100805986,34.35714261880665,17.50633427314652,0.5162939733048381,0.057328642271821814,0.09738366287649595,-0.02996097383077929,-1.1450095186327192,0.2715791182659345,0.4,3.212367517038316,0.3324733823208485,0.6014067657848328,2.507138298933894
