,mux,muy,Re,q,I,roll,bulge_dx,bulge_dy,bulge_scale,bulge_q,bulge_roll,bulge_frac,bulge_n,chisq
Gradient Descent,128.89341935681117,125.66981014886827,42.12727867929977,0.629092628458051,0.03487281385516176,0.7596908162050756,-1.8562252526440717,0.682666067504368,0.36043680653494165,0.4825475428891643,0.2819186456401174,0.3596921138666671,1.4755845910455754,1.0636970338619205
Basinhopping,128.16693091167832,125.87955400101382,38.04828396636844,0.639004196785303,0.04546051360215286,3.8361683017144186,-1.0850560876216815,0.4640310019405011,0.3327937149090128,0.45710548534170437,6.544011239230291,0.29078222060006526,1.3456606128750583,1.0635321382661942
