,mux,muy,Re,q,I,roll,bulge_dx,bulge_dy,bulge_scale,bulge_q,bulge_roll,bulge_frac,bulge_n,chisq
Gradient Descent,88.89643826278544,87.8848321349572,25.10368277119026,0.7709505462695485,0.10871080110161695,-0.01453775231792496,-1.1466219205241748,0.6208387527075038,0.2029585483712131,0.7931700283459465,0.513225910826422,0.06121805858583665,1.4626340408625809,1.1722997092121854
Basinhopping,88.81859399715816,87.93760487984709,24.146346513877603,0.7809504592071499,0.11776033190559494,0.0061554753770930205,-1.0270123521250358,0.5605170133417469,0.1497197241140437,0.7144242002180796,0.23484757276501186,0.04331511605750325,0.6536157206867383,1.1713878980823342
