,mux,muy,Re,q,I,roll,bulge_dx,bulge_dy,bulge_scale,bulge_q,bulge_roll,bulge_frac,bulge_n,chisq
Gradient Descent,45.179985639909155,46.81202516396098,16.63717773920328,0.2776227812017114,0.02788456273115864,0.01739622026522669,-3.217790120953316,-4.156730990291933,0.49431093077589805,1.6201102483076086,0.14221977433458574,0.6277633236387703,0.9322604823152294,3.9118483411945597
Basinhopping,44.04944376849878,43.72535276693515,10.393515621962683,0.7630942305346611,0.2018600588716252,1.6027900041690912,-10.479009097508422,-4.849832663339512,1.0,1.4571216942919478,-0.03447592016849762,0.17467556762751613,1.038250000449593,3.3461408905973355
