{"disk": {"I": 0.018781444925883323, "Re": 25.70907830989474, "c": 2.0, "mux": 58.26169435169119, "muy": 57.850169076849696, "n": 1.0, "q": 0.5611416853220865, "roll": 2.1444589524915085}, "bulge": {"I": 0.10992107315310128, "Re": 6.48632351979388, "c": 2.0, "mux": 57.649849032628694, "muy": 57.1789025912075, "n": 1.1066924533983242, "q": 0.9730603210808411, "roll": 0.9153694529353008}, "bar": {"I": 746.393938480155, "Re": 0.11204705654829838, "c": 1.7862121229501184, "mux": 57.49379621563155, "muy": 57.59204918889008, "n": 1.186494555828753, "q": 0.24961502246898623, "roll": 2.8823997671876085}, "spiral": []}