{"disk": {"I": 0.22525865401920234, "Re": 10.48837050249163, "c": 2.0, "mux": 36.89840145067158, "muy": 36.66224641786823, "n": 1.0, "q": 0.5692724098211386, "roll": 2.2330623177976303}, "bulge": null, "bar": null, "spiral": [[[[40.62859077676101, 33.06282080166592], [41.29790116588791, 33.42557074486787], [41.94366848430585, 33.82877245608346], [42.56492561751757, 34.26882079744613], [43.16070746158833, 34.74280138554903], [43.72997382917259, 35.24832680585865], [44.27155189338956, 35.78341233040961], [44.78408785350902, 36.346378042666515], [45.266001478051734, 36.93576764518927], [45.71543940205742, 37.55027625150737], [46.13022441621381, 38.18868044793805], [46.50779904761786, 38.849764042975], [46.84516296624313, 39.53223230775464], [47.138805706967695, 40.23460624236591], [47.384639639655305, 40.95508667482495], [47.57794421892728, 41.69137639600103], [47.71334281021543, 42.44044850418058], [47.7848493491937, 43.198253919857805], [47.78604347736247, 43.95937666959176], [47.7104533940141, 44.71668091208621], [47.55222602173731, 45.4610556427974], [47.30710703767519, 46.1814404441551], [46.97360182446351, 46.8653537733488], [46.55396882439477, 47.50004424776396], [46.054567692323275, 48.07409088451783], [45.48525744803976, 48.57893687633629], [44.85800040987453, 49.00977004600909], [44.18522372376952, 49.36549402578802], [43.478498498259135, 49.64799348194082], [42.747792549927716, 49.86112145189554], [42.001244240278474, 50.009764135236225], [41.245268032635316, 50.099147155013476], [40.48481105623541, 50.13439671088052], [39.72364321603458, 50.12030071197115], [38.9646224884494, 50.06120351570567], [38.209914763527905, 49.96098042875278], [37.46116670689162, 49.82305518118229], [36.71963783089734, 49.65043767897208], [35.98629987687734, 49.445769027008666], [35.26191109025078, 49.21136688526946], [34.547071649374004, 48.9492677914957], [33.842265108016676, 48.66126506215966], [33.14788952076337, 48.348941959556136], [32.46428096429765, 48.01370032689224], [31.791731451578265, 47.65678513110528], [31.130502702193983, 47.279305425725134], [30.480836842572405, 46.88225223775795], [29.842964828016104, 46.466513851081054], [29.21711317104414, 46.03288889349413], [28.603509412535924, 45.58209758562259]], {"I": 0.7504509458516342, "falloff": 1.5486075014285383, "spread": 0.33771311172480084}], [[[40.650210991716264, 41.542913641567694], [40.24352783367714, 42.034013510517745], [39.72133271920565, 42.40073780023968], [39.12980494631141, 42.6415091510682], [38.50413571445835, 42.77160185664262], [37.86598620393721, 42.8098857738257], [37.22761344385306, 42.77290536784661], [36.59582257871786, 42.67370525502074], [35.97442365198412, 42.522263627485884], [35.365590238622985, 42.32620440607276], [34.77059330861018, 42.091412617829484], [34.19020185703831, 41.82249617428033], [33.62490669268678, 41.523118044594895], [33.07504882930264, 41.19623329301078], [32.54089519844145, 40.844259268976046], [32.02268456707726, 40.469199333325946], [31.52065623480665, 40.07273419912504], [31.035068605159772, 39.65629051427956], [30.566211736320508, 39.22109328984889], [30.11441630209762, 38.76820675975981], [29.680060432634875, 38.29856689792118], [29.263575335925832, 37.813007909483936], [28.865450257579067, 37.31228439116869], [28.486237116121515, 36.79709043737673], [28.126555006933366, 36.26807667723996], [27.787094659212165, 35.72586603278943], [27.468622841609186, 35.171068853086005], [27.17198662626094, 34.60429798724867], [26.898117328045554, 34.0261842941081], [26.64803382646878, 33.43739303460044], [26.422844842198305, 32.838641539551205], [26.223749580031534, 32.230718479387626], [26.052035948191325, 31.614504956311176], [25.90907533977015, 30.99099747919101], [25.796312714046632, 30.361332629008146], [25.715250482863084, 29.726812852951973], [25.667424538937507, 29.088932303163528], [25.654370749293292, 28.449400958422245], [25.677580497723316, 27.81016443620773], [25.7384445413248, 27.173416042823956], [25.838185695759208, 26.54159684604542], [25.977782723370254, 25.9173792529991], [26.15789019440361, 25.303630026161283], [26.378761613429866, 24.70335029370227], [26.64018509540964, 24.119593002287957], [26.941441509624624, 23.55536216860913], [27.281293513121682, 23.013502410785406], [27.658010137604926, 22.49659036510475], [28.069426188067574, 22.00684055491663], [28.513030043107516, 21.54603648140855]], {"I": 0.02317598499599423, "falloff": 0.01, "spread": 1.6660509705721858}]]}