{"disk": {"I": 0.1265696890192825, "Re": 24.86376799895888, "c": 2.0, "mux": 101.57512828194457, "muy": 103.36042319945813, "n": 1.0, "q": 0.9095304507042451, "roll": 0.12757699849133353}, "bulge": {"I": 0.2903784004543582, "Re": 2.310030823056074, "c": 2.0, "mux": 102.39794883940317, "muy": 101.31541110217323, "n": 1.8836779463794062, "q": 0.8333333333333334, "roll": 1.179733845419005}, "bar": null, "spiral": []}