{"disk": {"I": 0.19999999999999996, "Re": 6.189802865530894, "c": 2.0, "mux": 60.70478342052139, "muy": 60.46353711733042, "n": 1.0, "q": 0.5373257732982748, "roll": 0.8613287879962379}, "bulge": {"I": 0.2, "Re": 1.1332177462845767, "c": 2.0, "mux": 60.70389959874816, "muy": 60.169182972616625, "n": 1.0, "q": 0.8393755963603172, "roll": 0.6946173122535935}, "bar": {"I": 0.1, "Re": 5.199218744593314, "c": 2.0, "mux": 62.265075694160515, "muy": 58.84570312446608, "n": 1.0, "q": 0.8354430303306053, "roll": 1.570796328830717}, "spiral": [[[[77.46039462483031, 58.38282726523899], [76.98721339175158, 59.402099573024856], [76.48028157882084, 60.40501824864608], [75.94136117896906, 61.39112063936038], [75.37198269108912, 62.35995867102075], [74.77347512115999, 63.311080256099764], [74.14699104488261, 64.24401367103819], [73.49352756122583, 65.15825380061659], [72.81394384414008, 66.05324938180148], [72.10897589289095, 66.92839053154464], [71.37924898978903, 67.78299592665095], [70.62528831534355, 68.61629904071522], [69.84752812310096, 69.42743282575445], [69.04631986838055, 70.21541217579359], [68.22193969397614, 70.97911339815768], [67.37459573653769, 71.7172497668412], [66.50443582295712, 72.42834200417639], [65.6115563140714, 73.11068222966958], [64.69601315742267, 73.76228950197309], [63.757836695286, 74.38085453098188], [62.79705254259553, 74.96367042196268], [61.813712069053246, 75.50754541344274], [60.80793796149251, 76.0086924993448], [59.77999344465705, 76.46258969874802], [58.73038868775943, 76.86380395194625], [57.66004574678303, 77.20577217818702], [56.57055540544659, 77.48053738745168], [55.464576584341536, 77.67845126598836], [54.346450122906, 77.7878886945203], [53.223112701832044, 77.79509481756268], [52.10536541453098, 77.68442982691849], [51.00938083144096, 77.43949497051075], [49.957873823150145, 77.04578135583543], [48.979620799660275, 76.49511461759502], [48.105733900872075, 75.79065369021335], [47.362799013401144, 74.94920217366098], [46.766332399861206, 73.99811730955413], [46.31876618190683, 72.96830958092535], [46.012371344488955, 71.88783715407328], [45.83403982388461, 70.7788314023577], [45.76917705032839, 69.65731888502539], [45.80392135356112, 68.53437186059463], [45.92606738288202, 67.41747645765075], [46.12526418532476, 66.31166946656022], [46.392888331639355, 65.22036379666483], [46.72180724952425, 64.14591350492758], [47.10613090189176, 63.08999155926347], [47.54098960574361, 62.05384136739511], [48.02234820363571, 61.03844567375958], [48.54685555863267, 60.04464211652408]], {"I": 0.1, "falloff": 1.0, "spread": 0.5}]]}