{"disk": {"I": 0.09291996707351659, "Re": 8.76638589938378, "c": 2.0, "mux": 42.8397852314262, "muy": 43.44531312371672, "n": 1.0, "q": 0.22059266370236472, "roll": 0.5064918319378705}, "bulge": {"I": 0.0, "Re": 1.1598872032268057, "c": 2.0, "mux": 42.688848656525835, "muy": 43.74947322762254, "n": 1.0301776036070756, "q": 0.5876656687125439, "roll": 0.5829154878554962}, "bar": {"I": 0.10363829451769874, "Re": 8.566522140504482, "c": 3.9523810757764557, "mux": 43.276327433002976, "muy": 43.41951153092794, "n": 1.8313145628092058, "q": 0.8331644152089097, "roll": 0.3905359558213974}, "spiral": [[[[52.786354597633625, 46.46041505621685], [52.56990101056304, 46.84294831870038], [52.3440717141835, 47.22002228823336], [52.10890127836725, 47.591341930820114], [51.86441892988808, 47.95659734031016], [51.61064911856366, 48.31546179227494], [51.34761218663088, 48.66758963318502], [51.07532516679298, 49.01261398350307], [50.793802740124974, 49.35014423116344], [50.5030583924393, 49.67976329199111], [50.203105816503964, 50.00102461245395], [49.89396061835196, 50.313448891991186], [49.57564239906716, 50.61652050344947], [49.24817729932518, 50.90968359573619], [48.91160111295932, 51.19233787089423], [48.56596309825901, 51.46383404143922], [48.21133064175977, 51.723468994625556], [47.847794958740856, 51.97048072142414], [47.4754780459958, 52.20404311430944], [47.09454113500536, 52.423260801261904], [46.705194921363535, 52.62716427465964], [46.307711863850656, 52.81470569569125], [45.90244084166052, 52.984755917171896], [45.489824413934855, 53.13610347511361], [45.07041881642862, 53.267456553504275], [44.644916621720824, 53.37744921820208], [44.21417164054748, 53.46465351636627], [43.779225109148335, 53.52759928956392], [43.34133146048437, 53.56480365058732], [42.90198102674741, 53.57481187470832], [42.46291595621136, 53.556250763441184], [42.02613466797128, 53.50789416111877], [41.59387968734971, 53.4287381477512], [41.16860418678685, 53.31808062929812], [40.75291446758911, 53.17559711475383], [40.34948910182425, 53.00140230846006], [39.96098007133461, 52.79608685740174], [39.589905831976466, 52.5607209677169], [39.23854921968727, 52.29682159156639], [38.90887319780652, 52.00628629143208], [38.60246431630823, 51.69130278602858], [38.32050838098644, 51.35424672682517], [38.06379699158459, 50.99758059538962], [37.83275902891019, 50.62376414792599], [37.627508803895246, 50.235182832881705], [37.447902422702775, 49.83409648574588], [37.293595310890865, 49.42260736032006], [37.1640959219475, 49.00264457387079], [37.05881274855029, 48.57596123828131], [36.977093454813584, 48.14414058222905]], {"I": 0.030955360771094592, "falloff": 0.13563995975231852, "spread": 7.165928891100756}], [[[35.49272889241434, 35.563589698845654], [35.816899366540234, 35.26050116129629], [36.14867719698954, 34.965760472586915], [36.48804737099718, 34.67979566827693], [36.834987206297384, 34.403064667696164], [37.18946411835429, 34.136057837153636], [37.55143295942549, 33.87930069411058], [37.920832851651184, 33.6333567259572], [38.29758342391422, 33.39883028297787], [38.681580351482616, 33.17636948037421], [39.072690085589, 32.96666901653501], [39.47074365210827, 32.77047277434774], [39.875529394773906, 32.58857602216183], [40.28678454291877, 32.421826967526584], [40.704185503942234, 32.271127336949164], [41.127336818941345, 32.137431563235005], [41.555758793160294, 32.02174405386227], [41.988873923946805, 31.92511390359428], [42.42599241709683, 31.84862630915776], [42.86629731498474, 31.793389869415154], [43.308830062583795, 31.760518944086108], [43.75247770265903, 31.75111034432729], [44.1959632890532, 31.76621389495579], [44.637841474919654, 31.806796895695296], [45.076501468031125, 31.873703249030566], [45.51017951864317, 31.967609000606178], [45.93698266609666, 32.08897714787851], [46.35492452663924, 32.23801561671306], [46.761972456679594, 32.41464298572723], [47.15610365356991, 32.61846654436666], [47.5353660123489, 32.84877638971156], [47.897938299830194, 33.104557503269326], [48.24218384567682, 33.38451940095988], [48.56669267164427, 33.68714053890183], [48.87030864665117, 34.01072277168449], [49.15214044616559, 34.35345022048112], [49.41155726231576, 34.71344704006558], [49.64817188742809, 35.08882958638547], [49.86181472723889, 35.47774999550897], [50.05250248525812, 35.87842977534939], [50.22040486953978, 36.28918336750481], [50.3658119532928, 36.708432595446794], [50.489104000063875, 37.13471345485133], [50.59072480489808, 37.56667688976571], [50.67115899202912, 38.00308514014812], [50.73091327214044, 38.44280504642662], [50.770501384151096, 38.88479943474487], [50.790432296936466, 39.32811744163062], [50.791201188515416, 39.771884395605795], [50.7732827225969, 40.21529167352081]], {"I": 0.026581531802420327, "falloff": 0.0865622947121724, "spread": 6.252541088525045}]]}