{"disk": {"I": 0.02503158730598888, "Re": 33.78761388308867, "c": 2.0, "mux": 70.03099435394044, "muy": 61.47636399554299, "n": 1.0, "q": 0.7205303513892789, "roll": 1.3945898641507224}, "bulge": null, "bar": {"I": 0.25012792164033915, "Re": 11.379642701745418, "c": 3.430413467228001, "mux": 66.74239673621388, "muy": 67.38815230414086, "n": 0.9290980350545417, "q": 0.4274293160000828, "roll": 0.17165658297463687}, "spiral": []}