{"disk": {"I": 0.020467636023459048, "Re": 17.75947742443786, "c": 2.0, "mux": 43.747131062530556, "muy": 40.8645346112236, "n": 1.0, "q": 0.4085543294539545, "roll": 1.0098220345134468}, "bulge": {"I": 0.11478773236237075, "Re": 7.3371552955910975, "c": 2.0, "mux": 43.86349894303897, "muy": 51.0830543233201, "n": 0.5, "q": 0.774823384484141, "roll": 1.1741554359877062}, "bar": {"I": 0.13817418612006854, "Re": 16.29746523306403, "c": 1.6234622979985203, "mux": 48.45045162658426, "muy": 47.957336567782924, "n": 1.431596327555874, "q": 0.45355273647421446, "roll": 0.665187491799768}, "spiral": []}