{"disk": {"I": 0.06111083618811288, "Re": 24.941266938897016, "c": 2.0, "mux": 89.05554756721136, "muy": 89.42074475419166, "n": 1.0, "q": 0.9316860758408126, "roll": 2.1671512533568476}, "bulge": {"I": 0.4674111519488674, "Re": 3.0518278490995674, "c": 2.0, "mux": 89.16176795128537, "muy": 89.30620873578333, "n": 1.6361975443204508, "q": 0.4, "roll": 1.687492921217275}, "bar": null, "spiral": []}