{"disk": {"I": 0.07779927453229239, "Re": 14.565838286283944, "c": 2.0, "mux": 61.83330249656875, "muy": 61.547568490482305, "n": 1.0, "q": 0.8333333333333334, "roll": 0.35636974927932963}, "bulge": {"I": 0.5551468965588768, "Re": 2.005598308061526, "c": 2.0, "mux": 61.52717581074484, "muy": 61.90224190182278, "n": 1.03839207872078, "q": 0.5852727166644157, "roll": 1.847266123255176}, "bar": null, "spiral": []}