{"disk": {"I": 0.0522216077656823, "Re": 9.195297955425112, "c": 2.0, "mux": 43.75873237530064, "muy": 43.2044561685203, "n": 1.0, "q": 0.9159657683194897, "roll": 1.425289628842198}, "bulge": {"I": 29603.003270918052, "Re": 0.013614017075533726, "c": 2.0, "mux": 42.970110679533626, "muy": 43.43702208170412, "n": 0.9717092680796767, "q": 0.9424804064956845, "roll": 2.060208728134508}, "bar": null, "spiral": []}