{"disk": {"I": 0.07056372977742487, "Re": 33.10665009860146, "c": 2.0, "mux": 126.87008842951721, "muy": 127.9307177779085, "n": 1.0, "q": 0.8723822075910512, "roll": 1.7945165749362655}, "bulge": {"I": 0.31411128722183185, "Re": 3.7154363707082783, "c": 2.0, "mux": 126.01253582862357, "muy": 125.77075844291019, "n": 0.8942600878291712, "q": 0.8333333333333334, "roll": 1.6826004535083818}, "bar": null, "spiral": []}