{"disk": {"I": 0.1323491080917751, "Re": 15.169351823703538, "c": 2.0, "mux": 96.96988838241401, "muy": 100.70801747211307, "n": 1.0, "q": 0.8370844811606684, "roll": 1.038829173711763}, "bulge": {"I": 0.35298759643479827, "Re": 2.9824100913381084, "c": 2.0, "mux": 98.04224688547916, "muy": 99.32857958933812, "n": 1.0903513075295928, "q": 0.4, "roll": 1.3499067176557313}, "bar": {"I": 0.0, "Re": 2.3890913813345858, "c": 1.9914971902570706, "mux": 97.16141700578002, "muy": 99.45002848232895, "n": 0.9910640583660657, "q": 0.408978318356724, "roll": 2.718393219986831}, "spiral": [[[[137.06366986680078, 116.88020546059131], [135.9966888284296, 118.11505978250513], [134.87529416457156, 119.30071100005847], [133.7006808832536, 120.4336538251408], [132.47432754877806, 121.51036846182456], [131.1980101532523, 122.52735037001277], [129.87381236772137, 123.48114300008253], [128.50413144583015, 124.36837288086856], [127.09167915395732, 125.18578624672178], [125.63947726238469, 125.93028621349607], [124.1508473477231, 126.5989693778904], [122.629394924168, 127.18916064634132], [121.07898819007762, 127.69844508432662], [119.50373198787383, 128.12469567327594], [117.90793782814107, 128.466096009328], [116.29609106169673, 128.72115721653105], [114.67281644079563, 128.88872863318392], [113.04284338987166, 128.9680021456924], [111.41097230268011, 128.95851036395604], [109.78204310038727, 128.8601191298683], [108.16090713603558, 128.6730151096247], [106.55240333383982, 128.39768940329625], [104.961339229831, 128.03491824835027], [103.39247735356751, 127.58574194421666], [101.85052717875905, 127.05144313850774], [100.340142687891, 126.43352557500988], [98.86592545196872, 125.73369433756342], [97.43243302497837, 124.95383854709175], [96.04419239294319, 124.09601739714597], [94.70571819437961, 123.1624503662266], [93.42153543627144, 122.15551242698389], [92.19620645501708, 121.07773511088249], [91.03436190476155, 119.931814380158], [89.94073557890772, 118.72062642976017], [88.92020286571938, 117.44725280198881], [87.97782257505591, 116.11501656067966], [87.11888171519767, 114.7275317671091], [86.34894247971185, 113.28876913858626], [85.67389014015578, 111.80314158181716], [85.09997958626995, 110.27561427385768], [84.63387671127686, 108.71184509717875], [84.28268839455201, 107.11836241081019], [84.05397106339672, 105.502788108493], [83.95570215514572, 103.87411413073352], [83.99619060905269, 102.24303899491672], [84.18389130693947, 100.62236555893692], [84.52707443143261, 99.0274489769273], [85.03328638613459, 97.47666000972626], [85.70853102923358, 95.9917883577464], [86.55611279301408, 94.59825120740051]], {"I": 0.01436937936663936, "falloff": 0.02132045777753201, "spread": 15.410864250702835}], [[[72.51798728589301, 84.36661026033103], [73.32504848418186, 83.415800043414], [74.1762742158689, 82.50432213666434], [75.07049069205995, 81.63498691910611], [76.00628470803174, 80.81058025395568], [76.98199730035726, 80.03383565228405], [77.99572139338221, 79.30740481189845], [79.04530390862183, 78.6338273130585], [80.12835264347675, 78.0155003854866], [81.24224801973271, 77.45464975167214], [82.38415955653191, 76.95330257443112], [83.55106668086498, 76.5132635020158], [84.73978324139215, 76.13609468361938], [85.94698489231153, 75.82310045749955], [87.16923835543534, 75.57531717690811], [88.40303148515875, 75.3935083800445], [89.64480304685218, 75.27816523814316], [90.89097117731099, 75.22951195943992], [92.13795961572073, 75.24751560626288], [93.38222095959462, 75.33189961246532], [94.62025639393165, 75.4821601767873], [95.84863154338873, 75.6975846581692], [97.06398829125446, 75.97727109967619], [98.26305258031896, 76.32014805724643], [99.4426383506293, 76.72499399061954], [100.59964787563094, 77.19045557171874], [101.73106882789821, 77.7150643742366], [102.83396844361327, 78.29725151178823], [103.90548516684291, 78.93535988345293], [104.94281814440097, 79.62765376166352], [105.9432149185779, 80.37232551180013], [106.90395763366311, 81.16749926528172], [107.82234803937962, 82.01123137745397], [108.69569154576642, 82.90150748821236], [109.52128056551861, 83.83623596868038], [110.29637737670477, 84.81323747945635], [111.01819675842142, 85.83023029058556], [111.68388870124109, 86.88481091584755], [112.29052158476938, 87.97442950156533], [112.83506635902773, 89.09635928345187], [113.31438248241292, 90.24765929169246], [113.72520668162247, 91.42512936082467], [114.06414603423742, 92.62525640424889], [114.32767747178342, 93.84415089138477], [114.51215659402841, 95.07747257654287], [114.61383970865816, 96.32034487571526], [114.62892427615985, 97.56725802743868], [114.55361440423094, 98.81196251056828], [114.38421955360072, 100.04735641692224], [114.11729585013835, 101.26537389459857]], {"I": 0.01506071582816355, "falloff": 0.01, "spread": 17.868933251243288}]]}