{"disk": {"I": 0.0953687395958357, "Re": 29.22014591476434, "c": 2.0, "mux": 107.06135497980043, "muy": 107.2223254384311, "n": 1.0, "q": 0.9651347350055355, "roll": 0.10161808276544626}, "bulge": {"I": 0.31898594509829026, "Re": 2.813614753756593, "c": 2.0, "mux": 107.82039911399981, "muy": 107.2199775015043, "n": 0.6790173639630653, "q": 0.8333333333333334, "roll": 2.7426032504642017}, "bar": null, "spiral": [[[[101.68356862717813, 119.76816706977864], [100.08113358642593, 119.60749661665834], [98.50222631116716, 119.2899266764773], [96.96026805370064, 118.82482462535795], [95.46683685111894, 118.2217063239836], [94.03190986871805, 117.49014084322621], [92.66405502827, 116.63968376590842], [91.37058359737107, 115.67982709570641], [90.15767337209523, 114.6199583591156], [89.03047021316502, 113.46932450924098], [87.99317405581249, 112.23699824495021], [87.04911411823166, 110.93184567678283], [86.20081685559177, 109.56249511480576], [85.45006921901046, 108.13730726149404], [84.79797896911798, 106.66434736245927], [84.24503313271586, 105.15135996388851], [83.79115517295163, 103.60574690137182], [83.4357610518315, 102.03454904056989], [83.17781408462722, 100.44443213797221], [83.0158783060662, 98.84167701761541], [82.94816997031991, 97.23217408594962], [82.97260677763057, 95.62142205087662], [83.0868544373426, 94.01453057405135], [83.28837023558779, 92.41622648743945], [83.57444334950702, 90.83086313056018], [83.94223173801943, 89.26243232747828], [84.38879552539667, 87.71457850594899], [84.9111268774873, 86.19061447502105], [85.50617644136905, 84.69353840084521], [86.17087647961797, 83.22605156266143], [86.90216087667284, 81.79057651485401], [87.69698222856081, 80.3892753364], [88.55232624887687, 79.02406769608383], [89.46522373503049, 77.69664851593498], [90.43276034132158, 76.40850505963624], [91.45208440077133, 75.16093331591526], [92.52041302930162, 73.95505358097448], [93.63503672969489, 72.79182518265966], [94.79332270011538, 71.67206030752638], [95.99271703276058, 70.59643691945357], [97.23074597091298, 69.56551077441539], [98.50501637494965, 68.57972654981562], [99.81321553140022, 67.63942811650695], [101.15311042295866, 66.74486798961152], [102.52254656005739, 65.89621600157862], [103.91944646548997, 65.09356723929069], [105.34180788707084, 64.33694929330615], [106.78770180303374, 63.62632886640507], [108.2552702767484, 62.96161778672853], [109.74272420662867, 62.34267847139961]], {"I": 0.0, "falloff": 32.02660653181275, "spread": 0.0}], [[[98.06228181085588, 97.9777053027485], [98.38379899579726, 97.11830943936178], [98.7545696993516, 96.27897664991688], [99.17179198735188, 95.46173089406132], [99.63271866746452, 94.66830471770771], [100.13467283990914, 93.9001687497371], [100.67505938163546, 93.15855928267433], [101.25137302802483, 92.44450379166416], [101.8612036488296, 91.75884433614704], [102.50223924360606, 91.10225885887535], [103.17226711154336, 90.47528044742214], [103.86917358377791, 89.8783146585654], [104.59094264488976, 89.31165502847185], [105.33565371523179, 88.77549690420297], [106.10147881782024, 88.26994973676848], [106.88667931134306, 87.79504797596177], [107.6896023358112, 87.35076070240812], [108.5086770870013, 86.93700012574716], [109.34241101139126, 86.55362906904118], [110.18938599231662, 86.20046755049421], [111.0482545812873, 85.87729856389196], [111.91773631515771, 85.58387314949738], [112.79661414795099, 85.3199148384185], [113.68373101836141, 85.08512354435919], [114.57798656618021, 84.87917896903933], [115.47833400572488, 84.70174358005252], [116.38377716041931, 84.55246521318095], [117.29336765849634, 84.43097934540924], [118.2062022885703, 84.33691107911379], [119.12142051093235, 84.26987687337123], [120.03820211971079, 84.22948605385949], [120.95576504990942, 84.21534212907073], [121.87336332270094, 84.22704393717737], [122.79028512244653, 84.26418664487515], [123.70585099775298, 84.32636261700901], [124.61941218009787, 84.41316217334771], [125.53034901272605, 84.52417424694778], [126.4380694830313, 84.65898695672276], [127.3420078518871, 84.81718810527748], [128.24162337352755, 84.99836561169825], [129.1363990998983, 85.20210788778022], [130.02584076405864, 85.42800416513991], [130.90947573648108, 85.67564477968642], [131.78685205004788, 85.9446214191876], [132.65753748810332, 86.23452733886968], [133.52111873148917, 86.54495754942958], [134.3772005602161, 86.87550898125974], [135.22540510576454, 87.22578062820737], [136.06537115032933, 87.5953736737655], [136.89675346953334, 87.98389160222122]], {"I": 0.0, "falloff": 10.678603923759223, "spread": 0.0}], [[[115.57528638856262, 121.35911033752167], [114.49541779928549, 122.5929886285032], [113.30498575900629, 123.7206594238984], [112.01897530856229, 124.73806733102562], [110.65127897591307, 125.64277593484975], [109.21469969049589, 126.43363657015558], [107.72099082603509, 127.11051717378038], [106.18091770979339, 127.67408343750158], [104.60432975487736, 128.1256240499474], [103.00023600738908, 128.46691226976233], [101.37687953427381, 128.7000969454697], [99.7418079180687, 128.82761711092775], [98.10193838111958, 128.85213527677502], [96.4636168850217, 128.77648543765352], [94.83267108292439, 128.6036325871728], [93.21445732144626, 128.33664118024763], [91.61390207842919, 127.9786505109363], [90.03553831402441, 127.53285540271406], [88.48353725428066, 127.00249095026176], [86.96173612410249, 126.39082032567565], [85.47366232835753, 125.7011248787183], [84.0225545490517, 124.93669593307307], [82.61138118588715, 124.10082781740618], [81.24285653040255, 123.19681177853066], [79.91945502335977, 122.2279305105205], [78.64342390490054, 121.19745310232683], [77.41679453503947, 120.10863026157136], [76.24139262281479, 118.96468971555998], [75.11884757534689, 117.76883172549475], [74.05060114694128, 116.52422467708995], [73.03791554251596, 115.23400073223718], [72.08188110305946, 113.90125154214564], [71.18342368324569, 112.52902403568314], [70.34331180487443, 111.120316303828], [69.56216365614588, 109.678073607905], [68.84045398833331, 108.20518454204426], [68.17852094716535, 106.70447738150557], [67.57657286391805, 105.17871664822562], [67.03469501773735, 103.63059992160403], [66.55285637730921, 102.06275492288232], [66.13091631356053, 100.4777368927359], [65.76863127741477, 98.87802628227462], [65.46566142630785, 97.26602676978123], [65.22157718170986, 95.64406361180187], [65.03586569770188, 94.014382332652], [64.90793721858662, 92.37914775100487], [64.8371313043383, 90.74044333903157], [64.82272290297972, 89.10027090594306], [64.86392824739313, 87.46055059032028], [64.95991056168272, 85.82312115098827]], {"I": 0.0, "falloff": 15.174885904812028, "spread": 0.0}]]}