{"disk": {"I": 0.14685087856171716, "Re": 11.89541824658375, "c": 2.0, "mux": 66.3338416998727, "muy": 70.24454645798724, "n": 1.0, "q": 0.8333333333333334, "roll": 0.1669456585273572}, "bulge": null, "bar": {"I": 0.05860654543113424, "Re": 11.89541824658375, "c": 6.0, "mux": 69.69090664104147, "muy": 57.28408433176388, "n": 1.6744023459805364, "q": 0.8333333333333334, "roll": 0.8992625608521152}, "spiral": []}