{"disk": {"I": 0.15283877913507263, "Re": 12.119259288166077, "c": 2.0, "mux": 89.21853610903888, "muy": 89.78895796275255, "n": 1.0, "q": 0.5204639140032365, "roll": 0.6644328034572365}, "bulge": {"I": 0.004425969923506264, "Re": 2.885453052830125, "c": 2.0, "mux": 86.64652047094148, "muy": 87.39465665378381, "n": 0.9969263818626809, "q": 0.4735958322866471, "roll": 1.805072378706199}, "bar": null, "spiral": [[[[83.37829857278673, 110.77987799199711], [82.0681478736138, 110.9482722211429], [80.74812896023398, 110.99462659323244], [79.43040641333342, 110.90570118644303], [78.13113063273681, 110.66935886899161], [76.87039883756205, 110.27665070741931], [75.67110498525363, 109.72427042666394], [74.55645870926578, 109.01652946567626], [73.54668896384169, 108.16578204119276], [72.65616608228001, 107.19079727347739], [71.8921083540082, 106.11369424178287], [71.25512066183288, 104.95675227975258], [70.74089294878446, 103.74013872175271], [70.3421515012494, 102.4808333683227], [70.05027475064288, 101.19247427746137], [69.8563910402773, 99.88570669338912], [69.75201692976701, 98.56871312155297], [69.72937040232232, 97.24774492544871], [69.78148338378557, 95.92758021286959], [69.90220287064801, 94.61189004434308], [70.08613693055011, 93.30352013523033], [70.32857813786266, 92.00470326115786], [70.62542198665503, 90.71721801369144], [70.97308899935182, 89.44250724742844], [71.36845430987536, 88.18176672140508], [71.80878589419866, 86.93601186358778], [72.2916913055321, 85.70612853223926], [72.8150721850623, 84.49291208088593], [73.3770856017721, 83.29709788093952], [73.9761112586467, 82.11938561586996], [74.6107236605105, 80.96045905851302], [75.2796684439929, 79.8210026086944], [75.98184216922624, 78.70171555943905], [76.71627497263255, 77.60332483917784], [77.48211556284203, 76.52659682197027], [78.27861810932134, 75.47234868950133], [79.10513062530434, 74.44145975562817], [79.96108448247715, 73.4348831178564], [80.84598471476312, 72.45365797419443], [81.75940077188443, 71.49892293390255], [82.7009573687687, 70.57193065330908], [83.67032504185018, 69.6740641401984], [84.66720996395117, 68.80685508890832], [85.69134248028656, 67.97200462908863], [86.74246370163887, 67.17140688769688], [87.82030931703063, 66.40717576618916], [88.92458955486617, 65.68167530709233], [90.05496391438399, 64.99755393818106], [91.21100889390183, 64.35778269799668], [92.39217644470135, 63.76569720309241]], {"I": 0.04865710717830899, "falloff": 0.26221086700039486, "spread": 154.62880340902487}]]}