{"disk": {"I": 0.17560674670771742, "Re": 5.93089261558934, "c": 2.0, "mux": 62.98617110011987, "muy": 63.781800652782294, "n": 1.0, "q": 0.6270862910425289, "roll": 0.5847840140913908}, "bulge": {"I": 325.1221475600557, "Re": 0.04657666008981602, "c": 2.0, "mux": 63.34516979556337, "muy": 63.64133787831469, "n": 0.9885625190210776, "q": 0.837341751451492, "roll": 1.3624289668048861}, "bar": {"I": 0.00015187798226638826, "Re": 1.5182088744195315, "c": 1.984260316357596, "mux": 63.63448981393866, "muy": 63.37835143394719, "n": 1.0335425661857847, "q": 0.20315579751096408, "roll": 0.5922568829818894}, "spiral": [[[[69.64890932028217, 65.131363504017], [69.56867157129571, 65.95434305461684], [69.37555570119686, 66.75853724219765], [69.08607807723713, 67.53341382858072], [68.71449034928222, 68.27253716916836], [68.27271637855073, 68.9720542808259], [67.77063298290368, 69.62968558076246], [67.21643350537173, 70.24408539658785], [66.61697013646341, 70.81444550392766], [65.97804345255733, 71.34025133581152], [65.30463681715467, 71.82113257793011], [64.60110310536474, 72.25677208660467], [63.87131318904712, 72.64685119262474], [63.118774792207745, 72.99101813779939], [62.34672873937005, 73.28887167964214], [61.55822802104409, 73.53995513168088], [60.75620372114049, 73.7437581023156], [59.94352071805419, 73.89972444248427], [59.12302514280417, 74.00726569525901], [58.297584803472304, 74.06577982090069], [57.47012311791353, 74.07467523397086], [56.64364650659778, 74.03340027359862], [55.821264674295065, 73.94147814383915], [55.00620276459111, 73.79854710285494], [54.20180404155718, 73.60440523901919], [53.4115215998508, 73.35905855437234], [52.63889770561113, 73.0627703183809], [51.887529801372246, 72.71610882707442], [51.16102302781855, 72.31998995472895], [50.462930308145374, 71.87571038198269], [49.7966825110285, 71.38496733717291], [49.165512740986905, 70.84986126204332], [48.57238009970771, 70.27287906923921], [48.01989899389911, 69.6568575029867], [47.51027996891308, 69.00492828171896], [47.04528705940396, 68.32044877668798], [46.62621486149648, 67.60692357686055], [46.25388633029211, 66.86792306034144], [45.928670069261344, 66.10700495723168], [45.650514049765704, 65.32764393402807], [45.41899153495974, 64.53317275007404], [45.23335453816066, 63.72673685773259], [45.0925903927508, 62.91126277384591], [44.995477677496396, 62.08943931426852], [44.940638678562046, 61.26370998090795], [44.92658652712992, 60.436274382540404], [44.95176601771149, 59.609096486467074], [45.0145878108701, 58.78391766779323], [45.1134562190763, 57.96227277970381], [45.24679110179263, 57.145507830489386]], {"I": 0.01699962284045556, "falloff": 0.02807831983048004, "spread": 3.42812894467383}], [[[55.37343982734656, 60.98059905707386], [55.685812767594086, 60.18827338991403], [56.061446230263066, 59.42387087838608], [56.49405172818738, 58.69017583682598], [56.97800725250379, 57.98926319725104], [57.50830870256207, 57.322704592438704], [58.08050203476225, 56.691723099947765], [58.69060991050459, 56.097307854099775], [59.335060053165876, 55.54029833238603], [60.01061862191444, 55.02144614690876], [60.714329717438176, 54.54146028413599], [61.44346097070653, 54.10104016155588], [62.19545460163454, 53.7008996331681], [62.96788310425856, 53.34178413160075], [63.7584086673533, 53.02448241807491], [64.56474549033031, 52.74983386213287], [65.38462426000862, 52.51873174285773], [66.21575819488112, 52.33212271281387], [67.05581023792008, 52.191002273225415], [67.90236119080612, 52.0964058552165], [68.75287884461709, 52.04939488645914], [69.60468848671321, 52.05103705180579], [70.45494556450637, 52.10237985221309], [71.30061176793211, 52.20441656619506], [72.13843634310012, 52.35804387530021], [72.96494503173074, 52.56401079623671], [73.77643956625239, 52.82285923669248], [74.56901100966888, 53.134857511094154], [75.33857023199236, 53.49992951701978], [76.08089824902197, 53.917583888647286], [76.79171782363235, 54.38684908209373], [77.46678556137323, 54.9062216331834], [78.10200084973972, 55.4736352843178], [78.69352481055168, 56.086457851609616], [79.23789964677222, 56.74152035943112], [79.73215717645655, 57.43517927096287], [80.17390560686383, 58.16340822703088], [80.56138591300471, 58.92191155346978], [80.89349313921994, 59.7062489258883], [81.16976263143056, 60.511959657895034], [81.39032554542884, 61.33467619943999], [81.55584104906727, 62.170219115270726], [81.66741403442688, 63.014669239167866], [81.72650695363176, 63.864416040769655], [81.73485302228832, 64.71618389103419], [81.69437608303735, 65.5670396158325], [81.60712037671479, 66.41438548183704], [81.47519169866976, 67.25594179901283], [81.3007100648323, 68.08972287235542], [81.08577311821223, 68.91400936207921]], {"I": 0.012568817027638327, "falloff": 0.01, "spread": 3.1381658665526433}]]}