{"disk": {"I": 0.037681515780957235, "Re": 35.164621321892284, "c": 2.0, "mux": 128.05475640851245, "muy": 130.02647450736148, "n": 1.0, "q": 0.8730705409752513, "roll": 1.7471519879611284}, "bulge": {"I": 0.017894933928827055, "Re": 35.164621321892284, "c": 2.0, "mux": 125.99999999503656, "muy": 125.80000000131132, "n": 3.2437214686127533, "q": 1.0, "roll": 2.8807541709158455}, "bar": null, "spiral": []}