{"disk": {"I": 0.004402566565394238, "Re": 59.35057023266954, "c": 2.0, "mux": 67.25642953603028, "muy": 67.2528926208059, "n": 1.0, "q": 0.5959114361501198, "roll": 2.112184157201337}, "bulge": {"I": 0.0, "Re": 0.0, "c": 2.0, "mux": 69.6963853883167, "muy": 63.69208410996508, "n": 1.120473339065187, "q": 0.4, "roll": 0.7577514293730729}, "bar": null, "spiral": [[[[60.57576302276631, 75.57085761060813], [59.64605060008557, 74.97737019756856], [58.75768955793081, 74.32362582161561], [57.91615768696368, 73.61063472869198], [57.12759558781054, 72.8394951277722], [56.3989245570252, 72.01156600709791], [55.7379456982371, 71.12869454167486], [55.153394779364326, 70.19351236713055], [54.65491062772237, 69.20980935120998], [54.25285501095009, 68.18297700910894], [53.95790632872986, 67.12047974173443], [53.78035498263793, 66.03225747672406], [53.72908106023765, 64.93089920653837], [53.810314826901006, 63.83139197855036], [54.02644522083558, 62.75030587649317], [54.3752568967177, 61.7044592418785], [54.84991690838434, 60.70935682769581], [55.43976880236131, 59.77784171073068], [56.131672658930086, 58.919320594016924], [56.911465682934384, 58.1396633017883], [57.765183424476895, 57.44162581201504], [58.679874250741655, 56.825537913197934], [59.644015622845, 56.29002857507399], [60.64763153303649, 55.832654724972095], [61.682225767835654, 55.45038438232365], [62.74062274963962, 55.13993749873508], [63.816776155897315, 54.89801038425071], [64.90557919256865, 54.72141398997873], [66.00269266402769, 54.607152500152296], [67.10439650864896, 54.55246252061939], [68.20746498428272, 54.55482730806971], [69.30906317236709, 54.61197583661827], [70.40666159909553, 54.721873116197614], [71.49796571455924, 54.8827058379032], [72.58085726334208, 55.092865843704075], [73.65334500738112, 55.350932893528146], [74.71352267597324, 55.655657520813925], [75.75953240200913, 56.00594433600241], [76.78953222167237, 56.40083584731254], [77.8016664787501, 56.839496671741806], [78.79403819053138, 57.32119786570428], [79.76468261199214, 57.845300987151546], [80.71154139232145, 58.41124139179264], [81.63243686764676, 59.01851015260393], [82.52504619295043, 59.66663386584897], [83.38687520477795, 60.355151463845424], [84.21523214878162, 61.08358699509832], [85.00720173281255, 61.85141716353124], [85.75962041407088, 62.65803225940577], [86.46905443913276, 63.50268900206361]], {"I": 0.08155363275367204, "falloff": 1.707175347326365, "spread": 77.95809759075156}], [[[76.0751255406874, 65.51729431835307], [76.60183620408178, 65.91629142589818], [77.10546239689154, 66.34405315807815], [77.58398950537111, 66.79971385604017], [78.03527179398563, 67.28236629620422], [78.457025004151, 67.79101776514672], [78.84682694390459, 68.32454221470708], [79.20212865657369, 68.88162858957898], [79.52027932729328, 69.46072640276007], [79.79856835776489, 70.05999100635735], [80.0342877355103, 70.67723275940297], [80.22481659303675, 71.30987625189023], [80.36772737787815, 71.95493750248846], [80.46090923014098, 72.60902792073813], [80.50269935484546, 73.2683929625021], [80.49200840670619, 73.92899010183713], [80.42842280025464, 74.58660490507238], [80.3122671402332, 75.23699659578583], [80.14461458482916, 75.87605757808308], [79.9272412967224, 76.49996736359365], [79.66253095565625, 77.10532189373103], [79.35334357437183, 77.68922432979176], [79.00286720563766, 78.24933122924595], [78.61447082970653, 78.78385603466165], [78.19157276637867, 79.29153777366281], [77.73753328551524, 79.77158580564362], [77.25557455041465, 80.22361156928922], [76.74872678876913, 80.64755652582], [76.21979702566476, 81.04362291596088], [75.67135564123244, 81.41221138189165], [75.10573599424124, 81.75386739582486], [74.52504292915873, 82.0692369341005], [73.93116680138263, 82.35903090014556], [73.32580049196402, 82.62399730578169], [72.71045761521898, 82.86490003228975], [72.0864907205342, 83.08250299169484], [71.45510873241028, 83.27755861124686], [70.81739319681728, 83.45079970964493], [70.17431312585353, 83.60293399041548], [69.52673837318413, 83.73464052352405], [68.87545157187262, 83.84656771726651], [68.22115871315, 83.93933238952181], [67.56449847688698, 84.01351963735178], [66.90605043450547, 84.06968327466487], [66.24634224539561, 84.108346663076], [65.58585596542396, 84.13000380632829], [64.92503357304217, 84.13512060937889], [64.2642818138813, 84.12413623248364], [63.60397644926996, 84.09746448679579], [62.94446598739121, 84.05549523517372]], {"I": 0.09101914374842796, "falloff": 4.4310216503066755, "spread": 28.5796803157924}]]}