{"disk": {"I": 0.1499225766771133, "Re": 16.751161878878005, "c": 2.0, "mux": 48.48715803513123, "muy": 49.330367750842335, "n": 1.0, "q": 0.6106588089568754, "roll": 3.0014943352870076}, "bulge": {"I": 7.494366791726821, "Re": 16.751161878878005, "c": 2.0, "mux": 181.07722716922234, "muy": -77.85558587522783, "n": 4.373119666532317, "q": 0.5701654332342301, "roll": 2.701761441131051}, "bar": null, "spiral": []}