{"disk": {"I": 0.20348755478931507, "Re": 12.609416835639578, "c": 2.0, "mux": 42.20446923177399, "muy": 42.917572397878104, "n": 1.0, "q": 0.7039836991926954, "roll": 1.7922170897177336}, "bulge": {"I": 0.12227768463279486, "Re": 2.086927435071886, "c": 2.0, "mux": 55.74766819684125, "muy": 40.505432387937695, "n": 0.9852818078757457, "q": 0.8333333333333334, "roll": 0.61482232831864}, "bar": null, "spiral": []}