{"disk": {"I": 0.12078305892490887, "Re": 19.41015509344942, "c": 2.0, "mux": 128.34405741572508, "muy": 128.8004589909727, "n": 1.0, "q": 0.5283985887138434, "roll": 2.8633076681993526}, "bulge": {"I": 0.0, "Re": 7.525053451056843, "c": 2.0, "mux": 118.57836980757024, "muy": 130.83337189685466, "n": 1.0025514047119073, "q": 0.5597666925317967, "roll": 0.3021314184734362}, "bar": {"I": 0.0, "Re": 3.7339969364336087, "c": 2.0, "mux": 120.01088846178496, "muy": 131.39537513826542, "n": 1.0, "q": 0.3680341458719626, "roll": 1.2154811400976442}, "spiral": [[[[136.2630008336144, 133.50223098476002], [135.9021573175348, 136.1870099040609], [134.96545875299591, 138.72764616805873], [133.43332932142795, 140.95791795363954], [131.33612919375216, 142.66391512961033], [128.81562655871357, 143.63855394517518], [126.11630894929148, 143.796533085952], [123.47231008614553, 143.21680115969937], [121.02331177258792, 142.0581922998245], [118.82496023460556, 140.47208753797796], [116.88865125457171, 138.57359195770601], [115.20829034620866, 136.4445019113073], [113.77277761587578, 134.14280151674043], [112.57098811340799, 131.71063842372104], [111.59352831497374, 129.17981683728303], [110.83321474478751, 126.57541576052918], [110.28507553625565, 123.91819302145484], [109.94619016395197, 121.22623934194593], [109.81548326068292, 118.51617814920769], [109.89350513804217, 115.80409571203958], [110.18219395350272, 113.10631683905206], [110.68459361017888, 110.44009638261957], [111.40448592794866, 107.82426291344224], [112.34588169269469, 105.27981812726291], [113.51230472611878, 102.83045544782877], [114.90580421225914, 100.50290804577087], [116.52565927208637, 98.32697054615791], [118.36681901604328, 96.3349766147038], [120.41826775280518, 94.56050021703153], [122.66169987023575, 93.03615174489106], [125.07103781776352, 91.79061763593093], [127.61327097436582, 90.84549507839405], [130.2507234348926, 90.21278403364829], [132.94429297519946, 89.89383669119306], [135.6567869049893, 89.88006052776457], [138.35550480877018, 90.15501509555466], [141.01363263548922, 90.69714339173031], [143.61050146167725, 91.482399286967], [146.1310577855311, 92.48632400107999], [148.56494230425048, 93.68544284803413], [150.9054795377201, 95.0580595797465], [153.14875205646243, 96.58460546627272], [155.29283185020734, 98.24769988821387], [157.3371796829437, 100.03204509140564], [159.2821941422776, 101.92423910534616], [161.12888218066865, 103.91255870568128], [162.87862319990955, 105.98674205010633], [164.53300272934416, 108.13778601212111], [166.09369680243026, 110.35776468924193], [167.56239272161494, 112.63967077336154]], {"I": 0.0, "falloff": 20.596436045058727, "spread": 0.0}], [[[120.4094006217685, 109.93853232938797], [122.47081040296594, 108.34044844700098], [124.80598628406611, 107.17969725579783], [127.32943354348119, 106.52255576225535], [129.93405723970002, 106.39062285235494], [132.51685622948182, 106.75697737931442], [134.998975943998, 107.56203128719127], [137.3306516996047, 108.73495710406532], [139.48558423671173, 110.20851611433318], [141.45270831880808, 111.92533183896713], [143.22952641980257, 113.83878947581748], [144.81777135411212, 115.91167431888815], [146.22087404764082, 118.11425597991638], [147.44257273284867, 120.42250326453542], [148.4861800660954, 122.81661741892654], [149.35421112430893, 125.27987922265396], [150.04820284879966, 127.79774854328898], [150.56863212033562, 130.35714861534942], [150.91488359307363, 132.94587613082302], [151.08524376554146, 135.5520891907793], [151.07691343710908, 138.16383433521722], [150.88604210845793, 140.76858076416042], [150.50779854449345, 143.35273543428252], [149.9365040698512, 145.9011188238132], [149.16587106193236, 148.3963908988023], [148.1894092191073, 150.8184352347667], [147.00108433950027, 153.1437438429253], [145.59632983161228, 155.3449054476596], [143.9734987182816, 157.39039207025954], [142.1357650214963, 159.24495149009516], [140.09329184066343, 160.8709912362945], [137.86517134900052, 162.23126239428962], [135.48032926721334, 163.29277381687734], [132.9765657143857, 164.0311923891617], [130.39745594189446, 164.43437010903529], [127.78781622803946, 164.50367036376042], [125.1891751069855, 164.25264906392133], [122.63657921202147, 163.70380091072235], [120.15725875910096, 162.88467724437942], [117.77085986223737, 161.82448357729868], [115.49058360685585, 160.5516764639614], [113.3246272511369, 159.09257212114272], [111.27755152811888, 157.47073137765491], [109.35141071201608, 155.70684389390087], [107.54661470316178, 153.81888856353947], [105.86255439017047, 151.8224209502553], [104.29804036742604, 149.73089965069957], [102.85160360502901, 147.55600520883985], [101.52169787064096, 145.30793037634064], [100.30683396942989, 142.99563462710725]], {"I": 0.014126877324713731, "falloff": 0.16812702088045284, "spread": 390.21260498884106}]]}