{"disk": {"I": 0.04075778487162082, "Re": 25.879490817282775, "c": 2.0, "mux": 75.38394878266956, "muy": 78.41769421669719, "n": 1.0, "q": 0.7984415629456194, "roll": 0.8308837990518105}, "bulge": {"I": 0.017853501745468903, "Re": 1.3300948707846418, "c": 2.0, "mux": 74.83274747788433, "muy": 77.36712480136056, "n": 1.0095636479145624, "q": 0.6310191749824388, "roll": 2.036152366104574}, "bar": {"I": 0.25332434479343263, "Re": 6.043699756263696, "c": 3.104688790153899, "mux": 77.26276591648117, "muy": 76.81747419731073, "n": 1.0090805532572855, "q": 0.5122651113329285, "roll": 2.2750250119080415}, "spiral": [[[[106.76451737485691, 88.94207936529062], [105.76753822833871, 90.15797290596578], [104.71085557294593, 91.32235095627472], [103.59659726520222, 92.43175304407771], [102.427128809969, 93.48278982307698], [101.2050510298522, 94.4721588054317], [99.93319648340854, 95.39665946196061], [98.61462480945323, 96.25320752091703], [97.25261721035127, 97.03884833275883], [95.85067031642595, 97.75076921164947], [94.41248969619409, 98.386310714138], [92.94198329226222, 98.94297687081877], [91.44325505983286, 99.41844443666278], [89.92059909433904, 99.81057129560891], [88.37849450505098, 100.11740419853193], [86.8216012848617, 100.33718608492303], [85.25475738824392, 100.46836328745988], [83.68297719593303, 100.50959297815363], [82.11145150031253, 100.45975127122352], [80.54554909185751, 100.31794245374957], [78.990819963963, 100.08350987252663], [77.45300008136182, 99.75604906902804], [75.93801756133006, 99.33542380876115], [74.45200001451667, 98.82178572663572], [73.00128264815099, 98.21559836484022], [71.59241656896586, 97.51766644945201], [70.23217650797413, 96.72917130429302], [68.92756692163341, 95.85171333561989], [67.6858250930505, 94.88736252461896], [66.51441945065928, 93.83871781114169], [65.42104083298162, 92.70897610830997], [64.41358385923661, 91.50201141414237], [63.50011492912263, 90.22246402384289], [62.68882270914232, 88.87583913773271], [61.98794633405296, 87.46861310942208], [61.40567608435602, 86.00834415461641], [60.950021163418214, 84.50378247023521], [60.62863963835969, 82.96497243314923], [60.448626911190956, 81.40333700407204], [60.416261558329865, 79.83173191972944], [60.53671122096323, 78.26445526387897], [60.813706462439804, 76.71719723362965], [61.24919671909168, 75.20691623520011], [61.84300877932196, 73.75163154715545], [62.59253315811136, 72.37013002072379], [63.492465565185555, 71.08159412728789], [64.53462781950289, 69.9051696074013], [65.70788430735848, 68.85950057901951], [66.99815714383234, 67.96226543922718], [68.38852775364994, 67.22974600418151]], {"I": 0.048767548429108416, "falloff": 0.7435329620591173, "spread": 8.318938191029607}], [[[78.15976303209206, 48.947933664806456], [79.32976299671823, 49.227271664582695], [80.48749992460749, 49.55372692640577], [81.63100512932917, 49.926985145465295], [82.75829893321861, 50.346666408096674], [83.86739080232523, 50.812323515461586], [84.95627954780238, 51.323439980893276], [86.02295364008938, 51.87942768752453], [87.06539168640626, 52.47962419639923], [88.08156312630719, 53.12328969841582], [89.06942920464817, 53.809603608840945], [90.0269442858957, 54.53766080869673], [90.95205757826206, 55.306467544036124], [91.84271534053273, 56.11493700212184], [92.69686364842784, 56.96188459292716], [93.51245180063032, 57.84602297531042], [94.28743644691716, 58.765956879501445], [95.0197865216534, 59.720177792269205], [95.70748906473445, 60.70705858712294], [96.34855600879848, 61.724848197957726], [96.94103200424519, 62.77166645655968], [97.48300334394501, 63.845499230312704], [97.97260803395119, 64.94419402000416], [98.40804703699501, 66.06545619549759], [98.78759669018216, 67.20684606554569], [99.10962226690367, 68.36577699373527], [99.37259261599038, 69.53951478327363], [99.57509576853617, 70.72517855829274], [99.71585535563507, 71.91974336630194], [99.7937476301748, 73.12004471353131], [99.80781883292144, 74.3227852219878], [99.75730259535813, 75.52454355877711], [99.64163702302824, 76.72178574132839], [99.46048106940634, 77.91087885788681], [99.21372978187544, 79.08810717132232], [98.90152799429005, 80.24969049092947], [98.52428204887762, 81.39180461038826], [98.08266916054419, 82.51060352239408], [97.57764408861662, 83.60224303800642], [97.01044285382159, 84.662905367294], [96.38258332930306, 85.68882416300629], [95.69586263818576, 86.67630949514384], [94.95235140509637, 87.62177221624898], [94.15438502033268, 88.52174719444383], [93.30455218616116, 89.3729149365034], [92.40568110774238, 90.17212119032446], [91.46082377043707, 90.91639420533743], [90.47323879787322, 91.60295943052492], [89.44637341496113, 92.22925153969761], [88.38384504361522, 92.7929237844986]], {"I": 0.02556811852688544, "falloff": 0.26431277365888, "spread": 5.78604208239081}], [[[47.072034611772025, 67.43100437726557], [47.80800253106205, 66.53435044475712], [48.57758892158745, 65.66638149934252], [49.380043555288545, 64.82870849678689], [50.21452868053546, 64.0229416497385], [51.080117199164214, 63.25068636267906], [51.97579103758387, 62.51353909471773], [52.90043970613058, 61.813083177772285], [53.85285902806979, 61.15088461607738], [54.83175001779369, 60.52848789131923], [55.83571787929052, 59.94741179443001], [56.86327108955084, 59.409145300742274], [57.91282052542685, 58.915143499804024], [58.98267858536974, 58.466823584075854], [60.07105825229032, 58.06556089287157], [61.17607203900674, 57.71268499888208], [62.29573075029045, 57.40947581262478], [63.427941993838736, 57.15715966887821], [64.57050836817685, 56.95690534493365], [65.72112525204896, 56.809819944192], [66.87737811923296, 56.716944561275184], [68.03673930171995, 56.67924962422925], [69.19656412692028, 56.697629787401866], [70.35408635425473, 56.77289822006104], [71.50641284724368, 56.90578010900098], [72.65051742149507, 57.09690515549901], [73.78323382587622, 57.34679880900776], [74.90124783305046, 57.65587193300449], [76.00108844286841, 58.024408544051326], [77.07911824433424, 58.452551205671654], [78.13152303321176, 58.94028358552244], [79.15430086097247, 59.487409608032856], [80.14325079139803, 60.093528546049725], [81.09396178029716, 60.75800530292927], [82.00180227787519, 61.47993504172769], [82.86191139799139, 62.258101231727814], [83.6691928165847, 63.09092611621687], [84.41831296886461, 63.976412579283675], [85.10370563004508, 64.91207644163217], [85.71958559210492, 65.8948683823766], [86.25997489483083, 66.9210850398606], [86.71874590585085, 67.98626946197913], [87.08968641604892, 69.08510206401449], [87.36659270558195, 70.21128470381423], [87.54339704963499, 71.35742250407846], [87.6143360818693, 72.51491064770426], [87.57416543536377, 73.6738364640647], [87.41842371088023, 74.82291037106715], [87.14374471950015, 75.94944203910231], [86.74821103977906, 77.03937952840754]], {"I": 0.029564517046338053, "falloff": 0.41258555096910793, "spread": 4.305514377319885}]]}