{"disk": {"I": 0.04453585324608708, "Re": 18.579062351647735, "c": 2.0, "mux": 63.88842472853465, "muy": 64.01678989519749, "n": 1.0, "q": 0.7036606409753179, "roll": 1.1368289008010388}, "bulge": {"I": 0.05842628814990163, "Re": 18.271457124258802, "c": 2.0, "mux": 67.78474354532298, "muy": 68.20757004064754, "n": 0.8155962814273024, "q": 0.6432889572014495, "roll": 0.03383971322365742}, "bar": {"I": 0.33302371299482286, "Re": 2.3033535373934715, "c": 2.0074174512896357, "mux": 65.92460550519382, "muy": 66.12553997883552, "n": 1.4015054376052356, "q": 0.4714678432942649, "roll": 3.100924660953547}, "spiral": [[[[62.65659442737746, 83.53249263717377], [62.05801770379031, 83.15939421183234], [61.47778769367751, 82.75835986713946], [60.91731439139372, 82.33014943120408], [60.377958769921975, 81.87562846650889], [59.86102420065426, 81.39576188804332], [59.36774917931971, 80.89160645152813], [58.89930151637537, 80.36430239401199], [58.45677408674681, 79.81506453326791], [58.04118216882342, 79.2451731412238], [57.6534623408007, 78.6559648998271], [57.29447284849643, 78.0488242270325], [56.96499531367862, 77.4251752304109], [56.665737617254564, 76.78647450904894], [56.397337772807994, 76.13420498305277], [56.16036859038531, 75.46987089227777], [55.95534293266813, 74.79499406802856], [55.782719367093215, 74.11111155210938], [55.64290803063763, 73.41977461300804], [55.536276534668, 72.72254919378575], [55.46315575068213, 72.0210178184849], [55.4238453284659, 71.31678298443477], [55.4186188044712, 70.61147207632682], [55.44772815853021, 69.9067438535493], [55.5114076685923, 69.2042965844855], [55.60987689357437, 68.50587793070167], [55.74334258147593, 67.8132967161319], [55.9119992480846, 67.12843675502015], [56.11602809760256, 66.45327295091474], [56.35559385254659, 65.78988991660604], [56.630838917791955, 65.14050339646934], [56.941874112025545, 64.50748478435976], [57.288764943665655, 63.89338901451831], [57.67151207301755, 63.30098602283428], [58.09002416925248, 62.73329579950053], [58.54408082632835, 62.19362671170363], [59.03328254749011, 61.68561616447216], [59.55698407281954, 61.213271649544176], [60.11420661292562, 60.78100859493263], [60.703524092713636, 60.393678922027625], [61.322918762493586, 60.056580573163345], [61.96960329591635, 59.77543335670767], [62.63981102529705, 59.55630054720844], [63.328564858394586, 59.405430050476326], [64.02945009133197, 59.32898659025476], [64.73443641700604, 59.332652598715065], [65.43381522845033, 59.421097049647464], [66.1163282644921, 59.5973525500062], [66.76954584338277, 59.86219547911242], [67.38049530795567, 60.213668603363324]], {"I": 0.09349103332495039, "falloff": 1.334284469588299, "spread": 0.0}]]}