{"disk": {"I": 0.02061206006867931, "Re": 24.92943414768054, "c": 2.0, "mux": 67.38393325051013, "muy": 66.08613805516688, "n": 1.0, "q": 0.8333333333333334, "roll": 2.813617057115656}, "bulge": {"I": 0.30264813596107515, "Re": 4.582128817199711, "c": 2.0, "mux": 65.77567894413804, "muy": 65.66109095780146, "n": 1.0928839120185254, "q": 0.7018647845692757, "roll": 3.076948581926462}, "bar": null, "spiral": []}