{"disk": {"I": 0.16684499964284327, "Re": 22.254980714907415, "c": 2.0, "mux": 62.47086662735794, "muy": 65.3870786386671, "n": 1.0, "q": 0.4305830870665865, "roll": 0.555442848739859}, "bulge": {"I": 0.10540928104542471, "Re": 5.592252093649817, "c": 2.0, "mux": 72.17546954222678, "muy": 50.889635293028746, "n": 0.5, "q": 1.0, "roll": 1.958637247208991}, "bar": null, "spiral": []}