{"disk": {"I": 0.03975739983320452, "Re": 16.506225686066777, "c": 2.0, "mux": 33.730641365631776, "muy": 38.66395171318642, "n": 1.0, "q": 0.7422431376812517, "roll": 1.4623666858753361}, "bulge": {"I": 0.22823963106817574, "Re": 9.826071549578781, "c": 2.0, "mux": 44.111274618020246, "muy": 43.752108604532665, "n": 0.8613776387213591, "q": 0.7457148341744074, "roll": 1.6163023785255832}, "bar": null, "spiral": []}