{"disk": {"I": 0.002345460834727862, "Re": 53.9791697402946, "c": 2.0, "mux": 101.22790684158943, "muy": 101.4314070885318, "n": 1.0, "q": 0.01, "roll": 2.967905338159399}, "bulge": {"I": 0.005596153663763196, "Re": 53.97916967124571, "c": 2.0, "mux": 101.20000008576407, "muy": 101.2000000434375, "n": 5.0, "q": 0.6, "roll": 2.3494595557369804}, "bar": null, "spiral": []}