{"disk": {"I": 0.06407236752585142, "Re": 5.367630946189487, "c": 2.0, "mux": 95.68361342707226, "muy": 82.0545280808372, "n": 1.0, "q": 0.7096591894191618, "roll": 1.5406227137637953}, "bulge": {"I": 0.18082875113796357, "Re": 6.441157135427384, "c": 2.0, "mux": 86.3480925483642, "muy": 87.49664792539674, "n": 1.6479363699908791, "q": 0.8333333333333334, "roll": 1.176701658306306}, "bar": null, "spiral": []}