{"disk": {"I": 0.03537430231393917, "Re": 26.80152296611086, "c": 2.0, "mux": 77.27508185910524, "muy": 77.83733768208751, "n": 1.0, "q": 0.47152504607074347, "roll": 2.2819397282888185}, "bulge": {"I": 0.06158957545353593, "Re": 20.566013973929483, "c": 2.0, "mux": 78.30094015393804, "muy": 78.87352839458771, "n": 2.0949398022246934, "q": 0.6, "roll": 2.340423628607136}, "bar": null, "spiral": []}