{"disk": {"I": 0.018960439717157974, "Re": 30.07666711200971, "c": 2.0, "mux": 76.01448383139359, "muy": 89.31801552938597, "n": 1.0, "q": 0.30365190618924165, "roll": 2.937441153534131}, "bulge": {"I": 0.13181143592304384, "Re": 15.939407887058396, "c": 2.0, "mux": 68.48477179375064, "muy": 68.76780326645758, "n": 1.4843506478907282, "q": 0.6, "roll": 2.932829045568872}, "bar": null, "spiral": []}