{"disk": {"I": 0.10662988233010434, "Re": 18.313252812365423, "c": 2.0, "mux": 74.22130654992375, "muy": 74.25686884383406, "n": 1.0, "q": 0.8383587599561951, "roll": 2.766531627547753}, "bulge": {"I": 0.3044687544971822, "Re": 2.941446178006211, "c": 2.0, "mux": 74.40957159857106, "muy": 74.16606342871502, "n": 0.7784376172225814, "q": 0.8333333333333334, "roll": 2.338053519265192}, "bar": null, "spiral": []}