{"disk": {"I": 0.11522435606558477, "Re": 12.898654846313876, "c": 2.0, "mux": 61.66962605511896, "muy": 61.69925584995614, "n": 1.0, "q": 0.7138736380791969, "roll": 0.38552331965452025}, "bulge": {"I": 0.0, "Re": 12.898654846313876, "c": 2.0, "mux": 64.612937934571, "muy": 70.08789785271941, "n": 0.6635915539899099, "q": 1.0, "roll": 2.77931267816529}, "bar": null, "spiral": []}