{"disk": {"I": 0.04910576384138281, "Re": 23.593391098558456, "c": 2.0, "mux": 80.29930361636222, "muy": 79.47027186931906, "n": 1.0, "q": 0.7171598969484001, "roll": 1.883834123580211}, "bulge": {"I": 0.3149615396495735, "Re": 2.8158777383366975, "c": 2.0, "mux": 80.7625163432706, "muy": 80.23854367426557, "n": 1.9342200125271478, "q": 0.5564797955438979, "roll": 1.6064258540967844}, "bar": null, "spiral": []}