{"disk": {"I": 0.04158156129452396, "Re": 16.60683592732108, "c": 2.0, "mux": 34.03219803105703, "muy": 38.786276754725414, "n": 1.0, "q": 0.7328615818464652, "roll": 1.4835781084094934}, "bulge": {"I": 0.2273243821622032, "Re": 9.736176518089337, "c": 2.0, "mux": 44.16368647761183, "muy": 43.79078306463741, "n": 0.8581217449487123, "q": 0.7472659488316149, "roll": 1.611997717487376}, "bar": null, "spiral": []}