{"disk": {"I": 0.045473245732433644, "Re": 10.036922132972007, "c": 2.0, "mux": 31.245065032117136, "muy": 29.785679533816506, "n": 1.0, "q": 0.7704989377209177, "roll": 2.495411070086689}, "bulge": {"I": 4.034226485715106, "Re": 0.6403106352668309, "c": 2.0, "mux": 30.385686495220043, "muy": 29.96862011624223, "n": 0.5, "q": 0.4671187420536958, "roll": 1.676704461497461}, "bar": {"I": 1.2425737514611557, "Re": 1.4722446200918577, "c": 3.004362079720728, "mux": 31.415896947688882, "muy": 31.554916884356334, "n": 3.2704965297294817, "q": 0.0848092780309899, "roll": 2.039957396063028}, "spiral": [[[[34.868769110348936, 22.234819984402076], [35.115509541939836, 22.497290031029696], [35.35504018151471, 22.766355885378424], [35.58717968385481, 23.04182383763198], [35.81174421265695, 23.323501095670824], [36.028546638366514, 23.611195309722575], [36.237395729738914, 23.904714030319134], [36.43809533640235, 24.203864095179647], [36.630443560128555, 24.508450939313253], [36.81423191230254, 24.818277821116933], [36.989244455717355, 25.13314495566062], [37.15525692920522, 25.45284854455212], [37.31203585429723, 25.777179689730286], [37.45933762422355, 26.10592317635012], [37.59690757690918, 26.43885610742586], [37.724479055484416, 26.775746370137917], [37.84177246231867, 27.116350910675166], [37.948494315868956, 27.460413791186156], [38.04433632378806, 27.80766399871702], [38.12897449149867, 28.15781297246096], [38.20206829237317, 28.51055181157893], [38.263259935056986, 28.86554812238616], [38.3121737750277, 29.22244246024481], [38.34841593258808, 29.580844319631524], [38.37157419797651, 29.940327625171022], [38.38121832756779, 30.300425679033822], [38.37690086357645, 30.660625527250662], [38.35815864362388, 31.02036172049694], [38.32451520700324, 31.37900946929017], [38.275484349615496, 31.735877229010704], [38.21057512905951, 32.09019880596286], [38.12929867040786, 32.44112515403043], [38.03117716571456, 32.787716139836064], [37.91575548502761, 33.128932698418346], [37.78261580751055, 33.46362998225641], [37.631395615484074, 33.790552323211955], [37.46180924353988, 34.10833106483018], [37.27367290785477, 34.415486553379345], [37.06693273151293, 34.710435748238545], [36.84169471980523, 34.991506952512054], [36.5982549514413, 35.25696297825519], [36.33712751930842, 35.50503355280838], [36.05906712605319, 35.73395688282181], [35.76508292386839, 35.942029041308885], [35.45644040424321, 36.127658378610036], [35.13464904709557, 36.289420769465934], [34.80143501731511, 36.426110576119356], [34.45870021715155, 36.53678208790426], [34.1084710295137, 36.62077707182432], [33.75284161317783, 36.67773582733771]], {"I": 0.1790318899687751, "falloff": 1.8645275383620366, "spread": 0.5624171393631857}], [[[28.125135640502943, 40.360023495891525], [27.815514354813228, 40.13666216401475], [27.513096808400793, 39.90363962239549], [27.21810768294001, 39.66128138013142], [26.93076401452977, 39.40990533694168], [26.651276735178534, 39.14982202391106], [26.379852140873382, 38.881334962536094], [26.116693289864298, 38.60474112919504], [25.862001335867642, 38.320331514963534], [25.615976801485154, 38.028391773332444], [25.378820797393068, 37.72920295075817], [25.150736192918213, 37.423042297361604], [24.931928743395527, 37.1101841573424], [24.722608179255857, 36.7909009408213], [24.522989261170753, 36.46546418092183], [24.333292804706957, 36.13414568199818], [24.153746676831418, 35.79721876698645], [23.98458676521605, 35.45495963394763], [23.82605791956274, 35.10764883399684], [23.678414862027857, 34.755572884976274], [23.54192306117812, 34.39902603742214], [23.416859560635196, 34.03831221156916], [23.30351374954108, 33.67374712630094], [23.202188057001315, 33.305660642994766], [23.113198546403375, 32.9343993487942], [23.03687537825892, 32.560329405455185], [22.973563100624887, 32.18383968986362], [22.9236207154606, 31.80534525220784], [22.887421455532895, 31.425291114712515], [22.865352190896335, 31.0441564291493], [22.857812365405113, 30.662459002521445], [22.86521234267, 30.28076018671616], [22.887971017613108, 29.899670107907006], [22.92651252508147, 29.51985318247213], [22.98126185269426, 29.142033827169378], [23.052639143761397, 28.767002218143592], [23.141052462147798, 28.395619885975858], [23.246888790466386, 28.028824849174995], [23.370503054288104, 27.667635888385075], [23.512205018723535, 27.313155450683862], [23.672244001404017, 26.966570557014748], [23.850791500499735, 26.62915097953909], [24.0479220550195, 26.302243885214956], [24.26359293995812, 25.987264135802064], [24.497623636373838, 25.685679532171257], [24.74967637380388, 25.398990527713952], [25.019239362413572, 25.128704336963473], [25.30561453624123, 24.87630392905247], [25.607911629979935, 24.643213077282883], [25.925050136142666, 24.430759342818593]], {"I": 0.09644211077236516, "falloff": 0.9007255512346709, "spread": 11.76440408009501}]]}