{"disk": {"I": 0.05955575295969112, "Re": 28.599579930975896, "c": 2.0, "mux": 97.84716465121681, "muy": 101.22318890292148, "n": 1.0, "q": 0.8333333333333334, "roll": 0.39869266886882104}, "bulge": {"I": 0.24368290661607483, "Re": 5.54376304008374, "c": 2.0, "mux": 97.7598868221948, "muy": 97.57693910195042, "n": 0.9912033084168608, "q": 0.4879935744121282, "roll": 2.235340676940162}, "bar": null, "spiral": [[[[105.6332588918906, 121.35956377538155], [104.50651392924853, 121.45813817022557], [103.37600835626905, 121.49316501188476], [102.2453246997428, 121.46446079867258], [101.11804983264601, 121.37214810822381], [99.99774119044459, 121.21664706564322], [98.88789577635838, 120.9986612519916], [97.79192292502043, 120.71915896578318], [96.71312152436116, 120.37935092156843], [95.65466210916304, 119.98066554762491], [94.61957395682587, 119.52472304677215], [93.6107370688319, 119.01330930323695], [92.63087871894355, 118.4483505905254], [91.6825740986732, 117.83188987446081], [90.76825050082492, 117.16606532735229], [89.89019443564477, 116.45309150066566], [89.05056107235103, 115.69524344767575], [88.25138542781137, 114.89484395673048], [87.4945947726743, 114.05425395345331], [86.78202178494242, 113.17586605641215], [86.11541804342076, 112.2621012241328], [85.49646751219984, 111.31540840873551], [84.92679971712438, 110.33826712914235], [84.40800235253889, 109.33319289064481], [83.9416330786787, 108.30274540358177], [83.52923027431042, 107.24953958812476], [83.17232249353243, 106.1762593914634], [82.87243633766042, 105.08567448292625], [82.63110238941402, 103.98065992846347], [82.4498587640652, 102.86421897223786], [82.33025170639266, 101.73950906233753], [82.27383249857786, 100.6098712377453], [82.28214973876776, 99.47886293249097], [82.35673580033833, 98.35029412638174], [82.49908599059339, 97.22826655137446], [82.71062860469604, 96.11721531632875], [82.99268374387913, 95.02195178227956], [83.34640848446188, 93.94770576911682], [83.77272583698371, 92.90016413367672], [84.2722350582512, 91.88550141082678], [84.84510147696788, 90.9103965608534], [85.49092532371085, 89.98202804308434], [86.20859141051861, 89.10803771738416], [86.99610511648142, 88.29645298512929], [87.85042501514059, 87.55555690518354], [88.7673082125141, 86.89369872631629], [89.74118991874262, 86.31904325658711], [90.76512211290745, 85.83926701939966], [91.83079504439891, 85.46122126381754], [92.92865789536488, 85.19059397730823]], {"I": 0.014727688069760575, "falloff": 0.01, "spread": 10.986737179815588}], [[[67.86581167451706, 114.88964250810166], [67.86469583728736, 113.9428711542598], [67.88260036796326, 112.9962689754535], [67.91983683085172, 112.05023057473224], [67.97672297249818, 111.10517075568869], [68.05358262556754, 110.16152596012306], [68.15074555268578, 109.21975581590478], [68.26854721896565, 108.28034480180855], [68.40732848064573, 107.34380403822514], [68.56743517476401, 106.4106732108181], [68.74921759272729, 105.48152263500066], [68.95302981797664, 104.55695546896858], [69.17922890487043, 103.63761008197238], [69.42817387256574, 102.72416258385239], [69.70022448384228, 101.81732952084629], [69.99573977455327, 100.91787073945497], [70.3150762946338, 100.0265924198907], [70.65858601647783, 99.1443502740882], [71.0266138607651, 98.27205290144963], [71.41949478391378, 97.41066528757379], [71.83755036504974, 96.56121242446332], [72.28108482411523, 95.72478302079976], [72.7503803962824, 94.90253325991954], [73.24569198289687, 94.09569054665118], [73.76724099382481, 93.30555716922161], [74.31520829400758, 92.53351377950588], [74.88972616675834, 91.78102257129413], [75.49086920997557, 91.0496300081864], [76.11864409075142, 90.34096892052986], [76.77297809949496, 89.65675975644919], [77.45370646963222, 88.99881073488947], [78.1605584643509, 88.36901661164913], [78.89314227989357, 87.76935573467755], [79.65092887795399, 87.20188503575645], [80.43323493747141, 86.66873258782991], [81.23920520929512, 86.1720873557706], [82.06779466396145, 85.71418579049617], [82.91775093663036, 85.29729496985792], [83.78759768985881, 84.92369208070599], [84.6756196182084, 84.59564017113223], [85.57984989975003, 84.31536028133073], [86.49806093435616, 84.0850002825404], [87.42775918537018, 83.90660100592326], [88.36618483741857, 83.78206050759265], [89.3103167918583, 83.71309756613083], [90.25688323859107, 83.70121571185386], [91.20237767820336, 83.74766920596649], [92.14307984804255, 83.85343239236427], [93.07508056343796, 84.01917371025601], [93.9943090668047, 84.24523537569777]], {"I": 0.00844783749799129, "falloff": 0.15257859981595304, "spread": 5.924789010250003}], [[[65.14730766972089, 83.19848882337972], [66.1127273051201, 81.69076335258261], [67.15288343185195, 80.23360553927103], [68.26713103302332, 78.83230393534329], [69.4544387848919, 77.49235902990986], [70.71333452080358, 76.21945295304742], [72.04185023401783, 75.0194074655375], [73.43746896980525, 73.89812903087177], [74.89707650704551, 72.86154028845766], [76.4169212623974, 71.91549800203818], [77.99258615288083, 71.06569857222448], [79.61897617557167, 70.31757340764581], [81.29032508619791, 69.67617775314291], [83.00022370271958, 69.14607781002208], [84.74167102705414, 68.73124194296314], [86.50714768248429, 68.43494227814656], [88.28870922632731, 68.25967282860938], [90.07809504827277, 68.20708942790802], [91.86684703166033, 68.27797521132386], [93.64643121351145, 68.47223335227962], [95.40835547642514, 68.7889065211302], [97.14427685853994, 69.22622039873329], [98.84609326357337, 69.78164683445839], [100.50601596505254, 70.45198110251503], [102.11662107397952, 71.2334272212099], [103.67087981387783, 72.12168545095703], [105.16216884830499, 73.11203670447634], [106.58426290996691, 74.19941953425254], [107.93131258789147, 75.37849639489085], [109.19781036114838, 76.64370687998563], [110.37854792125123, 77.98930647786351], [111.46856759404344, 79.40939002241693], [112.46311035412673, 80.8978994102569], [113.35756260743774, 82.44861531952816], [114.14740367283409, 84.05513262518527], [114.82815578803142, 85.71081898679539], [115.39533855268475, 87.40875573668885], [115.84443007391894, 89.14165974869222], [116.1708377724565, 90.90178448969796], [116.36988294845806, 92.68079802500104], [116.43680493076205, 94.46963551716664], [116.36679310291916, 96.25832395388537], [116.15505848456372, 98.03577789549965], [115.79696094416605, 99.78956759278971], [115.2882134073368, 101.50566591929159], [114.62518993357975, 103.16818964191641], [113.80536850951265, 104.75916533919356], [112.8279382140134, 106.25837222614797], [111.69458776540637, 107.64334283649038], [110.41045959472574, 108.88963264156688]], {"I": 0.02649232868808529, "falloff": 0.35765760650090783, "spread": 9.23295078492027}]]}