{"disk": {"I": 0.09988268285213636, "Re": 19.65622860315461, "c": 2.0, "mux": 74.41339230192119, "muy": 74.63392518347628, "n": 1.0, "q": 0.8333333333333334, "roll": 1.46613924482077}, "bulge": {"I": 0.4942205246703462, "Re": 1.8825374754414321, "c": 2.0, "mux": 74.5880001391433, "muy": 74.56965255250195, "n": 0.9540395097445704, "q": 0.8148052717463056, "roll": 1.089640291998226}, "bar": null, "spiral": []}