{"disk": {"I": 0.09120801541172593, "Re": 24.055409665321964, "c": 2.0, "mux": 84.65226906202031, "muy": 85.25076180500528, "n": 1.0, "q": 0.824456793147182, "roll": 3.0063519429527936}, "bulge": {"I": 0.0, "Re": 0.0, "c": 2.0, "mux": 47.51994246262496, "muy": 72.12922961219455, "n": 5.0, "q": 0.4, "roll": 0.07753041339199118}, "bar": null, "spiral": [[[[128.89439302794636, 76.5438951473476], [128.48768595313302, 77.86928384778162], [128.05129780200323, 79.18519702725501], [127.58474666537384, 80.49071918865961], [127.08754520550427, 81.78487699247789], [126.55920224590382, 83.06663465441898], [125.99922474527463, 84.3348889921156], [125.40712022525733, 85.5884640980999], [124.78239973361202, 86.82610563736021], [124.12458143717802, 88.04647476067625], [123.43319495363141, 89.24814164188516], [122.70778654695174, 90.42957865738323], [121.94792532889392, 91.58915324310084], [121.15321062809083, 92.7251204837282], [120.32328070488006, 93.83561552578145], [119.45782301247348, 94.91864592894468], [118.55658621701663, 95.97208413092889], [117.61939420480783, 96.99366024736965], [116.64616230943604, 97.98095550181593], [115.63691598609076, 98.93139666340093], [114.59181213873589, 99.84225196602408], [113.51116326422337, 100.7106290894278], [112.39546450245312, 101.53347590311778], [111.24542357077878, 102.30758479391535], [110.06199340264347, 103.0296015117202], [108.84640710023851, 103.69603955865298], [107.60021453588179, 104.3033011968733], [106.32531961467741, 104.84770612504877], [105.02401683417821, 105.32552875019896], [103.69902539186525, 105.7330447204681], [102.35351871641389, 106.06658696157034], [100.99114702245623, 106.32261085785721], [99.61605035874024, 106.49776744807772], [98.23285974453132, 106.58898261336084], [96.84668441892336, 106.59353930404787], [95.46308402181728, 106.50915901698755], [94.08802566059633, 106.33407814997446], [92.72782721687972, 106.06711468487956], [91.38908976051816, 105.70772101165507], [90.07862335428118, 105.25601963886258], [88.80337164483528, 104.71282000121904], [87.57034126428421, 104.0796164092009], [86.38654213115751, 103.35856917079386], [85.2589442745472, 102.55247281628752], [84.19445595876736, 101.66471699534601], [83.19992689161846, 100.6992469145713], [82.2821794239488, 99.66053122982771], [81.44807014734891, 98.55354633721313], [80.70458437930549, 97.3837874535179], [80.05896683989477, 96.1573193968406]], {"I": 0.21507055155464583, "falloff": 6.7158702393049765, "spread": 732.1826994788588}]]}