{"disk": {"I": 0.018281365525174335, "Re": 26.98081566153695, "c": 2.0, "mux": 67.61456603327706, "muy": 66.34914237722266, "n": 1.0, "q": 0.8000269140298368, "roll": 2.8135282779514506}, "bulge": {"I": 0.28178116142894577, "Re": 4.8081623184669375, "c": 2.0, "mux": 65.77940394403396, "muy": 65.64291928022571, "n": 1.1696548270108809, "q": 0.7098481088483204, "roll": 3.085832484217677}, "bar": null, "spiral": []}