{"disk": {"I": 0.12540117525475772, "Re": 10.146120932703552, "c": 2.0, "mux": 55.234439676413956, "muy": 51.610810229356225, "n": 1.0, "q": 0.7035044325408705, "roll": 0.7458885161356558}, "bulge": {"I": 0.565756758304906, "Re": 1.5027572661436706, "c": 2.0, "mux": 54.83029187147013, "muy": 54.619484793963835, "n": 0.5, "q": 0.8333333333333334, "roll": 1.52822687990258}, "bar": {"I": 0.0, "Re": 1.9394598934611396, "c": 2.0008839458779804, "mux": 54.94940791904325, "muy": 52.73188678512961, "n": 0.9923041367618863, "q": 0.23766181843106032, "roll": 1.5474517087590174}, "spiral": [[[[24.119519559578357, 51.84202537493809], [24.869533280953465, 50.909536316064276], [25.6382063471112, 49.99236858804531], [26.425522440834857, 49.091154622290674], [27.23147091213795, 48.20656521102656], [28.0560460562215, 47.33931375075713], [28.899246201356185, 46.49016098131484], [29.761072559901564, 45.65992029274375], [30.641527783602758, 44.84946368630042], [31.54061414863098, 44.05972848518763], [32.45833127626577, 43.29172490755593], [33.394673269803334, 42.546544631332665], [34.34962511539827, 41.825370500454824], [35.32315815307405, 41.1294875383811], [36.31522436950532, 40.4602954613214], [37.32574919388441, 39.81932290320826], [38.35462238773737, 39.20824358131085], [39.40168650162277, 38.62889464513388], [40.466722218542074, 38.083297451739476], [41.54942970958066, 37.57368097856921], [42.64940487654003, 37.102508018875376], [43.766109039282426, 36.672504166059355], [44.89883024000628, 36.28668932884866], [46.04663386537377, 35.948411091], [47.208299770745846, 35.66137849504016], [48.38224255608679, 35.42969369284275], [49.56641124541685, 35.25787713157777], [50.75816460475709, 35.15087932166421], [51.954119181094164, 35.11406851574703], [53.14996968009727, 35.1531787004384], [54.34028671431368, 35.274196491473404], [55.51830685090565, 35.483160071132396], [56.67574554088081, 35.7858412412252], [57.80268462782779, 36.187288422654596], [58.88760787868247, 36.69123145784484], [59.91766824668058, 37.299394174632226], [60.87925016805911, 38.01082374342557], [61.75882281525957, 38.82140328313016], [62.54397278154616, 39.72372400766662], [63.22440283762524, 40.70742056965937], [63.7926542573794, 41.759930252164025], [64.24438862379876, 42.867493511384524], [64.57821358844639, 44.01615099951925], [64.79517168715181, 45.19253592431748], [64.89806973689142, 46.38436642738586], [64.89080630960044, 47.58064425559704], [64.77779474610557, 48.77162414282891], [64.5635187499423, 49.948631181545935], [64.25221665933202, 51.10378847238324], [63.84767090564566, 52.229692084401805]], {"I": 0.047478657465248666, "falloff": 0.3073399285738534, "spread": 5.561572966442349}], [[[91.37667214132054, 39.337178109738474], [90.97963374749534, 40.602354921083815], [90.5533924172247, 41.85799444606426], [90.0982530250823, 43.10345046797693], [89.61450416007513, 44.33807580452826], [89.10241761291279, 45.561219296296244], [88.56224794577906, 46.772222654210374], [87.99423213727138, 47.97041713943138], [87.39858929815998, 49.155120044253664], [86.77552045573556, 50.325630936973106], [86.12520840738817, 51.48122762708238], [85.44781764749978, 52.62116179955923], [84.74349437588334, 53.74465425815416], [84.0123666011139, 54.850889707215174], [83.25454435844478, 55.9390109893046], [82.47012006954331, 57.008112679492555], [81.65916908262211, 58.057233922062906], [80.8217504436258, 59.08535037012379], [79.9579079677236, 60.09136506615109], [79.06767170238973, 61.074098065807384], [78.15105990473053, 62.03227457242889], [77.20808169604636, 62.96451130075721], [76.23874061175088, 63.869300732990524], [75.24303933898837, 64.74499286378492], [74.22098603548561, 65.58977394584488], [73.17260276120828, 66.40164166161078], [72.09793674454673, 67.17837602848341], [70.99707546661978, 67.9175052327771], [69.87016691036094, 68.61626546067825], [68.71744682388888, 69.27155368893504], [67.53927554550094, 69.87987233944283], [66.33618790044333, 70.43726476679147], [65.10896099521507, 70.93924086252969], [63.85870650656346, 71.38069284316218], [62.5869963525283, 71.75580296558593], [61.296033427333036, 72.05794812513564], [59.988882044801294, 72.27961215002698], [58.66977485142795, 72.41232671579925], [57.34451175107696, 72.4466782396256], [56.02095667733866, 72.37244258881553], [54.709610663160156, 72.17894073826943], [53.42418181564295, 71.85573642378627], [52.1819755721551, 71.39379243988576], [51.00380949365421, 70.78711224562713], [49.91309617513562, 70.03466456156993], [48.933884104472064, 69.14205294192828], [48.08809688099695, 68.12217056601], [47.392780531973266, 66.9942987921523], [46.85837305441861, 65.78181068879668], [46.48855300721125, 64.50934077823084]], {"I": 0.2934335250308704, "falloff": 0.6020513130769573, "spread": 7.870339006182813}]]}