{"disk": {"I": 0.028234798672204457, "Re": 41.90437373907744, "c": 2.0, "mux": 122.45690624766026, "muy": 126.67516958703946, "n": 1.0, "q": 1.0, "roll": 2.218148013937089}, "bulge": {"I": 0.02504873417836239, "Re": 38.64712438373066, "c": 2.0, "mux": 140.76676615727456, "muy": 141.94715191139358, "n": 2.961366262297449, "q": 0.7579403639561617, "roll": 3.062948150150871}, "bar": null, "spiral": [[[[150.19832991968568, 152.26303296380158], [150.01291758022575, 153.72574840015722], [149.74095997787344, 155.17488390258026], [149.38570860123778, 156.6058903275172], [148.94993863058693, 158.01447347994548], [148.4360797279153, 159.39648752231167], [147.84632544734654, 160.74786080775283], [147.18272786101684, 162.06454588065614], [146.44728177292484, 163.34248881805854], [145.64200122764214, 164.5776151980999], [144.76898969417593, 165.76583125894004], [143.8305041908166, 166.9030395033536], [142.82901265753188, 167.98516823694695], [141.76724307605812, 169.0082143677625], [140.64822222933904, 169.96829829101048], [139.47530165386084, 170.8617288973808], [138.25216836080608, 171.68507577915707], [136.98283834831278, 172.4352447106584], [135.6716318240091, 173.1095516432767], [134.3231303378829, 173.705789979956], [132.9421175443746, 174.22228595278443], [131.53350684276515, 174.6579376170098], [130.10226042033156, 175.01223425563637], [128.65330501453755, 175.28525471027592], [127.1914498681604, 175.47764505889282], [125.72131186153717, 175.59057783465371], [124.2472517751378, 175.62569638875803], [122.77332427621228, 175.58504884045036], [121.3032427614543, 175.4710163167916], [119.84035886156428, 175.28623989321966], [118.38765535033386, 175.03354997986114], [116.94775050126474, 174.71590100158522], [115.52291156549282, 174.33631327622982], [114.11507499273048, 173.89782311172272], [112.72587116491219, 173.4034414114863], [111.35665171021684, 172.8561205224707], [110.00851781115908, 172.25872868125853], [108.68234829896748, 171.61403119724534], [107.37882665213623, 170.92467741345274], [106.09846631288693, 170.19319248052727], [104.8416339751609, 169.4219730384342], [103.60857067221153, 168.6132859839111], [102.39941063545733, 167.76926961633197], [101.21419798128481, 166.89193655631735], [100.05290134963063, 165.98317794277065], [98.91542665109743, 165.04476850647214], [97.80162809673783, 164.07837220039266], [96.71131768999285, 163.08554813801814], [95.6442733572653, 162.0677566543244], [94.60024588098943, 161.02636534374048]], {"I": 0.0, "falloff": 0.4006359863180652, "spread": 0.0}]]}