{"disk": {"I": 0.09019360277332504, "Re": 8.646582904879038, "c": 2.0, "mux": 62.89045626229926, "muy": 63.50572506222699, "n": 1.0, "q": 0.6452022940023165, "roll": 2.9486997660217824}, "bulge": {"I": 1353848.48980181, "Re": 0.011198902957230384, "c": 2.0, "mux": 63.364705072378314, "muy": 61.03547401190437, "n": 1.1345281042944337, "q": 0.4638258488948566, "roll": 1.7245371734984856}, "bar": null, "spiral": []}