{"disk": {"I": 0.06322821838006404, "Re": 10.756606606205525, "c": 2.0, "mux": 44.70284729496896, "muy": 47.45470934908423, "n": 1.0, "q": 0.17201316613097378, "roll": 1.7484803948149776}, "bulge": {"I": 0.24240408873842909, "Re": 5.422930058851377, "c": 2.0, "mux": 48.67856768400143, "muy": 47.61267780663251, "n": 0.6542196775195387, "q": 0.6, "roll": 1.650447099487018}, "bar": {"I": 0.11922865776890405, "Re": 21.51321321241105, "c": 1.6828776266862093, "mux": 44.84667429190348, "muy": 47.14892832559466, "n": 0.5882417064672147, "q": 0.37353714681110606, "roll": 1.9701309011687855}, "spiral": []}