{"disk": {"I": 0.04277181043616732, "Re": 11.5421680176934, "c": 2.0, "mux": 40.354136812283706, "muy": 40.42550045370308, "n": 1.0, "q": 0.8333333333333334, "roll": 0.05538463988619169}, "bulge": {"I": 3.4667213122437066, "Re": 0.5822137555178819, "c": 2.0, "mux": 40.55282032330743, "muy": 40.78092608129626, "n": 0.5, "q": 0.8585024726227902, "roll": 0.12473163151709166}, "bar": null, "spiral": []}