{"disk": {"I": 0.00233038151969893, "Re": 46.21944452000591, "c": 2.0, "mux": 138.1655442291073, "muy": 147.92852330811314, "n": 1.0, "q": 1.0, "roll": 2.3161922952699756}, "bulge": {"I": 0.0, "Re": 0.0, "c": 2.0, "mux": 135.42325836078388, "muy": 151.7996945641621, "n": 0.5, "q": 0.8847585919164854, "roll": 1.7506976013772777}, "bar": {"I": 0.011290457689444694, "Re": 24.736842510417656, "c": 2.013960558187999, "mux": 146.99999473225094, "muy": 146.59999862419406, "n": 5.0, "q": 0.5648936429262046, "roll": 0.45847619947162904}, "spiral": []}