{"disk": {"I": 0.08775258746129182, "Re": 15.814363826597793, "c": 2.0, "mux": 63.254826208907616, "muy": 62.86819693309269, "n": 1.0, "q": 0.7788163162619489, "roll": 3.1111786081241957}, "bulge": {"I": 0.07424693300820331, "Re": 15.814363826597793, "c": 2.0, "mux": 62.98359515912458, "muy": 61.451469722393696, "n": 0.7461919198297898, "q": 1.0, "roll": 3.133480983105859}, "bar": null, "spiral": []}