{"disk": {"I": 0.15254461730564597, "Re": 12.06283466380294, "c": 2.0, "mux": 61.14213674692168, "muy": 62.11002994865836, "n": 1.0, "q": 0.9579141695239031, "roll": 1.988533695847089}, "bulge": {"I": 5828393.47445652, "Re": 0.00044334101325659405, "c": 2.0, "mux": 62.79959326318558, "muy": 61.802473843541094, "n": 0.9758260383484803, "q": 0.4936671926612776, "roll": 2.8057007980358155}, "bar": null, "spiral": [[[[66.5103040375035, 52.75190405684795], [67.29236099879775, 52.84025771146163], [68.0685085389173, 52.97073114696852], [68.83673400781029, 53.14180265744579], [69.59518686511062, 53.352020295409794], [70.34215094979365, 53.599996544734225], [71.07602138002925, 53.88440167268273], [71.79528539079521, 54.20395628793611], [72.49850652865503, 54.557423461699074], [73.18431172649109, 54.94360065332408], [73.85138087036692, 55.36131160385261], [74.49843854793772, 55.8093983109094], [75.12424773158628, 56.28671316765957], [75.72760520161687, 56.792111332141886], [76.30733855660098, 57.32444338703252], [76.86230468923647, 57.88254835086777], [77.3913896290983, 58.4652471077363], [77.89350966760728, 59.0713363316702], [78.36761368686263, 59.69958299278878], [78.81268661263907, 60.34871954320856], [79.22775390360368, 61.01743989019906], [79.61188697382674, 61.70439627097788], [79.96420942561443, 62.40819714562596], [80.28390394486883, 63.12740622132248], [80.57021968434344, 63.86054271021648], [80.82247993187922, 64.60608290497429], [81.04008983531175, 65.3624631284922], [81.22254393423412, 66.12808407890017], [81.36943323495798, 66.90131654797578], [81.48045156132862, 67.68050844247063], [81.55540092179584, 68.46399298636953], [81.59419565503907, 69.25009793066235], [81.5968651520652, 70.03715555012089], [81.56355499864108, 70.82351316701119], [81.49452644193093, 71.60754391352741], [81.39015414862484, 72.38765743050027], [81.25092228935382, 73.16231020090554], [81.07741905020119, 73.93001523365702], [80.8703297310678, 74.68935084445383], [80.6304286395533, 75.43896832366627], [80.35857002494454, 76.17759833289287], [80.05567831946462, 76.90405592984911], [79.72273795836315, 77.61724417598937], [79.360783046017, 78.31615633915385], [78.97088711338154, 78.99987674798176], [78.55415318570799, 79.66758039770252], [78.11170434367894, 80.31853143568821], [77.64467492335885, 80.95208067586705], [77.15420246165431, 81.56766230231723], [76.64142045671547, 82.16478992477637]], {"I": 0.006589232271853694, "falloff": 0.013158843991234181, "spread": 4.213948416528578}]]}