{"disk": {"I": 0.04676369600925973, "Re": 35.92379326592928, "c": 2.0, "mux": 111.0749566340546, "muy": 115.25136657662702, "n": 1.0, "q": 0.6939459475732391, "roll": 2.9128165254247342}, "bulge": {"I": 0.05400963655093644, "Re": 26.04779317053388, "c": 2.0, "mux": 115.22896873625189, "muy": 115.21593981093105, "n": 1.6278545312947323, "q": 0.8476599965168635, "roll": 2.160374158859592}, "bar": null, "spiral": []}