{"disk": {"I": 0.046889062266006594, "Re": 26.227996487161214, "c": 2.0, "mux": 88.81014619697349, "muy": 89.08771555988532, "n": 1.0, "q": 0.03321237176123013, "roll": 3.0314146385385454}, "bulge": {"I": 0.1366069881378954, "Re": 26.227996487161214, "c": 2.0, "mux": 88.60017595223232, "muy": 88.47921264204345, "n": 1.0014230269616369, "q": 0.6638320129621994, "roll": 0.062184163640402954}, "bar": null, "spiral": []}