{"disk": {"I": 0.0971223289300499, "Re": 15.531770319692486, "c": 2.0, "mux": 72.73904792561999, "muy": 72.2349483589093, "n": 1.0, "q": 0.8169872868165272, "roll": 0.636514157299922}, "bulge": {"I": 1.1689609477526204, "Re": 1.2030777729840705, "c": 2.0, "mux": 72.30022014021483, "muy": 71.89522672966658, "n": 3.617566414204271, "q": 0.4, "roll": 1.4777116722788952}, "bar": null, "spiral": [[[[78.41173068545484, 77.4123192997143], [77.07354765665094, 79.17152961228395], [75.41814699605094, 80.63688390366757], [73.5184225983154, 81.76794924964724], [71.44178674940598, 82.52655269358442], [69.25887167512731, 82.8752843095917], [67.05067373622269, 82.78114996528313], [64.91213859291706, 82.224560588009], [62.94831335768953, 81.21203920706665], [61.260402644865046, 79.78629533503376], [59.926202829607114, 78.02470099920517], [58.986602543982514, 76.02394159627276], [58.44609139223519, 73.87997054148904], [58.28374490131832, 71.67429404884868], [58.465966340612866, 69.46969487166547], [58.95568232854256, 67.31209636465256], [59.717299236049236, 65.23455858507454], [60.71869697749115, 63.26116718348421], [61.93160670331338, 61.410079069399046], [63.331247512396544, 59.69569624691944], [64.89568377787448, 58.13015151946539], [66.60511448304982, 56.72430002815341], [68.44117728219436, 55.48836381706268], [70.38629103486556, 54.43232559152018], [72.42303792072323, 53.566126322003996], [74.5335827013725, 52.899690292728486], [76.69913442189191, 52.44277917257926], [78.89947178153783, 52.204663463581554], [81.11257559095276, 52.19359740587599], [83.31443678338216, 52.41609658239194], [85.47912818456587, 52.876050793013235], [87.57922916865002, 53.573759125462765], [89.58665745883386, 54.505038943171805], [91.47388229240653, 55.660610132785074], [93.21537984678716, 57.025953695135584], [94.78908716836851, 58.5817641416234], [96.1775711822165, 60.30497015703964], [97.36868865937419, 62.170143901864805], [98.35565206753624, 64.15102692729829], [99.13657048277724, 66.22190729874825], [99.71363960756982, 68.35866996711796], [100.09218203495115, 70.53945766489984], [100.27970452863016, 72.74497366127224], [100.28507707440156, 74.95850872746936], [100.11787899178306, 77.16578658538069], [99.78791484465032, 79.35470953037326], [99.30487952731208, 81.51506456559355], [98.67814293232362, 83.63822882229056], [97.91662451637168, 85.71689616111398], [97.02873211443969, 87.74483513727832]], {"I": 0.008772002578872963, "falloff": 0.01, "spread": 3.7588630715531846}], [[[66.03725608203544, 66.14867652154376], [67.28298760391006, 64.72786017171285], [68.72125447661871, 63.50214313256145], [70.31856447144173, 62.49233190103451], [72.04274523523499, 61.71890383719361], [73.86045711492082, 61.20260699019863], [75.73479284620747, 60.963959449945335], [77.62319666072925, 61.02146377643747], [79.47629876306418, 61.38834567846487], [81.238653373919, 62.06803873232965], [82.85234920646536, 63.04957565983854], [84.26344623267585, 64.30505190272868], [85.42930918406061, 65.79120440486886], [86.323704528277, 67.45517422268271], [86.93758163007226, 69.24205395488703], [87.27600458733008, 71.10116972617928], [87.35338099748344, 72.9895042739617], [87.18898127342172, 74.87247200177254], [86.80368644121361, 76.7230898418436], [86.21802824641128, 78.52051787145379], [85.45120814483657, 80.2485568717405], [84.52074000465498, 81.89435649293357], [83.44244620096548, 83.44739569382254], [82.23063475963045, 84.89871313280878], [80.89835917369888, 86.24034015836904], [79.4577098156458, 87.4648897985512], [77.92011331186268, 88.56526482594592], [76.29663098898511, 89.53445925600647], [74.59825447355286, 90.3654380419498], [72.83619864122568, 91.05108868451873], [71.02219077916968, 91.58424598270393], [69.16875056499138, 91.95779709797509], [67.28944836965577, 92.16487789112651], [65.39911957278584, 92.19917177362979], [63.51400108688192, 92.05531703875566], [61.651745542946834, 91.72941540510975], [59.83126345518573, 91.21961184796365], [58.07235094460247, 90.5266854749861], [56.39508656848816, 89.65456032270453], [54.819026892880565, 88.61062675301865], [53.36228762401204, 87.40577394668261], [52.040645100131066, 86.05407972967267], [50.86680804008082, 84.57217733404322], [49.84997882417997, 82.97839422813108], [48.99575608579073, 81.29180566993767], [48.30635297060203, 79.53134808653951], [47.78104729489599, 77.71509991152654], [47.41675628186998, 75.859781386683], [47.208637198649384, 73.98047287157097], [47.15064248383048, 72.0905169188207]], {"I": 0.009477473928966505, "falloff": 0.01, "spread": 1.7491798947781976}]]}