{"disk": {"I": 0.02073701200114139, "Re": 19.13628353208267, "c": 2.0, "mux": 69.43951014023233, "muy": 70.48621270636225, "n": 1.0, "q": 0.5301555178008941, "roll": 1.6040641688710944}, "bulge": {"I": 0.0712792162951182, "Re": 5.618470683398891, "c": 2.0, "mux": 69.3999999970422, "muy": 69.19999999796902, "n": 3.2114044909660278, "q": 0.8333333333333334, "roll": 1.6285872993783954}, "bar": null, "spiral": []}