{"disk": {"I": 0.12726693481278017, "Re": 30.9731533991107, "c": 2.0, "mux": 124.898097573282, "muy": 124.4284727851481, "n": 1.0, "q": 0.6210722840807558, "roll": 0.057802775905203774}, "bulge": {"I": 0.0, "Re": 5.269677174640042, "c": 2.0, "mux": 31.185840927810446, "muy": 2.1012792034910746, "n": 1.0, "q": 0.49861084701646874, "roll": 2.0693614578242077}, "bar": null, "spiral": []}