{"disk": {"I": 0.04814009464204691, "Re": 22.278841162295944, "c": 2.0, "mux": 75.04720252658113, "muy": 80.52499432856175, "n": 1.0, "q": 1.0, "roll": 1.912087107325592}, "bulge": {"I": 0.05968205612158578, "Re": 22.2696634644006, "c": 2.0, "mux": 75.19999999973831, "muy": 73.99999998751181, "n": 1.7756717907325954, "q": 0.47216209940371456, "roll": 0.5943915238313473}, "bar": null, "spiral": [[[[65.12728767749158, 68.57865680733575], [65.38046337849082, 67.8480130132498], [65.65648097861018, 67.12568754063663], [65.9547563801795, 66.4122642496463], [66.27475981303192, 65.70831841859886], [66.61600996788624, 65.01442294510724], [66.97806860253439, 64.33115391349638], [67.36053552855908, 63.65909567280561], [67.7630438898053, 62.998845540744036], [68.1852556476597, 62.35101822553203], [68.62685718971987, 61.71625003745611], [69.08755497992071, 61.095202944846385], [69.56707116760926, 60.488568513061374], [70.06513907182001, 59.89707174956207], [70.58149845471114, 59.32147486228669], [71.11589049508383, 58.76258092120906], [71.66805236966013, 58.221237393473295], [72.23771134687883, 57.698339499904435], [72.82457829625025, 57.19483331409714], [73.42834051698946, 56.71171849384393], [74.04865379433248, 56.2500504976714], [74.68513360276717, 55.81094209628319], [75.33734539508815, 55.39556393984469], [76.00479394807566, 55.005143888187206], [76.68691178357805, 54.64096475436617], [77.38304675208893, 54.3043600565605], [78.0924489586378, 53.9967073254706], [78.81425733101631, 53.7194184836149], [79.5474862787068, 53.473926812034065], [80.29101306456593, 53.26167006491433], [81.04356669988968, 53.0840694020435], [81.80371935876093, 52.94250400019197], [82.56988146271603, 52.83828149113449], [83.34030167241374, 52.772604759372804], [84.11307299256963, 52.74653609903647], [84.88614601235886, 52.76096024191797], [85.65734992732833, 52.816548256262756], [86.42442142286664, 52.91372469129073], [87.1850407799005, 53.052640512446395], [87.93687377047995, 53.23315424285195], [88.67761717129626, 53.45482326816144], [89.40504516931514, 53.71690648962651], [90.11705368736693, 54.018378517291524], [90.81169978281527, 54.35795453787927], [91.48723375943807, 54.73412403861657], [92.14212239609398, 55.145190873080665], [92.77506259833909, 55.58931681103237], [93.38498566590441, 56.064565738892256], [93.97105311193964, 56.5689460138311], [94.5326454872541, 57.10044902220379]], {"I": 0.030055429367839268, "falloff": 0.5444976068201307, "spread": 10.593185231373836}]]}