{"disk": {"I": 0.04066089778264096, "Re": 14.663119615822263, "c": 2.0, "mux": 45.841435775402516, "muy": 47.27840258546785, "n": 1.0, "q": 0.48793626775068905, "roll": 1.205099332171594}, "bulge": {"I": 0.016535793901421125, "Re": 14.663119615822263, "c": 2.0, "mux": 47.399999994713085, "muy": 47.19999999767048, "n": 4.015178299141192, "q": 1.0, "roll": 2.3698528380915986}, "bar": null, "spiral": []}