{"disk": {"I": 0.030152488187333, "Re": 13.734161295657193, "c": 2.0, "mux": 38.218917796374335, "muy": 45.92919459665048, "n": 1.0, "q": 0.7441093920868345, "roll": 0.7873796883395003}, "bulge": {"I": 0.03129601653222647, "Re": 11.897365429122088, "c": 2.0, "mux": 41.199999997828215, "muy": 40.79999999652123, "n": 3.6770429625160244, "q": 0.741305313180847, "roll": 2.7386594596462572}, "bar": null, "spiral": []}