{"disk": {"I": 0.007685826868083584, "Re": 19.135517676143078, "c": 2.0, "mux": 40.89548718782423, "muy": 40.73901711844954, "n": 1.0, "q": 0.01, "roll": 1.972068825848907}, "bulge": {"I": 0.014255936158281572, "Re": 19.135517676143078, "c": 2.0, "mux": 40.40000000021988, "muy": 40.799999996212925, "n": 4.125131520853495, "q": 0.7745882044858183, "roll": 0.044134152062125676}, "bar": null, "spiral": []}