{"disk": {"I": 0.12759879479947356, "Re": 16.796309863570222, "c": 2.0, "mux": 54.90912158391634, "muy": 57.48264553071065, "n": 1.0, "q": 0.5705154207863334, "roll": 0.7621459012290883}, "bulge": {"I": 0.1469698695961027, "Re": 2.632540869374704, "c": 2.0, "mux": 55.58893441033007, "muy": 55.50747217112371, "n": 2.970008496783396, "q": 0.8333333333333334, "roll": 0.45892811602631234}, "bar": null, "spiral": []}