{"disk": {"I": 0.05694651920479508, "Re": 7.28970572259265, "c": 2.0, "mux": 36.56013630487664, "muy": 36.98879909069253, "n": 1.0, "q": 0.4588127181388327, "roll": 2.885345967913}, "bulge": {"I": 1.0167294132204578, "Re": 0.7530399835719291, "c": 2.0, "mux": 37.368827585613246, "muy": 37.4487181054575, "n": 0.5, "q": 0.7282583466891773, "roll": 2.0827306436043242}, "bar": null, "spiral": [[[[41.91994666197027, 36.17401600130175], [42.08422690132196, 36.46990319194758], [42.239842886318456, 36.770438886313876], [42.38707955706848, 37.07516839185933], [42.526189850072534, 37.383693257656304], [42.65739786259709, 37.695661510209995], [42.780901671486184, 38.01075980412479], [42.896875818816945, 38.32870705451112], [43.005473489634305, 38.64924922479081], [43.10682841179183, 38.97215502204309], [43.20105650865685, 39.29721230984046], [43.288257333771284, 39.62422509182106], [43.36851531418597, 39.953010951458545], [43.441900826230075, 40.283398858066995], [43.5084711247159, 40.61522726762096], [43.56827114393336, 40.94834246123916], [43.62133418646253, 41.28259707514874], [43.667682513708165, 41.61784878448521], [43.70732785039195, 41.953959109848704], [43.74027181373038, 42.29079232073092], [43.76650627680613, 42.62821441396755], [43.786013674714596, 42.96609214853013], [43.798767261316804, 43.30429212046062], [43.804731323915064, 43.642679863694845], [43.80386136289548, 43.98111896405338], [43.79610424321813, 44.31947017486445], [43.78139832476698, 44.65759052361118], [43.759673578960935, 44.99533239979979], [43.73085169939234, 45.332542614767334], [43.694846215274055, 45.6690614248323], [43.65156261732329, 46.00472150960955], [43.60089850715345, 46.33934689795643], [43.54274378292129, 46.6727518347929], [43.476980875872435, 47.004739582850235], [43.403485054881536, 47.33510115473794], [43.32212481883855, 47.66361397245106], [43.232762399826086, 47.9900404536436], [43.13525440359382, 48.31412652711117], [43.0294526176785, 48.63560008398825], [42.915205021583276, 48.95416937651531], [42.79235703750125, 49.26952138294584], [42.66075306394154, 49.58132016579247], [42.52023833781906, 49.889205261250844], [42.37066117251129, 50.19279015068684], [42.211875619323244, 50.49166088025595], [42.04374459675565, 50.78537491239477], [41.86614352457288, 51.07346031268757], [41.67896448655674, 51.35541539623828], [41.482120925699874, 51.6307089777653], [41.275552846289564, 51.89878138781954]], {"I": 0.04687385147260454, "falloff": 0.35724250473620245, "spread": 7.617561337358447}], [[[32.95311257742463, 37.49999999989741], [32.75945083788966, 37.10603263355845], [32.57946332773504, 36.70563032994877], [32.41257234712471, 36.29959244775347], [32.25828405307855, 35.888598579843695], [32.1161764165225, 35.473234349519906], [31.98588933641005, 35.05401094561146], [31.867116518426165, 34.6313801546125], [31.759598787834175, 34.20574610666345], [31.663118566194264, 33.77747459169446], [31.577495293761274, 33.34690055814211], [31.502581622217065, 32.91433423899243], [31.438260237090724, 32.48006623270653], [31.384441196291487, 32.044371783949664], [31.34105969292087, 31.607514449505707], [31.308074167094222, 31.169749291838468], [31.28546470469541, 30.731325711117425], [31.273231670750974, 30.29249000319938], [31.271394533047847, 29.85348771346482], [31.279990836879968, 29.414565843199004], [31.299075296064274, 28.97597495496566], [31.328718967847564, 28.537971215456906], [31.369008480773438, 28.100818407885807], [31.420045284875204, 27.6647899406054], [31.48194489289933, 27.23017087385409], [31.554836079847615, 26.797259982199286], [31.63886000539529, 26.366371865338596], [31.73416922096572, 25.937839115383383], [31.840926518904855, 25.512014542418854], [31.9593035770567, 25.08927345363341], [32.0894793470136, 24.670015972620586], [32.23163812942188, 24.25466937497312], [32.385967275221034, 23.84369040356315], [32.55265444815639, 23.43756751132857], [32.731884382282246, 23.0368229607648], [32.92383506961557, 22.642014687630844], [33.128673319061996, 22.25373781176507], [33.34654963998965, 21.872625651080742], [33.57759242437178, 21.49935006714855], [33.82190143232231, 21.134620944551507], [34.07954062894068, 20.779184584792784], [34.35053047680938, 20.433820783547503], [34.63483985806753, 20.099338363211864], [34.932377880456336, 19.776568957527285], [35.24298590794468, 19.46635889800215], [35.56643024009469, 19.16955913799018], [35.902395933153436, 18.88701327168257], [36.2504822951249, 18.61954385867873], [36.61020058144995, 18.367937439906207], [36.98097435549179, 18.13292881036144]], {"I": 0.08606584579242224, "falloff": 0.3801514000409414, "spread": 27.601271814090065}]]}