{"disk": {"I": 0.10130238928386665, "Re": 27.081110445445216, "c": 2.0, "mux": 116.17293657760473, "muy": 115.06367120077184, "n": 1.0, "q": 0.9516763885285611, "roll": 1.260400178119705}, "bulge": {"I": 0.3363307003901995, "Re": 2.4830074773438704, "c": 2.0, "mux": 116.63104180183771, "muy": 115.60383796109627, "n": 0.7313021471135964, "q": 0.8666245477996651, "roll": 1.791800488094779}, "bar": null, "spiral": []}