{"disk": {"I": 0.024137037099565772, "Re": 26.77882972713618, "c": 2.0, "mux": 71.44044937005029, "muy": 71.68926767108572, "n": 1.0, "q": 0.657902418874635, "roll": 2.433539025004376}, "bulge": {"I": 0.0, "Re": 0.01, "c": 2.0, "mux": 70.42985459065753, "muy": 62.103920483284504, "n": 0.8419571287617164, "q": 0.8026851602102529, "roll": 2.270766159842806}, "bar": null, "spiral": [[[[68.21897816628861, 61.27597901052756], [68.7648694188783, 60.74155343363722], [69.36126071808506, 60.26409290075536], [70.0001826729295, 59.84519070402959], [70.6738924817297, 59.48482134989081], [71.37524882451962, 59.1816729776862], [72.09792637744243, 58.933517162393635], [72.83649271565038, 58.73754983909582], [73.58638820244526, 58.59066887565777], [74.3438491664026, 58.489679642563964], [75.10580559546736, 58.43143525740436], [75.86977382558283, 58.41292453406221], [76.63375576207184, 58.43132143042967], [77.39614997291906, 58.48400790047405], [78.15567621539236, 58.56857937160811], [78.91131291741843, 58.68283951234805], [79.66224619693766, 58.824788874043726], [80.40782869861536, 58.99261043501037], [81.14754655337906, 59.18465397410545], [81.8809929408742, 59.39942044861947], [82.60784696100515, 59.63554705446559], [83.32785674606826, 59.89179332584534], [84.04082594756672, 60.16702842966514], [84.7466029050702, 60.46021968887208], [85.44507194583645, 60.770422296001854], [86.1361463795471, 61.0967701415412], [86.81976284337094, 61.438467662050584], [87.4958767256011, 61.794782609110506], [88.16445845247716, 62.1650396397608], [88.82549046818666, 62.54861463655288], [89.47896477284846, 62.94492967164944], [90.12488091116546, 63.3534485387586], [90.76324432590805, 63.7736727834251], [91.39406500793407, 64.20513817252474], [92.01735638758181, 64.6474115485255], [92.6331344232925, 65.10008802242272], [93.24141685173021, 65.56278846442524], [93.84222257048324, 66.03515725687105], [94.43557112985187, 66.51686027788972], [95.02148231461744, 67.00758308919465], [95.59997580015316, 67.5070293039436], [96.17107087008223, 68.01491911426845], [96.7347861849843, 68.53098795999543], [97.29113959348808, 69.05498532316932], [97.84014797861552, 69.58667363423878], [98.38182713347365, 70.125827277785], [98.916191661401, 70.67223168709282], [99.44325489651, 71.2256825181071], [99.96302884122609, 71.7859848946026], [100.47552411801826, 72.3529527171091]], {"I": 0.9771202832450916, "falloff": 18.02352578341189, "spread": 36.11915417331027}], [[[71.02559857531793, 77.08094074372782], [70.41424363812563, 77.12639659365735], [69.80134003163809, 77.10994805171434], [69.19212201295574, 77.04035404227373], [68.58987156864515, 76.92489070849453], [67.9966321828867, 76.76952689255312], [67.41366341076917, 76.57915237241113], [66.84172665898784, 76.3577902295941], [66.28126512323297, 76.10877398361487], [65.73251801626367, 75.83488882619005], [65.19559387412275, 75.53848216358944], [64.67051813641329, 75.2215496433666], [64.15726435610665, 74.88580216654684], [63.65577485580032, 74.53271832528564], [63.165974492867605, 74.16358570207215], [62.68777987050447, 73.77953363900585], [62.221105506281596, 73.38155944441858], [61.765867948642274, 72.9705495192289], [61.32198849829478, 72.54729652292914], [60.88939497510363, 72.11251343038163], [60.4680228290124, 71.66684512920277], [60.05781579908283, 71.21087805778646], [59.65872626109896, 70.74514827191975], [59.27071536119159, 70.27014824173541], [58.893753003175, 69.78633261699952], [58.52781773690444, 69.29412314848841], [58.17289658060035, 68.79391291531626], [57.82898480009048, 68.28606997816563], [57.49608566075293, 67.77094055537356], [57.1742101629629, 67.24885180032334], [56.863376768157195, 66.72011424434616], [56.56361112011698, 66.18502395759677], [56.274945763985095, 65.64386447151317], [55.997419864560285, 65.09690849828786], [55.73107892390367, 64.54441947763135], [55.47597449804933, 63.986652975312225], [55.232163911765916, 63.423857954409684], [54.99970997004286, 62.85627793662255], [54.778680664677836, 62.284152068180134], [54.56914887411149, 61.70771610254434], [54.371192054506146, 61.12720331006116], [54.18489192004212, 60.54284532298025], [54.01033411010446, 59.954872922846214], [53.84760784134443, 59.3635167758488], [53.69680554222924, 58.76900812066398], [53.558022468066454, 58.17157941228302], [53.431356294205216, 57.571464924346415], [53.316906685504435, 56.968901311749946], [53.214774840099764, 56.36412813448264], [53.125063005723, 55.757388342950506]], {"I": 0.06933530034920697, "falloff": 1.4709649107787248, "spread": 79.87003474538383}]]}