{"disk": {"I": 0.0463006139468364, "Re": 36.54850821651726, "c": 2.0, "mux": 143.25750072712432, "muy": 141.60337636216346, "n": 1.0, "q": 0.8480012653506359, "roll": 0.2664837226601522}, "bulge": {"I": 0.42271950175412626, "Re": 2.9362882202356717, "c": 2.0, "mux": 141.62177941385303, "muy": 141.12505343375716, "n": 1.2593666474958432, "q": 0.6727777072529229, "roll": 3.0909280122001435}, "bar": null, "spiral": [[[[135.01863733192943, 120.308987074209], [139.047197406836, 117.34875662354271], [143.67914066445903, 115.47876215645287], [148.64718428544933, 114.99752206591496], [153.52757210693343, 116.04092595170076], [157.89750242353975, 118.45865361162117], [161.51345679886234, 121.91026292489782], [164.31886025095375, 126.05214475713737], [166.35394205194416, 130.62461550614057], [167.68656366775835, 135.45032421218568], [168.3821698357702, 140.40896459566636], [168.4948334214892, 145.41541223474013], [168.06630368120867, 150.405067561899], [167.1274652040482, 155.32446934531873], [165.70028149186936, 160.12505406049155], [163.79972146937473, 164.75861933363478], [161.43570375182728, 169.17360840307396], [158.6153421088675, 173.31171000559868], [155.3459653519792, 177.1045831950085], [151.63957578867553, 180.4709306363488], [147.51950860865756, 183.3148526831113], [143.02969413401, 185.52755664629007], [138.24535971916507, 186.995728423536], [133.28065073492655, 187.61951448788946], [128.2852350647861, 187.33816780813777], [123.42431603586003, 186.15225946568813], [118.84806265165986, 184.1275051965357], [114.66685797092242, 181.37634345597124], [110.94394409024731, 178.02952884020567], [107.70305845177823, 174.2129167314937], [104.94165564820587, 170.03543211104935], [102.64274854102761, 165.5860543754475], [100.7830609198581, 160.93552945836407], [99.33783645359897, 156.13969559954103], [98.28335984502337, 151.2428694243127], [97.59811390608532, 146.28072788669212], [97.26319006825055, 141.28258689089262], [97.26231786841316, 136.27315010379695], [97.58171541162272, 131.27384247655525], [98.20986650724086, 126.3038360757144], [99.13727640759578, 121.38085533604053], [100.35622852963101, 116.52182844264507], [101.86054837587453, 111.7434346717857], [103.6453715538849, 107.0625846270784], [105.70690689223639, 102.49686049992312], [108.04218091364444, 98.06493562220251], [110.64874543816997, 93.78698537882372], [113.52432518121107, 89.6850936804536], [116.66637689610171, 85.78364904573723], [120.07152662565055, 82.10970997153103]], {"I": 0.04494683535838117, "falloff": 4.0639779327962975, "spread": 7.701368716479817}], [[[144.72687253617173, 146.97993132973448], [143.42706259185138, 149.3365840181716], [141.53267199769726, 151.24749252700286], [139.16554783913355, 152.5234923912088], [136.5194589790006, 152.9963587633558], [133.8573550828416, 152.61622090457124], [131.41007457119147, 151.49493570235396], [129.29617490523253, 149.82386738270273], [127.5395705292099, 147.778058649155], [126.11963183016339, 145.48441314023475], [125.00306526331124, 143.02800702541788], [124.15696651846504, 140.4653933810487], [123.55273380531213, 137.8349580958061], [123.16657444788426, 135.1636090982215], [122.97896403776085, 132.47090229014387], [122.97389771154494, 129.77158824704156], [123.13819772259997, 127.07721331415401], [123.46093987607205, 124.39715163648137], [123.93299638734194, 121.73928847465268], [124.54667538368764, 119.11048498028973], [125.29543586020884, 116.51690265316755], [126.17365992977729, 113.9642355106657], [127.1764679592033, 111.45788004578397], [128.29956553044346, 109.00306211622198], [129.53911376237292, 106.60493310748764], [130.89161656238545, 104.26864332542891], [132.35381991230417, 101.9993976801249], [133.9226194606686, 99.80249673204024], [135.59497366769384, 97.68336476849669], [137.36782054104177, 95.64756553953542], [139.23799675523227, 93.70080552732868], [141.2021586702611, 91.84892407199152], [143.25670551865733, 90.09786933128778], [145.397705819165, 88.45365892327567], [147.62082891493196, 86.92232422801958], [149.92128433016907, 85.50983775799294], [152.2937723794082, 84.22202376319537], [154.73245003522916, 83.06445337586295], [157.23091620998392, 82.0423270080115], [159.78222038270383, 81.16034835713828], [162.3788976442887, 80.42259604550227], [165.01303169105833, 79.83240026472286], [167.67634527515335, 79.39223267580462], [170.36031517289067, 79.10361782026264], [173.05630627166352, 78.9670733173245], [175.7557172825348, 78.98208415986332], [178.45012923113046, 79.14711367529085], [181.13144758209683, 79.4596504900342], [183.7920295385651, 79.91628795418525], [186.42478984752603, 80.5128296994481]], {"I": 0.007130115716796643, "falloff": 0.07022594597080287, "spread": 7.409415697198618}]]}