{"disk": {"I": 0.0011406228149767076, "Re": 9.752507310684415, "c": 2.0, "mux": 38.5907419143872, "muy": 36.99143609818055, "n": 1.0, "q": 1.0, "roll": 0.12046296296721438}, "bulge": {"I": 0.00019730050816681098, "Re": 5.560316477701406, "c": 2.0, "mux": 38.65947406855972, "muy": 36.87765281118502, "n": 1.0063602381891272, "q": 0.7815811626664358, "roll": 3.130481155356601}, "bar": {"I": 0.04986398264823266, "Re": 9.752507310684415, "c": 2.170479120285125, "mux": 36.599999995499175, "muy": 37.39999999530449, "n": 3.7301118889864826, "q": 0.6666666666666666, "roll": 3.1030040542138453}, "spiral": []}