{"disk": {"I": 0.04196028633577316, "Re": 12.08485460527861, "c": 2.0, "mux": 40.364395616355104, "muy": 40.3841237333374, "n": 1.0, "q": 0.7825958840498426, "roll": 0.04822078570489137}, "bulge": {"I": 12.91108181859426, "Re": 0.36061500062129515, "c": 2.0, "mux": 40.512279658735686, "muy": 40.720510534626676, "n": 1.9448739275507618, "q": 0.4024211879191844, "roll": 0.09561635041996668}, "bar": null, "spiral": []}