{"disk": {"I": 0.06397680534842363, "Re": 12.56462814740982, "c": 2.0, "mux": 42.24665584618112, "muy": 42.76863468321521, "n": 1.0, "q": 0.8319625671672404, "roll": 2.926919001688625}, "bulge": {"I": 0.5502155454544394, "Re": 1.605958995065674, "c": 2.0, "mux": 43.109273213528496, "muy": 42.74358924399006, "n": 2.235955897199495, "q": 0.5173809715312973, "roll": 0.3646485064183622}, "bar": null, "spiral": [[[[32.814042228262984, 58.486725960951475], [32.471855661087325, 57.811814383017854], [32.15634009427168, 57.124029507145785], [31.86782359464774, 56.424488887797025], [31.60660237140594, 55.714303725704326], [31.372945437222207, 54.99457845754794], [31.16709916742542, 54.26641106826814], [30.989291712053763, 53.5308940970603], [30.839737222745498, 52.78911631114723], [30.718639866774595, 52.04216502843592], [30.626197605932933, 51.291129078494386], [30.56260572175108, 50.537102401797846], [30.528060070051417, 49.78118829947449], [30.52276004623006, 49.02450435955307], [30.54691123810535, 48.26818810110999], [30.600727735069324, 47.51340339471012], [30.68443405006683, 46.76134773654551], [30.79826659320818, 46.013260473213464], [30.942474612330994, 45.27043209750228], [31.11732048334388, 44.534214757805465], [31.32307919081599, 43.80603414978795], [31.56003678251758, 43.08740298156772], [31.828487507696405, 42.37993622773139], [32.128729251291496, 41.685368402451815], [32.461056749351556, 41.00557308796864], [32.82575190665435, 40.34258493451175], [33.2230703265098, 39.6986242988277], [33.65322289770032, 39.076124566757386], [34.11635095655619, 38.47776199823893], [34.61249315577174, 37.906487568889574], [35.14154174531322, 37.365559692844975], [35.703185550111144, 36.85857580570366], [36.2968366324112, 36.38949942333916], [36.921537649890595, 35.962677370157174], [37.57584762188508, 35.58283929834682], [38.2577057222795, 35.255068496789775], [38.96427653035537, 34.98472975635556], [39.69178660256628, 34.777337798337015], [40.43537153210773, 34.638350466461944], [41.18896383255418, 34.572877339676666], [41.9452616839891, 34.58530941487448], [42.695820687686506, 34.678899542993456], [43.43129806377513, 34.85535160772491], [44.14184752451428, 35.11449738873393], [44.81761940825041, 35.45413890265196], [45.44928181235904, 35.870102528551385], [46.02846483157814, 36.35649726158012], [46.54805082315985, 36.90611574441826], [47.00227899644633, 37.51088692620652], [47.38668042063008, 38.16229222194437]], {"I": 0.03384388070840694, "falloff": 0.3179204694799917, "spread": 3.160770196931699}], [[[51.39166955720723, 52.784317126320424], [51.12942367534069, 52.868579344016254], [50.865338774031706, 52.94688681153808], [50.59951687068744, 53.01907736160333], [50.332068718952755, 53.08498719175884], [50.063114273137884, 53.144451297739465], [49.7927831470056, 53.19730396854176], [49.521215060866105, 53.243379346777324], [49.2485602702889, 53.28251205739725], [48.974979968313164, 53.314537907171534], [48.700646652943284, 53.33929465646759], [48.4257444503244, 53.35662286375241], [48.15046938360248, 53.36636680192915], [47.87502957692821, 53.36837544409429], [47.59964538370606, 53.36250351453681], [47.324549428058255, 53.34861259878647], [47.04998654893889, 53.326572304509014], [46.77621363671204, 53.296261462665726], [46.503499353310055, 53.257569356243394], [46.232123728374425, 53.21039696145245], [45.962377625977595, 53.1546581843816], [45.694562078864244, 53.09028107417947], [45.4289874901293, 53.017208992485145], [45.165972705456404, 52.935401717745265], [44.905843962806756, 52.84483646310686], [44.648933729978374, 52.74550878653547], [44.3955794444462, 52.63743337345601], [44.14612217340152, 52.520644673963815], [43.90090521527897, 52.39519737958152], [43.66027266686582, 52.261166728163396], [43.42456798224027, 52.118648629660306], [43.1941325511538, 51.9677596102906], [42.969304324958614, 51.80863657756864], [42.75041651772182, 51.64143641386221], [42.53779640882111, 51.46633541104947], [42.33176427108905, 51.28352856358746], [42.13263244563586, 51.09322874141755], [41.940704580958815, 50.895665767641184], [41.75627505002905, 50.69108542865799], [41.579628554952144, 50.47974844639322], [41.41103992473985, 50.26192944338524], [41.25077410784506, 50.03791593198448], [41.09908635765582, 49.80800735872532], [40.956222606150284, 49.57251423438231], [40.822420018576665, 49.33175737935913], [40.69790772029798, 49.08606731323282], [40.582907685935204, 48.8357838166079], [40.477635780575625, 48.58125569323098], [40.38230294303096, 48.32284076085793], [40.29711650190592, 48.06090610083839]], {"I": 0.09622183905026033, "falloff": 0.824616262619937, "spread": 0.24839652446750285}], [[[35.799111070598876, 60.02873721476089], [35.71488948456446, 59.639427468777065], [35.63607912085796, 59.24898640540289], [35.5627559345979, 58.857477850755494], [35.49499781797023, 58.46496796158212], [35.43288472021931, 58.071525370328786], [35.37649877628728, 57.67722134395321], [35.32592444480208, 57.28212995798508], [35.28124865627839, 56.88632828765119], [35.242560972318024, 56.489896617924046], [35.2099537568047, 56.092918674766956], [35.183522360152686, 55.69548188012058], [35.16336531777704, 55.29767763354011], [35.14958456402967, 54.89960162376002], [35.14228566302687, 54.50135417401951], [35.14157805800009, 54.10304062564447], [35.147575340721616, 53.7047717647549], [35.16039554303664, 53.306664298168414], [35.18016145251242, 52.90884138525844], [35.20700095447227, 52.51143323373016], [35.24104740290763, 52.11457776864695], [35.282440022952954, 51.71842138561521], [35.331324347956965, 51.32311980116547], [35.387852694136775, 50.92883901532083], [35.45218467635193, 50.53575640470368], [35.52448776845176, 50.14406196763667], [35.60493791182851, 49.753959747048064], [35.69372017591136, 49.365669462415084], [35.79102947390085, 48.97942838801254], [35.89707133689987, 48.59549352330537], [36.01206274843369, 48.214144110846526], [36.13623304002346, 47.8356845699447], [36.26982484590643, 47.460447930032075], [36.41309511117816, 47.08879986793511], [36.566316141515294, 46.72114347868971], [36.72977667360425, 46.357924942880075], [36.903782931261745, 45.99964029559608], [37.08865961117279, 45.6468435574939], [37.28475071015687, 45.30015656064455], [37.49242005702331, 44.960280895722846], [37.71205133793844, 44.628012531768434], [37.94404729006974, 44.304259822786214], [38.18882756218544, 43.990065831184765], [38.44682446650435, 43.68663618011893], [38.71847541536054, 43.3953740128269], [39.00421015414879, 43.11792409934913], [39.30442981354059, 42.856228688599145], [39.61947305606597, 42.61259830789564], [39.94956177759669, 42.38980119875686], [40.29471430744079, 42.191175008885814]], {"I": 0.12182632296999514, "falloff": 0.38279021757768555, "spread": 0.007590249077386453}]]}