{"disk": {"I": 0.0697083250939506, "Re": 21.645795131741764, "c": 2.0, "mux": 99.21758043149687, "muy": 99.19096449805093, "n": 1.0, "q": 0.9915988229139608, "roll": 1.25890072175565}, "bulge": {"I": 0.0, "Re": 2.844612478949049, "c": 2.0, "mux": 94.78284549055934, "muy": 106.20011587857468, "n": 1.0, "q": 0.9864662804332885, "roll": 2.3071455078661636}, "bar": null, "spiral": []}