{"disk": {"I": 0.10135598841819449, "Re": 8.378862366238048, "c": 2.0, "mux": 76.20138182994411, "muy": 74.2141657849507, "n": 1.0, "q": 0.513309517113454, "roll": 0.9195782330962112}, "bulge": {"I": 1442036.7333171908, "Re": 0.0015349285636843736, "c": 2.0, "mux": 75.99533963905344, "muy": 74.59239558006273, "n": 0.9140718076699846, "q": 0.8237881277910413, "roll": 2.5274642966495606}, "bar": null, "spiral": [[[[91.22007830270236, 58.343468227005715], [91.94044391810212, 59.21895194894957], [92.56402045264976, 60.16582790799644], [93.08576981952099, 61.172437110382965], [93.5038122761114, 62.22638974816055], [93.81912609115169, 63.315545071779376], [94.03494257560564, 64.4287455252117], [94.15603372953028, 65.55623550755001], [94.18804949944123, 66.68979904864707], [94.13698850292643, 67.82270083945025], [94.0088226004307, 68.94951814032578], [93.80925816756164, 70.06593041927808], [93.5436025562241, 71.16850830998003], [93.21670390284545, 72.25452312758684], [92.83293816550761, 73.32178485490967], [92.3962242810272, 74.36850906245965], [91.91005448837325, 75.39320970388385], [91.37753154709405, 76.39461349016094], [90.80140784970214, 77.37159148036109], [90.18412360771997, 78.32310396206785], [89.52784268006754, 79.24815529064277], [88.83448546862627, 80.14575593642033], [88.10575883205763, 81.01488947982571], [87.34318328305055, 81.8544826787739], [86.54811793299235, 82.66337700879417], [85.72178378988096, 83.4403002527197], [84.86528614631952, 84.18383680325582], [83.97963694941994, 84.89239534471518], [83.06577826061765, 85.56417251048875], [82.12460822681795, 86.19711096059011], [81.15701145788148, 86.78885011598419], [80.16389640926519, 87.3366675131219], [79.14624342113022, 87.83740846939003], [78.10516862977752, 88.28740154045077], [77.04201128015605, 88.68235732311416], [75.95845533411622, 89.01724892763255], [74.85670105404172, 89.28617472736804], [73.73970864797765, 89.482209481561], [72.61154366850612, 89.59726162001664], [71.47786015858077, 89.62197763512451], [70.34655471402557, 89.54577682583704], [69.22859358860708, 89.35716808210393], [68.13891828444419, 89.04458769734111], [67.09712431342338, 88.59804556325065], [66.12728972705888, 88.0117174024746], [65.25613264176629, 87.28705209065762], [64.50913816883963, 86.43504806503009], [63.90570040777311, 85.47596267943409], [63.45562301694923, 84.43593099724666], [63.158755032101226, 83.34210500806927]], {"I": 0.020985579188272374, "falloff": 0.1486558694292549, "spread": 4.700098609584486}], [[[70.57876338949399, 99.74494548250148], [69.20872175875303, 99.66999763028211], [67.84673485298076, 99.50414810768504], [66.50038785743442, 99.24009725718457], [65.17915438147037, 98.8705737545745], [63.894641163356205, 98.38886957409335], [62.66066501609324, 97.78961518088236], [61.49301133398807, 97.06977145530672], [60.40872132372247, 96.22970393361433], [59.42484388594531, 95.2740672918405], [58.5567897705191, 94.21214848438275], [57.81666728724018, 93.05740638556718], [57.21209158882581, 91.82622744321986], [56.74581486814948, 90.53624216638202], [56.41619176787437, 89.20469462199996], [56.21819734765368, 87.8472452452436], [56.14461826248579, 86.47733819224253], [56.18712527182477, 85.10605424962566], [56.33708801192102, 83.74227995963223], [56.58611566960118, 82.39303094748053], [56.9263707048657, 81.06381650294676], [57.35071998332816, 79.75898300583545], [57.85278095120868, 78.48200995573605], [58.42690601576671, 77.23575338262503], [59.06813420491152, 76.02264155300094], [59.77212822136819, 74.84483166691223], [60.5351074125532, 73.70433682168418], [61.353782213107706, 72.60313179955524], [62.22529250894857, 71.54324517254751], [63.14715043272624, 70.52684429187825], [64.11718681486434, 69.55631914813786], [65.13349950698093, 68.63437093206343], [66.19440078261236, 67.76411148774402], [67.2983596515004, 66.94918076671578], [68.443932842463, 66.19389102126459], [69.62967476843113, 65.50340890025174], [70.85401097882644, 64.88398995315762], [72.1150496248719, 64.34328412238784], [73.41028820802721, 63.890734501768726], [74.73614311128921, 63.53809129138488], [76.08717931826969, 63.300047549555444], [77.45483961265018, 63.19494403986559], [78.8253765132462, 63.24531655531734], [80.1766728657137, 63.47762773532074], [81.47407280079852, 63.91967506795662], [82.66710905394123, 64.59325904966418], [83.69249245802689, 65.50113490289357], [84.48930842475617, 66.6148170373011], [85.02093215563366, 67.87710191115643], [85.28498695370564, 69.2216171290484]], {"I": 0.0075292490513108, "falloff": 0.018777615948400876, "spread": 4.139233762533954}]]}