{"disk": {"I": 7.3295530003157864e-06, "Re": 1099.0212000730703, "c": 2.0, "mux": 215.93895364921485, "muy": 214.4699501167829, "n": 1.0, "q": 1.0, "roll": 2.931419925737078}, "bulge": {"I": 0.00023618639104441207, "Re": 1099.0212000730703, "c": 2.0, "mux": 217.80251662749941, "muy": 218.39204558569813, "n": 5.0, "q": 0.9982090806308026, "roll": 1.389256085182879}, "bar": null, "spiral": []}