{"disk": {"I": 0.03630416610481279, "Re": 23.279969734847597, "c": 2.0, "mux": 67.59824424116995, "muy": 67.7383311241463, "n": 1.0, "q": 0.582097562572381, "roll": 2.4763475148163887}, "bulge": {"I": 0.06921367548171087, "Re": 1.275745178001683, "c": 2.0, "mux": 64.60000062086283, "muy": 62.600000277838504, "n": 4.318497899252493, "q": 0.8353290806279929, "roll": 0.5110463480573184}, "bar": null, "spiral": [[[[55.959829663403276, 69.37596978644046], [55.374622806204705, 68.53340427782055], [54.84241444856951, 67.65638964181974], [54.364034886030076, 66.74888487204773], [53.940405135739354, 65.8145633080678], [53.57256102733684, 64.85690327710772], [53.26166805517258, 63.879269900467165], [53.009028499034784, 62.884990912813336], [52.81608117093848, 61.877428800171934], [52.68439318817998, 60.86005097753021], [52.61564231803915, 59.836499050434746], [52.611587650337256, 58.81065735892091], [52.67402565427963, 57.786719887032135], [52.80472816698551, 56.76925314375686], [53.00535874056964, 55.76325070538356], [53.27736436367412, 54.77417278292177], [53.62184129220888, 53.807961651597665], [54.03937703320254, 52.871021554835785], [54.52987570028348, 51.97015070287117], [55.09238078373243, 51.112414488558095], [55.724916726283055, 50.30495437385307], [56.42437628665536, 49.554736731091204], [57.18648145981304, 48.868259310854235], [58.00583905658249, 48.25124678800827], [58.87609745506906, 47.7083760389502], [59.79019164851058, 47.24307175085964], [60.74064554108688, 46.85740189289214], [61.71988992951773, 46.552083414437256], [62.720555104765964, 46.326587663478975], [63.735707275828375, 46.17931919885666], [64.75901328293428, 46.10783472025661], [65.78483284434603, 46.10907062010508], [66.808248181719, 46.17955511251835], [67.82504613571139, 46.31559032659726], [68.83166865826756, 46.513398280726896], [69.82514554675032, 46.76923088066346], [70.80302003284186, 47.079447801571995], [71.76327452299452, 47.44056777435754], [72.70426095733227, 47.84929906949476], [73.62463813830443, 48.302554466465864], [74.52331691558375, 48.79745513863539], [75.3994132103786, 49.33132696538853], [76.25220834294826, 49.901691934053815], [77.08111587869965, 50.50625658017194], [77.88565412929505, 51.14289884875337], [78.6654234644445, 51.809654329890535], [79.42008765700425, 52.504702497706546], [80.14935857781504, 53.22635335400573], [80.85298365284076, 53.97303471479697], [81.53073558686721, 54.743280263871675]], {"I": 0.16534602480288701, "falloff": 0.8888010748981575, "spread": 49.301540684086525}]]}