{"disk": {"I": 0.05135311975878526, "Re": 26.355040541935402, "c": 2.0, "mux": 99.14068286066934, "muy": 99.29293334236625, "n": 1.0, "q": 0.8813135760224443, "roll": 1.561464249882199}, "bulge": {"I": 0.22808555884120274, "Re": 2.691202294335813, "c": 2.0, "mux": 99.19999999618709, "muy": 98.79999999398491, "n": 2.5649170329698228, "q": 0.8731561736426324, "roll": 2.8349129479148427}, "bar": null, "spiral": []}