{"disk": {"I": 0.030769578910692014, "Re": 14.38364759073256, "c": 2.0, "mux": 48.253534870563946, "muy": 48.66271779077655, "n": 1.0, "q": 0.8503668486364155, "roll": 2.3740562266674843}, "bulge": {"I": 0.0, "Re": 0.01, "c": 2.0, "mux": 50.284011367996214, "muy": 49.13193191606547, "n": 1.0890197553858156, "q": 0.9720223005498816, "roll": 2.443458606625754}, "bar": {"I": 1.1059401008735275, "Re": 1.939261884699927, "c": 0.5871020398413846, "mux": 48.39740150707878, "muy": 48.89602956659657, "n": 3.7807326259431564, "q": 0.42192414331821687, "roll": 2.405293767401776}, "spiral": []}