{"disk": {"I": 0.2, "Re": 1.8558233535261959, "c": 2.0, "mux": 37.165416940611955, "muy": 37.58937070267324, "n": 1.0, "q": 0.5749315125604009, "roll": 3.0685284474029304}, "bulge": {"I": 0.2, "Re": 0.9790889393913115, "c": 2.0, "mux": 37.214452571243925, "muy": 37.790628484794524, "n": 1.0, "q": 0.7756046284591988, "roll": 3.136373037853506}, "bar": {"I": 0.18005582254650185, "Re": 1.8558233535261959, "c": 2.0, "mux": 37.05711364476426, "muy": 38.085937503323855, "n": 1.0, "q": 0.3968871532738234, "roll": 3.1415926494674857}, "spiral": []}