{"disk": {"I": 0.11976592566999761, "Re": 11.978633757071758, "c": 2.0, "mux": 41.0674588308573, "muy": 40.27529863898066, "n": 1.0, "q": 0.8333333333333334, "roll": 2.155816296091241}, "bulge": {"I": 0.0, "Re": 1.074628150605966, "c": 2.0, "mux": 42.14279391162429, "muy": 40.666833153243545, "n": 0.5586230092574309, "q": 0.8131168082032325, "roll": 1.429461914497624}, "bar": {"I": 20.637144940715213, "Re": 1.0298991430163678, "c": 0.9903963705249443, "mux": 41.335720273777056, "muy": 41.12742258612664, "n": 2.4921301063262438, "q": 0.05, "roll": 0.03721340577501531}, "spiral": []}