{"disk": {"I": 0.11948317531904608, "Re": 21.401179478342115, "c": 2.0, "mux": 81.61196562889572, "muy": 82.16009968453709, "n": 1.0, "q": 0.8333333333333334, "roll": 0.493551553425271}, "bulge": {"I": 0.0, "Re": 0.01, "c": 2.0, "mux": 90.71733239439212, "muy": 82.5018896715024, "n": 0.7421359922092899, "q": 0.6511976179946544, "roll": 0.45799966015009935}, "bar": null, "spiral": []}