{"disk": {"I": 0.040248036808080964, "Re": 23.452855025004165, "c": 2.0, "mux": 217.59488938143576, "muy": 217.99264820832119, "n": 1.0, "q": 0.8333333333333334, "roll": 0.347547500057932}, "bulge": {"I": 0.46724770337135185, "Re": 2.0671270515390976, "c": 2.0, "mux": 217.8932788024599, "muy": 218.02542175831414, "n": 2.039312313799487, "q": 0.5945805484129605, "roll": 0.14820318777246433}, "bar": null, "spiral": []}