{"disk": {"I": 0.049833419959485876, "Re": 19.979136132288616, "c": 2.0, "mux": 69.70808201245616, "muy": 69.3441033577669, "n": 1.0, "q": 0.6476903286851035, "roll": 2.2794876816761103}, "bulge": {"I": 0.034530185574465556, "Re": 19.979136132288616, "c": 2.0, "mux": 67.79999999434123, "muy": 67.9999999950138, "n": 2.678926564760345, "q": 0.6027159471182372, "roll": 2.6493737164183937}, "bar": null, "spiral": [[[[73.61398360616946, 98.38835047322388], [72.30784991315258, 97.83936994072583], [71.02415999418909, 97.23977106419753], [69.76421525988617, 96.59175109679823], [68.52921281665259, 95.89736653247608], [67.32027049562323, 95.15853756269752], [66.13844948064043, 94.37705417888536], [64.98477489080035, 93.55458338113526], [63.860254694006585, 92.69267710707793], [62.765897333358325, 91.79278062013321], [61.70272844624756, 90.85624119903947], [60.67180705276344, 89.88431705611585], [59.67424158931652, 88.87818648611355], [58.711206168316046, 87.83895731545095], [57.783957457548354, 86.76767678882204], [56.893852595596925, 85.66534210218462], [56.04236859323552, 84.53291187465088], [55.23112371548828, 83.3713189541363], [54.461901400290735, 82.18148508222072], [53.736677339011344, 80.96433811697085], [53.057650425168454, 79.72083274336148], [52.4272783645381, 78.45197591451408], [51.84831881591349, 77.1588586956296], [51.32387696937639, 75.84269676770614], [50.85746042300982, 74.50488264892316], [50.45304199532393, 73.14705378152352], [50.11513053811427, 71.77118209115838], [49.8488486158497, 70.37969253802837], [49.66001358553768, 68.9756205598021], [49.55521433101626, 67.5628209980699], [49.541868398500974, 66.14624351235472], [49.62823166644424, 64.73228997680945], [49.823312854973324, 63.32926436596867], [50.13661697425753, 61.94790808614485], [50.57760897538416, 60.60197180613212], [51.154768362466406, 59.30869437917088], [51.87413907420064, 58.088936968933155], [52.73743363163231, 56.96659755594031], [53.74006961422685, 55.9669365609532], [54.869892726198614, 55.11376420208164], [56.10742778418249, 54.426098117862715], [57.427957720306146, 53.915484694152724], [58.804773079102745, 53.585059087892624], [60.21234608956009, 53.430531514707155], [61.62844770908076, 53.44237068692789], [63.03496765404734, 53.60819212848683], [64.41776113363296, 53.91468862694341], [65.7659940887604, 54.348898025011586], [67.07134569211036, 54.89889120386794], [68.32725942659475, 55.55405621572316]], {"I": 0.007281569536220817, "falloff": 0.2531505465898145, "spread": 4.649507868018087}], [[[88.92695129324662, 62.17227229796265], [89.3769013253911, 63.69700299196739], [89.75312657141745, 65.24156071424122], [90.05011692621675, 66.80326905279284], [90.26164018859198, 68.37880376893705], [90.38066817564938, 69.96397829879115], [90.39932428757912, 71.55346403513636], [90.30888001582555, 73.14043137887501], [90.09984624262113, 74.71610268406172], [89.76223084588113, 76.2692250968849], [89.28606329339046, 77.78550940343263], [88.66230518904743, 79.2471530148477], [87.88423805641041, 80.63267336518524], [86.94928996497784, 81.91739038552154], [85.86099019839844, 83.07490972703303], [84.63039759292667, 84.07971497566881], [83.27620355618483, 84.91042221615915], [81.82308486105912, 85.5526686718387], [80.29870996955786, 86.00054384029859], [78.73047838572188, 86.25613898514202], [77.14304230526878, 86.32768626335259], [75.55705841620927, 86.22719815832211], [73.98901253277461, 85.96835905499655], [72.45169615021705, 85.56500885970699], [70.95494724131512, 85.03022862563363], [69.5064124387692, 84.37588839719628], [68.1122196420298, 83.61249627746965], [66.77753231417894, 82.74922122739449], [65.50699682138263, 81.79400524716914], [64.30510917013034, 80.75371577979843], [63.17653084141554, 79.6343137783346], [62.12638278124351, 78.44102919070518], [61.160546011258475, 77.17854731225428], [60.285998615324814, 75.85122001240241], [59.51122295740356, 74.46332895606217], [58.84672399580634, 73.01944860244015], [58.305707822287985, 71.52499305808381], [57.904971483987346, 69.98709691481287], [57.666025052722134, 68.41609930101794], [57.6163259628846, 66.82809965586137], [57.790037859780725, 65.2493067094026], [58.22645993854484, 63.722855793750576], [58.9618106954443, 62.316929538530744], [60.0089720553509, 61.12635429823775], [61.330870829384764, 60.25175765440516], [62.83696058670738, 59.75648595527156], [64.4191918832021, 59.641785644127424], [65.99069759375962, 59.8651389384325], [67.49561143821498, 60.37191100769271], [68.90031838228877, 61.11330032013319]], {"I": 0.01838869666380166, "falloff": 0.5885698219743742, "spread": 7.565981151692681}]]}