{"disk": {"I": 0.06467635197399273, "Re": 28.05969051487351, "c": 2.0, "mux": 96.41369606321594, "muy": 94.15791394650199, "n": 1.0, "q": 0.8333333333333334, "roll": 0.07966754785278507}, "bulge": {"I": 0.4519301316341654, "Re": 4.48735336040448, "c": 2.0, "mux": 96.61622886172164, "muy": 96.76824923861477, "n": 0.5, "q": 0.4, "roll": 0.185446569295322}, "bar": {"I": 0.0, "Re": 1.6637059719828697, "c": 2.0470106598025177, "mux": 98.05832287138388, "muy": 95.87414390429042, "n": 1.1476670607093278, "q": 0.09984924696566908, "roll": 0.07655206332814228}, "spiral": [[[[94.10858358398112, 107.94327796927212], [93.24945400371634, 108.31329724942213], [92.36681600055422, 108.62312173920921], [91.46544117262789, 108.87329347660707], [90.54976700940313, 109.06466558932821], [89.62390200555446, 109.19836374533104], [88.69163028928133, 109.2757478072237], [87.75641719351995, 109.29837405493578], [86.82141662261112, 109.26795854658205], [85.88948060790393, 109.1863422405749], [84.96317109889668, 109.05545845084094], [84.04477379105536, 108.87730309326571], [83.13631363600376, 108.65390803737704], [82.23957159928285, 108.38731772782043], [81.35610220704402, 108.07956910244518], [80.48725144244544, 107.7326747176611], [79.63417459827468, 107.34860890201954], [78.79785375383614, 106.92929669608992], [77.9791146107563, 106.47660529814486], [77.17864248983886, 105.99233771812177], [76.39699735050472, 105.47822834067505], [75.63462774943687, 104.93594011017734], [74.8918836976865, 104.36706306903731], [74.16902841258766, 103.77311400611516], [73.46624898734542, 103.1555369986567], [72.78366602082887, 102.51570465821908], [72.12134226474646, 101.85491991870131], [71.47929035300997, 101.17441822850684], [70.8574796834829, 100.47537003253885], [70.25584252292465, 99.75888344869733], [69.67427940612849, 99.02600706276289], [69.1126638968332, 98.27773277920078], [68.57084677518637, 97.5149986796566], [68.04865971179677, 96.73869185075466], [67.54591848422565, 95.94965115275693], [67.06242578673145, 95.14866990724127], [66.59797367971134, 94.33649848889655], [66.15234572050674, 93.51384681045836], [65.72531881322962, 92.6813866946358], [65.31666481114289, 91.83975412945622], [64.92615190148773, 90.98955140549761], [64.55354579944711, 90.13134913720141], [64.19861077462173, 89.2656881683646], [63.86111053098598, 88.393081367099], [63.54080895859726, 87.51401531298646], [63.237470773274055, 86.62895188125023], [62.95086205847249, 85.73832972880201], [62.68075072185988, 84.8425656871353], [62.426906877587165, 83.94205606688232], [62.18910316392393, 83.0371778790008]], {"I": 0.023631601196394098, "falloff": 0.09461082151336969, "spread": 11.295203100826228}], [[[97.82308979635312, 82.31231023104586], [99.19377571080553, 81.95037096063973], [100.59435564790408, 81.73085327483241], [102.00999182875584, 81.6544928871138], [103.42619422590911, 81.7199506495826], [104.82918576439047, 81.92390599768629], [106.20623165135736, 82.26125842151745], [107.54589861584263, 82.72541429027318], [108.83822344363753, 83.30862542935952], [110.0747858415675, 84.00234287185597], [111.24869431077607, 84.79755345344402], [112.35450274852464, 85.68507577501019], [113.38807928450083, 86.65580238235057], [114.3464482609958, 87.70088429980164], [115.22762289974791, 88.8118609264755], [116.03044166018125, 89.98074244756114], [116.75441678058684, 91.20005370940405], [117.39959967958895, 92.4628486279462], [117.9664650267732, 93.76270331508147], [118.45581335683791, 95.09369476685538], [118.8686909281003, 96.45037050962402], [119.2063249265897, 97.82771325994368], [119.47007190712712, 99.2211035227114], [119.6613773905732, 100.62628214075565], [119.78174470180518, 102.03931411888269], [119.83271135911444, 103.45655453378131], [119.81583156987735, 104.87461697951026], [119.73266362212459, 106.29034474692273], [119.58476117432357, 107.70078477119127], [119.37366763027124, 109.10316427588064], [119.10091294223791, 110.49486997944378], [118.76801231470662, 111.8734296988975], [118.37646638644954, 113.23649617194627], [117.92776255348429, 114.58183291945411], [117.42337716312578, 115.90730197694492], [116.86477836237722, 117.2108533375117], [116.253429425527, 118.49051596187203], [115.59079241779477, 119.7443902264177], [114.87833207617072, 120.97064169378508], [114.11751980682143, 122.16749610462404], [113.30983771190459, 123.33323549965414], [112.45678256802688, 124.46619539066299], [111.55986968542099, 125.56476290727628], [110.62063658161979, 126.62737585180471], [109.64064640589277, 127.65252259691552], [108.62149105344713, 128.63874276394543], [107.5647939097536, 129.5846286185009], [106.47221216712273, 130.4888271182408], [105.34543865786303, 131.35004254436052], [104.18620315132542, 132.1670396436106]], {"I": 0.011596350274564324, "falloff": 0.048672664924149275, "spread": 10.036706590993143}]]}