{"disk": {"I": 0.07687865864700179, "Re": 10.835015434872528, "c": 2.0, "mux": 66.8473966935992, "muy": 67.17876011129285, "n": 1.0, "q": 0.46100741536907847, "roll": 2.9821293843811647}, "bulge": {"I": 0.004769398610285667, "Re": 0.9895603246849162, "c": 2.0, "mux": 69.19999894173543, "muy": 66.60000204372132, "n": 4.999999999999968, "q": 0.6463565373957187, "roll": 2.9004397165585525}, "bar": null, "spiral": [[[[74.20438671639248, 58.835869474203356], [74.4276559744981, 59.47493301480013], [74.63484453995045, 60.11939041325006], [74.82615590691435, 60.76873873944888], [75.00174244161225, 61.42251492947151], [75.16170644616604, 62.08028838940736], [75.30610066937945, 62.7416544126674], [75.43492823507894, 63.40622819061119], [75.548141952003, 64.0736392204858], [75.6456429582016, 64.74352592841196], [75.72727863777968, 65.41553032896121], [75.79283972842285, 66.08929253647248], [75.84205651392269, 66.76444492549992], [75.87459396581265, 67.4406057064], [75.89004566161337, 68.11737163358524], [75.88792626204328, 68.79430949288246], [75.86766227227328, 69.47094591114372], [75.82858074839783, 70.14675488665327], [75.76989552606125, 70.82114222851241], [75.69069046133149, 71.49342579737562], [75.58989907292438, 72.16281000781063], [75.46627989325374, 72.82835243171165], [75.31838680104774, 73.48891943282919], [75.14453371635302, 74.14312643466606], [74.94275347512875, 74.78925648842807], [74.71075185196848, 75.4251480211237], [74.44586035950323, 76.04803876909973], [74.14499720823495, 76.65434795212852], [73.80465768578632, 77.23937367677381], [73.42097861824301, 77.79688141715978], [72.98996433896974, 78.3185742671438], [72.5080286507988, 78.79349664535468], [71.9730754911626, 79.20758874522255], [71.38629143292621, 79.54393609950888], [70.75437409823041, 79.78461227390319], [70.0909030831374, 79.91470068600722], [69.41490940559818, 79.927238381433], [68.74635701655511, 79.82574632798342], [68.10132989224886, 79.62226614587499], [67.48990030611438, 79.33275878779864], [66.91677996312062, 78.97310219671974], [66.38308372666455, 78.55704240413856], [65.88793938037495, 78.0956823476126], [65.42956404745821, 77.59771460656403], [65.00587833291246, 77.06987773467388], [64.61482177288514, 76.51740529686582], [64.25449911021948, 75.94439559683659], [63.92323777458101, 75.35409544432093], [63.61960155713136, 74.74911185946749], [63.342384375643135, 74.13156872293425]], {"I": 0.11568193639714704, "falloff": 0.47246811199864097, "spread": 707.3508781530097}]]}