{"disk": {"I": 0.03721177548691966, "Re": 24.940687511630408, "c": 2.0, "mux": 66.42062089250088, "muy": 65.82430109391333, "n": 1.0, "q": 0.7560864453694232, "roll": 2.1298126235193093}, "bulge": {"I": 0.049029366220879646, "Re": 12.605720918617703, "c": 2.0, "mux": 63.86818479548346, "muy": 69.69579103842321, "n": 0.32213386562480556, "q": 0.7808533905647178, "roll": 1.6143698684355963}, "bar": {"I": 0.21470751660116064, "Re": 9.950821738798945, "c": 3.721275669490725, "mux": 66.94443045206076, "muy": 67.06492287637683, "n": 1.224154532449406, "q": 0.3089321419637411, "roll": 1.680107423643861}, "spiral": [[[[68.32147737841989, 49.77877867750525], [68.8378808319219, 50.0085414319046], [69.35086368343623, 50.245842513572654], [69.8602367756643, 50.49079556816244], [70.36579862815128, 50.74352046015669], [70.86733422613992, 51.004143531609934], [71.36461367047362, 51.272797859752366], [71.85739066989247, 51.549623508489745], [72.34540085435619, 51.83476776716355], [72.82835988554766, 52.12838536757634], [73.30596133580815, 52.43063866803874], [73.7778743050359, 52.74169778883888], [74.24374073817825, 53.06174067980752], [74.70317240364797, 53.390953093933085], [75.15574748584802, 53.7295284340027], [75.60100674064539, 54.077667429146686], [76.03844915678185, 54.43557758577216], [76.46752706100376, 54.80347234133707], [76.88764060175848, 55.18156982886105], [77.29813154224463, 55.57009113425016], [77.69827629814253, 55.96925789530478], [78.08727816179226, 56.37928905014597], [78.46425867287347, 56.8003964913077], [78.82824813044166, 57.23277931920119], [79.17817529482362, 57.67661631340895], [79.51285642088241, 58.13205615432266], [79.8309838990096, 58.59920483290229], [80.13111498497571, 59.07810959280586], [80.4116613928432, 59.56873867476525], [80.67088092623183, 60.07095610649931], [80.90687285980569, 60.58449085862944], [81.11757944613964, 61.10889994039114], [81.30079668459318, 61.64352555235497], [81.45419822829204, 62.18744736759633], [81.5753768039725, 62.73943250599826], [81.66190739141494, 63.29788782488767], [81.7114351409609, 63.860821617203776], [81.72178805381452, 64.42582416102172], [81.6911095369923, 64.9900778400086], [81.61799950516287, 65.55040645952045], [81.5016462648938, 66.1033688029018], [81.34192754840306, 66.6453933186923], [81.1394604290792, 67.1729408177169], [80.8955876177938, 67.6826735897371], [80.61230015616822, 68.17160608989592], [80.29210958943744, 68.63721609561789], [79.93789163309907, 69.07750466057267], [79.5527255007131, 69.4910045412368], [79.13974893843714, 69.87674602932587], [78.70204140320976, 70.23419400161355]], {"I": 0.015039272580993605, "falloff": 0.427156164757445, "spread": 0.5721047100430833}]]}