{"disk": {"I": 0.04442469588016572, "Re": 23.999492478908465, "c": 2.0, "mux": 78.1768504308663, "muy": 75.62625524036768, "n": 1.0, "q": 0.9327513877767836, "roll": 0.008911505116363738}, "bulge": {"I": 0.3357453847167567, "Re": 6.282529805098469, "c": 2.0, "mux": 76.34349799171746, "muy": 77.50531991895974, "n": 0.7538448879711526, "q": 0.5009558038192944, "roll": 0.13080450091562346}, "bar": null, "spiral": [[[[48.44197995609958, 82.35664556760763], [48.62471291445562, 81.29875193312785], [48.84076077335587, 80.24715747085334], [49.09038331304203, 79.20302466722188], [49.3738203835882, 78.16756095954477], [49.69128930631094, 77.14202116237269], [50.04298190582283, 76.12770996120483], [50.429061130193276, 75.1259844531523], [50.849657213688594, 74.13825670713985], [51.30486333322306, 73.16599630906563], [51.794730706614445, 72.21073284863749], [52.31926307945669, 71.2740582928159], [52.87841054430018, 70.3576291808873], [53.47206263828393, 69.46316855883342], [54.100040664578174, 68.59246755753314], [54.762089190049586, 67.74738649798317], [55.4578666768235, 66.9298553888191], [56.18693521839296, 66.14187365791284], [56.94874936663916, 65.3855089372616], [57.742644060010065, 64.66289469584302], [58.56782169138613, 63.976226492969445], [59.4233383934741, 63.327756603090585], [60.30808966515175, 62.71978674720572], [61.220795519687805, 62.15465865638536], [62.15998539974247, 61.63474219462951], [63.12398317872761, 61.16242078362119], [64.11089264401463, 60.740073905922564], [65.11858394261627, 60.37005651933949], [66.14468154132653, 60.054675297210906], [67.18655432221519, 59.79616171935785], [68.24130847672087, 59.59664217614927], [69.30578387555772, 59.45810541072723], [70.37655456362458, 59.38236780500699], [71.44993394961385, 59.37103720180281], [72.52198512342879, 59.42547613243088], [73.58853653986407, 59.5467654678322], [74.64520305833597, 59.73566960930469], [75.68741203929764, 59.992604361288734], [76.71043389039009, 60.3176085685184], [77.7094161548385, 60.71032044094618], [78.67941997364825, 61.16995923654608], [79.61545756007794, 61.69531262983638], [80.51252922693224, 62.28472969286115], [81.36565851851792, 62.93611897742785], [82.16992412596602, 63.646950749687], [82.92048749936266, 64.41426202187833], [83.61261539716155, 65.23466267157094], [84.2416970116613, 66.10434065175235], [84.80325575869925, 67.01906407466858], [85.29295630745355, 67.97417778655188]], {"I": 0.018986025749256355, "falloff": 0.25009719237622113, "spread": 13.46810100142943}], [[[98.65942320068801, 86.42673586164108], [98.1076239319776, 87.3364422034971], [97.51776998997553, 88.22194524649035], [96.89039772924704, 89.0812719242476], [96.22614036658372, 89.91241280236248], [95.52573627632198, 90.71332575426443], [94.7900375881533, 91.48194078630583], [94.02001896785693, 92.21616614745562], [93.21678643198722, 92.91389585250896], [92.38158600958735, 93.5730187355374], [91.51581202947027, 94.1914291285169], [90.62101477586401, 94.76703922927341], [89.69890722101839, 95.29779318103728], [88.75137051617638, 95.78168283271819], [87.78045790324852, 96.21676508476511], [86.78839670315496, 96.60118065137017], [85.77758804735882, 96.93317398889774], [84.75060404620511, 97.21111405398372], [83.71018214278416, 97.433515474164], [82.65921647086236, 97.59905963548276], [81.60074613586539, 97.70661513527153], [80.53794044958063, 97.75525700747527], [79.4740812797804, 97.74428412138185], [78.41254280883464, 97.67323417883374], [77.35676912501951, 97.54189579564891], [76.31025018546184, 97.3503172488485], [75.27649678026371, 97.09881159766675], [74.25901518518914, 96.78795803430027], [73.26128220976683, 96.41859948308311], [72.28672132588189, 95.99183662903874], [71.33868050217848, 95.50901870555802], [70.42041227422038, 94.97173150449338], [69.53505646121883, 94.38178316739123], [68.68562580353921, 93.74118838362668], [67.87499465353584, 93.05215164893112], [67.10589071531497, 92.3170502310621], [66.38088970382522, 91.5384174536296], [65.70241268683777, 90.71892684936128], [65.07272578798181, 89.86137765815872], [64.49394186585252, 88.96868206044734], [63.96802374200894, 88.04385444902265], [63.496788526502705, 87.09000295809265], [63.081912579342266, 86.11032339029924], [62.72493664702325, 85.10809561237272], [62.42727071695632, 84.08668243042223], [62.19019814062839, 83.0495309023914], [62.014878578894944, 82.00017599974375], [61.90234932305542, 80.94224648603043], [61.85352453644604, 79.87947283582562], [61.86919194575299, 78.81569696652531]], {"I": 0.043847366240545624, "falloff": 0.5651718339012923, "spread": 9.869918053946336}]]}