{"disk": {"I": 0.018562442275995884, "Re": 10.886407709128168, "c": 2.0, "mux": 30.80971836857303, "muy": 27.712719193216873, "n": 1.0, "q": 0.04567395581391037, "roll": 2.602577923680034}, "bulge": {"I": 0.06342914576841309, "Re": 10.886407709128168, "c": 2.0, "mux": 34.1722462575571, "muy": 33.937380816035, "n": 3.0098123053391372, "q": 0.6738294937135179, "roll": 2.950297182432842}, "bar": null, "spiral": []}