{"disk": {"I": 0.014540043021475489, "Re": 13.982915254101131, "c": 2.0, "mux": 36.66619830125888, "muy": 36.40185111891633, "n": 1.0, "q": 0.31501935307508444, "roll": 1.5948023882380562}, "bulge": {"I": 0.26385382497451637, "Re": 2.359976289301454, "c": 2.0, "mux": 36.87287106865565, "muy": 37.278258085406456, "n": 0.8618148759220331, "q": 0.4, "roll": 0.19874756178012162}, "bar": {"I": 11.150570320559261, "Re": 0.8390393121629868, "c": 2.927874918456324, "mux": 36.84272238910108, "muy": 36.823035318007825, "n": 4.576634573193138, "q": 0.05000456186378324, "roll": 0.726670657107724}, "spiral": [[[[38.7474938685783, 33.6229170834915], [39.198596374145076, 33.499543288343276], [39.654289291239955, 33.39437704051256], [40.113770664400064, 33.307235323969486], [40.57629911897478, 33.23806461509458], [41.041167331526346, 33.18693137277395], [41.50767898590161, 33.154015989262746], [41.97512743648067, 33.1396094604521], [42.44277466599772, 33.14411215668471], [42.909829320155325, 33.16803410627852], [43.375422687587914, 33.21199614017883], [43.83858151851523, 33.27673106731783], [44.298196586918564, 33.36308372291669], [44.752985966020816, 33.47200820653851], [45.20145221298651, 33.604559842055096], [45.641833224793686, 33.76187829102235], [46.07204771657163, 33.945156824903464], [46.4896385010089, 34.155591141417545], [46.89172052101236, 34.39429974639849], [47.274946304582805, 34.66220785125009], [47.635508905029354, 34.959889838113675], [47.96920949224877, 35.28737422183612], [48.2716186736441, 35.64393174175312], [48.53834956165875, 36.02789006367933], [48.76542997275222, 36.43653809278349], [48.94971470475978, 36.86618185383117], [49.08923843485109, 37.31237811608876], [49.18340702853834, 37.77030885098717], [49.23297388680423, 38.23520340370152], [49.23982421744467, 38.7027024452592], [49.206648214694916, 39.16909373892809], [49.136596465004594, 39.631405935172765], [49.03298510183641, 40.08738948906615], [48.8990803325586, 40.535429790604], [48.73796227175956, 40.97443277113035], [48.55245282109915, 41.40370994058968], [48.345088577303194, 41.8228768961096], [48.118122058510075, 42.23177027802541], [47.87353881370871, 42.63038305127208], [47.61308209793975, 43.01881569757168], [47.33827999868939, 43.39724024781437], [47.05047210144437, 43.76587423244287], [46.750834210354384, 44.124962077322834], [46.44040049216894, 44.47476198770351], [46.12008289413462, 44.815536826437715], [45.79068795638157, 45.14754787281569], [45.452931247404464, 45.47105064501791], [45.10744970471572, 45.786292191761305], [44.75481216065038, 46.093509423831854], [44.395528312224876, 46.39292817583888]], {"I": 0.03416276700406701, "falloff": 0.475499215489764, "spread": 9.862123089905346}], [[[35.37162442263324, 40.36196098820735], [34.96124299654183, 40.45027284971015], [34.54744353545626, 40.52086693175456], [34.13104614625066, 40.57404329685295], [33.71280561551458, 40.60995794064832], [33.29344185628823, 40.628642318323315], [32.873664703270286, 40.63001766301919], [32.454195427379936, 40.61390580064309], [32.03578656925266, 40.58003776628716], [31.61924120844026, 40.52806132607485], [31.205432450472593, 40.457548449702074], [30.795323637477377, 40.36800383159637], [30.3899894988718, 40.2588757030894], [29.990638092273603, 40.12957039160854], [29.598632874180506, 39.979472329771326], [29.215513516442787, 39.80797142812267], [28.843013100918814, 39.61449977620109], [28.483068078691307, 39.39857932908911], [28.137816001867492, 39.159881292846855], [27.80957486047141, 38.89829603367427], [27.500797517200734, 38.614009302438355], [27.21399612481807, 38.307576562590555], [26.951635411475838, 37.979983105115835], [26.716000561441682, 37.63267514232461], [26.509053915294828, 37.26754833148688], [26.332301934034206, 36.88688659678299], [26.186696087400254, 36.493254863072494], [26.072586152269867, 36.08936086872317], [25.989732879905198, 35.677908793941704], [25.93737350162927, 35.26146784787911], [25.914323350315527, 34.84237258111455], [25.91909308899309, 34.42266196033717], [25.950003365784326, 34.00405525139354], [26.005284550355363, 33.58795704689016], [26.08315564125663, 33.17548178275831], [26.181881536217052, 32.76748881503991], [26.299810995438527, 32.364621181760995], [26.43539902160822, 31.967343494673887], [26.587217579262614, 31.57597638406374], [26.753958143420423, 31.190726345612706], [26.93442887615492, 30.81171076392304], [27.12754853590249, 30.438978398156806], [27.33233860859015, 30.07252586629574], [27.54791467919666, 29.71231073566133], [27.773477697151634, 29.358261816102402], [28.00830553807014, 29.010287188748283], [28.25174509354997, 28.668280425639786], [28.503204995629673, 28.332125379414336], [28.762149020880347, 28.00169984853525], [29.028090161351663, 27.67687836444569]], {"I": 0.042360210012295264, "falloff": 0.5002262742069165, "spread": 19.500878255188145}]]}