{"disk": {"I": 0.07053142208293045, "Re": 8.288216937329796, "c": 2.0, "mux": 43.91299686385913, "muy": 47.52954843675031, "n": 1.0, "q": 0.4852403639505252, "roll": 0.8432503165494799}, "bulge": {"I": 0.03538739353765981, "Re": 0.8716217485536712, "c": 2.0, "mux": 45.59999472972562, "muy": 45.600045300648354, "n": 5.0, "q": 0.8373889368761455, "roll": 2.59897401281855}, "bar": null, "spiral": [[[[49.84239160123949, 40.15512102804909], [50.368778502565824, 40.12807969000554], [50.89424343968632, 40.16872006631194], [51.4093607015358, 40.280004589276295], [51.90403744564754, 40.46170434148115], [52.368892283781555, 40.70999609709422], [52.79658899104614, 41.01798553487016], [53.18257423702876, 41.37694757874562], [53.52503845292041, 41.777715724013994], [53.824336615506304, 42.21173256737849], [54.08224180050983, 42.671601641902306], [54.301291330009555, 43.151234557699], [54.4843201123599, 43.645763492594114], [54.634171694874354, 44.15135674323664], [54.753540662833146, 44.665017887407785], [54.84489972704283, 45.184405184938484], [54.91047653317771, 45.70768273786481], [54.95225733657559, 46.23340319205518], [54.97200376777425, 46.76041741490334], [54.971274861259985, 47.28780570923778], [54.95145013932037, 47.81482562716613], [54.91375164210874, 48.34087235335866], [54.859263970299345, 48.865448528024224], [54.788952035737104, 49.38814114452194], [54.70367654095921, 49.90860375431446], [54.604207357226876, 50.4265426687891], [54.49123503281522, 50.94170618404055], [54.365380670894446, 51.45387610628099], [54.22720440607265, 51.962861037666514], [54.07721268421813, 52.46849101811592], [53.91586452597831, 52.970613217487056], [53.743576927198106, 53.46908844684444], [53.560729528544826, 53.96378831150841], [53.36766866443545, 54.45459287017716], [53.164710885180035, 54.94138869478074], [52.952146030956214, 55.42406724920434], [52.73023992356691, 55.902523522754215], [52.49923673220751, 56.376654867716354], [52.2593610600688, 56.84636000095076], [52.01081979161129, 57.311538137481975], [51.7538037344996, 57.77208823037264], [51.488489085160715, 58.22790829614558], [51.21503874231445, 58.67889480887732], [50.93360348994869, 59.1249421491916], [50.644323068001256, 59.565942096843045], [50.34732714664043, 60.0017833575424], [50.04273621805658, 60.43235111626146], [49.73066241802155, 60.85752661055389], [49.41121028809087, 61.27718671848928], [49.084477488181335, 61.69120355668383]], {"I": 0.04932541127272467, "falloff": 0.441027992255886, "spread": 5.962027746468223}], [[[45.067826247223074, 54.78832469625129], [44.560545647185805, 54.929123565310704], [44.04267720066685, 55.023643186887234], [43.51803049815683, 55.06635920359941], [42.99189204628068, 55.051875080794034], [42.47115247901152, 54.97561897865799], [41.96409999080244, 54.834748860802016], [41.47973912680089, 54.629028614926156], [41.02669460914224, 54.361297133713784], [40.61203942674862, 54.03723447599717], [40.24049912381937, 53.66446736620463], [39.91428376268843, 53.2513937965108], [39.63345896010224, 52.80616186417575], [39.39657206768481, 52.336033066900995], [39.201274545202466, 51.84712528828063], [39.044807678599966, 51.34441400458057], [38.92432661095039, 50.831864077832144], [38.837090695780034, 50.31260427996755], [38.78056078898965, 49.789097738285534], [38.75243842493534, 49.2632890539462], [38.75067167423962, 48.73672363982743], [38.77344353970364, 48.210641375692084], [38.81915234904679, 47.68604887382695], [38.8863894813782, 47.16377483466915], [38.973917257791925, 46.64451240640253], [39.0806483751929, 46.12885170335623], [39.20562744546727, 45.61730493119209], [39.34801476646938, 45.110325977094384], [39.50707223119049, 44.60832586279884], [39.682151179209015, 44.11168511015569], [39.872681962761014, 43.62076380764732], [40.07816499523855, 43.13590997559633], [40.29816306719705, 42.65746668632067], [40.53229473383223, 42.18577829341365], [40.780228599842545, 41.72119604973848], [41.04167834690425, 41.26408334034822], [41.31639836494101, 40.814820718833595], [41.6041798602436, 40.37381090977931], [41.90484732079127, 39.941483923313335], [42.21825522139987, 39.5183024181226], [42.544284847999776, 39.10476744520547], [42.88284111060666, 38.70142470471673], [43.23384919718758, 38.308871451205505], [43.59725089402025, 37.92776418689246], [43.9730003600268, 37.558827286307476], [44.36105909002722, 37.202862695351186], [44.76138973138367, 36.86076083896964], [45.173948325885824, 36.53351284656993], [45.59867442954692, 36.22222415149114], [46.03547841395712, 35.92812942137078]], {"I": 0.00908458837400664, "falloff": 0.01, "spread": 11.255683323094985}]]}