{"disk": {"I": 0.01982325088822574, "Re": 36.53386720607232, "c": 2.0, "mux": 125.10787092961505, "muy": 123.50705394372984, "n": 1.0, "q": 0.7181103476087646, "roll": 0.2807160733636156}, "bulge": {"I": 0.07029661188064806, "Re": 35.80773578898457, "c": 2.0, "mux": 124.78216418385553, "muy": 124.79087436073267, "n": 1.5793638297600185, "q": 0.6, "roll": 3.139850210743064}, "bar": null, "spiral": []}