{"disk": {"I": 0.16806413353675967, "Re": 5.185703370644244, "c": 2.0, "mux": 30.28886612550191, "muy": 30.527495248892674, "n": 1.0, "q": 0.22227332832198965, "roll": 2.342678336908061}, "bulge": {"I": 0.09661718640216971, "Re": 8.642838951073742, "c": 2.0, "mux": 29.574916787968025, "muy": 30.25550343832223, "n": 2.0726987449243293, "q": 0.6, "roll": 0.3629471792023429}, "bar": null, "spiral": []}