{"disk": {"I": 0.18243339597450567, "Re": 10.279024529156333, "c": 2.0, "mux": 55.667978956442944, "muy": 55.62552941473572, "n": 1.0, "q": 0.942663826043002, "roll": 2.8291586780118676}, "bulge": {"I": 0.01044417775329825, "Re": 11.355040060909014, "c": 2.0, "mux": 78.81331650863632, "muy": 64.39351544562366, "n": 0.5472834800326264, "q": 0.8333333333333334, "roll": 0.3622601734900819}, "bar": null, "spiral": []}