{"disk": {"I": 0.04720979532581263, "Re": 11.02380667849362, "c": 2.0, "mux": 68.82209621286026, "muy": 69.29932674607265, "n": 1.0, "q": 0.017656546712252134, "roll": 1.6500114543819484}, "bulge": {"I": 0.06313419667375078, "Re": 11.001256619360246, "c": 2.0, "mux": 69.78893866121535, "muy": 69.31533016992125, "n": 2.405474821457401, "q": 0.6, "roll": 1.5892649791819313}, "bar": null, "spiral": []}