{"disk": {"I": 0.06138401782903321, "Re": 28.84449607001219, "c": 2.0, "mux": 116.95847352425797, "muy": 114.79595462241014, "n": 1.0, "q": 0.9884215372761512, "roll": 1.1996665506188928}, "bulge": {"I": 0.021819006532600077, "Re": 28.84449607001219, "c": 2.0, "mux": 115.99999999176201, "muy": 115.59999999794216, "n": 2.673735922370016, "q": 0.9605786773005909, "roll": 1.1908965200118253}, "bar": null, "spiral": []}