{"disk": {"I": 0.13806477905626963, "Re": 16.752301947152525, "c": 2.0, "mux": 63.15760839648426, "muy": 62.18639597861286, "n": 1.0, "q": 0.892219352105514, "roll": 3.1081956884106257}, "bulge": {"I": 0.9608276073553478, "Re": 0.8499626455766941, "c": 2.0, "mux": 63.14054106238211, "muy": 63.24957732363961, "n": 0.5958741035813275, "q": 0.8100663454058049, "roll": 3.029911888882105}, "bar": null, "spiral": []}