{"disk": {"I": 0.025972240001106962, "Re": 29.67754274010139, "c": 2.0, "mux": 104.34556506129992, "muy": 102.48133656905523, "n": 1.0, "q": 0.6550817187690817, "roll": 2.2431247819321833}, "bulge": {"I": 0.3621198004768217, "Re": 3.094351654155684, "c": 2.0, "mux": 97.59706325441373, "muy": 96.82820250243303, "n": 1.113580564153732, "q": 0.8333333333333334, "roll": 2.3771935090371126}, "bar": null, "spiral": [[[[74.58571451801343, 99.93959984313226], [74.34898074869072, 99.26523254352095], [74.13066776520353, 98.58467997337411], [73.93148303071925, 97.89828659895873], [73.75216615846192, 97.20643851722929], [73.59348845309339, 96.50956880975352], [73.45625180703469, 95.80816336678163], [73.34128678940412, 95.10276716088705], [73.24944974059677, 94.3939909213048], [73.1816186623214, 93.68251812284231], [73.13868767342632, 92.96911215442111], [73.1215597904167, 92.2546234728054], [73.13113779262328, 91.53999647381417], [73.16831295259728, 90.82627573055473], [73.23395145974976, 90.11461115681088], [73.32887844727163, 89.40626156315903], [73.45385965652311, 88.70259599121492], [73.60958094361153, 88.00509215509197], [73.79662604873967, 87.31533130637916], [74.01545330281924, 86.63498888988113], [74.26637221483149, 85.96582049480331], [74.54952114120414, 85.30964283939042], [74.86484743618516, 84.66830986203718], [75.21209157959372, 84.04368440734292], [75.59077672445787, 83.43760645544545], [76.00020487838695, 82.85185928563013], [76.43946052568742, 82.28813532009882], [76.90742194585502, 81.74800359085279], [77.4027798551376, 81.2328807617633], [77.92406238042628, 80.74400740345172], [78.46966486145463, 80.28243078669591], [79.03788264285359, 79.84899489444766], [79.62694490201915, 79.44433774001533], [80.2350476602428, 79.06889550920152], [80.86038440392181, 78.72291258975393], [81.50117313685024, 78.40645625540668], [82.1556791233822, 78.1194346438434], [82.82223300321412, 77.86161669006154], [83.49924431663834, 77.63265281231226], [84.18521075083682, 77.43209535345113], [84.87872359602655, 77.25941801736995], [85.57846999491876, 77.11403377314842], [86.28323259441025, 76.99531090911076], [86.99188718485244, 76.9025870917221], [87.70339885557365, 76.8351814175387], [88.41681712309352, 76.79240454088372], [89.13127040987142, 76.77356702160442], [89.84596017531408, 76.7779860719773], [90.56015493164571, 76.80499089627921], [91.27318431716103, 76.8539268165376]], {"I": 0.05117531005115947, "falloff": 0.9630311755099674, "spread": 47.385192367905375}]]}