{"disk": {"I": 0.04627625567475578, "Re": 12.220949085226952, "c": 2.0, "mux": 42.381546364704334, "muy": 39.734062369967894, "n": 1.0, "q": 0.7920986717350095, "roll": 0.18836728737938363}, "bulge": {"I": 0.028707839080176357, "Re": 9.781354246931704, "c": 2.0, "mux": 40.600000003478776, "muy": 40.19999994668103, "n": 3.989649898804784, "q": 1.0, "roll": 2.5027507390560744}, "bar": null, "spiral": []}