{"disk": {"I": 0.019027208233072662, "Re": 17.00917266626876, "c": 2.0, "mux": 46.380853972889405, "muy": 46.992236307179546, "n": 1.0, "q": 0.4158918663111262, "roll": 1.1477507374933995}, "bulge": {"I": 0.03787425273710712, "Re": 16.081046540488217, "c": 2.0, "mux": 47.19999999973531, "muy": 47.20000001324304, "n": 2.6392896665002223, "q": 0.6, "roll": 1.2541109987735288}, "bar": null, "spiral": []}