{"disk": {"I": 0.010070697980427324, "Re": 57.71178861409584, "c": 2.0, "mux": 105.55202554154975, "muy": 100.79155594224632, "n": 1.0, "q": 0.40381061340582713, "roll": 0.0333725468396584}, "bulge": {"I": 0.022788268823726008, "Re": 33.30895614883659, "c": 2.0, "mux": 101.39999999390305, "muy": 101.99999999297872, "n": 2.8913983419308424, "q": 0.6837151039326492, "roll": 2.814608188995274}, "bar": {"I": 0.0, "Re": 57.71178861409584, "c": 1.9868742809538114, "mux": 105.73076573717526, "muy": 99.63731690679073, "n": 1.060029598200979, "q": 0.3582509769315225, "roll": 1.8076081002910438}, "spiral": [[[[107.31216706458466, 106.14981724449305], [106.68158242950425, 108.23276193187775], [105.64739905521998, 110.14696445069731], [104.21339616082136, 111.78157105257515], [102.40827536747223, 112.99055526752306], [100.32902899389379, 113.61434994834329], [98.15900733115294, 113.55849479200847], [96.10000149015713, 112.86502780962994], [94.28038005831296, 111.67367365438656], [92.74351030927262, 110.1323678901982], [91.48599332716493, 108.35453366110572], [90.48839389035464, 106.4181763533274], [89.72915187317464, 104.37616085953474], [89.18927352107488, 102.26528589291735], [88.85338486483423, 100.11236584374709], [88.70957719734591, 97.93806101803715], [88.74893620596225, 95.75930536934179], [88.96504712047029, 93.59090642255538], [89.35355148696345, 91.44666579571197], [89.91175459637472, 89.34022727060186], [90.63825417485872, 87.28577557365159], [91.5325470763201, 85.29865690829288], [92.59455933533452, 83.39595371702525], [93.82403335069948, 81.59700771143987], [95.21969803927549, 79.92383574067685], [96.77815601728827, 78.40131446389881], [98.4924707101366, 77.05692424906329], [100.35055955935923, 75.91976962550059], [102.33371607047768, 75.01861032697728], [104.41583770947227, 74.37886062344045], [106.5640376351725, 74.01900421298389], [108.74100734419355, 73.94744469789777], [110.90874332778088, 74.16100117659086], [113.0325025677366, 74.64570429696886], [115.08373012870473, 75.37952101164375], [117.04131080606496, 76.33589525994152], [118.89130086077384, 77.48698653830792], [120.62574806676894, 78.80599336712419], [122.24121413252483, 80.26848047765856], [123.73739534814356, 81.85292387771325], [125.11601115826646, 83.54075585723406], [126.37998554593273, 85.31614301643408], [127.53287962680554, 87.1656523347529], [128.5785160358967, 89.0778944417363], [129.5207401226306, 91.0431886172405], [130.3632745997314, 93.05326782059714], [131.1096361124413, 95.1010279000191], [131.76309184410513, 97.18031855358115], [132.32664141467546, 99.28577087170221], [132.80301433892893, 101.41265568358489]], {"I": 0.007441723314530014, "falloff": 0.11791581807616963, "spread": 20.862677013077175}], [[[96.71417747600191, 95.98423042564329], [97.57054724755201, 93.99588868057862], [98.79207917841151, 92.20930917677939], [100.36867566743688, 90.72825157071121], [102.25907980139358, 89.67972637787928], [104.36242396585838, 89.18530716877771], [106.52024974957583, 89.30093725337397], [108.57312547569525, 89.98029937358223], [110.4188046837048, 91.1101089906153], [112.01774843887881, 92.57019942152985], [113.36794620933273, 94.26402368939911], [114.48279478204832, 96.12182824563112], [115.37957274847408, 98.0945250882832], [116.07476602692165, 100.1471731077438], [116.58256345733135, 102.25416206569118], [116.91461170038316, 104.39598594451662], [117.08020885016175, 106.55712364213474], [117.08661469911601, 108.72462877826334], [116.93936207971828, 110.88716188824375], [116.64253577126877, 113.03429652826397], [116.19901729640264, 115.15599403747166], [115.6107063069592, 117.24218085383815], [114.87873455569161, 119.28238698101305], [114.00369171622148, 121.26542101320295], [112.9858853638424, 123.17907051962075], [111.82566053638187, 125.00982995257868], [110.52380630503755, 126.74267427341795], [109.08207494728762, 128.36091713193898], [107.50382858597209, 129.84621791823275], [105.7948013000935, 131.1788282399098], [103.96391459643134, 132.33818352487626], [102.02401068709494, 133.30392748474964], [99.99228990822671, 134.05737909532303], [97.8902024081681, 134.58330199038943], [95.74261153753028, 134.8716515336821], [93.57624456867397, 134.9188547191126], [91.41771060066584, 134.72823441012218], [89.29154823096886, 134.3094429480249], [87.21874586313817, 133.67709683199422], [85.21597110260308, 132.84902184815803], [83.29548961108924, 131.84453282605517], [81.4655810758383, 130.68303377078217], [79.73121414270625, 129.38304584741985], [78.09478519057863, 127.96163787152504], [76.55680001804298, 126.43416987964542], [75.11644321438028, 124.8142489213166], [73.77202356989436, 123.1138118060446], [72.52130676338584, 121.34327327251057], [71.36175519020884, 119.51169935863891], [70.29069588540966, 117.62698245464107]], {"I": 0.00917985534161068, "falloff": 0.18355451708639622, "spread": 16.562050087629412}]]}