{"disk": {"I": 0.14621667961132542, "Re": 18.91900769181224, "c": 2.0, "mux": 69.12206496443436, "muy": 69.32920075206134, "n": 1.0, "q": 0.4898093124158044, "roll": 2.887265969054453}, "bulge": {"I": 0.27127879892684265, "Re": 2.5348476019849353, "c": 2.0, "mux": 67.61477457417496, "muy": 69.63996453420127, "n": 0.6051239118252203, "q": 0.8333333333333334, "roll": 0.7711235160830126}, "bar": null, "spiral": []}