{"disk": {"I": 0.0477361333790919, "Re": 49.367999776261094, "c": 2.0, "mux": 147.19895762106935, "muy": 146.36482878683918, "n": 1.0, "q": 0.8446351839457458, "roll": 2.442707806987893}, "bulge": {"I": 0.0, "Re": 2.084560051368676, "c": 2.0, "mux": 147.24912018889157, "muy": 145.49394494702202, "n": 1.0754247657339815, "q": 0.7497453224690078, "roll": 2.3418508663785658}, "bar": {"I": 0.3005328270602052, "Re": 4.955229701385999, "c": 2.758190347068629, "mux": 145.93750273843767, "muy": 145.92510304543615, "n": 0.9533754497677619, "q": 0.6338320752389445, "roll": 2.390167419412226}, "spiral": [[[[130.89939679973108, 145.42341022705568], [129.98559239974384, 141.32683691218304], [129.94840140398105, 137.13150842993423], [130.9062252578386, 133.04965382201374], [132.9294959208593, 129.3810498025959], [135.94409346656187, 126.4740569871391], [139.68528230948735, 124.5886443443083], [143.79991925035543, 123.78198228749794], [147.99301005476678, 123.94672415691208], [152.0775005207655, 124.91931838695342], [155.9494402992237, 126.5470858181756], [159.5525511639436, 128.70737592710705], [162.8543438198163, 131.30586816245614], [165.8328613659143, 134.26986819078678], [168.46964990323858, 137.5418454914949], [170.7459461905786, 141.07422326982046], [172.64048049384306, 144.82521747977364], [174.12813426920795, 148.7552856346308], [175.17917475182418, 152.823763110619], [175.75912364834173, 156.98534243039438], [175.8296364971976, 161.18619317536698], [175.35112051452973, 165.3598330441104], [174.28809483680203, 169.42351984503338], [172.61807833592678, 173.27703698212903], [170.3433090351576, 176.8068436981066], [167.50151000497016, 179.89807485784496], [164.16916488891664, 182.4529309677929], [160.45266708134167, 184.4080880993169], [156.47018451883588, 185.74223285481088], [152.33320001919242, 186.47107150839196], [148.13506031404765, 186.63490196564658], [143.94771646797136, 186.28575556373514], [139.82376704235637, 185.478040016463], [135.80054107333493, 184.26321250128922], [131.90423430440106, 182.68743594425112], [128.15331244841758, 180.79099853726854], [124.56105560462744, 178.60861413685754], [121.13737244313813, 176.17008374631305], [117.89006632943054, 173.5010501533307], [114.82571389103497, 170.62372372604835], [111.95027781999312, 167.55753416653732], [109.26954005484839, 164.31969973781352], [106.78941422216786, 160.92572205646425], [104.51617655916225, 157.38982052627497], [102.45664077036007, 153.7253221420188], [100.61829243735615, 149.9450219685815], [99.00939124528135, 146.06152851589758], [97.63904325607136, 142.08760690582068], [96.51723990273176, 138.03653114925285], [95.65485468626295, 133.92245474054192]], {"I": 0.031760508424992, "falloff": 1.4815663997094524, "spread": 7.671058821847849}], [[[154.46950399800997, 149.04321172219827], [154.89947215562765, 151.35306055554247], [154.82538506336888, 153.70079187755502], [154.21111386188284, 155.96703312625493], [153.05321453935912, 158.00883152566655], [151.4095437211414, 159.68447793663665], [149.39961838959496, 160.89839304014737], [147.16611544499742, 161.6270383337548], [144.83193708224366, 161.9041216902041], [142.4832919349085, 161.78863444898536], [140.17401245586376, 161.3417978572213], [137.9358387339259, 160.61723236127617], [135.78705068537943, 159.65887076840977], [133.73813379347826, 158.50189440303163], [131.79517576424408, 157.17441520371173], [129.96184102856014, 155.6990780806803], [128.24051312368704, 154.0943693784859], [126.63295989554553, 152.37562900536773], [125.1407247401912, 150.55582059417605], [123.76535870289591, 148.64611856227884], [122.5085583682185, 146.65636098837726], [121.37224639703908, 144.59540560912797], [120.35861555272179, 142.47141636123806], [119.47014770701507, 140.2921003466157], [118.70961366616051, 138.0649094633148], [118.08005608452342, 135.7972167150459], [117.58475535165842, 133.49647388746766], [117.22717671274539, 131.1703544862348], [117.01089577656553, 128.82688326161633], [116.93949900519218, 126.47455111614045], [117.01645584394568, 124.12241155692828], [117.24496009398977, 121.78015218962891], [117.62774021033019, 119.45813223330971], [118.16684168391328, 117.16737511137231], [118.86338959808253, 114.91950452846439], [119.71734552221936, 112.72661391935273], [120.72727923652245, 110.60106354193331], [121.89018088358601, 108.55520714751617], [123.20134099555243, 106.60106057937317], [124.6543226805582, 104.7499360340373], [126.24104142614104, 103.01207542986768], [127.95195393216743, 101.39632096049174], [129.77634170044524, 99.90985867195424], [131.70266099033287, 98.55806120533342], [133.7189223695537, 97.34444115961165], [135.81306208022022, 96.27071058240797], [137.97327333479825, 95.33692870751713], [140.1882760363803, 94.54171202608428], [142.44751508225056, 93.88247855037501], [144.74128772177704, 93.35570080522692]], {"I": 0.006879870583284848, "falloff": 0.01, "spread": 3.4314040875599994}]]}