{"disk": {"I": 0.23529524429682044, "Re": 9.392441667436838, "c": 2.0, "mux": 42.85905054252079, "muy": 42.072495714381645, "n": 1.0, "q": 0.9566861512892814, "roll": 3.0151131240542663}, "bulge": null, "bar": null, "spiral": []}