{"disk": {"I": 0.01796320404466243, "Re": 18.859709738395434, "c": 2.0, "mux": 61.72095239512091, "muy": 61.46625681375824, "n": 1.0, "q": 0.572768421463388, "roll": 0.36087801480360043}, "bulge": {"I": 0.03689883466417974, "Re": 17.5346421154593, "c": 2.0, "mux": 61.59999999663152, "muy": 61.79999999720082, "n": 2.8025347464609225, "q": 0.7904790740872369, "roll": 0.34736205592312147}, "bar": null, "spiral": []}