{"disk": {"I": 0.06246032611738747, "Re": 14.89569508468794, "c": 2.0, "mux": 54.326644776003384, "muy": 54.71896284365937, "n": 1.0, "q": 0.6554364411654867, "roll": 2.823327876859085}, "bulge": null, "bar": {"I": 0.6341524065349413, "Re": 5.606900337256471, "c": 6.0, "mux": 56.90976232741208, "muy": 55.123274537449724, "n": 0.705682231915574, "q": 0.16364353951503874, "roll": 0.04965309389739838}, "spiral": [[[[58.31614120699798, 33.05105123751907], [59.241575137702064, 33.56404463161536], [60.12225579983229, 34.150621509989584], [60.955847425048994, 34.80244241796767], [61.741223020781376, 35.51166518429147], [62.478156033773004, 36.27113783361793], [63.16704802993242, 37.07447168512026], [63.80870817060635, 37.91603590117835], [64.40418499887865, 38.7909068443939], [64.95464365205142, 39.694795679909795], [65.46127928271333, 40.62396904986928], [65.92525777813434, 41.575171321138036], [66.34767624864676, 42.54555271444479], [66.7295373747892, 43.532605028754915], [67.0717331675232, 44.534105217177824], [67.37503489157754, 45.548066272474905], [67.64008680542663, 46.572694526896356], [67.86740204113991, 47.60635232236397], [68.0573594072818, 48.64752499967931], [68.21020022994561, 49.694791170882056], [68.32602454604223, 50.746795285062916], [68.40478610202042, 51.80222150648288], [68.44628567007298, 52.85976790839956], [68.450162222093, 53.91811991102801], [68.41588147785872, 54.975921748277884], [68.34272130896963, 56.03174450833763], [68.22975341139356, 57.08404892005982], [68.07582059758069, 58.13114049874454], [67.87950901776878, 59.171113840314284], [67.6391146566745, 60.20178163751508], [67.35260369225352, 61.220582221404456], [67.01756694987357, 62.224456822132815], [66.63117023862961, 63.20968398890581], [66.19010570321672, 64.1716532707064], [65.69055631166806, 65.10455307483176], [65.12819978202441, 66.00093913894331], [64.49830618892254, 66.85114356392353], [63.796036092413715, 67.64249135401063], [63.017136194871505, 68.35834406529467], [62.159352294864064, 68.97716351505997], [61.22493747145281, 69.47220896758805], [60.22427917745892, 69.81318707706816], [59.17931461234313, 69.9715475527157], [58.12338394282091, 69.92932382089026], [57.094723835572744, 69.6868250612428], [56.126445970961086, 69.26269693458855], [55.24003278088105, 68.68623162050903], [54.44530945793628, 67.9883921902392], [53.74405730183047, 67.19642502546586], [53.13379964077015, 66.332226114208]], {"I": 0.0588793819636312, "falloff": 0.4433032984086454, "spread": 13.023528413565884}]]}