{"disk": {"I": 0.017355726603654045, "Re": 34.72767100124026, "c": 2.0, "mux": 76.42180038332467, "muy": 88.82137151629418, "n": 1.0, "q": 0.26763495421178385, "roll": 2.956310826408319}, "bulge": {"I": 0.13314738594806017, "Re": 16.304750234464297, "c": 2.0, "mux": 68.44798908164803, "muy": 68.82482339337454, "n": 1.4763261201341558, "q": 0.5660363700842093, "roll": 2.934246224026349}, "bar": null, "spiral": []}