{"disk": {"I": 0.11450963033018585, "Re": 14.123289465497525, "c": 2.0, "mux": 60.04784838030864, "muy": 60.25799179928998, "n": 1.0, "q": 1.0, "roll": 1.8861291263334539}, "bulge": {"I": 248655583.42291978, "Re": 0.002125865375140165, "c": 2.0, "mux": 60.49115425419273, "muy": 59.782396303999676, "n": 2.9283151843615682, "q": 1.0, "roll": 1.343360399398147}, "bar": null, "spiral": []}