{"disk": {"I": 0.11799923044797471, "Re": 11.701281425032432, "c": 2.0, "mux": 61.65490450329925, "muy": 61.72938489293077, "n": 1.0, "q": 0.8333333333333334, "roll": 0.3872870098134593}, "bulge": {"I": 0.0, "Re": 1.5999620296804107, "c": 2.0, "mux": 68.7440015438294, "muy": 62.111469108805025, "n": 1.0118114261512028, "q": 0.946440874812962, "roll": 2.0229799168437683}, "bar": null, "spiral": []}