{"disk": {"I": 0.0893639343363828, "Re": 16.534350038301106, "c": 2.0, "mux": 66.11498787170234, "muy": 66.0363565029691, "n": 1.0, "q": 0.8333333333333334, "roll": 0.335835768421326}, "bulge": {"I": 0.6785456214341703, "Re": 0.9070790981350898, "c": 2.0, "mux": 66.19999976065596, "muy": 66.39999999092774, "n": 1.8868314462031426, "q": 0.6773949704017291, "roll": 2.943347683475843}, "bar": null, "spiral": [[[[69.7227459210574, 85.50595796654977], [68.90301278588393, 85.45379160574899], [68.08683894589761, 85.36138804361245], [67.27633033723299, 85.22816463162393], [66.4736922238495, 85.05369557001247], [65.68121433843648, 84.83772990802392], [64.90125285079209, 84.58020758367206], [64.13620950221032, 84.28127272703782], [63.38850844492922, 83.94128351017882], [62.66057151263177, 83.56081795766336], [61.95479279586927, 83.14067531779868], [61.2735134892701, 82.68187282640213], [60.61899800040736, 82.18563795822553], [59.993412255641424, 81.6533965252337], [59.39880501357465, 81.08675721743609], [58.837092811483046, 80.48749337544625], [58.3100489462712, 79.85752291126113], [57.81929665234024, 79.19888734990168], [57.366306406896605, 78.5137309511714], [56.95239709391454, 77.80428079487525], [56.57874059327797, 77.07282859707057], [56.24636925617371, 76.32171487718588], [55.95618566189688, 75.553315945278], [55.708974038403966, 74.77003403220904], [55.50541274342059, 73.97429076170309], [55.34608724602252, 73.16852406560575], [55.231503101786075, 72.35518857853984], [55.16209846923953, 71.53675951538568], [55.138255761878646, 70.71574003314092], [55.160312058975535, 69.89467210468429], [55.22856790181423, 69.076150982793], [55.343294073021646, 68.26284340276287], [55.504735883835444, 67.45750975829864], [55.71311436777247, 66.66303058098268], [55.96862358266662, 65.88243775059134], [56.271422936030234, 65.118950946424], [56.62162304247142, 64.37601989962872], [57.01926306175526, 63.65737297537159], [57.46427670804198, 62.967072439109174], [57.95644311981612, 62.30957632540395], [58.495317507023756, 61.689805937035516], [59.08013496176693, 61.11321636973709], [59.709679182088436, 60.58586462618937], [60.382106521595944, 60.11446525871586], [61.09471567561124, 59.706416344564815], [61.84365624122933, 59.36976844574411], [62.62357834596488, 59.1130964883299], [63.42724463881778, 58.94522216856784], [64.24515873207832, 58.8747303113767], [65.06530899674013, 58.909240664913156]], {"I": 0.28099548080734554, "falloff": 4.189908503833074, "spread": 1.0171399159520327}], [[[60.72525273987594, 52.456107471531894], [61.630870603621794, 52.08674526946367], [62.560910729907896, 51.78413640682816], [63.5109742770081, 51.55197284379918], [64.47607994085203, 51.39365164899885], [65.45066963985657, 51.312139868152514], [66.428647369628, 51.309829587387966], [67.40345650497476, 51.38839376035416], [68.3681970888796, 51.54865635117603], [69.31577942267933, 51.79049168616044], [70.23910438988213, 52.11276667585905], [71.13125577680934, 52.51333545889776], [71.98568684166791, 52.98908950497247], [72.79638354870416, 53.53605867059475], [73.557990327876, 54.14955192119079], [74.26589005454912, 54.82432200344688], [74.9162366332224, 55.5547370803621], [75.50594452938918, 56.334944056774205], [76.03264372176223, 57.159012093205014], [76.49461046048052, 58.021049400545635], [76.89068416784804, 58.915290744225906], [77.22017942108995, 59.83615648203274], [77.48279989708, 60.77828616795414], [77.67855899911544, 61.7365508551562], [77.80770998826053, 62.70604848164147], [77.87068696819723, 63.682086415493295], [77.86805705642303, 64.66015463478246], [77.80048346876553, 65.63589232126472], [77.66869895843283, 66.60504997174033], [77.47348900752294, 67.56344855475841], [77.21568429413867, 68.50693679690228], [76.89616219480097, 69.43134738176845], [76.51585739292287, 70.33245269977297], [76.07578201893824, 71.20592080293585], [75.57705611964059, 72.04727241621364], [75.02094961149666, 72.85184026482642], [74.40893716462634, 73.61473263596477], [73.74276760769199, 74.33080405092082], [73.02454930580238, 74.9946372181596], [72.25685234528743, 75.60054206708276], [71.44282697130352, 76.1425795378758], [70.5863352499927, 76.61461964158728], [69.69208901870569, 77.01044456711736], [68.76578174983005, 77.32390734993115], [67.81419536046037, 77.54915353852343], [66.84525657234113, 77.68090600656406], [65.86801365137187, 77.7148007699218], [64.89250673401281, 77.6477453392294], [63.92951661369901, 77.4782544936861], [62.99019844526916, 77.20670791688482]], {"I": 0.004212212007453425, "falloff": 0.2988046248456844, "spread": 9.653874746825462}]]}