{"disk": {"I": 0.2001337029328196, "Re": 11.807348263222472, "c": 2.0, "mux": 42.500471258381054, "muy": 42.917160745894776, "n": 1.0, "q": 0.8333333333333334, "roll": 1.7569626378383765}, "bulge": null, "bar": null, "spiral": []}