{"disk": {"I": 0.15147761011919153, "Re": 14.631519760964581, "c": 2.0, "mux": 77.99639745037786, "muy": 78.55893867199786, "n": 1.0, "q": 0.8333333333333334, "roll": 2.328715941588044}, "bulge": {"I": 0.03215563046208104, "Re": 2.028803403573882, "c": 2.0, "mux": 88.66154565869536, "muy": 84.5382713787757, "n": 4.041963579859592, "q": 0.8333333333333334, "roll": 2.2736268818070364}, "bar": null, "spiral": []}