{"disk": {"I": 0.10788640418100322, "Re": 30.483160379056653, "c": 2.0, "mux": 89.5376335910931, "muy": 89.18323156148543, "n": 1.0, "q": 0.7629681673151366, "roll": 0.7007291694538812}, "bulge": null, "bar": null, "spiral": []}