{"disk": {"I": 0.12479293035351122, "Re": 16.85871137315778, "c": 2.0, "mux": 74.43507408076802, "muy": 74.58723805278363, "n": 1.0, "q": 0.8873779577163641, "roll": 1.4774804938629422}, "bulge": {"Re": 0.0, "c": 2.0, "mux": 148.63668475197508, "muy": 148.6733758775597, "n": 1.0, "q": 0.9295135939485267, "roll": 1.5770161517216768}, "bar": null, "spiral": []}