{"disk": {"I": 0.044736735926831056, "Re": 9.987686834463545, "c": 2.0, "mux": 31.75006659250807, "muy": 30.68076920630412, "n": 1.0, "q": 0.6663387861698491, "roll": 2.4735406461494405}, "bulge": {"I": 3.9324697205219374, "Re": 0.4711006899351525, "c": 2.0, "mux": 30.157950962518285, "muy": 30.18026254395799, "n": 0.5, "q": 0.9068382380835782, "roll": 1.9904655331442773}, "bar": null, "spiral": [[[[24.95513798020159, 38.506875159407166], [24.821684971155697, 38.243402107779005], [24.69351424484049, 37.97731949932323], [24.570739327319714, 37.70870464735061], [24.45347794180403, 37.43763766306163], [24.34185227973977, 37.16420180043437], [24.235989282480055, 36.88848383761737], [24.136020933357518, 36.6105744990166], [24.042084559713672, 36.330568922779186], [23.954323144121624, 36.04856717896724], [23.872885643624578, 35.76467484437069], [23.797927315126902, 35.47900364047011], [23.72961004472127, 35.191672142159035], [23.668102677376883, 34.90280656517581], [23.613581342848246, 34.61254164162043], [23.566229771877765, 34.32102159341779], [23.526239595313726, 34.02840121479229], [23.49381061660257, 33.73484707570044], [23.469151045533113, 33.4405388590551], [23.452477677945513, 33.14567084533707], [23.444016002192964, 32.85045355858018], [23.444000208663553, 32.555115588259994], [23.45267307269817, 32.259905600529954], [23.470285674847037, 31.96509455160956], [23.497096914270223, 31.67097811324792], [23.53337276193561, 31.37787931612708], [23.57938518977846, 31.086151410864716], [23.635410700187208, 30.796180936481495], [23.701728367664618, 30.508390973550814], [23.778617291495653, 30.223244540449283], [23.86635334608387, 29.941248067518863], [23.965205105645538, 29.662954852222438], [24.075428814640173, 29.388968359133553], [24.197262277874245, 29.11994518055099], [24.330917558944837, 28.85659741746827], [24.4765724079235, 28.599694178521332], [24.634360394708985, 28.3500618310388], [24.804359809526044, 28.108582580547242], [24.986581510477443, 27.876190915348985], [25.180956051382143, 27.653867445792965], [25.387320605008256, 27.4426297130872], [25.60540639359752, 27.24351965833646], [25.834827522776994, 27.05758764443285], [26.07507225109541, 26.885873214715748], [26.32549776898905, 26.729383138703007], [26.5853294681343, 26.5890676980519], [26.853665425546232, 26.46579654281027], [27.12948641121486, 26.36033572187454], [27.411671193350163, 26.27332758661428], [27.69901634226862, 26.20527513395182]], {"I": 0.09909906513295798, "falloff": 0.7724508961673695, "spread": 16.19566157289029}], [[[35.14928012641929, 22.80517175031392], [35.336668960532656, 23.062322934776166], [35.51798375421269, 23.323792213531977], [35.693076297874924, 23.589468259714163], [35.86179348081732, 23.859237763025366], [36.02397677633109, 24.13298500616329], [36.1794617019896, 24.410591386753694], [36.328077253430706, 24.691934878083966], [36.46964531004751, 24.97688942082908], [36.603980011090066, 25.265324236614838], [36.73088710109414, 25.557103052825177], [36.85016324405044, 25.852083226368798], [36.961595306398145, 26.15011475213584], [37.06495961003117, 26.45103913971611], [37.16002115790774, 26.754688139438144], [37.24653283644618, 27.0608822956208], [37.324234602152664, 27.369429302348966], [37.3928526624841, 27.68012213271583], [37.45209866614683, 27.992736909178564], [37.50166892370053, 28.307030478262703], [37.54124368709533, 28.622737648493402], [37.57048652699693, 28.939568046399017], [37.58904385974919, 29.257202541755493], [37.59654469228138, 29.57528919026328], [37.59260067480693, 29.89343864204272], [37.57680657718194, 30.211218966418848], [37.5487413377127, 30.528149852073387], [37.50796987263156, 30.843696157466564], [37.45404588131365, 31.15726081514441], [37.386515935157625, 31.46817713691199], [37.30492519551556, 31.775700635490555], [37.208825162100894, 32.07900057454088], [37.09778389942577, 32.37715159431814], [36.971399209902835, 32.66912593811933], [36.829315195730544, 32.95378703007656], [36.67124254701406, 33.22988541895374], [36.49698267346194, 33.49605838428802], [36.30645542152415, 33.750834755602945], [36.099729560871815, 33.992646644412545], [35.87705448782111, 34.21984972585397], [35.638890739590394, 34.43075330729466], [35.38593609140443, 34.62366057595044], [35.119143452782396, 34.79691809752692], [34.839726776466634, 34.948971957935306], [34.549151990561455, 35.07842620574803], [34.24911163246402, 35.18409793070323], [33.94148418721382, 35.265062894506734], [33.628281608309564, 35.32068642928394], [33.31159046652152, 35.350636284862446], [32.99351308021781, 35.35487678828007]], {"I": 0.01720789589334026, "falloff": 1.4743858303008723, "spread": 8.101389582240309}]]}