{"disk": {"I": 0.07124114814540602, "Re": 29.367459270205085, "c": 2.0, "mux": 101.06233799238345, "muy": 105.86280637923679, "n": 1.0, "q": 0.8991127020206517, "roll": 3.095950137662677}, "bulge": {"I": 0.07719662555547063, "Re": 15.14213162850127, "c": 2.0, "mux": 102.35020378585975, "muy": 100.67722254525385, "n": 1.536711750300424, "q": 0.9232525188897915, "roll": 0.5543661194342008}, "bar": null, "spiral": []}