{"disk": {"I": 0.024337110113392145, "Re": 18.394036563348283, "c": 2.0, "mux": 55.97625648783795, "muy": 56.06073283369686, "n": 1.0, "q": 0.5361742493009726, "roll": 0.8440917648868467}, "bulge": {"I": 0.038323835219615306, "Re": 13.492007668134034, "c": 2.0, "mux": 54.200000000807066, "muy": 53.59999999826013, "n": 2.9342033399566225, "q": 0.8863667832529228, "roll": 0.4071936329934658}, "bar": null, "spiral": []}