{"disk": {"I": 0.10788671865505986, "Re": 30.483279219924686, "c": 2.0, "mux": 89.53786238467218, "muy": 89.1833211497867, "n": 1.0, "q": 0.7629627382966724, "roll": 0.7007473019697432}, "bulge": null, "bar": null, "spiral": []}