{"disk": {"I": 0.17957881561484382, "Re": 23.168349622808687, "c": 2.0, "mux": 63.44068340879775, "muy": 63.97382825764927, "n": 1.0, "q": 0.39750805032085257, "roll": 0.5643548132747146}, "bulge": null, "bar": null, "spiral": []}