{"disk": {"I": 0.03784131582821478, "Re": 13.361501934927649, "c": 2.0, "mux": 40.65086837759851, "muy": 46.046015441069756, "n": 1.0, "q": 0.6050143492147951, "roll": 0.5935344759922628}, "bulge": {"I": 0.20710048225169228, "Re": 13.361501934927649, "c": 2.0, "mux": 47.9666973526118, "muy": 48.59699524523568, "n": 1.2217223486097697, "q": 0.4720485274392182, "roll": 0.6762077680663409}, "bar": null, "spiral": []}