{"disk": {"I": 0.14943861345137183, "Re": 24.13085139780658, "c": 2.0, "mux": 95.66492505604656, "muy": 95.67669896386144, "n": 1.0, "q": 0.8333333333333334, "roll": 3.052544133271668}, "bulge": {"I": 0.07537525876506658, "Re": 2.427834574911869, "c": 2.0, "mux": 94.21026997820773, "muy": 88.78518455319352, "n": 0.9019456408733079, "q": 0.49885854971495175, "roll": 2.974285442956276}, "bar": null, "spiral": []}