{"disk": {"I": 0.2, "Re": 3.847805760747682, "c": 2.0, "mux": 43.870372826035556, "muy": 42.532179965085355, "n": 1.0, "q": 0.5183837894428618, "roll": 1.453081106758065}, "bulge": {"I": 0.19999999999999998, "Re": 0.7945248527927752, "c": 2.0, "mux": 43.97603794790493, "muy": 42.52133565296729, "n": 1.0, "q": 0.8926056653694803, "roll": 2.935459935976937}, "bar": {"I": 0.10000000000000002, "Re": 1.5419547970752563, "c": 2.0, "mux": 43.66455392061034, "muy": 42.402555421170916, "n": 1.0, "q": 0.2439504330774254, "roll": 1.5708070015941675}, "spiral": []}