{"disk": {"I": 0.06786135722317001, "Re": 18.872534756103615, "c": 2.0, "mux": 68.80121278279292, "muy": 71.11925707281453, "n": 1.0, "q": 0.6816665765911076, "roll": 2.8591315050650645}, "bulge": {"I": 0.04158303498736264, "Re": 18.68081867372785, "c": 2.0, "mux": 71.6640512649143, "muy": 71.76034263459418, "n": 2.407121411083015, "q": 0.6004904317075955, "roll": 0.4070403361903937}, "bar": {"I": 0.04015071046075735, "Re": 18.2835389743517, "c": 1.7692321449632025, "mux": 67.08139151628242, "muy": 69.71910612367499, "n": 0.63843530255176, "q": 0.6666666666666666, "roll": 1.1555147443337332}, "spiral": []}