{"disk": {"I": 0.12843314942701453, "Re": 13.104820215226217, "c": 2.0, "mux": 73.75318724733263, "muy": 73.07932449066604, "n": 1.0, "q": 0.6401212700947452, "roll": 0.05018191101589538}, "bulge": {"I": 0.2695435304859471, "Re": 2.1909057953440207, "c": 2.0, "mux": 73.96045930608872, "muy": 72.79145338319915, "n": 0.8689447721065752, "q": 0.935053787288361, "roll": 1.648789985910093}, "bar": null, "spiral": [[[[61.329612761185246, 60.01888304687457], [62.33902661031385, 58.29514613503195], [63.52126238767158, 56.68514376436978], [64.87253018486945, 55.21429089132163], [66.3849272791116, 53.90987747283203], [68.04508128171054, 52.799814369553935], [69.83313904225115, 51.91055534124494], [71.72260574041884, 51.264358643129825], [73.6814591691463, 50.876450814537584], [75.67456644548209, 50.75294670585279], [77.66685778216389, 50.89026873840483], [79.62634591681474, 51.27624855734762], [81.52620149563649, 51.892430774809974], [83.3455867276676, 52.7167657887], [85.06943905898125, 53.72599416874485], [86.68762795714315, 54.897373192459646], [88.19388618931403, 56.209713498887176], [89.58477904023195, 57.64386463889248], [90.85883600784081, 59.18283013773286], [92.01587616766685, 60.81166662443891], [93.05651082709608, 62.51727589640276], [93.9817899575479, 64.28815744856755], [94.79295755798331, 66.1141590215818], [95.49128621653084, 67.98624353869593], [96.0779678026097, 69.89627958157389], [96.55404335815187, 71.83685642750157], [96.92036022182313, 73.80112167431994], [97.17754819306708, 75.78263819912569], [97.32600933282775, 77.77525685473115], [97.36591804667165, 79.77300143833422], [97.29722962635036, 81.76996281582916], [97.11969661759699, 83.76019954572207], [96.83289334558052, 85.73764287539433], [96.43624979002004, 87.6960045955902], [95.9290967762413, 89.62868697043642], [95.31072519234888, 91.52869490268574], [94.58046260293143, 93.38855171846939], [93.73777113891468, 95.20022157395505], [92.78237071646646, 96.95504361182506], [91.71439121927529, 98.64368560560465], [90.53455582816783, 100.25612793343336], [89.24439475616734, 101.78169186161108], [87.84648366017326, 103.20912870868429], [86.34469373198539, 104.52678718081924], [84.74443121184618, 105.72287340348655], [83.05283421892459, 106.78581008307702], [81.27888725710778, 107.7046866774489], [79.43341259746734, 108.46977226200423], [77.52890696747359, 109.07304081551526], [75.57921324600149, 109.50864187607284]], {"I": 0.033239674096813034, "falloff": 0.26849420937612634, "spread": 27.012248762285516}], [[[87.78754527044231, 75.75477848900593], [87.80190804321195, 76.82609162391762], [87.76289500006173, 77.89678954564495], [87.67026089694201, 78.96418402640565], [87.52368498817451, 80.02551412362641], [87.32278268349481, 81.0779096268336], [87.06712150467774, 82.11835432992028], [86.75624237380286, 83.1436491457073], [86.38968753102584, 84.15037544426119], [85.96703662552595, 85.1348595000514], [85.48795270319991, 86.0931396134329], [84.9522398557176, 87.02093835884716], [84.35991407912321, 87.91364352334838], [83.71128825383862, 88.76630258549415], [83.00707090048034, 89.57363691293634], [82.2484762831038, 90.33008294352958], [81.43734040445699, 91.02986798267246], [80.57623356918822, 91.66712723869921], [79.66855599332168, 92.23606559431273], [78.71859948022413, 92.73116186166384], [77.7315570222326, 93.1474050381464], [76.71346503063046, 93.48054266138364], [75.67107068312937, 93.72731328675023], [74.6116289697973, 93.8856316204287], [73.54264763040442, 93.95469843577425], [72.47160916951343, 93.9350184077321], [71.4057036774062, 93.82832470586538], [70.35160273914171, 93.637424930989], [69.3152947664047, 93.36599410716671], [68.30198931147038, 93.01834446388443], [67.3160862734856, 92.59919900607176], [66.36119800300584, 92.11348876204896], [65.44020887771141, 91.56618508581525], [64.55535715371393, 90.96217079675772], [63.70832640192811, 90.30614844667981], [62.90033720804303, 89.60258080604844], [62.13223311417431, 88.85565735453622], [61.404557487548125, 88.0692805325597], [60.71761998675811, 87.24706620857516], [60.07155258867515, 86.39235380211359], [59.46635590354264, 85.50822253283984], [58.9019368782966, 84.59751118477892], [58.37813911272821, 83.66283953748598], [57.89476698662589, 82.70663020888692], [57.45160469113297, 81.73113010387594], [57.048431116629764, 80.7384309808202], [56.68503140271481, 79.73048887962017], [56.361205815723515, 78.709142305413], [56.07677649391742, 77.67612916760174], [55.83159249175119, 76.6331025373721]], {"I": 0.06494872389868604, "falloff": 0.49954674930613574, "spread": 14.048646054095261}]]}