{"disk": {"I": 0.20423184285037815, "Re": 12.875648550433278, "c": 2.0, "mux": 42.43275642927621, "muy": 42.88296484559369, "n": 1.0, "q": 0.6874411997756181, "roll": 1.7433709284601724}, "bulge": null, "bar": null, "spiral": []}