{"disk": {"I": 0.1750356275796046, "Re": 21.733708656577345, "c": 2.0, "mux": 76.46370112789543, "muy": 76.28646245384277, "n": 1.0, "q": 0.8750567288774173, "roll": 1.4894795342535139}, "bulge": {"I": 0.0004928494061090543, "Re": 2.7659359456362, "c": 2.0, "mux": 155.0764580567864, "muy": 172.88816354252143, "n": 1.0, "q": 0.8156629529435139, "roll": 1.6093114034771703}, "bar": null, "spiral": []}