{"disk": {"I": 0.11650767444320582, "Re": 13.009148710660103, "c": 2.0, "mux": 48.711585819819014, "muy": 48.1713623514744, "n": 1.0, "q": 0.8575319606347493, "roll": 3.046145238383725}, "bulge": {"I": 0.6275153999334024, "Re": 1.9305588993407403, "c": 2.0, "mux": 48.43688403945442, "muy": 48.862701721746156, "n": 0.5, "q": 0.5049452981863559, "roll": 0.8589229774614824}, "bar": null, "spiral": []}