{"disk": {"I": 0.019090491864171198, "Re": 46.220482918984935, "c": 2.0, "mux": 121.04600722112774, "muy": 116.13978760330995, "n": 1.0, "q": 0.2, "roll": 2.2516920281197983}, "bulge": {"I": 0.03656169125598704, "Re": 45.39832550386422, "c": 2.0, "mux": 116.99999999622628, "muy": 119.39999999875813, "n": 2.323716856315588, "q": 0.4789583204482173, "roll": 2.1436388228294105}, "bar": null, "spiral": [[[[119.4443750265917, 146.27757420932753], [118.1782967113529, 145.43116636232347], [116.92700957481131, 144.56304085587848], [115.69078889031879, 143.6735913817908], [114.46993869613868, 142.76315905661934], [113.26479532996214, 141.83203518476606], [112.07573129192751, 140.88046353490995], [110.90315953488921, 139.90864217214255], [109.74753829224113, 138.9167248818266], [108.60937657104597, 137.90482221494986], [107.48924046323113, 136.873002179421], [106.38776045498813, 135.82129060182507], [105.30563995717398, 134.74967118146438], [104.24366533113124, 133.65808526158688], [103.20271775174201, 132.5464313494333], [102.1837873377446, 131.41456442885496], [101.18799009938557, 130.2622951289021], [100.21658840482463, 129.08938884712003], [99.27101587524358, 127.89556497944717], [98.35290789553378, 126.68049649449475], [97.46413930024005, 125.44381022581335], [96.60687131198094, 124.18508846968382], [95.78361049494559, 122.9038728218102], [94.99728346583858, 121.59967173755696], [94.25133241552207, 120.2719742052598], [93.54983831834251, 118.9202734086826], [92.89768117492397, 117.54410673835065], [92.30074984972273, 116.14312270401524], [91.76621800657131, 114.71719245104829], [91.30290658859342, 113.26659584666824], [90.92175472973288, 111.79233303552144], [90.63641271804282, 110.29664728069184], [90.46393361628617, 108.78389927553422], [90.42542951578454, 107.2620029446934], [90.54628396929931, 105.74466826496997], [90.85495759818534, 104.2545028009392], [91.37869608374274, 102.82612055481354], [92.13467330715167, 101.50634101688026], [93.11877258639429, 100.34694373606001], [94.30054083995815, 99.38965592962603], [95.63150725240595, 98.65303842096047], [97.0610314957273, 98.13164536475603], [98.54761072061345, 97.8051479597051], [100.06178651839336, 97.64823243103196], [101.58421547765425, 97.63655229982122], [103.10265384552724, 97.74907543145326], [104.60945322127432, 97.96847832865711], [106.09983608269675, 98.28076687293314], [107.57079218320501, 98.67469853591044], [109.02039024873639, 99.1412300974703]], {"I": 0.014823360664435632, "falloff": 0.2620039044408909, "spread": 44.679729186220634}]]}