{"disk": {"I": 0.07687606207620182, "Re": 25.451332621392375, "c": 2.0, "mux": 89.37688322627078, "muy": 87.87034137982663, "n": 1.0, "q": 0.8333333333333334, "roll": 2.338906523866295}, "bulge": {"I": 0.7677240013849375, "Re": 2.258856627790748, "c": 2.0, "mux": 89.32876321289132, "muy": 89.92152578828369, "n": 1.0950095272430465, "q": 0.4, "roll": 2.6914009224840645}, "bar": null, "spiral": [[[[124.05333796614379, 98.60465468565985], [123.4853114082631, 99.5000155973085], [122.88546306669342, 100.37437267844908], [122.25367524207651, 101.22593315044442], [121.58994328547256, 102.05283310216198], [120.8943901553616, 102.85314671669876], [120.16728076831498, 103.62489816421488], [119.40903563135757, 104.366076275602], [118.62024316850959, 105.07465199595154], [117.80167009799085, 105.7485984712089], [116.95426920550062, 106.38591345206721], [116.07918387968914, 106.984643516198], [115.17774886655431, 107.54290943001406], [114.2514868333488, 108.05893180986604], [113.30210053066652, 108.53105612495577], [112.33146057470397, 108.95777602533546], [111.34158912975191, 109.33775399364362], [110.3346400291061, 109.66983841894464], [109.31287609496634, 109.95307635744238], [108.27864459712158, 110.18672148734822], [107.23435188780911, 110.37023703305736], [106.18243827342609, 110.50329372150844], [105.12535412521699, 110.58576310061174], [104.0655381053196, 110.6177067740805], [103.00539820975087, 110.59936227348612], [101.94729612858725, 110.53112638468453], [100.89353521859904, 110.41353677574708], [99.84635219398055, 110.24725274453124], [98.80791248131965, 110.03303582838234], [97.78030906468935, 109.7717309121215], [96.76556456797505, 109.4642483498053], [95.76563628387521, 109.11154749297627], [94.7824238575875, 108.71462190486885], [93.81777936373845, 108.27448644307012], [92.87351956927272, 107.79216631867405], [91.9514402512509, 107.26868818881715], [91.05333253008347, 106.7050733147506], [90.18100128640212, 106.10233281921404], [89.33628585294149, 105.46146510713233], [88.52108331539635, 104.78345557571203], [87.73737492337455, 104.06927884072843], [86.98725631384097, 103.31990385628401], [86.27297249688533, 102.53630252471471], [85.59695886450542, 101.71946271206265], [84.96188987749859, 100.8704070512965], [84.37073759113682, 99.9902196081884], [83.82684282116593, 99.08008352787716], [83.33400255089737, 98.14133437583509], [82.8965781230981, 97.17553636308038], [82.51962974466086, 96.1845925377904]], {"I": 0.03116028126356224, "falloff": 0.6678717148686693, "spread": 100.072295131464}]]}