{"disk": {"I": 0.08653037310610656, "Re": 16.967195936268844, "c": 2.0, "mux": 77.4287654789134, "muy": 77.01362039713064, "n": 1.0, "q": 0.7046346295219991, "roll": 0.4704779050164671}, "bulge": {"Re": 0.0, "c": 2.0, "mux": 154.98297755312916, "muy": 155.38978652177332, "n": 1.0, "q": 0.9692485908871631, "roll": 2.93984623641812}, "bar": {"I": 0.09092255327515743, "Re": 33.93439187253769, "c": 2.0, "mux": 77.64477439260492, "muy": 77.63938448240408, "n": 1.0, "q": 0.41788797787793736, "roll": 1.674027205729439}, "spiral": []}