{"disk": {"I": 0.08593976958896116, "Re": 20.036213693116554, "c": 2.0, "mux": 77.44787779939325, "muy": 83.85274848580609, "n": 1.0, "q": 0.9464231487642494, "roll": 0.4450486441400532}, "bulge": {"Re": 0.0, "c": 2.0, "mux": 155.37545456911266, "muy": 167.8824508707842, "n": 1.0, "q": 0.6622246441393795, "roll": 0.9369728505080797}, "bar": {"I": 0.039121014321621995, "Re": 40.07242738623311, "c": 2.0, "mux": 82.52162303229667, "muy": 76.3437682436904, "n": 1.0, "q": 0.2993528011633623, "roll": 2.0163845002796403}, "spiral": []}