{"disk": {"I": 0.024510999340668395, "Re": 23.13321094899463, "c": 2.0, "mux": 67.14234708366325, "muy": 65.89785166361071, "n": 1.0, "q": 0.8185253089779908, "roll": 2.82774503335457}, "bulge": {"I": 0.3388259590088197, "Re": 4.173255975369226, "c": 2.0, "mux": 65.76500223308784, "muy": 65.67767975945375, "n": 0.985779766055708, "q": 0.7115449823399774, "roll": 3.074338298754541}, "bar": null, "spiral": []}