{"disk": {"I": 0.1607241826738122, "Re": 17.01072262639053, "c": 2.0, "mux": 77.96133141411941, "muy": 78.5194467501963, "n": 1.0, "q": 0.5724120474924164, "roll": 2.313009237491115}, "bulge": {"I": 0.006490691482725233, "Re": 17.01072262639053, "c": 2.0, "mux": 104.26638716337908, "muy": 103.22535778060353, "n": 1.5289640571970058, "q": 1.0, "roll": 1.5111723533016104}, "bar": null, "spiral": []}