{"disk": {"I": 0.04834252549288743, "Re": 26.6413118381643, "c": 2.0, "mux": 87.2206772373305, "muy": 94.07725845055998, "n": 1.0, "q": 0.8333333333333334, "roll": 0.4110679916188702}, "bulge": {"I": 0.35015852797697633, "Re": 3.5845428288982695, "c": 2.0, "mux": 88.16791249588593, "muy": 88.64673653429993, "n": 0.6580030506076172, "q": 0.8333333333333334, "roll": 0.08409949722130694}, "bar": null, "spiral": [[[[75.2527706338081, 58.748400475514956], [76.34479401029334, 58.05029908163062], [77.4621909970978, 57.39359379727778], [78.60480262935545, 56.78183414252271], [79.77225110814602, 56.21894511131665], [80.96387020290351, 55.709251645714446], [82.17861915330373, 55.257492998182805], [83.41497853522178, 54.86881971389393], [84.67082822766666, 54.548763286193605], [85.94331078307071, 54.30316574774947], [87.22868868098247, 54.138054378956504], [88.52221138422594, 54.05944681409461], [89.81801725840309, 54.07307629261502], [91.10910404662398, 54.184038032127546], [92.38740553715773, 54.39637695361896], [93.64400549309686, 54.71266212638982], [94.8694983541365, 55.13361683898805], [96.05447087187338, 55.65788309301921], [97.19004005821918, 56.28198456861266], [98.26835768164128, 57.0005114450069], [99.28299427117399, 57.80649707361226], [100.22914715480535, 58.69191242461837], [101.1036633477955, 59.64818695763668], [101.90490918497514, 60.66667671802949], [102.63254094832475, 61.73903083135696], [103.28723261402627, 62.85744063185541], [103.87040506017811, 64.01478045265456], [104.38398450578386, 65.20466216390642], [104.83020296132707, 66.42142879930906], [105.21144283504934, 67.66010994716284], [105.5301217092109, 68.91635647347432], [105.78861061916281, 70.18636683746834], [105.98917865654306, 71.46681278117661], [106.13395734528753, 72.75476885824544], [106.22491932465161, 74.0476479850082], [106.26386702548096, 75.34314375415283], [106.25242806371, 76.63917938556025], [106.19205492929825, 77.93386271484175], [106.08402721516663, 79.22544638687278], [105.92945513168348, 80.51229232784296], [105.72928341839514, 81.79283954799551], [105.48429502655893, 83.0655743345827], [105.19511412924376, 84.32900190259366], [104.86220814257376, 85.5816185600094], [104.48588852884295, 86.82188340037986], [104.06631021214014, 88.04818844291827], [103.60346948922538, 89.25882598547967], [103.09720036649267, 90.45195169397246], [102.54716932668093, 91.62554159731995], [101.95286864535142, 92.77734064535498]], {"I": 0.02178122522644582, "falloff": 0.3453111317907646, "spread": 8.043188962839201}], [[[80.77299409530062, 72.77196322732107], [81.1698687525048, 72.62306379450467], [81.57051008172218, 72.4846216594398], [81.97478351926891, 72.3571784662699], [82.38252240443978, 72.2413045264725], [82.79352322640538, 72.13759829492712], [83.20754041805692, 72.04668510875484], [83.62428074116153, 71.96921499409066], [84.04339735063692, 71.90585932060834], [84.46448367980523, 71.85730606615826], [84.88706735920294, 71.8242534476303], [85.31060446244209, 71.80740168880553], [85.7344744648865, 71.80744273877959], [86.15797639395257, 71.82504783615623], [86.58032673243122, 71.86085294243736], [87.00065968986233, 71.91544224705024], [87.41803046064759, 71.98933017319827], [87.83142201699687, 72.08294257395538], [88.23975581972519, 72.19659807127952], [88.64190656466553, 72.33049071877223], [89.0367207233688, 72.48467530301845], [89.42303822408846, 72.65905659734219], [89.79971620703596, 72.853383703069], [90.16565345280472, 73.06725025751527], [90.51981389587914, 73.30010078659986], [90.86124764401728, 73.55124290911225], [91.18910814295485, 73.81986454582528], [91.50266451653938, 74.10505485169679], [91.80130860781962, 74.40582733353375], [92.08455675789516, 74.72114356902092], [92.35204680508437, 75.0499360872241], [92.60353111035967, 75.3911292544071], [92.83886659197465, 75.7436573654995], [93.05800278971743, 76.1064795061562], [93.26096890540079, 76.47859107300292], [93.44786062121351, 76.85903209188638], [93.61882731694607, 77.24689264543518], [93.77406012354837, 77.64131581736561], [93.91378108419772, 78.04149859562361], [94.03823355594857, 78.44669116565703], [94.14767387952108, 78.8561949857838], [94.24236426984962, 79.26935998199528], [94.32256683143235, 79.68558113899297], [94.38853857500008, 80.10429470555458], [94.44052729984693, 80.5249741783075], [94.4787682047149, 80.94712618097182], [94.50348109539296, 81.37028631640973], [94.51486806620498, 81.79401503582405], [94.51311154313608, 82.21789354220665], [94.49837258694242, 82.64151972241187]], {"I": 0.05713423676394884, "falloff": 0.6174539625157551, "spread": 3.730018200556654}], [[[77.69017672093806, 112.58274118223292], [77.38175767273692, 112.04489130671456], [77.09159098424485, 111.4969770457219], [76.819500539697, 110.93986360048159], [76.56527774076557, 110.37437166582193], [76.32868835518943, 109.80127701453921], [76.10947866976078, 109.22131090861508], [75.90738093969284, 108.63516115979787], [75.72211815356208, 108.04347368346023], [75.55340815148874, 107.44685441168906], [75.40096714615233, 106.84587145338256], [75.26451270287619, 106.24105741015111], [75.14376623745326, 105.63291177551277], [75.03845509000176, 105.02190336092762], [74.94831423075539, 104.40847270634852], [74.87308764998136, 103.79303444470085], [74.81252947985043, 103.17597959920735], [74.7664048914687, 102.55767780016305], [74.7344908055851, 101.9384794140853], [74.7165764509294, 101.31871758313149], [74.71246380010524, 100.6987101763054], [74.72196790912982, 100.0787616571063], [74.74491718317636, 99.45916487472387], [74.78115358842149, 98.84020278745672], [74.83053282700794, 98.22215012883278], [74.89292449019602, 97.60527502798911], [74.96821220278616, 96.9898405971334], [75.05629377052551, 96.3761064999909], [75.15708134079313, 95.76433051638645], [75.27050158613694, 95.15477011940445], [75.39649591929978, 94.54768408319671], [75.53502074791764, 93.94333414137738], [75.68604777673029, 93.34198671828213], [75.84956436488979, 92.74391475823607], [76.02557394586604, 92.14939968152409], [76.2140965174268, 91.55873350017742], [76.41516920909308, 90.97222113210832], [76.62884693459057, 90.39018295907297], [76.85520313639861, 89.81295768225806], [77.09433062931349, 89.24090554014748], [77.34634254879774, 88.67441196643914], [77.61137340839493, 88.11389178271226], [77.88958026759322, 87.55979404166963], [78.18114400678486, 87.01260766342895], [78.48627069873635, 86.47286804173211], [78.80519305403121, 85.94116483986862], [79.13817190009792, 85.41815125200105], [79.48549762547047, 84.90455507652081], [79.84749147812597, 84.40119203892884], [80.22450654145523, 83.9089819188508]], {"I": 0.04958445719727173, "falloff": 1.2990728334807895, "spread": 12.316363301587348}]]}