{"disk": {"I": 0.0744873867964477, "Re": 24.531768607730093, "c": 2.0, "mux": 92.55149044174803, "muy": 93.93359421223542, "n": 1.0, "q": 0.8811794977562873, "roll": 3.0214533077079486}, "bulge": {"I": 0.0, "Re": 2.0097153180679648, "c": 2.0, "mux": 92.12645569632592, "muy": 91.80236806195957, "n": 0.7126182387280356, "q": 0.9189957605138599, "roll": 2.298752299500852}, "bar": {"I": 0.07965526684043975, "Re": 10.019196244370992, "c": 5.673806688545811, "mux": 92.55686394810657, "muy": 92.71602179627631, "n": 1.9100401816324468, "q": 0.5133821627433823, "roll": 0.06920180465692871}, "spiral": [[[[75.07560483223989, 95.68550560538574], [75.12153297797188, 95.06806405121719], [75.18043902593425, 94.45172547045708], [75.2524407831047, 93.83677946875949], [75.33766245839597, 93.22352606335976], [75.43623474772232, 92.61227687097856], [75.54829488516421, 92.00335638739865], [75.67398665223202, 91.39710336722452], [75.81346033579183, 90.79387231326736], [75.96687262316586, 90.19403508541626], [76.13438642051587, 89.59798263910085], [76.31617057786092, 89.00612690369381], [76.51239950079335, 88.4189028111139], [76.72325262510023, 87.83677048440873], [76.94891372602194, 87.26021759519786], [77.18957002866365, 86.6897618972882], [77.44541108005183, 86.12595394063808], [77.71662733658805, 85.56937996721379], [78.00340841287924, 85.02066498330126], [78.30594092952585, 84.48047599669653], [78.6244058882359, 83.94952539626385], [78.95897549308589, 83.42857443807485], [79.3098093272072, 82.91843678473924], [79.67704978539675, 82.41998202198678], [80.0608166560903, 81.9341390483562], [80.4612007428926, 81.46189919797773], [80.87825641742735, 81.00431891508966], [81.31199300599727, 80.56252174805267], [81.76236493484913, 80.13769937419835], [82.22926059777491, 79.73111130492514], [82.71248996986175, 79.34408285759075], [83.21177107798616, 78.97800092272263], [83.72671555569208, 78.63430701206914], [84.25681366014062, 78.31448705775097], [84.80141930848413, 78.02005746248396], [85.35973589333312, 77.75254699393575], [85.9308038420356, 77.51347429225726], [86.51349106540732, 77.30432103189473], [87.10648755840742, 77.12650114973964], [87.70830542312436, 76.9813270057471], [88.31728543824794, 76.86997383897099], [88.93161096830019, 76.79344435454102], [89.54932948924983, 76.75253564129916], [90.16838133806628, 76.74781077991152], [90.78663455739162, 76.77957738901014], [91.40192401304999, 76.84787493728524], [92.01209243859773, 76.95247195539199], [92.61503080987359, 77.09287340506191], [93.2087155264229, 77.2683375414362], [93.79124026135112, 77.47790078863756]], {"I": 0.5752049263967318, "falloff": 3.3470174641015684, "spread": 0.6971607099276577}]]}