{"disk": {"I": 0.05346655298831982, "Re": 28.25917951078892, "c": 2.0, "mux": 111.82130685054784, "muy": 110.83829594929854, "n": 1.0, "q": 1.0, "roll": 0.7420115438163801}, "bulge": {"I": 0.0, "Re": 0.0, "c": 2.0, "mux": 112.23932720926497, "muy": 112.17422207900647, "n": 0.5, "q": 0.4, "roll": 0.22131635141919573}, "bar": {"I": 0.029469424221043244, "Re": 27.957064755429837, "c": 2.046469580221442, "mux": 112.06007936419091, "muy": 111.79175941884753, "n": 2.8185386039158438, "q": 0.6666666666666666, "roll": 0.6191342730157362}, "spiral": []}