{"disk": {"I": 0.006994653755468249, "Re": 41.673974858389776, "c": 2.0, "mux": 39.9088010564136, "muy": 49.27188676018157, "n": 1.0, "q": 0.2, "roll": 0.7250353540424912}, "bulge": {"I": 0.16760043588807694, "Re": 16.264967894911614, "c": 2.0, "mux": 51.58744155682807, "muy": 51.70806997439353, "n": 1.4236478978811224, "q": 0.472732713535427, "roll": 0.9610013405571073}, "bar": null, "spiral": [[[[48.209529892205964, 60.27023001603755], [46.99311014388275, 60.48554654290512], [45.760560816425944, 60.565777447485], [44.52812148406297, 60.48807552799092], [43.3219665902008, 60.22519905119263], [42.183309126839305, 59.749868594371755], [41.1704067357676, 59.046329415557786], [40.34838542981188, 58.127416896204814], [39.76415395739227, 57.04143130775246], [39.4268896492141, 55.854641778641955], [39.31390715905438, 54.62540714500938], [39.38982344039658, 53.392853166582505], [39.62021625480599, 52.17932848479678], [39.976588716582214, 50.996445779329626], [40.436729520070536, 49.84979997439405], [40.98362323998352, 48.741811484077104], [41.604211529912554, 47.67328941203079], [42.288371850634086, 46.64426591710165], [43.02815286347251, 45.654439473248765], [43.81721991512952, 44.703411391232095], [44.650455261525195, 43.790812941469866], [45.52366814034885, 42.91637436007389], [46.433381976979284, 42.07996306256433], [47.376675768337954, 41.28160587862927], [48.3510636707664, 40.521503509836656], [49.35440161667689, 39.800041872626004], [50.384813022940165, 39.11780307884258], [51.44062780048184, 38.47557776204303], [52.52033030009855, 37.87437991348152], [53.62251270446445, 37.31546508403495], [54.74583089521205, 36.80035267556653], [55.88896001880421, 36.33085294032642], [57.05054692450309, 35.909099224084294], [58.22915634102239, 35.537585825322644], [59.42320710321675, 35.219211504012534], [60.63089392979191, 34.95732801595123], [61.850089187269845, 34.75579184876039], [63.07821788418604, 34.61901515704502], [64.31209806258502, 34.55200824796861], [65.54773852963324, 34.5603999786739], [66.78008787585902, 34.650413251968004], [68.00273575439984, 34.82875977373752], [69.20758379264367, 35.102402442286994], [70.38453504865673, 35.47812038705594], [71.52130114830724, 35.96181444358182], [72.60348686080356, 36.557534203910016], [73.61514770347225, 37.26631839870423], [74.53995875545098, 38.08511338384536], [75.36292173538946, 39.006184695690216], [76.07222032461043, 40.01740318327185]], {"I": 0.054567961815754185, "falloff": 2.3349368665748806, "spread": 9.742289719763232}], [[[58.38556981747876, 45.59439339411762], [59.38186018608548, 45.80430448416934], [60.32406530418344, 46.18904074134807], [61.16644209267261, 46.75937104356646], [61.859242266731506, 47.504004875351164], [62.36693496729421, 48.385531899657714], [62.68170042727098, 49.35336267318811], [62.81936985551419, 50.36221339005626], [62.80598954595854, 51.38068485588309], [62.66773048709272, 52.39006039089772], [62.42681316316519, 53.38012670315414], [62.100902171508736, 54.3456631262455], [61.70373904297473, 55.28421322039171], [61.24599720889021, 56.19480628291217], [60.736030277338614, 57.07724921157834], [60.18045153921324, 57.931737466488485], [59.58456374484686, 58.75864096441302], [58.95267379247769, 59.558385880966284], [58.288323382403554, 60.33138942919406], [57.59445938451524, 61.078024142618766], [56.87356105698367, 61.7985986657185], [56.12773624665174, 62.49334774855824], [55.35879512236804, 63.162427284093454], [54.56830748389264, 63.80591198251098], [53.75764796876307, 64.42379427812365], [52.928032276301415, 65.0159836384471], [52.0805466943191, 65.58230577860932], [51.21617263325272, 66.12250148057045], [50.33580746245692, 66.63622483096785], [49.44028265723883, 67.12304075936247], [48.53038006536274, 67.58242179832621], [47.60684696739253, 68.01374401480966], [46.6704105161777, 68.41628208069496], [45.72179209049266, 68.78920347058626], [44.761722076846645, 69.13156180064128], [43.79095559703135, 69.44228935908414], [42.81028972327145, 69.72018893468211], [41.82058276374943, 69.96392513289358], [40.82277625342417, 70.17201549262927], [39.817920339881425, 70.34282189532861], [38.80720329695709, 70.47454301232483], [37.79198590585369, 70.56520889030034], [36.77384137484964, 70.61267925452569], [35.75460126274574, 70.61464773903225], [34.7364074361751, 70.56865504132513], [33.72176929884957, 70.47211492077454], [32.713624221642256, 70.32235791635189], [31.71539710821638, 70.11669842815361], [30.731052248986273, 69.85253097939258], [29.765127118274776, 69.52746040435787]], {"I": 0.02319529081069478, "falloff": 0.01970673146358332, "spread": 0.19510002859559958}]]}