{"disk": {"I": 0.08448035737056188, "Re": 26.244195750333834, "c": 2.0, "mux": 78.34722081986992, "muy": 82.3323221656571, "n": 1.0, "q": 0.844787744455061, "roll": 1.2224101998300356}, "bulge": {"I": 0.20283017679134516, "Re": 12.34534059532951, "c": 2.0, "mux": 82.33436551388024, "muy": 80.86953588605114, "n": 0.7949188348324059, "q": 0.8195818825182969, "roll": 2.683652017607162}, "bar": null, "spiral": [[[[70.25899248009378, 81.35514163631659], [69.95393880298793, 80.21452153918626], [69.7696391908492, 79.04824141652577], [69.70310405528114, 77.86932355518557], [69.75007617782464, 76.68942519238955], [69.90537697048069, 75.51881276893107], [70.16320888814796, 74.3664012138791], [70.51740643050258, 73.23983814077408], [70.96163519360479, 72.14561488149282], [71.48954304189877, 71.0891898502411], [72.09486992000622, 70.07511363810573], [72.77152365648679, 69.10714878157599], [73.51362890214128, 68.1883800101289], [74.31555556838039, 67.32131289475953], [75.17193211969293, 66.50796027777113], [76.07764804158816, 65.74991678743879], [77.02784886040769, 65.04842227918107], [78.01792628460979, 64.40441531124186], [79.04350538143342, 63.81857785050142], [80.10043018204011, 63.291372388512706], [81.18474871105582, 62.823072567170115], [82.29269813230832, 62.41378830879737], [83.42069048140152, 62.06348632622781], [84.5652992894558, 61.772006776093235], [85.72324728497783, 61.539076711338836], [86.89139527598985, 61.36432089427696], [88.06673225344555, 61.247270449541354], [89.24636671633259, 61.18736976419894], [90.42751918883127, 61.18398198247513], [91.60751587971295, 61.23639339148743], [92.78378342100306, 61.343816950753855], [93.95384461243928, 61.50539518244497], [95.11531509248678, 61.72020260765441], [96.2659008514404, 61.98724788766056], [97.40339649963946, 62.305475805280324], [98.52568420053393, 62.67376920149812], [99.63073317780942, 63.090950963241966], [100.71659970472753, 63.55578614134601], [101.78142748351624, 64.06698426206034], [102.82344832440491, 64.62320187992414], [103.8409830351396, 65.22304540609815], [104.83244243374585, 65.86507423321956], [105.79632840281865, 66.547804164289], [106.73123490775353, 67.26971114188615], [107.63584890612117, 68.0292352636249], [108.50895108437658, 68.82478505916424], [109.34941636471703, 69.65474199623452], [110.15621413384363, 70.5174651758768], [110.92840815518434, 71.41129617140162], [111.66515613430069, 72.33456396174839]], {"I": 0.019408288516653053, "falloff": 0.3128110856461344, "spread": 2.4463313215354603}]]}