{"disk": {"I": 0.06402819389397961, "Re": 16.66800108091169, "c": 2.0, "mux": 33.654129372258986, "muy": 34.87927169316456, "n": 1.0, "q": 0.5166962227711213, "roll": 0.09555688691371789}, "bulge": {"I": 0.48407498992815257, "Re": 4.624752688876475, "c": 2.0, "mux": 33.74999009559076, "muy": 32.994956657639186, "n": 0.5657211323284607, "q": 0.4, "roll": 0.06544354970250824}, "bar": null, "spiral": []}