{"disk": {"I": 0.1081808676094118, "Re": 7.879978950613901, "c": 2.0, "mux": 62.88916275300466, "muy": 63.338672440724885, "n": 1.0, "q": 0.6378976171746935, "roll": 2.9436178004860265}, "bulge": {"I": 0.0, "Re": 0.01, "c": 2.0, "mux": 67.10995033364674, "muy": 62.52443550026063, "n": 1.0471688359252087, "q": 0.9337486770023352, "roll": 1.4775876731839024}, "bar": null, "spiral": []}