{"disk": {"I": 0.2, "Re": 6.6151176310658215, "c": 2.0, "mux": 45.148718170449904, "muy": 44.84135053001546, "n": 1.0, "q": 0.382767515494129, "roll": 2.0430829843791103}, "bulge": {"I": 0.19999999999999998, "Re": 1.5403144489278746, "c": 2.0, "mux": 48.69554371137998, "muy": 45.92445380337801, "n": 1.0, "q": 0.49984164130851066, "roll": 1.7176626132706805}, "bar": {"I": 0.09999999999999999, "Re": 2.368433267968143, "c": 2.0, "mux": 48.881404459297976, "muy": 45.648928663114944, "n": 1.0, "q": 0.3662549662202111, "roll": 1.6844728240389453}, "spiral": [[[[49.47556280341705, 42.70100118714074], [49.88866376204306, 42.79228051332287], [50.29993574514218, 42.8914765026374], [50.709255461589485, 42.99844373500182], [51.116499018221745, 43.113062227222045], [51.52154029404207, 43.23523562138592], [51.92424938639059, 43.36488973166434], [52.324491079973704, 43.50197140404218], [52.72212329416377, 43.646447652120436], [53.11699546551743, 43.79830504139473], [53.50894682243788, 43.95754929989877], [53.8978045063461, 44.12420513901463], [54.28338148921049, 44.298316272386195], [54.665474230942586, 44.479945623693524], [55.043860010284156, 44.66917571704695], [55.41829385105286, 44.86610924413557], [55.788504949190894, 45.07086980236008], [56.15419248538684, 45.283602795757105], [56.51502068187554, 45.50447648511463], [56.87061292818474, 45.73368316441023], [57.22054475778981, 45.971440424926605], [57.564335404644694, 46.21799244258901], [57.901437600626416, 46.47361118444715], [58.2312251927012, 46.738597367584326], [58.55297805894099, 47.013280907505674], [58.86586368693162, 47.298020445206916], [59.16891465470154, 47.59320131584668], [59.46100114234601, 47.899230978371165], [59.740797546821014, 48.21653040863447], [60.006742368784515, 48.54551919336099], [60.25699097223239, 48.88659096147479], [60.48936192215588, 49.24007428135992], [60.70127997931953, 49.60617227409883], [60.889723390895, 49.98487230226266], [61.05119107913138, 50.37581632632369], [61.181717593502995, 50.778125515412505], [61.276978983998596, 51.1901842951265], [61.332543663377876, 51.60941534072779], [61.344310797159515, 52.03211949268827], [61.3091196121028, 52.45349625408134], [61.22540067400254, 52.86795549196652], [61.09363254864312, 53.26973044582529], [60.91637852918098, 53.6536309173053], [60.69785867458604, 54.01566532551655], [60.44324065927481, 54.35332607631132], [60.1579250428363, 54.66552044098879], [59.847018258247246, 54.95227804686713], [59.515043379188974, 55.214393807034014], [59.165842406261596, 55.45311136589682], [58.80259622462626, 55.66988726306978]], {"I": 0.1, "falloff": 1.0, "spread": 0.5}]]}