{"disk": {"I": 0.08961654701678538, "Re": 12.31640689976128, "c": 2.0, "mux": 38.180876424282, "muy": 39.81914493630457, "n": 1.0, "q": 0.7731641579803863, "roll": 2.8050545773013087}, "bulge": {"I": 0.060690445786954615, "Re": 9.771184893194892, "c": 2.0, "mux": 39.599999995369664, "muy": 39.599999998567135, "n": 2.438573365418506, "q": 0.7394548025073397, "roll": 0.4629408738051963}, "bar": null, "spiral": []}