{"disk": {"I": 0.18320791474681455, "Re": 14.498870268139296, "c": 2.0, "mux": 62.488365228637456, "muy": 61.66176145098458, "n": 1.0, "q": 0.6051742568387067, "roll": 1.2759622178189534}, "bulge": {"I": 0.012518084021420295, "Re": 14.498870268139296, "c": 2.0, "mux": 42.48953363800694, "muy": 79.2224935558225, "n": 0.5, "q": 0.5058288550481436, "roll": 2.014983139416391}, "bar": null, "spiral": []}