{"disk": {"I": 0.20423198279763752, "Re": 12.875642646698408, "c": 2.0, "mux": 42.432759946064614, "muy": 42.88297281240332, "n": 1.0, "q": 0.6874413696711225, "roll": 1.7433725937325506}, "bulge": null, "bar": null, "spiral": []}