{"disk": {"I": 0.055765469086885025, "Re": 12.489175326833145, "c": 2.0, "mux": 48.961977308048674, "muy": 50.39051948205305, "n": 1.0, "q": 0.5316155914496767, "roll": 2.9588098758839174}, "bulge": {"I": 0.7962218589476765, "Re": 0.9576617309777682, "c": 2.0, "mux": 48.66759940344525, "muy": 48.80981697314881, "n": 4.9999925399886225, "q": 0.40002180612674854, "roll": 1.3442031115616933}, "bar": null, "spiral": [[[[39.1480528759446, 55.39365056844048], [39.037019207130946, 54.758517194305135], [38.94329414273585, 54.120599930482584], [38.86698526686008, 53.48036590968132], [38.808230228548, 52.838283214664095], [38.76719838800735, 52.194825141884664], [38.744092621925205, 51.55047473693367], [38.73915131026609, 50.90572969851258], [38.75265052340062, 50.26110776342782], [38.784906423277086, 49.617152704830424], [38.83627788477446, 48.97444110046358], [38.90716933275201, 48.333590058919135], [38.99803377256477, 47.69526612940339], [39.1093759658978, 47.060195666637156], [39.241755665518006, 46.42917697920312], [39.395790764022216, 45.80309465592641], [39.57216012504436, 45.182936540724285], [39.771605739267066, 44.56981391215973], [39.994933661454326, 43.9649855093084], [40.24301291541872, 43.36988611697855], [40.516771170215385, 42.78616045981688], [40.81718544616593, 42.21570308753757], [41.14526536593016, 41.66070469662119], [41.50202547764425, 41.12370475383817], [41.888441950352096, 40.60764913547269], [42.30538757959491, 40.11594942446811], [42.75353787828116, 39.65253704880396], [43.23324082621925, 39.22190015977856], [43.74434503555074, 38.82908392910509], [44.28598786569508, 38.47962675701585], [44.856358857089255, 38.17939897496713], [45.45247559754582, 37.934313530298915], [46.07003435134775, 37.74989878387041], [46.70341304115033, 37.63076750660532], [47.34588948674897, 37.580074842449605], [47.99008104119844, 37.59910170402345], [48.628529039364615, 37.68709078306093], [49.25428863613887, 37.84138778157628], [49.861384093142796, 38.057836378380784], [50.44505097536541, 38.331301944645574], [51.00176765023957, 38.656190204755404], [51.5291343018998, 39.02686955130424], [52.02567302462073, 39.437962380607075], [52.49060907753648, 39.88451324525916], [52.923670026034216, 40.36206183708904], [53.32491897924622, 40.86665212833829], [53.694624796491304, 41.394803809562916], [54.03316534884291, 41.9434646432141], [54.3409574744829, 42.50995558217398], [54.618407146564884, 43.09191546196422]], {"I": 0.08431316176261414, "falloff": 0.4742610462156169, "spread": 81.80752045576466}]]}