{"disk": {"I": 0.15028923754226767, "Re": 26.72048805677493, "c": 2.0, "mux": 95.57686613370363, "muy": 95.3663188941418, "n": 1.0, "q": 0.6861640216518127, "roll": 3.0493318358275467}, "bulge": {"I": 6.071639092538575e-07, "Re": 5.989020365175567, "c": 2.0, "mux": 14.879503771839708, "muy": 239.48412495571785, "n": 1.0, "q": 0.5000038935358482, "roll": 2.6018000821085394}, "bar": null, "spiral": []}