{"disk": {"I": 0.18066476760586075, "Re": 22.981521325964252, "c": 2.0, "mux": 63.445508326690046, "muy": 63.96475752252138, "n": 1.0, "q": 0.400068737077922, "roll": 0.5644118889797762}, "bulge": null, "bar": null, "spiral": []}