{"disk": {"I": 0.0722355166220603, "Re": 20.783483595094275, "c": 2.0, "mux": 74.35112402084242, "muy": 74.36012361167138, "n": 1.0, "q": 0.8440613823025827, "roll": 2.7981224024288673}, "bulge": {"I": 0.0962484000714921, "Re": 8.052150842166158, "c": 2.0, "mux": 74.25366073580953, "muy": 74.10218387061144, "n": 1.9154214254974526, "q": 0.8067755341823745, "roll": 2.6209898291507963}, "bar": null, "spiral": []}