{"spiral": [], "disk": {"i0": 0.19680218084258821, "n": 1.0, "c": 2.0, "mu": [112.56255622436997, 111.88734870054829], "roll": 0.9291129186359283, "rEff": 52.50504399559245, "axRatio": 0.7498920315926253}, "bulge": {"i0": 0.31467171601330624, "n": 1.4875820037537724, "c": 2.0, "mu": [112.75406223847196, 112.45666112134182], "roll": 0.1612202459582665, "rEff": 7.246814834437342, "axRatio": 0.8120797434986556}, "bar": null}