{"disk": {"I": 0.13967734937323845, "Re": 11.53949715274398, "c": 2.0, "mux": 40.379750793620474, "muy": 38.405951509225474, "n": 1.0, "q": 0.8240680122149374, "roll": 2.7208906673208677}, "bulge": {"I": 2.225419901660829, "Re": 4.109699633394959, "c": 2.0, "mux": 40.64258070847303, "muy": 38.36492398286409, "n": 0.2, "q": 0.032479107971451544, "roll": 0.7914920161660953}, "bar": {"I": 0.0, "Re": 21.712303048190567, "c": 3.6688461776337276, "mux": 41.29926601416961, "muy": 37.55196743925653, "n": 0.2, "q": 0.5136746137832238, "roll": 3.141592237736333}, "spiral": []}