{"spiral": [[[[62.68083276397469, 59.42777418158543], [62.927520255982834, 60.54789873719273], [63.06827685811885, 61.68617890378722], [63.09915529668885, 62.83268782215566], [63.0163803719211, 63.976590315417084], [62.8168920595649, 65.10596641090912], [62.498997274935576, 66.20785212774572], [62.06305905828879, 67.26856114610473], [61.51208915229899, 68.27431448835226], [60.85207178266095, 69.21212146661965], [60.091874347107826, 70.07074948182074], [59.24270932115057, 70.84155176195424], [58.317258879266156, 71.51894626460344], [57.32867882092307, 72.10045550351995], [56.289705269487634, 72.58636133316584], [55.212008372237136, 72.97912426421048], [54.10583128702769, 73.28273276086816], [52.979873620432436, 73.50210575066741], [51.84134445507741, 73.64261167887548], [50.696111100339145, 73.7097186320575], [49.54888737186207, 73.70876161007777], [48.40342561716842, 73.64480187572687], [47.26269323698903, 73.5225526473511], [46.129025571599904, 73.3463494658382], [45.004253542664095, 73.12014885375476], [43.88980775441504, 72.84754370195034], [42.7868021515217, 72.53178764178837], [41.69610062840225, 72.17582342417022], [40.618369784484265, 71.78231225289818], [39.55412059055042, 71.35366228285059], [38.503741271275466, 70.89205532597386], [37.46752326262114, 70.3994713091859], [36.44568172872497, 69.87771034763793], [35.43837180628515, 69.32841247140708], [34.4457014945839, 68.75307514944761], [33.467741905023246, 68.1530687898384], [32.50453543087552, 67.52965042245393], [31.556102273450826, 66.88397576324168], [30.62244566619098, 66.21710984932236], [29.703556064464202, 65.53003641979893], [28.799414510710754, 64.8236661935244], [27.909995341578455, 64.09884419061925], [27.035268366739892, 63.356356209730535], [26.175200623900675, 62.59693457488146], [25.329757792025685, 61.821263241142155], [24.498905328598667, 61.029982340036405], [23.68260938349655, 60.223692235067126], [22.880837531622454, 59.40295714783055], [22.093559358293746, 58.56830840647477], [21.320746924648645, 57.720247363778384]], {"i0": 0.06401289718861425, "spread": 2.547885723571849, "falloff": 0.22585581402984856}], [[[46.325369650851904, 45.308344023710404], [46.718791457201476, 44.04250447935422], [47.27815743092869, 42.840830301705736], [47.99844909154984, 41.72819561657641], [48.8676278858321, 40.72754719970479], [49.86719543186401, 39.857047926201304], [50.974305021060054, 39.128030930660444], [52.16467167577098, 38.54450216532417], [53.41522987117645, 38.10413900292669], [54.70584979613068, 37.800115082455065], [56.020017144470046, 37.62300540003649], [57.3447614452266, 37.562318568795696], [58.67019321676498, 37.60752949685833], [59.98891856140874, 37.748677117587604], [61.29547965492779, 37.976652493745874], [62.58588174071276, 38.283293362927985], [63.8572184512883, 38.66136996282574], [65.10738568529837, 39.10451674473397], [66.33486755497026, 39.607142224376354], [67.53857798885315, 40.1643346631232], [68.71774409297402, 40.7717724855838], [69.87182036349652, 41.425643336319155], [71.00042551657522, 42.122572959214565], [72.10329585589628, 42.85956371371282], [73.18025073452436, 43.63394190628051], [74.23116688069427, 44.44331288334806], [75.25595924293977, 45.28552281522836], [76.25456664796384, 46.15862616618459], [77.22694102747163, 47.0608579642471], [78.1730393028747, 47.9906101013664], [79.09281725801682, 48.9464110162145], [79.98622490505315, 49.926908206703956], [80.85320297635555, 50.9308531180449], [81.69368026889913, 51.9570880222037], [82.50757163667342, 53.004534570494805], [83.29477647786378, 54.07218375369839], [84.05517760138846, 55.15908704887416], [84.78864038708191, 56.26434856499318], [85.49501217388087, 57.38711803474048], [86.17412182901354, 58.52658451834985], [86.82577946176258, 59.681970711534944], [87.44977625713314, 60.85252776210315], [88.04588441155857, 62.03753051647999], [88.6138571591923, 63.2362731285593], [89.15342888259553, 64.44806497311184], [89.66431530572862, 65.67222681467796], [90.14621377073749, 66.9080871901675], [90.59880360302307, 68.15497896975569], [91.02174657195108, 69.412236066229], [91.41468745715969, 70.67919026817833]], {"i0": 0.32361274026434655, "spread": 2.7368992219768176, "falloff": 0.7913649152832829}]], "disk": {"i0": 0.24276757984424496, "n": 1.0, "c": 2.0, "mu": [55.26065722859462, 53.92465314762857], "roll": 2.997312099204229, "rEff": 28.51974202284791, "axRatio": 0.8497223590979797}, "bulge": {"i0": 0.003046281500878518, "n": 1.6297891663242094, "c": 2.0, "mu": [55.89678905140526, 53.867210761247904], "roll": 1.73566003220064, "rEff": 3.2634064191901153, "axRatio": 0.9038381496834978}, "bar": {"i0": 0.19728356973604824, "n": 0.19321539238817625, "c": 2.7598498112030643, "mu": [55.44263756396446, 54.139105519468856], "roll": 2.2418019645979825, "rEff": 5.962989693018909, "axRatio": 0.12973695758860948}}