{"spiral": [], "disk": null, "bulge": {"i0": 1.0031043946044378, "n": 0.8600864105805763, "c": 2.0, "mu": [43.49630037310762, 41.79887508607748], "roll": 2.7487720439915413, "rEff": 9.57591909793021, "axRatio": 0.5408824182508569}, "bar": null}