{"disk": {"I": 0.13126644138246496, "Re": 23.297812319905663, "c": 2.0, "mux": 66.92132477728187, "muy": 66.63454714349979, "n": 1.0, "q": 0.4542314987887381, "roll": 1.3730627341654762}, "bulge": {"I": 0.0007087403627506472, "Re": 0.0, "c": 2.0, "mux": 67.3334769573019, "muy": 65.92101783620677, "n": 0.7407387091113453, "q": 0.15173027952565696, "roll": 0.8042230468201457}, "bar": null, "spiral": [[[[67.58079118146121, 60.66388080564355], [68.15049014958099, 60.462487941229014], [68.7249235020385, 60.275022980395654], [69.30366906434057, 60.101325094658705], [69.88634052892083, 59.94128831736854], [70.47257969864701, 59.794858420064664], [71.06204981174369, 59.66203071578905], [71.65442963904569, 59.542848685952706], [72.24940810326744, 59.43740335632966], [72.84667920890342, 59.34583337139385], [73.44593709516994, 59.26832573733129], [74.04687103572503, 59.20511721959953], [74.6491602095881, 59.15649639694726], [75.2524680585355, 59.122806383546155], [75.85643602646049, 59.10444824116979], [76.46067644593532, 59.10188510650164], [77.06476429428659, 59.115647057486626], [77.66822748356417, 59.14633673252977], [78.27053527573125, 59.19463568928152], [78.87108431922147, 59.26131144434767], [79.46918169114095, 59.34722504889102], [80.06402419282622, 59.45333891994656], [80.65467300144122, 59.58072442261612], [81.24002263629373, 59.73056835165945], [81.81876310131095, 59.90417692639953], [82.38933409336428, 60.10297511425975], [82.94987046910246, 60.328497943712776], [83.49813900122345, 60.58236887621283], [84.03146825501432, 60.8662582781788], [84.54667677350645, 61.18181280078663], [85.04001040954284, 61.53054477154858], [85.50710802605009, 61.91367118134793], [85.94302517903716, 62.33189740651905], [86.34235422473068, 62.785155168898896], [86.69947852056234, 63.27232962479275], [87.00897653563364, 63.79104233407712], [87.26614179183329, 64.33757857047526], [87.46751854833363, 64.90703355740169], [87.61130883209321, 65.49368887893371], [87.69752599292082, 66.09154039640455], [87.72785707305886, 66.69483742888514], [87.7053006593851, 67.29850091305984], [87.63370617087797, 67.89835414123971], [87.51733354993914, 68.49117463828651], [87.36050470850944, 69.07462049443266], [87.16736729846791, 69.64709242271333], [86.94175851289394, 70.20757882198536], [86.68714356530984, 70.75551172961703], [86.4066032500914, 71.29064586046022], [86.10285024272449, 71.81296320682577]], {"I": 0.03187779272709335, "falloff": 0.5940639623660625, "spread": 1.9677447510167028}], [[[64.70340539875369, 72.55436997132149], [63.80180889938184, 72.75120338022776], [62.89133538868839, 72.90173422758122], [61.97434138507113, 73.00536076059514], [61.05317963651026, 73.06072535256209], [60.13038009699652, 73.06569254225025], [59.208854476656846, 73.01728654323529], [58.29215576386674, 72.91159460426218], [57.38483231846493, 72.7436481179286], [56.49292881354481, 72.50731106635581], [55.624697465526694, 72.19524766520975], [54.79157078022248, 71.79912975262543], [54.00934795798152, 71.31040280469257], [53.2992224228575, 70.7221233526604], [52.687577585536765, 70.03233393699044], [52.20273802234845, 69.24844498739772], [51.867775100939156, 68.38982802995564], [51.692526169895736, 67.48489517234935], [51.6709875271949, 66.56317942322886], [51.78588466860672, 65.64815535771878], [52.01578285996436, 64.75485146652399], [52.340164664794905, 63.89119769412031], [52.741596669794475, 63.06043514914607], [53.20606414348668, 62.26311711916843], [53.72255000359509, 61.498408544426006], [54.28243664298981, 60.76483709231317], [54.878956035412784, 60.06069956200496], [55.50674733958131, 59.38427095989367], [56.16151947914612, 58.73390564813809], [56.839799095635044, 58.10808105417842], [57.53874327649415, 57.50541155668929], [58.25600004110046, 56.92464742047176], [58.98960371512258, 56.36466671742577], [59.73789576919428, 55.82446441273044], [60.49946434074595, 55.30314077468308], [61.2730975583938, 54.79989017336103], [62.057747158028214, 54.313990752922955], [62.852499842533355, 53.84479515284535], [63.656554525682786, 53.39172229659961], [64.46920408375779, 52.95425018542558], [65.28982060181188, 52.53190960928251], [66.11784334207957, 52.12427866866671], [66.9527688606732, 51.73097801145657], [67.79414282546534, 51.35166668978676], [68.64155319536297, 50.98603855557769], [69.49462449580673, 50.633819122593735], [70.3530129823321, 50.29476283211918], [71.21640252787057, 49.96865066801806], [72.08450110419439, 49.65528807578823], [72.95703775348805, 49.35450314688976]], {"I": 0.11729303145982317, "falloff": 1.886323825072453, "spread": 2.1576950531133705}]]}