{"spiral": [[[[64.52206453218855, 80.14989361289264], [64.02053002011199, 79.72304678364137], [63.52411623068002, 79.29025527211941], [63.03286118964276, 78.85161682834003], [62.5468025926185, 78.40722702940738], [62.06597798673572, 77.95717925263801], [61.59042495499781, 77.50156465322064], [61.120181303960756, 77.04047214589937], [60.655285255414356, 76.57398839022623], [60.19577564284738, 76.1021977789633], [59.741692113633164, 75.62518242910082], [59.29307533795569, 75.14302217515717], [58.849967225673026, 74.65579456430038], [58.41241115247914, 74.1635748528841], [57.98045219689585, 73.66643600402837], [57.55413738985425, 73.16444868585639], [57.133515978869454, 72.65768127001704], [56.71863970909037, 72.1461998301406], [56.309563123895515, 71.63006813983614], [55.906343887979006, 71.10934766994961], [55.509043136525285, 70.58409758465304], [55.11772585441739, 70.05437473610301], [54.732461290263736, 69.5202336572791], [54.35332341071479, 68.98172655269758], [53.980391401536764, 68.43890328667429], [53.61375022310658, 67.8918113688117], [53.25349122928678, 67.34049593645187], [52.89971286057151, 66.78499973378726], [52.552521424349905, 66.22536308743916], [52.21203197791102, 65.66162387833472], [51.87836933305687, 65.0938175098356], [51.55166920551119, 64.52197687218873], [51.23207953741087, 63.946132303637086], [50.91976202815506, 63.366311548804106], [50.61489391756476, 62.78253971546616], [50.3176700766198, 62.1948392315423], [50.028305476209816, 61.60322980514674], [49.747038124124266, 61.007728392122104], [49.4741325873693, 60.408349177789205], [49.20988425342871, 59.80510358314885], [48.9546245345761, 59.198000311120026], [48.708727290060104, 58.58704545665536], [48.472616842028444, 57.9722427175012], [48.246778107646435, 57.35359376297724], [48.0317695874703, 56.73109885161715], [47.828240279872574, 56.1047578441201], [47.63695210509848, 55.474571852843326], [47.45881024515193, 54.840545935535005], [47.294905168581465, 54.20269354365588], [47.146572454118406, 53.56104400864781]], {"i0": 0.05099239367865018, "spread": 1.0410314767599083, "falloff": 0.3693617917587509}], [[[37.676406587445655, 36.23590518104271], [37.87457455468448, 36.010896919317034], [38.082480779447124, 35.79485885436009], [38.300301782663645, 35.588826228137016], [38.52812487837979, 35.393916291123176], [38.765922081015546, 35.21131449260665], [39.0135230525193, 35.04225149038351], [39.270589813584074, 34.88796972310617], [39.53659694191754, 34.74967949043233], [39.81082156864021, 34.62850635873741], [40.092347226289476, 34.52543400881737], [40.38008416625077, 34.44124879017808], [40.67280617507005, 34.376493433798345], [40.96920073117845, 34.33143688978541], [41.26792652736257, 34.30606490325719], [41.56767092602981, 34.30009227870074], [41.86720031489505, 34.3129939431557], [42.1653983485283, 34.344049086105485], [42.461289875973286, 34.3923915125728], [42.75405102464112, 34.457059862043025], [43.04300777925187, 34.53704295956858], [43.32762625995189, 34.631317549534465], [43.60749792514767, 34.7388774468035], [43.88232242249609, 34.85875443185789], [44.15189009901568, 34.99003196832736], [44.41606547810066, 35.13185312960634], [44.67477243139636, 35.28342413128432], [44.92798135010078, 35.44401470950755], [45.17569834440583, 35.61295636316954], [45.41795633705463, 35.78963924610499], [45.65480783757717, 35.973508290474626], [45.88631915610737, 36.16405897250045], [46.11256581984436, 36.36083300011715], [46.333628975734904, 36.56341410388991], [46.549592590495784, 36.77142404174809], [46.760541288064346, 36.98451887860148], [46.966558691910365, 37.20238556837873], [47.16772616395478, 37.42473884387758], [47.364121852649916, 37.651318406021474], [47.55581998007485, 37.88188639606394], [47.7428903121545, 38.116225129535664], [47.92539776752574, 38.35413506924319], [48.10340212974819, 38.595433014221214], [48.27695783486992, 38.83995048220197], [48.446113811961894, 39.08753226476368], [48.6109133588456, 39.33803513551766], [48.771394038494755, 39.59132669382555], [48.92758758442612, 39.84728432777246], [49.07951980515897, 40.10579428210033], [49.22721047943139, 40.36675081793674]], {"i0": 0.16975355736503833, "spread": 2.9247003581235296, "falloff": 1.2129900597044685}]], "disk": {"i0": 0.23828036896837593, "n": 1.0, "c": 2.0, "mu": [48.44985478821579, 48.771446245175255], "roll": 1.9279380515808688, "rEff": 20.95741556875458, "axRatio": 0.4395397038702159}, "bulge": {"i0": 0.0, "n": 2.4460669126611467, "c": 2.0, "mu": [48.53947460502704, 47.062826183057595], "roll": 1.78438111870762, "rEff": 4.122683313843882, "axRatio": 0.8537171976419862}, "bar": {"i0": 0.15326284195507558, "n": 0.2149771212613843, "c": 1.9610662893342783, "mu": [48.462890650434396, 47.71874990768079], "roll": 1.5968773557754257, "rEff": 6.5373246544539185, "axRatio": 0.8341459052099359}}