{"spiral": [[[[114.5573619466305, 89.77072979452566], [115.140311712349, 90.38236389845179], [115.69435650916763, 91.02029385536736], [116.21751986399093, 91.6837797967896], [116.70778791031661, 92.37192491251925], [117.16313127933977, 93.083656387707], [117.58153264518792, 93.81770841664716], [117.96101990672534, 94.57260871794402], [118.29970453080074, 95.3466701379274], [118.5958240176281, 96.1379889585773], [118.84778682355557, 96.94445137156433], [119.05421747371197, 97.76374919315042], [119.21399911808541, 98.59340527610311], [119.32631054828414, 99.43080825741337], [119.39065479106645, 100.27325536276034], [119.40687687280833, 101.11800110646215], [119.37516917946664, 101.96230903263852], [119.29606391161677, 102.80350327316008], [119.17041328839635, 103.63901672478912], [118.9993592029535, 104.4664330655703], [118.78429481843624, 105.28352055653139], [118.52682101642405, 106.08825646763555], [118.22870066021409, 106.87884187902428], [117.89181335714768, 107.65370740044237], [117.51811290454793, 108.41151094339855], [117.10958899187433, 109.1511290340044], [116.66823411264548, 109.8716432874546], [116.19601608785253, 110.572323614125], [115.69485616172953, 111.25260955889036], [115.16661231460985, 111.91209093391629], [114.61306723978961, 112.55048864524379], [114.03592033167895, 113.16763636391366], [113.4367830101505, 113.76346347082365], [112.81717673223478, 114.33797952648037], [112.17853310383495, 114.89126037504248], [111.5221955784218, 115.42343589159631], [110.84942231061548, 115.93467931097172], [110.16138981065389, 116.4251980321982], [109.45919711494746, 116.89522576857672], [108.74387025275095, 117.34501590185121], [108.01636683816909, 117.77483589948052], [107.2775806621536, 118.18496265900718], [106.5283461931028, 118.57567865350293], [105.76944292241781, 118.94726876365657], [105.00159951299437, 119.30001769445818], [104.22549772430979, 119.63420788665478], [103.4417761018988, 119.95011784490528], [102.65103342538981, 120.24802081509753], [101.85383191884478, 120.52818375321914], [101.05070022901616, 120.79086653643279]], {"i0": 0.1839214921697871, "spread": 2810.789964280816, "falloff": 0.5867474675859485}]], "disk": {"i0": 0.040377233535382064, "n": 1.0, "c": 2.0, "mu": [94.76459997708608, 95.61151839970381], "roll": 0.03158840720197231, "rEff": 36.987503918834555, "axRatio": 0.6782520916757904}, "bulge": null, "bar": {"i0": 0.15956055773940164, "n": 1.9683223288368963, "c": 4.577826387614502, "mu": [95.48414192636359, 95.15986892632871], "roll": 0.5947589226609049, "rEff": 5.177417503217716, "axRatio": 0.4091553454793891}}