{"spiral": [[[[111.87288967456567, 101.82313185585198], [112.46905308266483, 101.84748434032227], [113.06457252980529, 101.884367877617], [113.65918300874833, 101.93378592053257], [114.25261879942947, 101.99573498674266], [114.84461367419854, 102.07020481020147], [115.43490108377095, 102.15717850745303], [116.02321432255629, 102.25663275711635], [116.60928667216297, 102.36853799076177], [117.19285152199738, 102.4928585934205], [117.77364246600031, 102.62955311172317], [118.35139337466923, 102.77857446794862], [118.92583844162772, 102.9398701779323], [119.49671220408459, 103.11338257105601], [120.06374953661093, 103.29904901038442], [120.62668561772517, 103.49680211108969], [121.18525586882268, 103.70656995533285], [121.73919586501802, 103.92827630177787], [122.28824121748016, 104.16184078794089], [122.8321274268332, 104.40717912359693], [123.37058970716699, 104.66420327347488], [123.90336278015523, 104.93282162746358], [124.43018063870826, 105.21293915657239], [124.9507762794928, 105.50445755281237], [125.46488140354181, 105.80727535116299], [125.97222608402681, 106.1212880316774], [126.47253840011757, 106.44638809971912], [126.96554403564612, 106.78246514215223], [127.45096584108506, 107.12940585715972], [127.92852335710302, 107.4870940551438], [128.39793229768324, 107.85541062789233], [128.85890399046892, 108.23423348286279], [129.31114477169598, 108.62343743906214], [129.75435533263212, 109.02289408048422], [130.18823001409524, 109.43247156253582], [130.61245604509577, 109.8520343661587], [131.02671272120168, 110.28144299356714], [131.43067051764157, 110.7205535985312], [131.82399013158522, 111.16921754298468], [132.20632144740438, 111.62728087036389], [132.57730241798632, 112.09458368442121], [132.93655785454374, 112.57095942035114], [133.2836981165002, 113.05623399268511], [133.61831769233203, 113.55022480166737], [133.93999366146443, 114.05273957649163], [134.24828402656289, 114.5635750297761], [134.54272590502694, 115.08251529293571], [134.82283356792553, 115.60933009631046], [135.0880963145562, 116.14377265108634], [135.3379761710426, 116.68557718172602]], {"i0": 0.13778315425737894, "spread": 0.5050211092582559, "falloff": 0.9816034558244167}], [[[132.7595664246385, 84.43729989827234], [134.25096696006514, 85.49908798853583], [135.7050767603603, 86.61139794831188], [137.12012928679147, 87.77298897129555], [138.4943533032709, 88.98260609946976], [139.8259647578914, 90.23897916815805], [141.1131582278327, 91.5408207807564], [142.3540979116155, 92.8868232480934], [143.5469081450659, 94.27565440790575], [144.6896634107868, 95.70595221573166], [145.7803778046706, 97.17631796808358], [146.81699392652123, 98.6853079864913], [147.79737115499287, 100.23142354274995], [148.71927328524293, 101.81309876129347], [149.5803555127134, 103.42868616684298], [150.37815077849245, 105.07643947635788], [151.11005553015758, 106.75449314606145], [151.77331501373865, 108.46083808162086], [152.36500830574929, 110.19329280194131], [152.882033425569, 111.94946920877419], [153.32109306238507, 113.72673196589001], [153.6786817207714, 115.52215033023745], [153.9510754703197, 117.33244112440207], [154.1343260082494, 119.15390141078022], [154.2242614606092, 120.9823293738442], [154.21649730820872, 122.81293201675966], [154.1064620670236, 124.64021861668888], [153.88944393244256, 126.45787969440025], [153.56066646797933, 128.25865272559994], [153.115403468454, 130.03417837350767], [152.54914500055224, 131.77485500052862], [151.85782763248605, 133.46970510747462], [151.03814081981807, 135.1062752538333], [150.08791653189027, 136.6706005560153], [149.00659833598596, 138.1472742710409], [147.79576747405204, 139.5196686612991], [146.45967720829387, 140.7703494421228], [145.00571735933045, 141.8817059596858], [143.44470903722123, 142.83677881619295], [141.7909301029232, 143.6202102998971], [140.06180734156464, 144.21918739521357], [138.2772808708238, 144.62421801437117], [136.45892938108645, 144.82959976853792], [134.62900788326533, 144.8335077917757], [132.8095656424162, 144.63771912137543], [131.02177746570544, 144.2470692617072], [129.28555736093887, 143.6687754045297], [127.61945943420506, 142.91175684808917], [126.0408279987886, 141.98605174161725], [124.5661432079163, 140.902391254746]], {"i0": 0.18660886856272432, "spread": 0.5163174143262348, "falloff": 0.9535795162271665}], [[[163.49190160068258, 138.6847343619651], [163.1752268995556, 139.35612110807187], [162.84404051191797, 140.02046889393853], [162.49829086942339, 140.67735468953686], [162.13793886186045, 141.32634431962606], [161.76295890372145, 141.96699279784366], [161.37334002803942, 142.5988447532888], [160.96908700052973, 143.22143495647376], [160.55022144585337, 143.8342889510506], [160.11678297659327, 144.43692379704964], [159.6688303142538, 145.02884893052305], [159.20644239034104, 145.60956714340725], [158.729719414384, 146.17857568608773], [158.23878389468692, 146.73536749356995], [157.73378159681604, 147.27943253433406], [157.21488242381514, 147.81025927894908], [156.6822812021066, 148.32733628322572], [156.13619835652275, 148.83015387831352], [155.57688045853664, 149.31820595763307], [155.00460063196712, 149.79099184792267], [154.41965880192035, 150.24801824917523], [153.82238177400032, 150.6888012257667], [153.21312313287763, 151.11286822883088], [152.59226295172297, 151.5197601279678], [151.9602073068171, 151.9090332287792], [151.31738759480652, 152.28026125158513], [150.6642596535227, 152.6330372461025], [150.00130269085835, 152.96697541684316], [149.3290180297789, 153.28171283451], [148.64792768142078, 153.57691101020703], [147.95857276126287, 153.8522573107154], [147.2615117669552, 154.1074661960911], [146.5573187387174, 154.34228026326778], [145.84658132581168, 154.55647108326036], [145.1298987840515, 154.7498398229902], [144.4078799304361, 154.92221764676253], [143.6811410814121, 155.07346589651112], [142.95030400097937, 155.20347605379294], [142.215993883998, 155.31216949030784], [141.47883739860438, 155.39949701718209], [140.7394608097045, 155.46543824634006], [139.99848820316078, 155.51000077989676], [139.2565398276259, 155.53321924561226], [138.51423056810702, 155.53515419801286], [137.77216856238311, 155.51589090576172], [137.03095396841482, 155.4755380463841], [136.291177887977, 155.41422632946495], [135.55342144903773, 155.3321070689044], [134.81825504689294, 155.22935072401538], [134.08623774175012, 155.10614542818666]], {"i0": 0.08249184127528447, "spread": 0.502391415015687, "falloff": 0.991838039595399}]], "disk": {"i0": 0.0926417500128834, "n": 1.0, "c": 2.0, "mu": [127.23447989223286, 127.30339410234319], "roll": 1.1144581758262206, "rEff": 43.14452738415306, "axRatio": 0.9358552439476235}, "bulge": {"i0": 0.6158875644780399, "n": 1.007577362655052, "c": 2.0, "mu": [127.08011329829509, 127.73986913414934], "roll": 1.1792326253828667, "rEff": 3.9240118849819714, "axRatio": 0.3804429741544592}, "bar": {"i0": 0.05033761441950045, "n": 0.7935810557443519, "c": 2.0101205041582433, "mu": [126.73736643487736, 127.49999914337987], "roll": 1.0756630647752201, "rEff": 8.466796146469635, "axRatio": 0.40476151316115716}}