{"spiral": [[[[100.95603994481857, 89.5], [101.24807660290074, 90.6813023750659], [101.42126123107575, 91.88580392014428], [101.47658598873818, 93.10145538266815], [101.41612306582743, 94.31688244320593], [101.24290869221849, 95.52144145710585], [100.96082701196526, 96.70526595419625], [100.5744937342122, 97.85930244400053], [100.0891403773232, 98.97533437232296], [99.51050053720203, 100.0459935780161], [98.84469994123188, 101.06475920446414], [98.09815211344291, 102.02594462343546], [97.2774613264808, 102.92467346036408], [96.38933420967831, 103.7568462200966], [95.44050098358939, 104.51909927161252], [94.43764685968586, 105.20875807001514], [93.38735372635482, 105.82378647318136], [92.29605187407299, 106.36273389345052], [91.16998121632315, 106.82468182273126], [90.01516124268755, 107.20919103477353], [88.83736880081749, 107.51625050553343], [87.6421227305392, 107.74622884229223], [86.43467436240726, 107.89982877250839], [85.2200029197895, 107.9780450421467], [84.00281492948535, 107.98212589450553], [82.78754682666417, 107.91353816332482], [81.5783700343042, 107.77393590512466], [80.37919789177906, 107.56513241813705], [79.19369390626737, 107.28907543829462], [78.02528088463946, 106.94782527210867], [76.87715058760651, 106.54353560664013], [75.75227361917965, 106.07843673235197], [74.65340932593652, 105.55482091910255], [73.58311553578626, 104.9750296956258], [72.54375800967385, 104.34144279834833], [71.53751951744401, 103.65646857284487], [70.56640847872109, 102.92253563033378], [69.63226713592869, 102.14208558077533], [68.73677924427997, 101.31756668348638], [67.88147727954147, 100.45142827436939], [67.06774917658068, 99.54611584622127], [66.29684461915414, 98.60406667469483], [65.56988090775558, 97.62770589713166], [64.88784843939966, 96.61944296540429], [64.25161583098388, 95.5816684056082], [63.6619347230366, 94.51675082875644], [63.11944430054878, 93.42703414663097], [62.62467556508653, 92.31483495528023], [62.178055393086076, 91.18244005673664], [61.77991041291356, 90.03210409627863]], {"i0": 0.03091688722114593, "spread": 89.00579644815063, "falloff": 0.2529951691579192}], [[[82.48776813533985, 90.15829115464159], [81.99201957086831, 89.43012739342375], [81.57074115578786, 88.6564443083551], [81.22380492558314, 87.84665639329111], [80.95034710597002, 87.00916424202003], [80.74894250284673, 86.15146248251992], [80.61773876569033, 85.28023361919568], [80.55456151674738, 84.40142983995293], [80.55699786554258, 83.5203447739247], [80.62246352894559, 82.64167692555857], [80.7482572405116, 81.76958620266893], [80.93160509858075, 80.9077446664169], [81.16969680047943, 80.0593823855145], [81.45971522822468, 79.2273290778832], [81.79886051657698, 78.41405206814635], [82.18436949832608, 77.6216909732391], [82.61353125148014, 76.85208944347086], [83.08369934790528, 76.10682422235423], [83.59230130713337, 75.38723174702159], [84.13684568477763, 74.69443247777996], [84.71492716463939, 74.02935312436786], [85.32422997280615, 73.39274692206608], [85.96252989034268, 72.78521209749907], [86.62769510390763, 72.20720865654019], [87.3176861009729, 71.65907361991631], [88.03055478907734, 71.14103482424738], [88.7644429923246, 70.65322340197547], [89.51758045668652, 70.19568504696994], [90.28828247651508, 69.76839016654948], [91.0749472364898, 69.37124301570374], [91.87605294936468, 69.00408990233133], [92.69015485565026, 68.66672654735183], [93.51588214023454, 68.35890467734227], [94.35193481253711, 68.08033792095128], [95.19708058489694, 67.83070707662203], [96.0501517811118, 67.60966481144186], [96.91004229706652, 67.4168398478521], [97.77570463238229, 67.25184068899425], [98.6461470068502, 67.11425892933632], [99.52043057143734, 67.00367219299494], [100.39766672282951, 66.91964673776177], [101.27701452321051, 66.86173976025293], [102.15767823110093, 66.82950143287886], [103.03890494236602, 66.82247670137926], [103.91998234147914, 66.84020686829507], [104.80023656195677, 66.88223098528813], [105.67903015378556, 66.94808707494738], [106.55576015470517, 67.03731320058972], [107.42985626175862, 67.14944840057383], [108.30077910146676, 67.28403350212002]], {"i0": 0.0746129762572513, "spread": 113.32934641686985, "falloff": 0.362884425002444}], [[[97.63127603120427, 83.17567419795223], [98.76284612022452, 83.73579286687573], [99.83392961580836, 84.4044541747326], [100.83810986587068, 85.17000637029254], [101.77054890211781, 86.02153865819847], [102.62769266963012, 86.94886875330687], [103.40703856078001, 87.94251419523934], [104.1069507079468, 88.99365606696782], [104.7265119206975, 90.09410011037927], [105.26540383078122, 91.23623801349082], [105.72380886215143, 92.41301031204384], [106.10232919894064, 93.61787155872594], [106.40191909874534, 94.84475795875558], [106.6238277836431, 96.08805742269521], [106.7695508044907, 97.34258185992053], [106.8407882745967, 98.6035414858282], [106.83940874386808, 99.86652090630098], [106.76741776688829, 101.12745675791697], [106.62693042961517, 102.3826167062412], [106.42014725942212, 103.62857963687898], [106.1493330618395, 104.86221690224984], [105.8167983170363, 106.0806745144183], [105.42488283649281, 107.28135619987049], [104.975941430479, 108.46190724996998], [104.47233137539513, 109.62019911887235], [103.91640149889393, 110.75431473196161], [103.31048272309475, 111.8625344778632], [102.65687992372725, 112.9433228629787], [101.95786497728939, 113.99531581152672], [101.21567087914372, 115.01730859930085], [100.43248682650255, 116.00824440520205], [99.61045416740582, 116.96720347072181], [98.75166312547772, 117.89339285267673], [97.85815021691286, 118.78613675528604], [96.93189628192648, 119.64486742747926], [95.97482506119007, 120.46911660609608], [94.98880225037209, 121.25850749031413], [93.97563497430339, 122.01274722607347], [92.93707162610531, 122.73161988108207], [91.87480202145717, 123.41497989002363], [90.7904578236981, 124.06274594797853], [89.68561319950389, 124.67489533037869], [88.56178566729373, 125.25145861903401], [87.42043710869852, 125.7925148098306], [86.26297491164725, 126.29818678295317], [85.09075322048314, 126.76863711336372], [83.90507427069751, 127.20406420075838], [82.7071897879794, 127.60469869925102], [81.4983024342102, 127.97080022734737], [80.27956728569664, 128.30265433935992]], {"i0": 0.022226539955639942, "spread": 1.770419468835656, "falloff": 0.04831981344516349}]], "disk": {"i0": 0.12295272303069381, "n": 1.0, "c": 2.0, "mu": [90.06649789198053, 89.86393385881951], "roll": 0.5761928501035616, "rEff": 43.716416677731225, "axRatio": 0.9999911130425189}, "bulge": null, "bar": null}