{"spiral": [[[[20.149718648816663, 51.20045841641133], [21.084935931924566, 50.28840403798505], [22.050253276377916, 49.40827074481134], [23.044779116995972, 48.56128293198216], [24.06754854382438, 47.74862636400314], [25.117526313941266, 46.97144372397936], [26.19361033176595, 46.2308306585569], [27.29463552195412, 45.52783238073588], [28.419378009842514, 44.86344088062091], [29.566559516191145, 44.23859277991946], [30.734851867832838, 43.65416785120722], [31.92288152350958, 43.110988208289], [33.12923401483105, 42.60981816071903], [34.35245820289671, 42.15136470983149], [35.591070257890216, 41.73627865567627], [36.84355727186302, 41.365156270053305], [38.10838042374582, 41.038541486610214], [39.383977620850935, 40.75692855007504], [40.668765548621536, 40.520765064053485], [41.96114106607413, 40.33045537413857], [43.25948188906013, 40.18636422229388], [44.562146506337236, 40.08882060878602], [45.867473274606205, 40.03812179987932], [47.17377863631079, 40.03453742024148], [48.47935439996355, 40.07831357177216], [49.782464013909376, 40.169676920725585], [51.08133775286711, 40.308838695485804], [52.37416671974278, 40.49599853497662], [53.659095543683215, 40.731348122995776], [54.934213627178764, 41.01507453506655], [56.19754476069428, 41.34736321060223], [57.44703487904048, 41.728400442182895], [58.680537680693334, 42.15837524323299], [59.89579776426439, 42.63748041171876], [61.090430855837255, 43.16591254576017], [62.26190059990454, 43.7438706803503], [63.407491266941854, 44.37155309260645], [64.52427558229442, 45.04915165204479], [65.60907670714339, 45.776842851644446], [66.65842319575394, 46.55477431522361], [67.6684955241228, 47.38304509437052], [68.63506253969818, 48.261677381564326], [69.55340596246053, 49.190576287698114], [70.41823094059453, 50.16947293679243], [71.2235607809959, 51.19784414825751], [71.96261461944741, 52.274799188044696], [72.62766849107048, 53.39892021999327], [73.20990396452632, 54.56803797164407], [73.69925585577711, 55.778917804025454], [74.08428423708075, 57.02682472967819]], {"i0": 0.0, "spread": 2.4787507599893615, "falloff": 0.01}]], "disk": {"i0": 0.23011116944701812, "n": 1.0, "c": 2.0, "mu": [62.71823191899226, 62.16794412637926], "roll": 2.6098103696264623, "rEff": 45.32972996630054, "axRatio": 0.8103113377189067}, "bulge": {"i0": 0.12899598805981155, "n": 3.9239026500973755, "c": 2.0, "mu": [64.24218746570868, 62.249999997549], "roll": 2.6108191450274836, "rEff": 8.489132043895927, "axRatio": 0.9999997033054638}, "bar": null}