{"disk": {"mux": 63.28643111178527, "muy": 63.744488910675, "roll": 1.1104341067188386, "Re": 22.509005535301736, "q": 0.8282775532297512, "I": 0.007591318932993557, "n": 1.0, "c": 2.0}, "bulge": {"mux": 63.37922909227901, "muy": 63.70943954631021, "roll": 1.2948005348978626, "Re": 5.220628659577506, "q": 1.8219068438090449, "I": 0.043218724118922816, "n": 4.07380784788509, "c": 2.0}, "bar": null, "spiral": []}