{"spiral": [], "disk": {"i0": 0.21694904221121789, "n": 1.0, "c": 2.0, "mu": [89.84411527614853, 88.82080171934135], "roll": 1.5786170567250908, "rEff": 52.638091110431525, "axRatio": 0.8304410704969747}, "bulge": {"i0": 0.036455350783974994, "n": 1.945624313862203, "c": 2.0, "mu": [90.60742158951606, 89.25441478244949], "roll": 1.6598570927518168, "rEff": 16.14252353455404, "axRatio": 0.3609268642478243}, "bar": null}