{"disk": {"I": 0.01969757943675798, "Re": 34.21951377391525, "c": 2.0, "mux": 100.74149923231455, "muy": 101.13227568405229, "n": 1.0, "q": 0.4878376214743145, "roll": 2.4122361657054774}, "bulge": {"I": 0.2604213977579004, "Re": 3.0627242716893064, "c": 2.0, "mux": 101.19999994532536, "muy": 101.39999996966144, "n": 2.8483497459456513, "q": 0.6096890796370258, "roll": 2.26795346037469}, "bar": null, "spiral": []}