{"spiral": [[[[36.39329867982606, 36.857566732633025], [36.832965562444514, 36.6782945024284], [37.27761953573912, 36.511778135727454], [37.72698325531619, 36.35842745413088], [38.180753276113286, 36.21865531338382], [38.63859860989707, 36.092876127377586], [39.100159316007534, 35.98150418519181], [39.56504514685222, 35.88495175151472], [40.03283427594198, 35.80362694340254], [40.50307213634174, 35.73793137966882], [40.97527040139782, 35.688257603415074], [41.448906141059844, 35.654986283240746], [41.92342118809395, 35.63848320433247], [42.39822174895738, 35.639096067144166], [42.87267829331517, 35.65715111856233], [43.346125752982424, 35.69294964727762], [43.81786405804252, 35.746764382900764], [44.28715903182112, 35.81883584526653], [44.7532436587849, 35.90936869638666], [45.215319730578855, 36.01852815274168], [45.672559864882906, 36.14643651929269], [46.12410987914705, 36.293169906645275], [46.56909148965276, 36.45875519318024], [47.00660529222655, 36.64316728794482], [47.43573396897533, 36.84632674400795], [47.85554565341084, 37.068097761222525], [48.26509737626604, 37.30828660373191], [48.66343850667889, 37.566640442687884], [49.049614098124664, 37.842846615383316], [49.42266804668681, 38.13653227389347], [49.781645970341046, 38.447264375097035], [50.12559772230613, 38.77454994405904], [50.453579458727845, 39.117836521967945], [50.76465519054159, 39.4765126907577], [51.057897760902065, 39.84990854702295], [51.33238920229208, 40.237295979759566], [51.58722044098418, 40.63788858728969], [51.82149033027318, 41.05084104932642], [52.03430400795091, 41.47524774691692], [52.22477058774566, 41.910140396112254], [52.3920002098761, 42.35448442612115], [52.53510049378505, 42.807173787597264], [52.65317245911777, 43.26702381588515], [52.745306013168474, 43.73276169352593], [52.810575150712026, 44.20301394753043], [52.84803308557109, 44.67629027265136], [52.85670764800726, 45.15096277915481], [52.835597463194965, 45.62523951051522], [52.78366971272651, 46.097130745324684], [52.69986073647169, 46.56440617504137]], {"i0": 0.001, "spread": 0.5, "falloff": 1.0}], [[[52.844246711743196, 32.49841052242171], [53.24597784881243, 32.842815798800046], [53.635710288830296, 33.20074239810093], [54.0129738880289, 33.57178812802705], [54.37731296657866, 33.95553248231683], [54.728286516588625, 34.35153778520181], [55.06546826508851, 34.7593502914207], [55.38844659949967, 35.178501223115006], [55.69682436455497, 35.60850772639039], [55.9902185410305, 36.04887373158457], [56.268259817728094, 36.49909070263389], [56.53059206895864, 36.958638262250396], [56.776871750370645, 37.426984680840576], [57.00676722641642, 37.903587218132955], [57.21995804291899, 38.387892307467396], [57.41613415848806, 38.87933557329598], [57.594995148771275, 39.37734167277456], [57.75624939742406, 39.881323952845506], [57.89961328840529, 40.39068391362666], [58.024810414303204, 40.904810468984905], [58.13157081631742, 41.42307899430597], [58.21963027251521, 41.94485015059683], [58.288729652416194, 42.469468472972196], [58.338614357966435, 42.99626071018356], [58.36903387358143, 43.52453390032828], [58.37974145135564, 44.053573166121595], [58.37049396183869, 44.582639211706386], [58.34105194632426, 45.110965500882756], [58.291179913335334, 45.637755095834066], [58.220646930491185, 46.162177133951666], [58.129227573203664, 46.68336292063255], [58.0167033042151, 47.20040161675658], [57.88286437306585, 47.712335502544896], [57.72751234265098, 48.21815480470065], [57.550463371214306, 48.71679208324851], [57.35155240300236, 49.207116188180905], [57.13063844897206, 49.687925817688836], [56.88761117062626, 50.15794273980635], [56.622399013774455, 50.61580478273288], [56.33497917386292, 51.06005875736949], [56.025389706016284, 51.48915355598042], [55.69374411755008, 51.9014337746148], [55.34024878879906, 52.29513434199834], [54.965223549087334, 52.66837680525725], [54.56912567142757, 53.019168125119435], [54.15257742124453, 53.34540306466438], [53.716397073453216, 53.644871503011984], [53.26163297239064, 53.91527223813119], [52.7895997225619, 54.15423501412546], [52.30191495546719, 54.359352542864535]], {"i0": 0.001, "spread": 0.5, "falloff": 1.0}], [[[58.16307384541951, 61.10713888794186], [57.64936579607558, 61.29576924516629], [57.12941764525864, 61.46644468819353], [56.603751588836325, 61.61859646272872], [56.07293459573842, 61.751664232982776], [55.53757979597479, 61.86509997390159], [54.99834755341575, 61.95837221111205], [54.45594616005121, 62.030970583021585], [53.91113209015556, 62.08241068734383], [53.36470975299605, 62.112239159178266], [52.81753069137193, 62.120038915113696], [52.27049217949913, 62.10543448208249], [51.72453518834187, 62.068097318249855], [51.18064170115322, 62.0077510216413], [50.63983138125981, 61.924176314701015], [50.10315761560693, 61.81721568963218], [49.571702979972464, 61.686777599397494], [49.0465741960368, 61.53284008789073], [48.52889667181388, 61.355453762461494], [48.01980873797304, 61.15474403232628], [47.52045570828879, 60.93091255731324], [47.0319839041936, 60.68423787922407], [46.555534788847574, 60.415075237349214], [46.09223935539556, 60.123855600117615], [45.64321290673727, 59.81108397570027], [45.20955035119923, 59.47733709112499], [44.79232211984352, 59.123260555460035], [44.392570789344276, 58.7495656409901], [44.01130846929397, 58.3570258321579], [43.64951498726286, 57.94647330073475], [43.30813687940337, 57.518795470373895], [42.988087170734886, 57.07493183346941], [42.69024590747248, 56.61587118067244], [42.415461385550344, 56.14264939792521], [42.164552003612805, 55.656347980956355], [41.938308656079144, 55.15809341246886], [41.73749757082728, 54.649057545492994], [41.56286348592744, 54.130459138307444], [41.41513304913683, 53.60356669317024], [41.29501831036829, 53.06970276443754], [41.20322015880957, 52.530249921947515], [41.14043152936322, 51.98665858430596], [41.10734016357462, 51.44045697384565], [41.104630652495004, 50.89326349180901], [41.13298540564305, 50.34680186691366], [41.193084071150615, 49.80291949196969], [41.28560076365995, 49.26360942674691], [41.41119822016991, 48.7310366003743], [41.57051767563637, 48.207568776765534], [41.7641627989907, 47.695812819462965]], {"i0": 0.001, "spread": 0.5, "falloff": 1.0}]], "disk": {"i0": 0.2061111111111111, "n": 1.0, "c": 2.0, "mu": [48.652670038937444, 47.41592017349649], "roll": 1.951970748366234, "rEff": 24.608178091485122, "axRatio": 0.9218688277193011}, "bulge": {"i0": 0.725, "n": 1.23, "c": 2.0, "mu": [48.884366385188976, 47.11302478736673], "roll": 1.433104687801075, "rEff": 2.5805773661508704, "axRatio": 0.9999999940898039}, "bar": null}