{"spiral": [[[[114.01791429960844, 159.53533595827616], [111.69140362345009, 158.23526206822464], [109.43032307805662, 156.82450047450408], [107.24318034845007, 155.30167285536368], [105.13962756786376, 153.66536754134643], [103.13068786537991, 151.91425835357026], [101.22901404493336, 150.04728153595738], [99.44917455406281, 148.06389564949174], [97.80795122533193, 145.96445744736104], [96.32461417709546, 143.7507547009659], [95.02110732419305, 141.4267404372777], [93.9220299677977, 138.99950320018343], [93.0542375093963, 136.4804680147389], [92.44582627067585, 133.88673006801037], [92.12426320082814, 131.24226080059563], [92.11355743263944, 128.5785181486839], [92.43072732806276, 125.93385579934969], [93.08234323579002, 123.35126996911973], [94.06231831987348, 120.87459159562476], [95.35194019422204, 118.54403004578715], [96.92227919737678, 116.39243447988812], [98.73809801864978, 114.44333000061783], [100.7619372754828, 112.71092869743914], [102.95734879419861, 111.20155912924584], [105.29088672751753, 109.91570653055619], [107.73297835801228, 108.85002795843685], [110.25801347534775, 107.99901412221003], [112.84398884676541, 107.35621415896], [115.47195172358622, 106.91507037243309], [118.12538758461021, 106.66945434782875], [120.78962343340835, 106.61399482204111], [123.45127158900803, 106.74426975808338], [126.09771236938317, 107.05691463947164], [128.71659945613965, 107.54968138473573], [131.29536283319078, 108.22146823391583], [133.82067696267154, 109.07232912654982], [136.27785360625776, 110.10345926646971], [138.65010772044332, 111.31713815794113], [140.91763052885938, 112.71658698868664], [143.05638841419187, 114.30565432888626], [145.03655954832553, 116.0881667145109], [146.82055357171487, 118.06664422962791], [148.36071641216412, 120.23986109711684], [149.59729391465953, 122.59845646056822], [150.4583384524468, 125.11774373846255], [150.86511638957907, 127.74795407247164], [150.74764812797528, 130.40597277210583], [150.07016225427296, 132.97835620583115], [148.85277377468222, 135.34365903203258], [147.1694908791412, 137.40439005422832]], {"i0": 0.0197920329057191, "spread": 0.9903688524136173, "falloff": 0.01}], [[[160.21801923378442, 107.91708042557593], [161.3689125916554, 109.62492793481081], [162.42545111962366, 111.39266618922252], [163.3781396365363, 113.21842883312658], [164.21662471034605, 115.09933191225882], [164.92976875862146, 117.03119194451816], [165.5058208417566, 119.00821005761054], [165.93271939716587, 121.02264568338217], [166.1985591423875, 123.06452305971189], [166.2922384185294, 125.12143681812466], [166.20426862401382, 127.17854135015016], [165.92767427856086, 129.2188092371974], [165.45885218647638, 131.22361257725223], [164.79821721882794, 133.17361163723314], [163.95047094514632, 135.04984362557713], [162.92440239491455, 136.83482792721122], [161.73224764472772, 138.51348420828091], [160.38874633380513, 140.07371137670017], [158.91009065992634, 141.50657440472352], [157.3129492980247, 142.8061449441989], [155.6136866893789, 143.96910290907468], [153.8278238223651, 144.99421955195655], [151.96972851528355, 145.88182134905617], [150.05249155040656, 146.63329906180593], [148.08793618462957, 147.2506933038162], [146.08671378044863, 147.73636402540262], [144.05844928855512, 148.0927373699317], [142.01191202623306, 148.32211701704662], [139.9551971866561, 148.42654564746266], [137.89591115381012, 148.40770321788867], [135.8413593498701, 148.26683086074706], [133.7987395637669, 148.00467161567664], [131.7753472209219, 147.62142153570005], [129.77880251573475, 147.11668701183], [127.81731339059898, 146.48944670368726], [125.89999371616314, 145.73801984692574], [124.03726351692066, 144.86004804674832], [122.24136853612505, 143.85250705595084], [120.52707042312322, 142.71178240179677], [118.91257537676798, 141.43387551182573], [117.4207816244264, 140.01486882337883], [116.08091188852993, 138.45189196425477], [114.93048920156643, 136.745024840347], [114.01724717437932, 134.9008425209791], [113.39961902962428, 132.93845016554803], [113.1426775131135, 130.89806030938183], [113.30500712036398, 128.8487742190666], [113.91597176381715, 126.88647972591612], [114.95591039403936, 125.11372666958326], [116.35855542663408, 123.61075257661768]], {"i0": 0.0362026621874422, "spread": 0.9692541818133688, "falloff": 0.3354184929035164}]], "disk": {"i0": 0.12646726117912332, "n": 1.0, "c": 2.0, "mu": [129.3079007587, 128.65301598672056], "roll": 2.8028743580880615, "rEff": 47.1204593969605, "axRatio": 0.508451097691401}, "bulge": {"i0": 0.37733559921354526, "n": 0.9890077997571531, "c": 2.0, "mu": [130.1841037377283, 127.97919353197452], "roll": 2.8715602000784157, "rEff": 5.349906809034745, "axRatio": 0.28918191724357967}, "bar": {"i0": 0.08999986195421313, "n": 0.23792502018574355, "c": 1.7003061756264382, "mu": [129.24185217805675, 127.465177654473], "roll": 2.8969970881512133, "rEff": 9.026322807707313, "axRatio": 0.38871111619224086}}