{"spiral": [[[[63.92078589470872, 72.59772043936823], [63.41268555209512, 72.43803151152134], [62.909024395948386, 72.26484704477248], [62.41004099602859, 72.07861146293519], [61.915972629143624, 71.87970164996726], [61.42705905746532, 71.66843739752919], [60.943545650516924, 71.44508984185373], [60.465686055712574, 71.20988837858549], [59.99374456089141, 70.9630264187848], [59.5279982506974, 70.70466626160315], [59.068739029862535, 70.43494329668556], [58.616275565731364, 70.1539697050262], [58.17093518698954, 69.86183779501376], [57.73306576324417, 69.55862308774255], [57.30303757996459, 69.24438724928712], [56.88124521363236, 68.91918095646515], [56.46810940270208, 68.58304677468512], [56.06407889993051, 68.2360221212592], [55.669632280451886, 67.8781423839213], [55.28527966749228, 67.50944426153342], [54.91156432231244, 67.12996939121115], [54.54906402839182, 66.73976832249299], [54.19839217956878, 66.33890489354563], [53.86019845986711, 65.92746105558135], [53.53516897832551, 65.50554217817648], [53.22402569657293, 65.07328284829173], [52.92752496189321, 64.63085314782906], [52.646454936585734, 64.17846535683512], [52.38163169914964, 63.7163809804772], [52.13389378933206, 63.24491793731871], [51.90409498333722, 62.76445767561946], [51.6930951238721, 62.275451904792064], [51.50174889974024, 61.77842854927306], [51.33089257568457, 61.27399645878454], [51.18132881735642, 60.762848357048384], [51.05380993528375, 60.245761493597534], [50.949020072670095, 59.7235954997547], [50.86755706623444, 59.19728704879171], [50.80991488741451, 58.66784109142493], [50.77646769030881, 58.136318674039664], [50.767456521109885, 57.60382162929311], [50.78297965906611, 57.071474724223776], [50.82298735349066, 56.54040611732551], [50.88728141451166, 56.01172716907536], [50.97551973949146, 55.48651273636393], [51.08722546756187, 54.965783042538504], [51.22180010356057, 54.450488056490265], [51.37853969131696, 53.941495064729224], [51.55665296883397, 53.439579819628705], [51.75528041314848, 52.9454213392978]], {"i0": 0.06014779156016992, "spread": 1.2870778129033629, "falloff": 0.3763126427135204}], [[[78.52091435993701, 68.8958171280126], [78.9905499698085, 69.09387598282703], [79.45504165004428, 69.30371553058748], [79.91413183008942, 69.52512353098842], [80.36755166441424, 69.7579234389528], [80.8150186586178, 70.00196973444007], [81.25623440905447, 70.25714388634994], [81.69088239946225, 70.52335078560422], [82.11862581362683, 70.80051551170523], [82.53910533560432, 71.08858031741767], [82.95193691977927, 71.38750173015956], [83.3567095232696, 71.69724767772003], [83.75298280367424, 72.01779455133709], [84.1402847970646, 72.34912412184737], [84.5181096046437, 72.6912202256024], [84.88591513293075, 73.04406513681487], [85.24312095210045, 73.40763554307381], [85.58910636086787, 73.7818980421105], [85.92320877460061, 74.16680408201083], [86.24472258620033, 74.56228427581841], [86.55289868664885, 74.96824203735098], [86.84694487235912, 75.38454651077868], [87.12602740713382, 75.8110248048767], [87.38927404463101, 76.2474535984106], [87.63577884415562, 76.69355025600132], [87.86460912280027, 77.14896368885647], [88.07481486649351, 77.61326530727844], [88.26544086083616, 78.08594053866469], [88.43554168624449, 78.56638151429799], [88.58419954148764, 79.0538816417406], [88.71054461340104, 79.54763285303555], [88.81377740811776, 80.0467263227944], [88.89319212703354, 80.5501573553901], [88.9481998530956, 81.05683492668314], [88.97835006842966, 81.56559603052133], [88.9833489136693, 82.07522454767364], [88.96307267790878, 82.5844738757454], [88.91757529140278, 83.09209211076032], [88.84708907045483, 83.59684823457391], [88.7520185626734, 84.0975576078674], [88.63292797614898, 84.5931051307709], [88.49052323544049, 85.0824647024288], [88.3256301085774, 85.56471403381269], [88.13917004296862, 86.03904436539605], [87.93213533064035, 86.50476512860702], [87.70556502968465, 86.96130399486451], [87.46052276179144, 87.40820303899118], [87.19807715020576, 87.84511189230979], [86.91928531543148, 88.27177879039122], [86.62517954776082, 88.68804035477169]], {"i0": 0.0864018164609314, "spread": 0.723842714692461, "falloff": 0.555075474104117}]], "disk": {"i0": 0.13738898954178513, "n": 1.0, "c": 2.0, "mu": [69.91985031690811, 70.88169069016777], "roll": 2.6708958232810622, "rEff": 16.479034985106853, "axRatio": 0.32593100966861505}, "bulge": {"i0": 0.4411352494243293, "n": 1.8812365837259293, "c": 2.0, "mu": [70.56460053271483, 71.03634587857113], "roll": 0.28058383290245864, "rEff": 4.677591282060329, "axRatio": 0.5228261366186403}, "bar": null}