{"disk": {"mux": 54.706190577601326, "muy": 54.365668877449075, "roll": 0.7307513306240602, "Re": 15.16786677761015, "q": 0.6933482653983075, "I": 0.06429123706884012, "n": 1.0, "c": 2.0}, "bulge": {"mux": 54.984635567247885, "muy": 54.284089426328414, "roll": 0.13316929060784874, "Re": 11.29331520292667, "q": 1.1025585789464996, "I": 0.009107627528161159, "n": 9.999817358121081, "c": 2.0}, "bar": null, "spiral": []}