{"spiral": [[[[43.18863042426267, 45.587080008546394], [42.94119373177605, 45.640504645722096], [42.6919698731681, 45.68484987169196], [42.44128578644783, 45.720013205921155], [42.18947638932319, 45.745916070121794], [41.936882367563, 45.762504295488945], [41.68384792288288, 45.769748287521786], [41.43071853503778, 45.767642849420746], [41.177838791316944, 45.75620667748577], [40.925550332621356, 45.73548155132089], [40.67418995929329, 45.705531251660915], [40.42408793240802, 45.666440244751655], [40.17556649768207, 45.61831217754753], [39.92893865024603, 45.56126823028195], [39.68450714980013, 45.49544537325952], [39.44256378752405, 45.42099457312611], [39.20338889896427, 45.33807899063157], [38.96725111120595, 45.24687220746972], [38.73440730807188, 45.147556514567775], [38.505102793877484, 45.04032128860512], [38.279571634437275, 44.92536147786542], [38.058037153285234, 44.802876213154], [37.840712561255536, 44.67306755458853], [37.62780169891836, 44.5361393806682], [37.41949987275182, 44.39229642247789], [37.21599476842013, 44.24174344290809], [37.017467426708, 44.0846845586351], [36.824093270421734, 43.921322701097395], [36.63604317317066, 43.75185921187815], [36.45348456357414, 43.576493567644484], [36.27658256102823, 43.39542323007947], [36.105501141647736, 43.208843617009265], [35.94040433538903, 43.016948192149364], [35.78145745765276, 42.81992867254889], [35.62882838092345, 42.617975354892195], [35.48268885416534, 42.411277564400194], [35.34321587994278, 42.20002423313827], [35.21059316141026, 41.98440461827079], [35.085012633649484, 41.76460917526698], [34.96667609622044, 41.54083060650632], [34.855796966281794, 41.31326511238212], [34.752602174226325, 41.08211388022016], [34.65733422645055, 40.84758485659816], [34.57025346236639, 40.609894861526406], [34.49164053501228, 40.36927211929284], [34.421799146018756, 40.12595930156418], [34.361059065709654, 39.880217205045874], [34.30977946621804, 39.63232922017277], [34.26835258816321, 39.38260679148419], [34.237207746005446, 39.131396126997274]], {"i0": 0.001, "spread": 0.5, "falloff": 1.0}], [[[40.82526926399535, 31.096923370725253], [40.95009110480987, 31.24590547239301], [41.07195050378429, 31.397320324643978], [41.19081436997482, 31.551097964635307], [41.30664971686504, 31.707169624193313], [41.419423529440294, 31.86546765190649], [41.5291026353685, 32.025925430127444], [41.635653579872766, 32.18847728705758], [41.73904250388407, 32.35305840400583], [41.8392350250654, 32.519604717832145], [41.936196121308065, 32.68805281850742], [42.02989001631124, 32.85833984164333], [42.12028006687013, 33.030403355768144], [42.2073286515156, 33.204181244046225], [42.29099706016815, 33.37961158005962], [42.371245384490464, 33.55663249718824], [42.44803240865815, 33.735182051041186], [42.521315500292864, 33.91519807430507], [42.59105050133551, 34.096618023278815], [42.657191618703685, 34.27937881527357], [42.719691314598734, 34.46341665594386], [42.77850019641653, 34.64866685551283], [42.833566906272175, 34.83506363272954], [42.88483801025233, 35.02253990527748], [42.93225788758969, 35.21102706520134], [42.97576862011279, 35.400454737796416], [43.01530988244494, 35.590750522229534], [43.0508188336208, 35.78183971200574], [43.082230011003865, 35.97364499322226], [43.10947522764462, 36.1660861183704], [43.13248347452933, 36.359079553263214], [43.15118082954032, 36.552538094484525], [43.16549037538885, 36.74637045457632], [43.17533212929974, 36.940480812004346], [43.18062298787856, 37.13476832284589], [43.18127669127911, 37.32912659096141], [43.17720381172239, 37.52344309347417], [43.168311772381124, 37.717598558322756], [43.15450490387769, 37.91146629088748], [43.13568454700763, 38.10491144698261], [43.11174921189342, 38.29779025004646], [43.08259480558966, 38.48994915119759], [43.04811494219833, 38.68122393203623], [43.00820135180048, 38.87143875167898], [42.96274440697646, 39.060405141909534], [42.91163378824516, 39.247920957200044], [42.854759312383045, 39.433769290394046], [42.79201195006913, 39.61771736979023], [42.72328506144063, 39.79951545966037], [42.64847587961193, 39.978895793887226]], {"i0": 0.001, "spread": 0.5, "falloff": 1.0}]], "disk": {"i0": 0.229375, "n": 1.0, "c": 2.0, "mu": [37.765276187758396, 38.101500679432206], "roll": 2.0498087785711046, "rEff": 12.005565635379659, "axRatio": 0.7459245351290082}, "bulge": {"i0": 0.62, "n": 0.8028571428571428, "c": 2.0, "mu": [37.78145592629798, 37.47859655852388], "roll": 2.7247582846962124, "rEff": 2.1896123756958366, "axRatio": 0.9250489641842207}, "bar": null}