{"spiral": [[[[60.123439131312395, 70.01770087144978], [59.71477509866868, 69.98787481162107], [59.30715630561031, 69.94612969584259], [58.90093926530516, 69.89243311015412], [58.49648339709891, 69.82677526331126], [58.094149310191895, 69.74916918619994], [57.69429708199405, 69.65965070512246], [57.29728456130815, 69.55827818947229], [56.903465725851945, 69.44513208007076], [56.513189122139025, 69.32031420921372], [56.12679641315591, 69.18394692889579], [55.74462105617281, 69.03617206725646], [55.36698712900589, 68.87714973715411], [54.99420831901815, 68.70705702268968], [54.62658708458349, 68.52608657130341], [54.26441399437438, 68.33444511943107], [53.90796724563016, 68.13235197931705], [53.55751235869021, 67.92003751342328], [53.21330204167535, 67.69774162103695], [52.875576216394784, 67.46571225930562], [52.54456219436909, 67.22420401821157], [52.220474990105465, 66.97347676614494], [51.9035177580168, 66.71379437962808], [51.59388233864497, 66.4454235679348], [51.29174990018267, 66.16863280047819], [50.99729166153358, 65.8836913423679], [50.710669684166355, 65.59086840124837], [50.43203772106293, 65.2904323866357], [50.161542112399815, 64.98265028139629], [49.89932271909047, 64.66778712379407], [49.64551388689142, 64.34610559766524], [49.40024543539727, 64.01786572774725], [49.163643667874325, 63.683324676947294], [48.935832399563566, 63.342736642438965], [48.716934003667106, 62.99635284778482], [48.50707047588051, 62.64442162893771], [48.30636451991661, 62.287188612807704], [48.11494065809586, 61.92489698823775], [47.93292637271747, 61.55778787062432], [47.76045328563992, 61.186100763122965], [47.59765838532215, 60.81007411942344], [47.44468531251452, 60.42994601553446], [47.30168571800134, 60.04595494095471], [47.168820708213325, 59.65834072317977], [47.046262397343504, 59.26734560383731], [46.93419558783896, 58.873215490090836], [46.832819605003145, 58.476201411627144], [46.74235031585732, 58.076561221871714], [46.66302236785095, 57.67456159270365], [46.5950916893228, 57.270480365502586]], {"i0": 0.3627943237754234, "spread": 0.5044916528233984, "falloff": 0.9914023145442131}], [[[47.09302386420176, 33.17625711957573], [47.37545995064487, 33.29121237850817], [47.65538916970236, 33.412144196079595], [47.93269269736428, 33.53898128004106], [48.207254928428576, 33.67164814092271], [48.47896360321283, 33.810065391206024], [48.74770990836113, 33.9541500498736], [49.01338855202468, 34.10381584954676], [49.27589781394846, 34.25897354356588], [49.53513957123104, 34.41953121053206], [49.79101930072866, 34.5853945540118], [50.04344605924635, 34.75646719531318], [50.29233244279388, 34.93265095745942], [50.53759452629085, 35.11384613871073], [50.779151785165844, 35.299951774215465], [51.016927000341, 35.49086588459193], [51.2508461481197, 35.68648571045621], [51.48083827644995, 35.886707932127074], [51.70683536902063, 36.091428873923036], [51.92877219860356, 36.30054469264583], [52.14658617094431, 36.513951550007754], [52.36021716045667, 36.731545768897625], [52.56960733886293, 36.953223973506596], [52.774700997805084, 37.17888321343601], [52.97544436636256, 37.40842107199627], [53.17178542428212, 37.64173575897257], [53.363673711608826, 37.8787261881809], [53.55106013529011, 38.11929204017078], [53.73389677320373, 38.363333810446846], [53.912136675942925, 38.610752843581736], [54.085733666573326, 38.86145135357904], [54.25464213846248, 39.11533243081967], [54.41881685116484, 39.37230003587711], [54.57821272423871, 39.63225898044553], [54.73278462875373, 39.895114895546165], [54.88248717614018, 40.16077418710995], [55.02727450391903, 40.42914397893366], [55.16710005773738, 40.70013204291102], [55.30191636902027, 40.973646716315685], [55.43167482742894, 41.249596805779895], [55.55632544719144, 41.52789147746157], [55.6758166262401, 41.80844013271911], [55.790094896947494, 42.091152268418135], [55.89910466709802, 42.37593732077199], [56.00278794957658, 42.66270449136354], [56.10108407905553, 42.951362553703405], [56.193929413772956, 43.241819638342186], [56.28125702026595, 43.53398299416422], [56.362996338666385, 43.82775872303169], [56.4390728258864, 44.12305148441326]], {"i0": 0.24384820353997955, "spread": 0.49187577091730156, "falloff": 0.9929705260294981}]], "disk": {"i0": 0.14836678816610813, "n": 1.0, "c": 2.0, "mu": [51.80017768722792, 50.67446097028383], "roll": 1.910510918552765, "rEff": 15.00135119863368, "axRatio": 0.5598549025868257}, "bulge": {"i0": 1.0102580630946372, "n": 1.5209703953958975, "c": 2.0, "mu": [51.435136379165336, 51.227035343660695], "roll": 1.3441456094525963, "rEff": 3.8874029062764563, "axRatio": 0.942302463316378}, "bar": {"i0": 0.027606097648637612, "n": 1.0175279616847637, "c": 1.9903594094972565, "mu": [51.379683893958365, 51.49481921710682], "roll": 1.3119796712215712, "rEff": 4.109220149522949, "axRatio": 0.21691056912464426}}