{"spiral": [[[[92.57014995108267, 82.56921007127954], [93.25110115945425, 82.46648024958496], [93.9363062341271, 82.39762742363301], [94.62409796743218, 82.36318332122434], [95.31274807551759, 82.3638650531515], [96.00041574250481, 82.4005601762236], [96.68509567719376, 82.47430894515044], [97.36456462560807, 82.58628060569178], [98.03632641084351, 82.7377398887989], [98.69755711598869, 82.92999910163114], [99.3450542158251, 83.16435060794677], [99.97519645219556, 83.44197448872718], [100.58392495766036, 83.76381748758759], [101.16675997642477, 84.1304429301323], [101.71887008220996, 84.5418580766393], [102.23520961862846, 84.99733549449788], [102.7107322600811, 85.49525682505217], [103.1406723920684, 86.03301634917955], [103.52086357850533, 86.60702147326239], [103.84804248663878, 87.2128124613464], [104.12007851141698, 87.84529559061386], [104.3360818137276, 88.49905243352259], [104.49637293272389, 89.16866759050575], [104.60233241017615, 89.84901728277868], [104.65617372603322, 90.53547974840562], [104.66068954964966, 91.22405445099082], [104.61901244276217, 91.91139915236892], [104.53441497426951, 92.59480595740192], [104.41015855629611, 93.27213987303632], [104.24938927844235, 93.94175982090458], [104.05507322983064, 94.60243619752649], [103.82996199303857, 95.25327348249397], [103.57657953269141, 95.8936420910722], [103.29722325532708, 96.52312084012459], [102.99397378920918, 97.14144975202126], [102.66870961804061, 97.74849211317095], [102.32312395716015, 98.34420441170106], [101.95874220454616, 98.92861276368897], [101.57693894578762, 99.50179457230394], [101.17895394006727, 100.06386434311197], [100.76590680850576, 100.61496276649818], [100.33881031663628, 101.15524835267506], [99.89858226720125, 101.68489104905636], [99.44605607077837, 102.20406739394322], [98.98199009867926, 102.71295685738588], [98.50707593389484, 103.2117390980672], [98.02194564080109, 103.7005919262557], [97.52717816035195, 104.17968980997215], [97.02330494272302, 104.64920279901281], [96.51081490546373, 105.10929576924337]], {"i0": 0.0, "spread": 0.4985277024652681, "falloff": 0.9969236867110549}], [[[92.38987917178305, 97.88147329665328], [91.77311467926114, 98.27895265154163], [91.14437020113304, 98.65720112676584], [90.50463746815866, 99.01655645763913], [89.85480345197689, 99.3573088800058], [89.1956675404718, 99.67970331152353], [88.52795579436558, 99.9839415062085], [87.85233289294285, 100.27018407932759], [87.16941224524456, 100.53855234630825], [86.47976464270965, 100.78912994841242], [85.78392575243466, 101.02196425581486], [85.08240269156002, 101.23706754977356], [84.3756798783162, 101.4344179924437], [83.66422432047669, 101.61396039675385], [82.94849047558048, 101.77560681160364], [82.22892479690094, 101.91923693961], [81.50597006359739, 102.04469840631525], [80.78006958180083, 102.15180690190053], [80.0516713345798, 102.24034621904869], [79.32123215221385, 102.3100682140902], [78.58922196935207, 102.36069272326543], [77.85612823196348, 102.3919074720467], [77.12246051398814, 102.4033680233937], [76.3887554007022, 102.39469782094845], [75.65558169209605, 102.36548839609273], [74.92354597492061, 102.31529982323205], [74.19329860477127, 102.24366152699321], [73.46554012814843, 102.15007356824685], [72.74102815864785, 102.03400856244222], [72.02058469748965, 101.8949144149071], [71.30510385435446, 101.7322180921332], [70.59555987851135, 101.54533068397892], [69.89301534698045, 101.33365404752995], [69.19862927365897, 101.09658935401777], [68.51366479855004, 100.83354787929592], [67.8394959875032, 100.5439643766865], [67.17761312165534, 100.22731333561285], [66.52962568926877, 99.88312834446438], [65.89726212475786, 99.51102462363842], [65.28236519488631, 99.1107245571434], [64.68688184703547, 98.68208571636045], [64.11284635761403, 98.22513043796802], [63.56235580598912, 97.74007551188575], [63.03753730325107, 97.22736000748753], [62.54050705685927, 96.68766880601854], [62.07332223871575, 96.12194913355813], [61.63792766680001, 95.5314174320791], [61.23610035593794, 94.91755437077771], [60.869395829251644, 94.28208671976566], [60.53910048290963, 93.62695610839687]], {"i0": 0.0, "spread": 0.013976336777722921, "falloff": 0.5870630927872664}], [[[82.29926750554223, 78.89585794091505], [83.22001449698523, 78.22915148306456], [84.1698392670206, 77.60454665179714], [85.1454137811666, 77.02096076320886], [86.14390524397267, 76.4775012359836], [87.16286804370327, 75.97345746566351], [88.20016016577874, 75.50829142593994], [89.25387741713796, 75.08162859484497], [90.32230065388595, 74.69324998628402], [91.40385249855733, 74.3430856286516], [92.49706093179302, 74.0312095946558], [93.6005277711001, 73.75783656016473], [94.71290048378742, 73.52331979760604], [95.83284608095862, 73.32815046438967], [96.9590260407549, 73.17295800525766], [98.09007134045358, 73.05851144068492], [99.22455675721464, 72.98572124579856], [100.36097364313056, 72.95564142732795], [101.49770040663093, 72.96947126605333], [102.6329699568312, 73.02855599428337], [103.7648334132843, 73.13438540449032], [104.8911194841571, 73.28858901702158], [106.00938912013534, 73.49292595360582], [107.1168854304459, 73.74926705881859], [108.21047950032701, 74.05956609421901], [109.28661380493274, 74.42581605355528], [110.34124652156261, 74.84998594574364], [111.36980233327643, 75.33393302675324], [112.3671383343201, 75.87928587765116], [113.32753717209955, 76.4872955696353], [114.24474294065547, 77.15865621826774], [115.11205720235223, 77.8933031541403], [115.92251077144458, 78.69020668455664], [116.66911915664252, 79.54719043751946], [117.34521442370396, 80.46081195138876], [117.94482517354913, 81.42634416327115], [118.46305515257453, 82.43788506874967], [118.89639886483317, 83.48859861585215], [119.24293757787262, 84.57105922402197], [119.50238267570332, 85.67764679234031], [119.67596747319173, 86.80092934518323], [119.76622014371277, 87.93397973616523], [119.77666832467534, 89.07059531928623], [119.71152706631034, 90.20541479126284], [119.5754104264497, 91.3339458262186], [119.37309059660126, 92.4525269957677], [119.10931330057943, 93.55824888993838], [118.78866746990406, 94.64885554170677], [118.41550132029975, 95.72264143239155], [117.9938748651881, 96.77835369849144]], {"i0": 0.017689752989198525, "spread": 2.5438610531167463, "falloff": 0.3828152995735629}]], "disk": {"i0": 0.1941277026840648, "n": 1.0, "c": 2.0, "mu": [88.75560332478076, 88.77192406669596], "roll": 0.3033802642480015, "rEff": 41.7540554190471, "axRatio": 0.546500524639985}, "bulge": {"i0": 0.11038967206972294, "n": 1.3167934612493528, "c": 2.0, "mu": [89.07103207246324, 88.75461477863719], "roll": 0.47886918702831477, "rEff": 8.999394666800596, "axRatio": 0.4604368706053939}, "bar": null}