{"spiral": [], "disk": {"i0": 0.19668596087596785, "n": 1.0, "c": 2.0, "mu": [112.56257947145943, 111.88730992520455], "roll": 0.9291088659152648, "rEff": 52.508820198727996, "axRatio": 0.7520035114482132}, "bulge": {"i0": 0.31105816482745474, "n": 1.486047721052221, "c": 2.0, "mu": [112.75405893369928, 112.45666379859453], "roll": 0.16122100830440683, "rEff": 7.24698085594465, "axRatio": 0.8124721138666002}, "bar": null}