{"disk": null, "bulge": {"mux": 43.359312718734344, "muy": 44.139118927586246, "roll": 0.5364982337070707, "Re": 9.44544632835984, "q": 0.9955754939854526, "I": 0.21795492044532852, "n": 0.9633705784868839, "c": 2.0}, "bar": null, "spiral": []}