{"disk": {"mux": 58.01620343216121, "muy": 55.97019197363481, "roll": 0.9126608999575442, "Re": 15.540135260592212, "q": 1.9778450269108712, "I": 0.013994951363203681, "n": 1.0, "c": 2.0}, "bulge": {"mux": 58.076824959445766, "muy": 55.61657827763869, "roll": 1.1895751752655108, "Re": 0.0, "q": 0.01, "I": 0.0, "n": 0.3848632358919153, "c": 2.0}, "bar": {"mux": 57.832142363531794, "muy": 55.96119503951991, "roll": 0.8894784805352334, "Re": 6.553096067545533, "q": 0.9453209921306317, "I": 0.11105674513962863, "n": 1.6409117307749135, "c": 2.335861751981182}, "spiral": []}