{"spiral": [[[[73.47374487124209, 90.96647960398087], [72.29645597991883, 90.25523307401215], [71.17641635104992, 89.45683939320354], [70.11873991404946, 88.57747980853256], [69.12812011625485, 87.62319992049447], [68.20884962083986, 86.59999914209351], [67.36481488478417, 85.5138956358973], [66.59947330673442, 84.37096807529497], [65.9158195804086, 83.17737527786925], [65.31634730649358, 81.93935489701191], [64.80301147634108, 80.66320286047576], [64.37719690814549, 79.35523599427322], [64.03969694383719, 78.02174111104769], [63.79070565455041, 76.66891459825189], [63.629825486965224, 75.30279704824649], [63.55609083514289, 73.92920760896712], [63.568006599686896, 72.55368244834679], [63.663599571775876, 71.18142104751435], [63.84047958887235, 69.81724306676627], [64.09590692516899, 68.46555740513115], [64.42686231272566, 67.13034395858051], [64.83011627101106, 65.8151475943993], [65.30229496401496, 64.52308309870187], [65.83994048402599, 63.25684935570282], [66.4395641741742, 62.01875076916303], [67.09769226792521, 60.81072390985517], [67.8109036848049, 59.634367511147154], [68.57586025584729, 58.49097416773302], [69.38932995417721, 57.38156239030073], [70.24820388962908, 56.30690796870272], [71.14950791496024, 55.26757387848954], [72.09040970003144, 54.26393822198463], [73.06822209561743, 53.296219895712746], [74.08040353399551, 52.364501845140175], [75.1245561293995, 51.468751886809166], [76.19842204189023, 50.608841170693076], [77.29987858469315, 49.78456040816766], [78.42693246102192, 48.99563403314205], [79.57771344650101, 48.24173247790812], [80.75046776496924, 47.522482752914534], [81.94355134701506, 46.837477517049535], [83.15542312096903, 46.18628281412034], [84.38463843791816, 45.56844464181155], [85.62984271285066, 44.98349450224413], [86.88976533066581, 44.43095407064119], [88.1632138520582, 43.91033910260933], [89.44906853856865, 43.42116268690765], [90.74627720405694, 42.96293793747171], [92.05385039171175, 42.535180206276934], [93.37085687406076, 42.137408888276255]], {"i0": 0.0026349049036323686, "spread": 4.097927259618861, "falloff": 1.6857327772578186}]], "disk": {"i0": 0.16284710197422397, "n": 1.0, "c": 2.0, "mu": [84.43543000608847, 85.32257577401623], "roll": 1.5846842805708057, "rEff": 58.84157658307727, "axRatio": 0.9999999971828231}, "bulge": {"i0": 0.023571349557630752, "n": 2.615928527024198, "c": 2.0, "mu": [85.97492268744638, 86.1580283416523], "roll": 2.0800667316960673, "rEff": 20.898116234654626, "axRatio": 0.2505009103910326}, "bar": null}