{"spiral": [], "disk": {"i0": 0.18916651059259376, "n": 1.0, "c": 2.0, "mu": [66.55987851813563, 66.8722544281039], "roll": 1.0769128241523331, "rEff": 21.631528877027296, "axRatio": 0.8465119597292977}, "bulge": {"i0": 0.28347652932995904, "n": 1.8172057634016456, "c": 2.0, "mu": [66.30717914787584, 66.55136649767316], "roll": 1.583861937028224, "rEff": 7.1333205356255736, "axRatio": 0.7269944691615564}, "bar": null}