{"disk": {"I": 0.16775804280697715, "Re": 21.19806186807052, "c": 2.0, "mux": 80.60422282767746, "muy": 80.67354012346281, "n": 1.0, "q": 0.8887941499887665, "roll": 0.9765849196754175}, "bulge": {"I": 0.13554544359676107, "Re": 12.089861275046864, "c": 2.0, "mux": 80.71018302059807, "muy": 80.89562944855567, "n": 0.27126845599127586, "q": 0.541128000216386, "roll": 2.467546896238437}, "bar": null, "spiral": [[[[89.2884445837977, 77.82315091805499], [89.98207685004444, 78.65335632249973], [90.56489085876021, 79.56482799890733], [91.0310156844105, 80.54118419998193], [91.3773568923442, 81.56621388546003], [91.60334528475444, 82.62435503692684], [91.71058603765972, 83.701075486002], [91.70245410009329, 84.78313464052464], [91.58368093262793, 85.8587259448954], [91.35996831526148, 86.91751572482198], [91.03765203366434, 87.95060236390064], [90.62342586771658, 88.9504214467383], [90.12412672947794, 89.91061977075886], [89.54657567086065, 90.82591629348371], [88.89746638827415, 91.69196284374998], [88.18329196019644, 92.50521279792716], [87.41030101540079, 93.26280229168434], [86.58447567445846, 93.96244594993955], [85.71152498082506, 94.60234742006708], [84.79688888156527, 95.18112396936357], [83.84574899508482, 95.69774387076689], [82.8630433795987, 96.15147506982842], [81.85348328130058, 96.5418435979547], [80.82157043224194, 96.86860026948995], [79.77161390524641, 97.13169433283245], [78.70774585987526, 97.33125289073043], [77.63393574359344, 97.4675650570359], [76.55400268530524, 97.54106994924932], [75.4716259373408, 97.55234773915652], [74.39035331126505, 97.50211308618003], [73.31360761809955, 97.3912103657586], [72.24469117162803, 97.2206101811126], [71.1867884566863, 96.99140670640692], [70.14296709326999, 96.70481546896305], [69.11617725882314, 96.36217122490866], [68.109249755568, 95.96492562999111], [67.1248929319374, 95.51464445237202], [66.16568868671578, 95.01300411856828], [65.234087799034, 94.46178742972027], [64.33240483642635, 93.86287833239113], [63.46281290174736, 93.21825567242074], [62.627338469253374, 92.52998591316066], [61.82785655875675, 91.8002148398169], [61.06608647427427, 91.03115831918349], [60.34358831007607, 90.22509222283746], [59.66176039733828, 89.38434165568017], [59.02183782763265, 88.51126965965318], [58.42489215006819, 87.60826558196796], [57.87183229597467, 86.67773330841666], [57.3634067443149, 85.72207956442125]], {"I": 0.051630806416225625, "falloff": 1.0400210305555524, "spread": 0.046029696449888954}]]}