{"spiral": [[[[24.80937324270684, 61.16872602718779], [24.564700617446782, 60.57842962604761], [24.335808820371906, 59.98183800120209], [24.123376696904856, 59.37919050981631], [23.92810322771236, 58.77076799403396], [23.750705146662842, 58.15689685201906], [23.591913845872565, 57.53795319784915], [23.452471480203993, 56.91436702708015], [23.333126188538266, 56.286626277903494], [23.23462636242786, 55.65528065237626], [23.15771391377747, 55.02094503541226], [23.103116523325514, 54.38430232513817], [23.071538893373226, 53.74610546383948], [23.06365307861845, 53.10717844924829], [23.08008803122341, 52.468416098639366], [23.12141856372613, 51.83078235286428], [23.188154004956587, 51.195306936342575], [23.280726893328165, 50.56308023934972], [23.3994821082886, 49.93524636197368], [23.544666883751436, 49.31299434770608], [23.716422158346873, 48.69754774158584], [23.914775700565, 48.09015271770154], [24.13963739124994, 47.49206512853383], [24.39079695684711, 46.90453692015303], [24.667924325970482, 46.328802422472066], [24.970572642528, 45.76606505358916], [25.29818382037159, 45.21748496676908], [25.65009638492025, 44.68416811840496], [26.025555227304196, 44.167157149964595], [26.423722808943577, 43.6674243662007], [26.843691305384468, 43.18586696864736], [27.284495167187227, 42.72330457852922], [27.745123602250207, 42.28047897098198], [28.22453253833305, 41.85805584957905], [28.721655698930338, 41.45662842313634], [29.23541450968634, 41.07672250687751], [29.764726637294174, 40.71880285668409], [30.30851304066333, 40.38328045353013], [30.865703480020386, 40.07052048198318], [31.435240480250616, 39.78085078525808], [32.016081778855586, 39.51457062615278], [32.60720130633181, 39.271959633597504], [33.20758874833139, 39.05328686600207], [33.816247725304606, 38.8588199735512], [34.43219259713053, 38.688834491269716], [35.05444385702615, 38.543623343787175], [35.68202201905579, 38.42350669252741], [36.313939823134845, 38.32884230878107], [36.94919247388474, 38.260036714822135], [37.58674548421689, 38.21755740380212]], {"i0": 0.05052006312727021, "spread": 10.683156648484301, "falloff": 0.2869665762637012}], [[[46.64293864878457, 32.798140826343534], [46.96298933488225, 32.95916739576558], [47.2799894600277, 33.12611876026554], [47.59375680651043, 33.29906879738881], [47.9040979479304, 33.47809351347008], [48.210807277996196, 33.663270867832914], [48.51366595234008, 33.85468054014411], [48.812440736802515, 34.05240362877975], [49.10688275554174, 34.256522265751585], [49.39672613263201, 34.46711913095506], [49.681686521664716, 34.68427684521628], [49.961459519292966, 34.90807721780889], [50.23571896029129, 35.13860031965357], [50.504115095737525, 35.375923348428955], [50.76627265906458, 35.62011924598447], [51.02178883231726, 35.87125502229067], [51.27023113227099, 36.12938973319462], [51.51113524816337, 36.39457205230346], [51.74400287740419, 36.666837370366096], [51.968299625295984, 36.94620434959064], [52.1834530594476, 37.23267085625219], [52.38885104033301, 37.526209194300755], [52.583840487028226, 37.826760567677994], [52.76772678155187, 38.13422871268387], [52.93977406526623, 38.448472667376585], [53.0992067344433, 38.76929868712462], [53.24521249528941, 39.096451379893075], [53.3769473823268, 39.42960422443707], [53.4935431683345, 39.768349754408234], [53.59411758232043, 40.112189840622136], [53.67778768519595, 40.46052667547516], [53.74368661066642, 40.812655244132394], [53.79098364385645, 41.16775822782858], [53.81890727561786, 41.5249043881435], [53.8267704491889, 41.88305147757075], [53.81399674884235, 42.241054563572156], [53.78014583995416, 42.59768030709317], [53.724936154485164, 42.95162720255133], [53.64826272749629, 43.301551114361345], [53.55020830877554, 43.646094736551234], [53.43104641377365, 43.983918996766505], [53.29123578102329, 44.31373406215273], [53.13140663091606, 44.63432757919041], [52.95233999575863, 44.94458810963397], [52.75494204765707, 45.243522340476595], [52.5402156828137, 45.5302654130088], [52.3092316062951, 45.80408447823489], [52.06310085846726, 46.064376211650305], [51.80295023998791, 46.31065943282831], [51.529901544359824, 46.542564157835784]], {"i0": 0.018872940362585282, "spread": 15.068918907106605, "falloff": 0.23493308737512097}], [[[62.78136614167895, 42.45066640444444], [62.71447569277634, 43.12369121460318], [62.605304791532696, 43.79116041304941], [62.45394223599135, 44.450342521283005], [62.26087886654152, 45.098538562563384], [62.02699602100208, 45.73315017378628], [61.75353536240636, 46.35174160151793], [61.44205312237567, 46.9520908358569], [61.09436334989669, 47.5322266524807], [60.71247548283945, 48.09045020580994], [60.29853141486653, 48.62534162505447], [59.85474640839664, 49.135753509044505], [59.383356975784864, 49.620794094106635], [58.886577532260965, 50.07980320077287], [58.36656643782865, 50.5123239273416], [57.82540113179443, 50.91807262804832], [57.26506145879269, 51.29690914042534], [56.68741996511395, 51.64880863572572], [56.094237845209335, 51.97383594048857], [55.48716527096171, 52.272122752717294], [54.86774498023463, 52.5438478611319], [54.23741818134494, 52.78922026401926], [53.597532022696676, 53.008464952108795], [52.94934805328791, 53.20181105215134], [52.29405125526568, 53.36948200266694], [51.63275936127047, 53.51168743698608], [50.96653227447968, 53.62861646946683], [50.29638149406679, 53.72043210996078], [49.62327951720732, 53.78726656508745], [48.94816924202094, 53.829217217496705], [48.271973441783025, 53.84634310629382], [47.59560442001547, 53.83866176104648], [46.919973993441246, 53.806146269254576], [46.24600398809334, 53.74872248310154], [45.57463747581198, 53.66626629833724], [44.906851027379886, 53.55860096650762], [44.24366831754136, 53.425494436667464], [43.58617548961307, 53.26665676726874], [42.93553877740836, 53.08173770994439], [42.293024992447705, 52.87032465461604], [41.660025620191064, 52.631941252411444], [41.03808542876146, 52.366047222228445], [40.428936677356326, 52.072040127402786], [39.83454020315352, 51.749260328077916], [39.25713483185848, 51.39700093726884], [38.699296625636435, 51.01452552567302], [38.16400930087564, 50.601097651773756], [37.65474643919866, 50.15602817464085], [37.175564367993104, 49.67874884194278], [36.73120094355304, 49.16892377347339]], {"i0": 0.033410552234350965, "spread": 17.434520966580113, "falloff": 0.46054097064559857}]], "disk": {"i0": 0.21307889843266084, "n": 1.0, "c": 2.0, "mu": [44.15512987818078, 44.03762255355253], "roll": 2.887271942849334, "rEff": 19.425669053054875, "axRatio": 0.7072339430073893}, "bulge": {"i0": 0.13176004769102778, "n": 2.1934726886645897, "c": 2.0, "mu": [44.56325349884588, 44.39150364397799], "roll": 2.682887393863813, "rEff": 3.512453889872082, "axRatio": 0.5180473589643385}, "bar": {"i0": 0.0, "n": 0.14882830676371506, "c": 1.7050487348210215, "mu": [44.42766284587958, 43.40428747335131], "roll": 1.5707963290306035, "rEff": 2.7402386520765996, "axRatio": 0.4499993353639535}}