{"spiral": [[[[83.56614126880136, 98.66031523871922], [82.73065737965143, 98.24807632072256], [81.92288811657393, 97.78388063870052], [81.14643806585785, 97.26901533750018], [80.40502729782072, 96.70486904000477], [79.702489674283, 96.0930030016969], [79.04275324945348, 95.4352235889739], [78.42980036984429, 94.7336535991088], [77.8676054969142, 93.99079828599523], [77.36005004886091, 93.20960027995869], [76.91081581078473, 92.39347625630697], [76.52326162088359, 91.54632771690834], [76.20029170612197, 90.67251914250919], [75.94422744418148, 89.77681941551617], [75.75669642947054, 88.86430674844206], [75.63855254742035, 87.94024271044599], [75.5898378042201, 87.00992611622874], [75.6097912631362, 86.07854110756125], [75.69690378434655, 85.15101465728678], [75.84901099756148, 84.23189669457213], [76.06341255532485, 83.32527174913685], [76.33700399934666, 82.43470570528498], [76.6664084517732, 81.56322630483734], [77.04809804845232, 80.71333239346856], [77.47849855862394, 79.88702495779953], [77.95407407572254, 79.08585260452337], [78.47139144863571, 78.310964835359], [79.02716602752777, 77.56316778308894], [79.61829136077489, 76.84297854703715], [80.2418558724069, 76.1506756378773], [80.89514949334301, 75.48634415568688], [81.57566290257492, 74.84991515455684], [82.28108159920494, 74.24119921045879], [83.0092765814949, 73.65991455009073], [83.75829298740047, 73.1057102867923], [84.52633770004398, 72.57818538046686], [85.31176663050259, 72.07690394253785], [86.11307217034698, 71.60140746757412], [86.92887112875331, 71.1512245153057], [87.75789335284063, 70.72587829805579], [88.59897113420065, 70.32489256273801], [89.45102944501913, 69.94779609366356], [90.31307700457259, 69.59412610683223], [91.18419815138405, 69.26343075851328], [92.06354547429447, 68.95527094901406], [92.95033315501229, 68.6692215696927], [93.8438309619755, 68.40487231142976], [94.74335884015684, 68.16182813042916], [95.64828204109986, 67.93970944798323], [96.55800674009767, 67.7381521453066]], {"i0": 0.040360359783717915, "spread": 0.5006504720196804, "falloff": 0.9300551111468476}]], "disk": {"i0": 0.2113693972683277, "n": 1.0, "c": 2.0, "mu": [92.51703092587353, 92.85216790603933], "roll": 3.0921834131766293, "rEff": 39.793090793189236, "axRatio": 0.5786286643578709}, "bulge": {"i0": 0.5731457514266779, "n": 0.9715040488112456, "c": 2.0, "mu": [93.36679964902903, 92.89745343252879], "roll": 1.5917430837708413, "rEff": 3.8834842678029897, "axRatio": 0.914814198292267}, "bar": null}