{"disk": {"mux": 62.21165140960391, "muy": 61.49076846547906, "roll": 0.2904241581029505, "Re": 15.950799269688753, "q": 0.6695224320971366, "I": 0.08238630893261369, "n": 1.0, "c": 2.0}, "bulge": {"mux": 62.1536889269762, "muy": 61.313542702950365, "roll": 1.9507907320646831, "Re": 2.1604211771593795, "q": 0.01, "I": 25.198453999878687, "n": 0.79115569978835, "c": 2.0}, "bar": null, "spiral": []}