{"spiral": [], "disk": {"i0": 0.31895243217985747, "n": 1.0, "c": 2.0, "mu": [63.25642354234516, 63.24444080863553], "roll": 1.3566570608613977, "rEff": 7.208187440244329, "axRatio": 0.5017274287035561}, "bulge": {"i0": 1.0419420800547572, "n": 0.9116487630300124, "c": 2.0, "mu": [63.43864721734107, 63.176776542406024], "roll": 2.0158556231693474, "rEff": 2.47783281171248, "axRatio": 0.9362010960836334}, "bar": null}