{"disk": {"I": 0.018583693007222863, "Re": 26.657721817095126, "c": 2.0, "mux": 66.603819663363, "muy": 66.27909250359794, "n": 1.0, "q": 0.8003959843047629, "roll": 2.6675152204346726}, "bulge": {"I": 0.2577104485109174, "Re": 4.928919424520054, "c": 2.0, "mux": 66.27108465539051, "muy": 66.5097606028827, "n": 1.2264958643177786, "q": 0.7058793239334505, "roll": 3.140324811023369}, "bar": null, "spiral": []}