{"disk": {"I": 0.11281455699621401, "Re": 24.76301328178544, "c": 2.0, "mux": 86.50630887649267, "muy": 87.66372542233073, "n": 1.0, "q": 0.769028246123753, "roll": 3.1273929382616648}, "bulge": {"I": 0.15076217672475953, "Re": 4.792844842570839, "c": 2.0, "mux": 86.28381677334252, "muy": 87.7842702241844, "n": 0.7621265980439164, "q": 0.7925728151356787, "roll": 0.05675130969654596}, "bar": null, "spiral": []}