{"disk": {"I": 0.18438675536510968, "Re": 15.095193833720693, "c": 2.0, "mux": 68.3965412076101, "muy": 67.28765862051554, "n": 1.0, "q": 0.8294734075123713, "roll": 1.9593535847331465}, "bulge": {"I": 0.18120993025766172, "Re": 2.582934879572483, "c": 2.0, "mux": 68.82119931003287, "muy": 67.12950266747572, "n": 1.1218796695982653, "q": 0.13563833560853297, "roll": 1.1084735230530918}, "bar": null, "spiral": [[[[57.91558545889585, 26.160619135254652], [59.741562281709804, 26.54140869881051], [61.555623817400345, 26.97542143546674], [63.35604458941019, 27.46293025894632], [65.14103062478902, 28.004222525108297], [66.90870997615579, 28.599599625870063], [68.65712224406347, 29.24937604587973], [70.38420698135012, 29.953877764033766], [72.0877908485685, 30.713439851296457], [73.76557337814049, 31.528403078118348], [75.41511119588212, 32.3991092974587], [77.03380053771417, 33.32589531050304], [78.61885790249855, 34.30908484901842], [80.1672986885552, 35.34897821826495], [81.67591368514265, 36.44583903399232], [83.14124333354717, 37.59987735178721], [84.55954975629693, 38.81122832600931], [85.92678667917095, 40.07992534441259], [87.23856756842136, 41.40586636407545], [88.49013260261601, 42.78877193014157], [89.67631553379492, 44.2281331070251], [90.79151210034992, 45.72314731498467], [91.82965250265174, 47.272639901089164], [92.78418158292241, 48.874969261405845], [93.64805182322625, 50.527913623810534], [94.41373605320238, 52.22853835506132], [95.07326881419927, 53.97304419909022], [95.61832735859934, 55.75659945138489], [96.04036481543699, 57.57316307318026], [96.33080828407051, 59.41531132757443], [96.48133232214704, 61.27408744230308], [96.48421208305034, 63.138901119425945], [96.33274907490413, 64.99751045467177], [96.02174615909962, 66.83611984005564], [95.54798918688577, 68.63962020806886], [94.9106756612485, 70.391980142847], [94.11172324490039, 72.07676895317512], [93.15589942114697, 73.67776177912475], [92.05074002508029, 75.17955224346798], [90.80626317837492, 76.56809007760084], [89.43452445378111, 77.83107408990175], [87.94908610258906, 78.9581607696908], [86.36448054365316, 79.94098502948376], [84.69573710396489, 80.77302032103009], [82.95801877116133, 81.44932320805833], [81.16639178127568, 81.9662113718555], [79.33573222730911, 82.32091765110367], [77.48076372543582, 82.51125148800176], [75.61621862737401, 82.53528780566087], [73.75712101130581, 82.39109505778923]], {"I": 0.034468181629687504, "falloff": 0.45530509056365487, "spread": 4.541314660833436}], [[[72.10166176889756, 95.1393503091723], [70.51730976700695, 94.85115865470064], [68.9470431445811, 94.49411183390731], [67.394011582584, 94.06831317059057], [65.86146549399881, 93.57384023078863], [64.35278509521407, 93.01074938056122], [62.871511987916456, 92.3790835165381], [61.42138353180858, 91.67888362156233], [60.00637025476516, 90.91020502027918], [58.63071646435468, 90.0731394820278], [57.298984066312464, 89.16784465027837], [56.01609931001443, 88.19458266988079], [54.78740174273616, 87.15377033943092], [53.61869393902523, 86.0460436019898], [52.516289537561406, 84.87233966977001], [51.48705558558029, 83.63400042940424], [50.53844308851159, 82.33290082883127], [49.678496849627926, 80.97160536213414], [48.91583222749872, 79.55355410519094], [48.25956256439842, 78.08327629760694], [47.71915757100447, 76.56662354384974], [47.30421133223628, 75.01100563134911], [47.024101277542, 73.42559990690225], [46.887529496831846, 71.82149169295174], [46.901957842739336, 70.21169256496209], [47.07297832520773, 68.6109821529199], [47.40369490927687, 67.03553512745714], [47.8942195749619, 65.50233213803442], [48.54138858232398, 64.02840611729889], [49.338773469996255, 62.63002649137127], [50.27699978750097, 61.321950763003045], [51.34431610588784, 60.11686078770086], [52.527304295146024, 59.02505348629453], [53.81160726990521, 58.0543933672181], [55.18257137141839, 57.21048172314778], [56.62574143192866, 56.4969696286861], [58.12718858571608, 55.915939700228115], [59.673681698462495, 55.46829617504798], [61.25272935994305, 55.15412355065162], [62.85252321445819, 54.97299305086138], [64.46180962660483, 54.92420996349896], [66.06970944005387, 55.00700290133267], [67.66549758493495, 55.220659199576176], [69.23834687283853, 55.56461017332458], [70.77703396394487, 56.03846663871806], [72.26960033543847, 56.64199913358706], [73.70295744742222, 57.37504809722937], [75.06242433890168, 58.23733554420478], [76.33119060963244, 59.22812946680113], [77.48971491000088, 60.34568330505399]], {"I": 0.009964236422027923, "falloff": 0.009999999999999953, "spread": 0.820597009810604}]]}