{"disk": {"I": 0.20423245617079888, "Re": 12.875619614986046, "c": 2.0, "mux": 42.43277648917383, "muy": 42.88294605484931, "n": 1.0, "q": 0.6874400273731903, "roll": 1.7433718322545462}, "bulge": {"I": 45.893869766529136, "Re": 0.0, "c": 2.0, "mux": 43.19959424777256, "muy": 42.69450352063411, "n": 0.9965981778395796, "q": 0.7693256820266621, "roll": 3.0414842575629595}, "bar": null, "spiral": []}