{"disk": {"I": 0.09429632104010315, "Re": 23.846949792402782, "c": 2.0, "mux": 79.7072031943169, "muy": 77.23372557292429, "n": 1.0, "q": 0.5392656679364434, "roll": 2.338615509786269}, "bulge": {"I": 0.1265798934120072, "Re": 4.598764635196058, "c": 2.0, "mux": 79.4878953152843, "muy": 76.96728279101897, "n": 0.8569531755467864, "q": 0.9428039298106935, "roll": 2.2323911921429263}, "bar": null, "spiral": []}