{"spiral": [[[[114.5573595685994, 89.77073050944006], [115.14030941598762, 90.38236455829707], [115.69435429648912, 91.02029446436588], [116.21751773695233, 91.68378035925204], [116.70778587079707, 92.37192543286855], [117.16312932911333, 93.0836568704984], [117.5815307858911, 93.81770886658386], [117.9610181398194, 94.57260913988604], [118.29970285753022, 95.34667053689313], [118.59582243897769, 96.13798933973581], [118.84778534020646, 96.94445174021766], [119.05421608600174, 97.76374955470521], [119.21399782597409, 98.59340563603271], [119.32630935132853, 99.43080862121107], [119.39065368840636, 100.27325573588614], [119.40687586316568, 101.11800149428637], [119.37516826115848, 101.96230944038564], [119.29606308258116, 102.80350370585585], [119.1704125462302, 103.63901718721492], [118.9993585449586, 104.46643356222603], [118.78429424167142, 105.2835210916093], [118.52682051775979, 106.08825704500511], [118.22870023638627, 106.87884250222731], [117.89181300480892, 107.65370807269794], [117.51811262031309, 108.41151166761507], [117.10958877236095, 109.15112981279827], [116.66823395450677, 109.87164412317254], [116.19601598780436, 110.57232450886906], [115.69485611657046, 111.25261051454363], [115.16661232123624, 111.91209195216913], [114.61306729520543, 112.55048972761891], [114.03592043300118, 113.1676375117893], [113.43678315461173, 113.76346468545576], [112.8171769171824, 114.33798080902197], [112.17853332672934, 114.89126172656218], [111.52219583683164, 115.42343731309332], [110.84942260221324, 115.93468080339059], [110.16139013320965, 116.42519959644045], [109.45919746632278, 116.89522740551196], [108.74387063089223, 117.34501761232629], [108.01636724110097, 117.7748376843274], [107.27758108797245, 118.18496451905024], [106.52834663997017, 118.57568058956502], [105.76944338855404, 118.9472707765638], [105.00159999667262, 119.30001978504505], [104.22549822385024, 119.63421005576787], [103.44177661566295, 119.9501200934064], [102.65103395177502, 120.24802314386712], [101.85383245627929, 120.52818616315878], [101.05070077595421, 120.79086902846747]], {"i0": 0.16825268295351345, "spread": 1971.5945597039695, "falloff": 0.5779802165422723}]], "disk": {"i0": 0.06855827208238856, "n": 1.0, "c": 2.0, "mu": [94.76458291017828, 95.61153506198256], "roll": 0.03158900759523897, "rEff": 36.988129769357045, "axRatio": 0.6830375790357366}, "bulge": null, "bar": {"i0": 0.12152966704774967, "n": 9.988421002765644, "c": 0.6470763021448265, "mu": [95.48407552629786, 95.1599140089701], "roll": 0.5947589817368868, "rEff": 5.182374469628161, "axRatio": 0.3055028332841834}}