{"spiral": [[[[51.39931828703488, 51.535281002910864], [52.153675861188894, 50.98916329519496], [52.930519781638715, 50.47553864632634], [53.728716701692115, 49.99577331632432], [54.54707283464103, 49.55127122060992], [55.38432290204708, 49.14347670201504], [56.2391176877217, 48.77387633462575], [57.11001011186137, 48.44399947933029], [57.995439762160885, 48.15541724010835], [58.8937158593794, 47.90973938775093], [59.80299869953142, 47.708608725238165], [60.72127971190714, 47.55369226923069], [61.646360415202516, 47.446668521556], [62.57583074020499, 47.38921001551594], [63.50704744502265, 47.38296025962321], [64.4371136648224, 47.42950419429411], [65.36286101978064, 47.530331357563256], [66.28083613451071, 47.686791168187966], [67.1872938639579, 47.90004012854582], [68.07819990204996, 48.17098136443921], [68.94924568796884, 48.500197791448095], [69.7958784734753, 48.88788130067521], [70.61334894958523, 49.33376162869922], [71.39677781397405, 49.83703984111705], [72.14124104662058, 50.39633237386555], [72.84187152217574, 51.00963201893985], [73.49397217078007, 51.67429182637135], [74.09313362649495, 52.387036405312784], [74.63534768706288, 53.144002618056355], [75.11710743406195, 53.94080845514107], [75.5354857890383, 54.77264555280965], [75.8881865433765, 55.63438802654537], [76.17356508093117, 56.52070862660739], [76.39061946414233, 57.426192968052234], [76.53895560342448, 58.345443681908165], [76.61873236964952, 59.2731684044288], [76.6305935187874, 60.2042480363718], [76.5755932449287, 61.1337841472485], [76.4551213351853, 62.057126400969175], [76.27083260416387, 62.96988225121371], [76.02458387032115, 63.86791188977492], [75.71838043594803, 64.74731163467882], [75.35433297960739, 65.60438876385865], [74.93462502263948, 66.43563040371652], [74.46149067053597, 67.23766858699611], [73.93720211991793, 68.00724310741083], [73.36406640419851, 68.74116337002998], [72.74443097804154, 69.43627010934506], [72.08069796810615, 70.08939763525478], [71.37534721403622, 70.69733718898674]], {"i0": 0.016853744489566898, "spread": 2.8779075153970006, "falloff": 0.01}], [[[85.38368571797886, 52.55815714101058], [85.53291232946049, 53.863508532210076], [85.6042044404887, 55.175429433125814], [85.5979816169225, 56.489274519644425], [85.51496365562818, 57.80051225153339], [85.35613199417094, 59.10474283963959], [85.12269176708517, 60.3977079112452], [84.8160359937813, 61.67529259972674], [84.43771304050915, 62.933520954528475], [83.9893981806433, 64.16854563023111], [83.47286980854204, 65.37663279290402], [82.88999065532613, 66.55414310256525], [82.2426942165667, 67.69750951828611], [81.53297652995418, 68.80321254582107], [80.76289343055946, 69.86775342228512], [79.93456345942072, 70.8876256261535], [79.05017670393165, 71.85928502070168], [78.1120099965237, 72.77911889961509], [77.12244909809901, 73.64341421762934], [76.08401873682133, 74.44832537348357], [74.99942165990193, 75.18984209598855], [73.87158818108381, 75.86375829934823], [72.70373804971709, 76.46564327505607], [71.49945680000393, 76.99081733929195], [70.26278896849527, 77.43433516144094], [68.99835060490246, 77.79098154176462], [67.71146307086273, 78.05528652901205], [66.40830890738755, 78.2215695106908], [65.09610799218993, 78.28402522811301], [63.783307561406716, 78.2368682066028], [62.47977210504275, 78.07455493071342], [61.19694799878048, 77.79210341008431], [59.9479633285991, 77.38552457337632], [58.747608122940264, 76.85236521466138], [57.61213028676648, 76.19233452072132], [56.5587881391196, 75.40794592398703], [55.605133069058404, 74.50506213035281], [54.76806010146349, 73.49320396024724], [54.06274695197958, 72.38549879032198], [53.50166897370916, 71.1982158258534], [53.09388732726467, 69.94994653592987], [52.84474317484426, 68.66059195962265], [52.75597682643048, 67.35036436084076], [52.82618106756128, 66.03898176651653], [53.051437235170255, 64.74515514120831], [53.42598112613854, 63.48638312204112], [53.94278328116851, 62.27901087776831], [54.59397548315223, 61.13848655595242], [55.371091628465095, 60.07975228342383], [56.26510807994933, 59.117722608426455]], {"i0": 0.020168139574302826, "spread": 4.569484285112022, "falloff": 0.11283558475135241}]], "disk": {"i0": 0.11137425204451759, "n": 1.0, "c": 2.0, "mu": [64.23648648642276, 64.47675933981957], "roll": 0.8956238642569845, "rEff": 25.662787969276806, "axRatio": 0.4764306601272613}, "bulge": {"i0": 0.8105127179215502, "n": 1.179369951104982, "c": 2.0, "mu": [63.904685649700454, 63.608693862817454], "roll": 2.4334095669978524, "rEff": 3.6544179506477494, "axRatio": 0.8070029779266985}, "bar": {"i0": 0.16042188024354334, "n": 0.5004502229531665, "c": 1.9058058264473914, "mu": [64.49307438781995, 63.633528408375525], "roll": 2.8242280251200955, "rEff": 4.259370406122723, "axRatio": 0.14631215123017574}}