{"spiral": [[[[36.888573349692116, 38.7928353946028], [36.97023699942361, 38.36312313292283], [37.077030559726786, 37.938962683584556], [37.209646155773406, 37.52215941408446], [37.36866788874361, 37.11470578420113], [37.554519845316385, 36.7187769454382], [37.76740722282056, 36.33671193548896], [38.00725425186795, 35.97097657140852], [38.27364494644958, 35.62410535453833], [38.56577484506037, 35.298622255276044], [38.88242297744083, 34.99694409276043], [39.22195238794218, 34.72127470859115], [39.582344152728616, 34.473501969209224], [39.961264312781154, 34.255111274528836], [40.356156912098655, 34.06712762824727], [40.764351363611766, 33.91009353366075], [41.18317030820581, 33.78408341874662], [41.610025474799635, 33.68874906467085], [42.04249296688204, 33.62338638306492], [42.47836430749387, 33.587012607588086], [42.915673945445356, 33.578444145555224], [43.352706865630765, 33.59636795636704], [43.78799128104429, 33.639402303725525], [44.220281448464036, 33.70614530583087], [44.648534940907126, 33.79521154738688], [45.071887687643255, 33.90525809629154], [45.48962906980305, 34.035001741119466], [45.90117849010766, 34.18322933009509], [46.306064179527695, 34.348802925765554], [46.70390454873197, 34.530661221246156], [47.094392099284605, 34.72781837126308], [47.477279742374066, 34.93936112354373], [47.8523692856718, 35.164444905861316], [48.21950181794765, 35.402289340599786], [48.57854972187135, 35.65217351702804], [48.92941006319582, 35.91343124361115], [49.27199913215133, 36.18544642643163], [49.60624794132362, 36.46764866190319], [49.932098513686825, 36.759509094325225], [50.249500820396634, 37.06053656081966], [50.558410251393624, 37.370274028426934], [50.85878552192762, 37.688295316420806], [51.15058693509067, 38.01420208957223], [51.43377493471019, 38.347621103449704], [51.70830889475823, 38.688201681878795], [51.974146101230765, 39.03561340420575], [52.23124089038994, 39.38954398211582], [52.47954391399796, 39.74969730473534], [52.71900150747217, 40.11579163297682], [52.94955514138711, 40.48755792472558]], {"i0": 0.21321859188528877, "spread": 2.6263673819507165, "falloff": 1.8278886864892447}], [[[50.74408200888948, 46.77152090724042], [50.775165991121135, 47.21394422636436], [50.786498842226585, 47.65731144721613], [50.777514196667376, 48.100730288596964], [50.74762774858543, 48.54322954720244], [50.69624692224139, 48.98374779684902], [50.62278367263695, 49.4211225897145], [50.526670958345065, 49.85408086095251], [50.40738335080123, 50.28123151203912], [50.26446205417488, 50.70106144601822], [50.09754426671596, 51.11193660867648], [49.90639628563682, 51.5121097844622], [49.690949037326305, 51.89973690581645], [49.45133384861153, 52.27290334141032], [49.18791538463656, 52.62966092407834], [48.90131797095584, 52.968075314446125], [48.59244125812034, 53.286281742611095], [48.26246163054445, 53.58254546362562], [47.91281703850405, 53.855321793328045], [47.54517494232372, 54.10330981125475], [47.16138543068264, 54.32549407603895], [46.76342375256124, 54.521170074939825], [46.35332792852722, 54.689951354280396], [45.933137441450356, 54.83175881531368], [45.50483824718188, 54.946794892586894], [45.070317804093264, 55.03550680578624], [44.63133196691578, 55.098543604371834], [44.18948387154364, 55.13671141689198], [43.74621364467822, 55.15093045030432], [43.30279701387794, 55.14219617955525], [42.86035061594304, 55.1115460928122], [42.419841885146646, 55.06003246838058], [41.98210169439824, 54.98870102244509], [41.54783830621579, 54.89857487233204], [41.11765157291636, 54.7906430636773], [40.69204666709782, 54.665852855962555], [40.27144689572418, 54.52510499631438], [39.85620535820527, 54.3692512964751], [39.446615353169825, 54.199093931325834], [39.04291953795125, 54.01538598555208], [38.64531790245186, 53.818832871241874], [38.25397465413488, 53.610094325597814], [37.86902412547332, 53.389786768286186], [37.49057581843745, 53.158485854821066], [37.11871869685954, 52.91672910762489], [36.75352482940758, 52.66501854124183], [36.395052475604004, 52.40382322397971], [36.04334869691397, 52.13358173840235], [35.69845156450144, 51.85470451779146], [35.360392025318404, 51.56757604570211]], {"i0": 0.009137100058484785, "spread": 4.469981650075324, "falloff": 0.01}]], "disk": {"i0": 0.19882556502091342, "n": 1.0, "c": 2.0, "mu": [43.71009582837697, 43.07180947731562], "roll": 2.0885688517297685, "rEff": 26.225516024019676, "axRatio": 0.6506222733601379}, "bulge": {"i0": 1.3137881598785617, "n": 1.0353096708444998, "c": 2.0, "mu": [43.52865206588067, 42.90899657943602], "roll": 2.2758775020282345, "rEff": 2.2086434148683773, "axRatio": 0.7078951757870068}, "bar": {"i0": 0.17312184138837478, "n": 0.6956351215653624, "c": 2.2994629035047014, "mu": [43.98552387784907, 43.39510965943846], "roll": 2.3700825632665703, "rEff": 5.078260257327881, "axRatio": 0.25326493822988777}}