{"spiral": [], "disk": {"i0": 0.16414917061642878, "n": 1.0, "c": 2.0, "mu": [126.80893846832787, 126.56413059246586], "roll": 1.1975262542900638, "rEff": 53.229466371670796, "axRatio": 0.6010140543022848}, "bulge": {"i0": 0.3472653489452482, "n": 2.304960882251127, "c": 2.0, "mu": [127.16224857795162, 126.56049498573017], "roll": 1.3775768534752857, "rEff": 6.3875632344976605, "axRatio": 0.8620261716874394}, "bar": null}