{"spiral": [[[[119.79107571024343, 140.9642840351987], [118.44562922327937, 140.005351604511], [117.18501791700368, 138.93731883985222], [116.01642035557116, 137.76930147540574], [114.94612749250929, 136.51057033016767], [113.9795035627348, 135.1705651631956], [113.12093874612859, 133.75886850110427], [112.37380697953768, 132.285144521778], [111.74043971529984, 130.75905014299929], [111.22212335609697, 129.1901272149883], [110.81912460738742, 127.58768573218184], [110.53074440720793, 125.96068799317553], [110.3553978347705, 124.31764260098589], [110.2907148696822, 122.6665152895472], [110.33365532377984, 121.0146611320571], [110.48063075494653, 119.36878013680678], [110.72762657559672, 117.73489593651188], [111.07031863300303, 116.11835548086373], [111.50417996582985, 114.52384645765984], [112.02457496038011, 112.95542859260662], [112.62683952810585, 111.41657490311873], [113.30634708045757, 109.91021927313444], [114.0585609337917, 108.43880723273566], [114.87907434369733, 107.00434743000272], [115.76363968106148, 105.60846190432298], [116.70818838094283, 104.25243382601762], [117.70884326887855, 102.93725185048729], [118.7619247577567, 101.66365061147819], [119.86395224356149, 100.43214717068479], [121.01164184029838, 99.2430734520366], [122.20190141442433, 98.09660482515297], [123.43182369962882, 96.99278509678447], [124.6986781206827, 95.93154821435016], [125.99990181851909, 94.91273700711582], [127.33309026057674, 93.93611928812909], [128.6959877187378, 93.00140163108954], [130.08647783172106, 92.10824111059559], [131.50257440223865, 91.25625527236757], [132.94241253440418, 90.4450305720476], [134.40424018183677, 89.67412949440642], [135.88641014695412, 88.94309653997554], [137.38737255232525, 88.25146324207593], [138.90566778975278, 87.59875235584686], [140.4399199422125, 86.98448134167214], [141.98883066380665, 86.4081652485186], [143.55117350014106, 85.8693190875492], [145.12578862720605, 85.36745977352871], [146.7115779843272, 84.90210770019887], [148.3075007764063, 84.47278800601539], [149.91256932337396, 84.07903157872308]], {"i0": 0.10593421773376578, "spread": 46.546695805127, "falloff": 0.4047820869103679}], [[[161.47164572158917, 122.25439280071623], [163.21321329236554, 123.83327482112779], [164.82825955366897, 125.54135242402295], [166.30663739335233, 127.36899584771515], [167.63896653133583, 129.3056844639326], [168.81682349705227, 131.34001646061847], [169.83293870755256, 133.4597722397628], [170.6813835669388, 135.6520337841208], [171.35772956335038, 137.9033568959575], [171.85916264727712, 140.19998735484265], [172.1845399413936, 142.52810672557433], [172.3343816546249, 144.8740898664542], [172.3107980288939, 147.2247549472826], [172.1173579649209, 149.5675882461167], [171.7589114631067, 151.89092978652604], [171.24138133804743, 154.18411114345258], [170.5715405431549, 156.43754239855366], [169.75679016479876, 158.64275029512152], [168.80495034073516, 160.79237345255603], [167.7240728087249, 162.8801227894098], [166.5222801904938, 164.90071615297583], [165.2076339576608, 166.84979585586288], [163.78803057695157, 168.7238367707335], [162.27112365162344, 170.5200512075428], [160.66426890254164, 172.2362952639322], [158.974488416824, 173.87097992895028], [157.20845058348317, 175.42298900663346], [155.37246238778496, 176.89160496564438], [153.47247112233208, 178.27644311247346], [151.51407302604363, 179.5773939795452], [149.50252680350553, 180.79457350057277], [147.44277039150438, 181.9282803525385], [145.33943970277073, 182.9789597508437], [143.19688837768211, 183.9471729615899], [141.01920782919285, 184.8335718119923], [138.81024706163774, 185.6388775280025], [136.57363190457147, 186.3638632871367], [134.31278342059505, 187.00933994166127], [132.03093533859635, 187.57614443332014], [129.73115042944895, 188.06513048435414], [127.41633579173748, 188.4771612075305], [125.08925704987062, 188.81310333046684], [122.75255148899912, 189.07382277576073], [120.40874016744195, 189.26018137854837], [118.06023905835114, 189.3730345579276], [115.70936927501577, 189.41322978829305], [113.35836643732928, 189.38160574179537], [111.0093892362324, 189.27899199441373], [108.66452725089489, 189.10620920597768], [106.32580807089909, 188.8640696994864]], {"i0": 1.1941336133810445, "spread": 41.268956573343424, "falloff": 1.4476132043707057}]], "disk": {"i0": 0.022362567262509677, "n": 1.0, "c": 2.0, "mu": [134.5133609266871, 137.20705443467918], "roll": 1.9200988678358866, "rEff": 53.858638985997146, "axRatio": 0.9376220800848792}, "bulge": null, "bar": null}