{"spiral": [], "disk": {"i0": 0.31786182731772145, "n": 1.0, "c": 2.0, "mu": [49.270994146751875, 49.374510872088386], "roll": 0.698808615575786, "rEff": 23.702574576998003, "axRatio": 0.5465958263334739}, "bulge": {"i0": 0.20144002914460674, "n": 1.6547605351640462, "c": 2.0, "mu": [49.049958434478114, 48.812395852585276], "roll": 0.7219786483525247, "rEff": 5.166758289950701, "axRatio": 0.5196508934850027}, "bar": {"i0": 0.0, "n": 0.4755619131247975, "c": 1.9944426850016013, "mu": [49.68594987190923, 48.51470984123854], "roll": 0.5934412055240774, "rEff": 3.3872627412667735, "axRatio": 0.36546214077489797}}