{"spiral": [], "disk": {"i0": 0.17993944769668307, "n": 1.0, "c": 2.0, "mu": [92.60013532144238, 92.14997384324154], "roll": 1.7905149443083497, "rEff": 31.651543737225357, "axRatio": 0.363217652815221}, "bulge": {"i0": 1.909969261538224, "n": 0.7370258410846355, "c": 2.0, "mu": [92.94724785591266, 92.1064371778626], "roll": 1.6769760741848705, "rEff": 2.845464807593414, "axRatio": 0.9954130833174452}, "bar": null}