{"spiral": [[[[76.15693567262944, 106.14413377961354], [75.23657112236445, 105.60703051526329], [74.34143262109295, 105.02886630085521], [73.47363581182266, 104.41042345417542], [72.63528481359832, 103.75261906410418], [71.82846296440104, 103.0565057354373], [71.05522365213196, 102.32327141105893], [70.31758137552801, 101.55423830621375], [69.6175031702981, 100.75086101704471], [68.9569005246818, 99.91472389081565], [68.33762188974414, 99.04753777418088], [67.76144587136638, 98.15113627081543], [67.23007516245586, 97.22747166422114], [66.74513124967552, 96.27861066836309], [66.30814989584813, 95.30673018291921], [65.92057737095122, 94.31411322992795], [65.58376737270059, 93.3031452497521], [65.29897854729367, 92.27631092945107], [65.067372491375, 91.23619172830554], [64.89001208720185, 90.18546425442878], [64.7678599940572, 89.12689963360465], [64.70177709321756, 88.06336399396373], [64.69252065107376, 86.99782017672423], [64.7407419385306, 85.9333307606041], [64.84698300902986, 84.87306246846039], [65.01167230071022, 83.82029199914889], [65.23511868472634, 82.77841329758718], [65.51750353120762, 81.75094623789485], [65.85887030537707, 80.74154664468658], [66.25911113689273, 79.75401751229676], [66.71794972888647, 78.79232119090045], [67.23491988674755, 77.86059218767136], [67.80933885664233, 76.96315006688441], [68.44027457863262, 76.10451171120766], [69.12650588681403, 75.28940191599939], [69.86647465991904, 74.52276090466488], [70.65822896063763, 73.80974686933803], [71.49935636113948, 73.15573103674164], [72.3869069893758, 72.56628204320562], [73.31730644746315, 72.04713559317544], [74.28625973952583, 71.60414454634758], [75.28864882559454, 71.24320385564218], [76.31842846885863, 70.9701443863874], [77.36852768042719, 70.79058991198976], [78.43076714711765, 70.70977293134357], [79.49580614107954, 70.73230784577156], [80.55313482984701, 70.86192481937115], [81.59112852448163, 71.10117430059161], [82.59717798347242, 71.45112002347317], [83.5579034240646, 71.91104574744355]], {"i0": 0.4628365909796346, "spread": 6.3914283600256585, "falloff": 2.938994310301235}]], "disk": {"i0": 0.31102031311951994, "n": 1.0, "c": 2.0, "mu": [80.91428333038046, 82.9491845594174], "roll": 1.920925759334405, "rEff": 55.43735522809937, "axRatio": 0.951732201655981}, "bulge": {"i0": 0.0, "n": 2.0498973647359358, "c": 2.0, "mu": [82.55619593461384, 83.67438186810415], "roll": 2.2957661491322483, "rEff": 11.985117608636441, "axRatio": 0.7967126681096625}, "bar": null}