{"spiral": [], "disk": {"i0": 0.2086083880853275, "n": 1.0, "c": 2.0, "mu": [75.15787272249047, 76.23144494900977], "roll": 2.9242824930260767, "rEff": 35.23632096838787, "axRatio": 0.6680531346111119}, "bulge": {"i0": 0.4847434394664473, "n": 1.6080155736697639, "c": 2.0, "mu": [75.13533594777562, 75.95383734679453], "roll": 2.3865592464655503, "rEff": 4.988216338446249, "axRatio": 0.9999992017600553}, "bar": null}