{"spiral": [[[[92.57015000042288, 82.56920999938383], [93.2511012080522, 82.46648018069389], [93.93630628181317, 82.39762735749245], [94.6240980140607, 82.36318325760635], [95.3127481209613, 82.36386499185018], [96.00041578665055, 82.40056011705187], [96.685095719939, 82.47430888793748], [97.3645646668576, 82.58628055028079], [98.03632645050676, 82.7377398350455], [98.69755715397686, 82.92999904940187], [99.34505425204853, 83.16435055711756], [99.9751964865607, 83.44197443918125], [100.58392499006754, 83.76381743921361], [101.1667600067654, 84.13044288282109], [101.71887011036544, 84.54185803027998], [102.23520964446983, 84.99733544897279], [102.710732283471, 85.49525678023156], [103.14067241286548, 86.03301630491632], [103.52086359657137, 86.60702142938824], [103.84804250184708, 87.21281241767035], [104.12007852366094, 87.84529554692435], [104.33608182292794, 88.49905238959218], [104.49637293883296, 89.16866754609856], [104.60233241317857, 89.84901723765769], [104.65617372594413, 90.53547970234021], [104.66068954651028, 91.22405440376227], [104.61901243663449, 91.91139910377382], [104.53441496523104, 92.5948059072544], [104.41015854443472, 93.27213982116805], [104.24938926385228, 93.94175976716446], [104.05507321260906, 94.60243614177915], [103.82996197328322, 95.25327342461837], [103.57657951049846, 95.89364203095965], [103.29722323079028, 96.52312077767742], [102.99397376241882, 97.14144968715107], [102.66870958908315, 97.74849204579724], [102.32312392611789, 98.34420434174999], [101.9587421714971, 98.92861269109228], [101.57693891080582, 99.50179449699816], [101.17895390322259, 100.06386426503727], [100.76590676986442, 100.61496268559819], [100.33881027626057, 101.15524826889573], [99.89858222515029, 101.68489096234602], [99.4460560271079, 102.2040673042516], [98.98199005344219, 102.7129567646643], [98.50707588714113, 103.21173900226775], [98.02194559257832, 103.70059182733125], [97.52717811070515, 104.17968970787621], [97.02330489169509, 104.64920269369892], [96.51081485309561, 105.10929566066542]], {"i0": 0.0, "spread": 0.49871305561120516, "falloff": 0.9994586116314339}], [[[92.38987932235838, 97.88147365980541], [91.77311483202094, 98.278952992421], [91.14437035746917, 98.65720144662153], [90.50463762927865, 99.01655675762356], [89.85480361893413, 99.35730916118384], [89.19566771419025, 99.67970357488093], [88.52795597565968, 99.98394175265898], [87.85233308253395, 100.27018430971958], [87.16941244377452, 100.53855256143045], [86.47976485075212, 100.78913014899894], [85.78392597050454, 101.02196444254928], [85.08240292012167, 101.23706772329284], [84.3756801177902, 101.4344181533413], [83.66422457124592, 101.61396054558227], [82.94849073799541, 101.77560694887673], [82.22892507128408, 101.91923706580451], [81.50597035024774, 102.04469852187235], [80.78006988099759, 102.15180700722686], [80.05167164658621, 102.2403463145169], [79.32123247728043, 102.31006830003923], [78.58922230772039, 102.36069280000069], [77.85612858386943, 102.39190753983968], [77.12246087966572, 102.40336808248162], [76.38875578038723, 102.3946978715333], [75.65558208603039, 102.36548843834039], [74.92354638335664, 102.3152998572713], [74.19329902797685, 102.24366155291426], [73.46554056641254, 102.15007358610023], [72.7410286122869, 102.03400857223721], [72.0205851668545, 101.89491441661131], [71.3051043398384, 101.73221808567122], [70.59556038055901, 101.5453306692327], [69.8930158660977, 101.33365402433935], [69.19862981042368, 101.09658932218262], [68.51366535362402, 100.83354783857956], [67.83949656164447, 100.5439643268217], [67.17761371573094, 100.2273132763101], [66.52962630426704, 99.8831282754235], [65.89726276180001, 99.51102454456405], [65.28236585523543, 99.11072446776457], [64.68688253210246, 98.68208561645497], [64.11284706895803, 98.22513032739025], [63.56235654531165, 97.74007539059907], [63.03753807238154, 97.22735987559835], [62.54050785773113, 96.68766866381124], [62.07332307333261, 96.12194898152744], [61.63792853719208, 95.53141727095725], [61.23610126411053, 94.91755420155344], [60.86939677712868, 94.2820865436919], [60.53910147227596, 93.62695592698506]], {"i0": 0.08967821366666068, "spread": 0.4674265580892279, "falloff": 1.0008626050140328}], [[[82.29926746926164, 78.89585788472102], [83.22001446197997, 78.22915142909936], [84.1698392330027, 77.60454659983294], [85.14541374790512, 77.02096071304442], [86.14390521128095, 76.47750118744095], [87.1628680114288, 75.9734574185847], [88.2001601337963, 75.50829138018474], [89.25387738534386, 75.08162855028827], [90.32230062219402, 74.6932499428141], [91.40385246689557, 74.34308558616861], [92.49706090010096, 74.03120955307051], [93.60052773932685, 73.75783651939726], [94.71290045189022, 73.52331975758538], [95.8328460489009, 73.32815042505281], [96.95902600850576, 73.1729579665494], [98.0900713079863, 73.05851140255743], [99.22455672450592, 72.98572120821133], [100.36097361015955, 72.95564139024789], [101.49770037337846, 72.9694712294551], [102.63296992327858, 73.02855595814952], [103.76483337941222, 73.13438536881205], [104.89111944994431, 73.28858898179926], [106.00938908555712, 73.4929259188498], [107.11688539547173, 73.74926702454998], [108.21047946491844, 74.05956606047052], [109.28661376904034, 74.425816020372], [110.34124648512213, 74.84998591318309], [111.36980229620482, 75.33393299488533], [112.36713829651062, 75.87928584655666], [113.32753713341671, 76.48729553940332], [114.24474290093032, 77.15865618899115], [115.11205716137887, 77.89330312590886], [115.92251072897841, 78.69020665744804], [116.6691191124023, 79.54719041158864], [117.34521437737791, 80.4608119266563], [117.9448251248058, 81.42634413971321], [118.46305510107763, 82.4378850462907], [118.89639881025845, 83.48859859436261], [119.24293751992428, 84.57105920332152], [119.50238261412764, 85.67764677220599], [119.67596740778554, 86.80092932536105], [119.76622007432667, 87.93397971638285], [119.77666825121233, 89.07059529926516], [119.71152698872089, 90.2054147707286], [119.57541034472425, 91.33394580490764], [119.373090510763, 92.45252697343267], [119.10931321067648, 93.55824886635033], [118.78866737600282, 94.64885551665593], [118.41550122247905, 95.72264140568677], [117.99387476353516, 96.77835366995946]], {"i0": 0.19253859436203327, "spread": 0.5331371301092945, "falloff": 0.9985320502257827}]], "disk": {"i0": 0.22825025849135866, "n": 1.0, "c": 2.0, "mu": [88.755599700633, 88.77192296070564], "roll": 0.30338008212044165, "rEff": 33.90369550422167, "axRatio": 0.49138205655652345}, "bulge": {"i0": 0.24417937738095896, "n": 1.79309654813656, "c": 2.0, "mu": [89.07103207437301, 88.75461467412688], "roll": 0.4788691220302237, "rEff": 4.462967051872839, "axRatio": 0.7167635396738825}, "bar": null}