{"spiral": [[[[37.19160907909748, 48.855811769157675], [36.7237504465177, 48.733458964102475], [36.25985443016906, 48.59685192824507], [35.80047602488761, 48.44575105919702], [35.34621008798982, 48.27991576575838], [34.89769512149563, 48.09910649482597], [34.45561730421539, 47.90308729207807], [34.020714746552, 47.691629002222754], [33.593781923437625, 47.46451323076373], [33.175674212258514, 47.22153720547001], [32.76731242736798, 46.96251969071568], [32.369687197797944, 46.68730812004551], [31.983862976349354, 46.39578711773404], [31.610981399716326, 46.087888576530446], [31.252263632661684, 45.7636034360268], [30.90901123842981, 45.422995264043514], [30.58260501290155, 45.06621566401351], [30.274501124114675, 44.693521414268034], [29.986223816597658, 44.305293073259485], [29.719353901154538, 43.90205456099321], [29.475512278295085, 43.48449294272289], [29.256337878480906, 43.05347732365262], [29.063459673595965, 42.610075431369076], [28.898462850024043, 42.15556618199509], [28.762849834304376, 41.691446359483635], [28.657997589618823, 41.219429580599986], [28.58511337110359, 40.74143603716616], [28.545191802660554, 40.25957215163529], [28.53897655594089, 39.77610022020675], [28.566929920977664, 39.29339924282246], [28.629213070451947, 38.81391926414519], [28.725678854360254, 38.34013245106792], [28.855877660601703, 37.874484610977674], [29.019075473616816, 37.41935080109097], [29.21428202136866, 36.97699810960755], [29.440286033418626, 36.54955774079247], [29.695694250703326, 36.13900741885829], [29.97897091796216, 35.74716405616352], [30.288474945665648, 35.375685778330315], [30.622492590153986, 35.02608184908839], [30.979264210075236, 34.69972879708825], [31.35700429073051, 34.39789106834585], [31.753914406755083, 34.12174472849278], [32.16818908639491, 33.87240304044606], [32.598014644529506, 33.650943073307495], [33.04156098013558, 33.45843280742766], [33.49696610121702, 33.29595845272049], [33.962312750910236, 33.16465186538302], [34.43559595041908, 33.06571800273285], [34.91467951434609, 33.00046224802788]], {"i0": 0.16654990986054716, "spread": 195.40964527588682, "falloff": 0.5238584135826234}], [[[40.65416129832117, 29.092634567567323], [40.93582927065405, 29.22845872776246], [41.21298702796539, 29.373262955076047], [41.48523852356092, 29.52709214922197], [41.75216807688337, 29.689980132154894], [42.013339820421464, 29.86194744526837], [42.268297340271616, 30.042998888469377], [42.516563565479224, 30.233120794490215], [42.75764097002546, 30.432278039993328], [42.99101215838725, 30.640410805113085], [43.21614091195243, 30.857431106476966], [43.432473777753124, 31.083219145525828], [43.63944228165313, 31.31761953385076], [43.83646584412509, 31.56043748020093], [44.02295546649684, 31.81143504934689], [44.19831823733902, 32.070327628159625], [44.36196268180573, 32.336780760378296], [44.51330493989357, 32.61040753112283], [44.65177571360423, 32.89076669684461], [44.77682786897073, 33.17736175877839], [44.8879445201842, 33.46964116635274], [44.98464736410337, 33.76699980831469], [45.06650498033155, 34.06878190208414], [45.1331407719981, 34.37428532678929], [45.18424020180023, 34.68276736649224], [45.21955698220779, 34.993451743067396], [45.238917912271155, 35.305536730938876], [45.242226113693086, 35.61820406902256], [45.22946250341106, 35.9306283265533], [45.200685440488684, 36.24198634707459], [45.15602859071582, 36.55146639250176], [45.09569715299476, 36.85827663670416], [45.01996267663788, 37.161652711736394], [44.92915676073866, 37.46086408255064], [44.823663961734276, 37.75521910885627], [44.70391424292721, 38.04406873665572], [44.57037528304682, 38.32680883889059], [44.42354492523259, 38.602881288680784], [44.26394399958144, 38.871773896467516], [44.09210969813432, 39.133019373051354], [43.90858962658353, 39.386193495129454], [43.71393660644705, 39.6309126509176], [43.50870425787321, 39.86683093394767], [43.29344335809489, 40.093636936447325], [43.06869894417981, 40.31105037286754], [42.83500811061196, 40.518818641645396], [42.592898441366, 40.716713411094624], [42.34288701121414, 40.904527294722016], [42.085479890717046, 41.082070663079], [41.82117209245247, 41.24916862385642]], {"i0": 0.0, "spread": 100.0835763177164, "falloff": 3.560058285810273}]], "disk": {"i0": 0.12637148144440222, "n": 1.0, "c": 2.0, "mu": [37.34023189671977, 35.918191258165685], "roll": 3.0636290584930093, "rEff": 15.355580827104056, "axRatio": 0.8092448241639516}, "bulge": {"i0": 0.33552413512223594, "n": 1.9277840000266313, "c": 2.0, "mu": [37.27988069682531, 36.30696470044724], "roll": 2.5887325378609423, "rEff": 3.127394229094673, "axRatio": 0.925383209161466}, "bar": null}