{"spiral": [[[[86.12649569321867, 143.95527927328243], [86.43828500503275, 141.9984473745262], [86.87454873438067, 140.06551365308673], [87.4265700373736, 138.16236660541807], [88.08600263759766, 136.29368671348286], [88.84501445179984, 134.46316218607632], [89.69636035529265, 132.67368819334393], [90.63340532560066, 130.92754144155393], [91.65011497301452, 129.22652810083963], [92.74102614191872, 127.57210650833538], [93.90120650786893, 125.96548772316558], [95.12620914184666, 124.40771756504206], [96.41202584533616, 122.89974372160562], [97.7550415287165, 121.44247118847602], [99.15199085465363, 120.03680889200011], [100.59991766636402, 118.6837099359383], [102.09613725623889, 117.38420756034706], [103.63820121931484, 116.1394486245411], [105.2238644159382, 114.95072623240364], [106.85105339167845, 113.81951300697753], [108.5178354349956, 112.7474964953526], [110.22238725555638, 111.73661824711522], [111.9629620007353, 110.7891182470172], [113.73785296359421, 109.9075866501601], [115.54535179022206, 109.09502510766957], [117.38369820084989, 108.3549204825804], [119.25101704963457, 107.69133437254827], [121.14523676774144, 107.1090126303608], [123.06398054581223, 106.61351992235916], [125.00441752371619, 106.21140515016668], [126.9630550573321, 105.91040380126863], [128.93544372313082, 105.7196820697016], [130.91575274484825, 105.65012256208409], [132.89615361892726, 105.71463779963747], [134.86592418644696, 105.92846557025777], [136.8101615552848, 106.30933017380033], [138.70799845504257, 106.87721350798574], [140.53033567563182, 107.65323316596098], [142.2375139591831, 108.6567962436361], [143.7782973609756, 109.90008446220453], [145.09287384621638, 111.37990882260169], [146.12260144768283, 113.07002210056594], [146.8249619638817, 114.92028635666972], [147.185287524445, 116.8665751642297], [147.2169902161425, 118.84610788745819], [146.951774678224, 120.8084845683856], [146.42802546875112, 122.71855698877455], [145.68294040936033, 124.55393735572689], [144.74897934821925, 126.30101228711867], [143.65305142633702, 127.95148034663592]], {"i0": 0.16102394923805155, "spread": 0.5019980332526731, "falloff": 0.9949931970693348}], [[[139.58692600562873, 143.00687018551588], [138.70538173490857, 143.424494673513], [137.81492399434867, 143.8227587755503], [136.91583283643158, 144.20112756937408], [136.00839672879923, 144.55901849528817], [135.09291608827357, 144.89579661272666], [134.16970737504175, 145.21076929155893], [133.23910787889108, 145.50318026740354], [132.30148136155339, 145.77220297982453], [131.35722475832517, 146.0169331093618], [130.40677619168025, 146.23638022765124], [129.45062461205077, 146.4294584783978], [128.48932145982457, 146.59497621882525], [127.52349483982374, 146.7316245798052], [126.55386682075748, 146.83796495320112], [125.58127462021831, 146.91241550198387], [124.60669661148164, 146.95323693362286], [123.63128428967731, 146.95851800818576], [122.6564015515654, 146.92616161159552], [121.68367284686053, 146.8538727726064], [120.71504188830568, 146.73915082179883], [119.75284255315034, 146.5792890809029], [118.79988316288991, 146.3713871442762], [117.85954415703728, 146.11238304752447], [116.93588675951129, 145.799115369243], [116.03376584213817, 145.42842823155328], [115.15893303600127, 144.99733427477724], [114.31810577858225, 144.50324998287445], [113.51896527993533, 143.94431090068338], [112.77003520440627, 143.31975719451182], [112.08039147627798, 142.6303501542145], [111.4591739270981, 141.8787416720823], [110.91492122231207, 141.06968746113796], [110.45482422555192, 140.20999701216527], [110.08405712421703, 139.30816924312643], [109.80535513891142, 138.37376158262987], [109.61894107645328, 137.41663356374536], [109.52278986838743, 136.4462397372136], [109.5131227596994, 135.47110576947296], [109.58498606269266, 134.49853951525378], [109.73279290961884, 133.53455430352028], [109.95075869564548, 132.5839423147079], [110.23321032559168, 131.65043095331774], [110.57478093176722, 130.73686951457725], [110.97051517781979, 129.84541278832216], [111.41591174213278, 128.97768457282115], [111.9069253696299, 128.13491505062595], [112.43994512363959, 127.31805220358459], [113.01176019232255, 126.52785037425039], [113.6195204954695, 125.76494006193369]], {"i0": 0.11594175212269599, "spread": 0.5005122781871899, "falloff": 0.9999682272061756}]], "disk": {"i0": 0.2282603978216673, "n": 1.0, "c": 2.0, "mu": [127.92825322562709, 127.15202189040629], "roll": 0.6210222219534586, "rEff": 35.063500159821004, "axRatio": 0.5630527390028605}, "bulge": {"i0": 0.3891811191477672, "n": 0.9648253427701305, "c": 2.0, "mu": [127.09290945577173, 127.61383170839173], "roll": 0.4252535758402915, "rEff": 5.274913030108219, "axRatio": 0.5868569672648938}, "bar": null}