{"spiral": [[[[69.01483504884672, 85.05447422988945], [67.62891820207834, 84.36486006762941], [66.34194039592005, 83.5045281861459], [65.17188653261468, 82.49082242307644], [64.13362977119677, 81.34243718275624], [63.23886909714031, 80.07898557363852], [62.49613889982451, 78.72053021313441], [61.910910817483106, 77.28710736858369], [61.485790753668866, 75.79827899026876], [61.22079853238573, 74.27274344716959], [61.11370691261713, 72.72802658704819], [61.160411901768626, 71.18026317555436], [61.355307028734536, 69.6440677355283], [61.691638901764776, 68.13248531669008], [62.16182800585459, 66.65700761217502], [62.75774555288084, 65.22763794707949], [63.47094311328648, 63.852989227557046], [64.2928361918973, 62.540401042621625], [65.21484578007275, 61.29606490982529], [66.22850344095099, 60.12514951834095], [67.32552599984103, 59.03192040823207], [68.49786574926742, 58.01985064479737], [69.73774152913629, 57.09172065707012], [71.0376553067005, 56.249706583300785], [72.39039810508494, 55.4954572492456], [73.78904839587408, 54.83016039706315], [75.22696541173329, 54.25459907384067], [76.69777928603378, 53.76919921111318], [78.19537946379731, 53.37406946946912], [79.71390246179715, 53.06903439214209], [81.24771976497357, 52.85366184857815], [82.79142641271352, 52.7272856746306], [84.33983065864673, 52.689024321754076], [85.88794494351565, 52.73779624908196], [87.43097831752144, 52.872332707201906], [88.96433036616878, 53.091188486705256], [90.48358662791055, 53.392751136304234], [91.9845154408196, 53.77524909189024], [93.46306611988253, 54.23675909576682], [94.91536832461443, 54.775213239578775], [96.33773246557554, 55.38840590228738], [97.72665096557988, 56.074000817681785], [99.07880018711406, 56.82953845236702], [100.39104282522028, 57.65244383420627], [101.66043056179569, 58.540034928603745], [102.88420677917196, 59.48953161927419], [104.05980913822464, 60.498065311628785], [105.18487183757317, 61.562689141833694], [106.25722738121088, 62.68038874388732], [107.27490771648553, 63.84809349433374]], {"i0": 0.09905346005818154, "spread": 41.66520060501666, "falloff": 0.44644394499168205}], [[[88.54001319748491, 59.99296741330326], [89.60795536083462, 60.5701066259888], [90.63995587099933, 61.20929816022981], [91.63244925685011, 61.90826065219065], [92.58202311558993, 62.66450277253194], [93.48543533318679, 63.47532964771208], [94.33963148838937, 64.33785169124681], [95.14176197273747, 65.24899595753841], [95.88919833394304, 66.20552003669975], [96.5795483495733, 67.20402840592637], [97.21066935496509, 68.2409910532713], [97.78067939690575, 69.31276409003046], [98.28796584655554, 70.41561198382645], [98.73119119218147, 71.54573097313494], [99.10929582933836, 72.69927317570232], [99.42149777241215, 73.87237087793301], [99.66728931937384, 75.06116049191535], [99.8464308042367, 76.26180569056393], [99.958941663454, 77.47051927667079], [100.00508911865882, 78.6835834044714], [99.98537483591478, 79.89736784787908], [99.90051995869939, 81.10834609231374], [99.75144892729976, 82.3131091106393], [99.53927249813265, 83.50837676696723], [99.26527035387097, 84.69100686413861], [98.93087366704516, 85.85800191751528], [98.53764793630896, 87.00651378938109], [98.0872763675376, 88.13384635880793], [97.58154402190542, 89.2374564302689], [97.02232290264824, 90.31495310074604], [96.41155810430443, 91.3640958116235], [95.75125510420052, 92.38279130954311], [95.04346823704395, 93.36908973159761], [94.29029036034225, 94.32118001715514], [93.49384369047556, 95.23738483039214], [92.65627176758423, 96.11615515886297], [91.77973249068089, 96.95606473370226], [90.86639215220731, 97.75580439632992], [89.91842039328118, 98.5141765169932], [88.93798599623013, 99.23008955328989], [87.92725342901232, 99.90255281902678], [86.8883800564093, 100.53067151922814], [85.82351393473273, 101.11364209377754], [84.7347921098405, 101.65074790051136], [83.6243393421349, 102.14135525852649], [82.49426718659517, 102.5849098638727], [81.34667336054581, 102.9809335825249], [80.18364133658335, 103.3290216194076], [79.00724010270714, 103.62884005734581], [77.81952403637689, 103.88012375482029]], {"i0": 0.07228897194645985, "spread": 63.203236908912345, "falloff": 0.46992186499832145}]], "disk": {"i0": 0.001926051729596074, "n": 1.0, "c": 2.0, "mu": [77.86401414888697, 76.47544923347908], "roll": 2.6012791305623484, "rEff": 34.61016939006581, "axRatio": 0.6688265537297828}, "bulge": {"i0": 0.3218733939742647, "n": 0.7731149395612551, "c": 2.0, "mu": [77.15220803005772, 76.27488506308197], "roll": 0.5910211515573616, "rEff": 3.9105526393111387, "axRatio": 0.5914894296189506}, "bar": {"i0": 0.30350910732434044, "n": 0.9109603899243833, "c": 1.4506393277929395, "mu": [76.93698668202882, 76.26098973724521], "roll": 0.6278144584306757, "rEff": 6.6636098771469525, "axRatio": 0.2395177386141504}}