{"disk": {"I": 0.07780780924345149, "Re": 19.983237222181042, "c": 2.0, "mux": 67.87161046584163, "muy": 66.49607564480121, "n": 1.0, "q": 0.8188973254338271, "roll": 0.5813207297414302}, "bulge": null, "bar": {"I": 0.2662494183042433, "Re": 10.151012711764432, "c": 10.0, "mux": 69.33094076823666, "muy": 63.28914861419802, "n": 0.22807995271821033, "q": 0.2778876650671306, "roll": 0.36242314677577037}, "spiral": []}