{"spiral": [[[[67.59348459778907, 71.3683970476107], [68.07105552735733, 70.53737587470634], [68.62858937941306, 69.75767133140636], [69.25531574054921, 69.03234529602564], [69.94133632606221, 68.36275884758034], [70.67782136796342, 67.74905478634986], [71.45704152309509, 67.19055766160604], [72.27230489352272, 66.68607945777019], [73.11784866849416, 66.23414031368614], [73.98871619838003, 65.83312115699216], [74.88063656006068, 65.48136540738865], [75.78991482308066, 65.17724423828132], [76.71333603674377, 64.91919656145166], [77.6480831802258, 64.70575188853503], [78.59166798505287, 64.53554182649427], [79.54187301543935, 64.40730417840068], [80.49670330008723, 64.31988234359986], [81.45434591557736, 64.2722218172424], [82.41313611511701, 64.26336497567232], [83.37152880498623, 64.29244491420846], [84.32807437273945, 64.35867882109265], [85.2813980480966, 64.46136117975948], [86.2301821292532, 64.59985696283188], [87.17315053456285, 64.77359489496331], [88.1090552442958, 64.98206080201226], [89.0366642854164, 65.22479102531452], [89.9547509847943, 65.50136585165099], [90.86208427831912, 65.81140289046485], [91.75741991696715, 66.1545503163352], [92.639492458578, 66.53047988493859], [93.50700797813741, 66.93887962407561], [94.35863747145181, 67.37944609753018], [95.19301096852217, 67.85187613873686], [96.00871241541677, 68.35585795424392], [96.80427542712803, 68.89106150526946], [97.57818005823995, 69.45712808981449], [98.32885078634385, 70.05365907192548], [99.05465594760324, 70.68020373797133], [99.75390890946906, 71.33624630833494], [100.4248713024779, 72.02119219560994], [101.06575866029375, 72.73435368164456], [101.67474882531668, 73.47493528393339], [102.24999345968942, 74.24201919836086], [102.7896329473238, 75.03455132997954], [103.29181487445608, 75.85132855892154], [103.7547161252066, 76.69098800388471], [104.17656842169336, 77.55199914795165], [104.5556868803749, 78.4326597316039], [104.89050085897962, 79.33109629691381], [105.17958605426995, 80.24527015230926]], {"i0": 0.058895080201926034, "spread": 12.240264206504582, "falloff": 0.06533970964625957}], [[[88.74450019216124, 83.5065563484826], [88.34689487047774, 84.59305168445366], [87.81137670479255, 85.61876720930604], [87.15733544291315, 86.57343628986958], [86.40343727862869, 87.45153249634023], [85.56650251132052, 88.25100990127083], [84.66109182612566, 88.97213612335521], [83.69952409182369, 89.61658307817983], [82.69210378469054, 90.18678783774205], [81.64741985923942, 90.68553354413324], [80.57264390680591, 91.11568917206716], [79.47379636658306, 91.48005625462196], [78.35597145620692, 91.78128448566305], [77.22352177627049, 92.02183024891862], [76.08020759408714, 92.20394114421104], [74.92931681742022, 92.32965577214286], [73.77376133892577, 92.40081210237561], [72.61615463602594, 92.41906035712034], [71.4588746203743, 92.3858779812287], [70.30411492604911, 92.30258529845084], [69.15392714075792, 92.17036108793185], [68.0102559323557, 91.9902577070869], [66.87496858429242, 91.76321562668893], [65.74988010844918, 91.4900773902216], [64.63677483124835, 91.17160109694277], [63.53742513269516, 90.80847356017642], [62.45360784345252, 90.40132332286734], [61.38711866059554, 89.95073372838083], [60.339784819446, 89.45725625167937], [59.31347614985571, 88.92142429485155], [58.31011454624692, 88.34376764305647], [57.3316817842316, 87.72482776014303], [56.38022552737433, 87.06517407550112], [55.45786327581386, 86.36542137150124], [54.56678392401094, 85.62624832060783], [53.709246516061086, 84.84841713911365], [52.887575720778585, 84.032794214791], [52.104153505962, 83.18037142750696], [51.36140648284686, 82.29228771475374], [50.66178843205882, 81.3698502402782], [50.007757628442306, 80.41455431458135], [49.40174876842947, 79.42810100759307], [48.846139580519505, 78.4124112118751], [48.34321256793377, 77.36963479280311], [47.89511277904605, 76.30215343895442], [47.5038029934613, 75.2125759394264], [47.17101819704932, 74.1037248939199], [46.89822162788074, 72.97861431582537], [46.68656492803968, 71.8404181990942], [46.53685496918428, 70.69243083155249]], {"i0": 0.04373300195387581, "spread": 7.996040874411212, "falloff": 0.010509723720634242}]], "disk": {"i0": 0.1651238813338174, "n": 1.0, "c": 2.0, "mu": [77.10940769029435, 78.39070499553155], "roll": 0.24729784311924968, "rEff": 32.155596929777914, "axRatio": 0.7883184574169246}, "bulge": {"i0": 0.14587810095002648, "n": 3.041302979791819, "c": 2.0, "mu": [78.3572544643641, 77.64565291754093], "roll": 2.367757369332934, "rEff": 6.357983191674835, "axRatio": 0.4208786794661346}, "bar": {"i0": 0.2458466076454474, "n": 0.2832405824099563, "c": 2.1352349760275313, "mu": [77.47300381219547, 77.96853204095686], "roll": 2.420781150581643, "rEff": 8.856248108766854, "axRatio": 0.25839716801625595}}