{"disk": {"I": 0.05049887589403051, "Re": 12.78511895867227, "c": 2.0, "mux": 43.21269535123647, "muy": 43.16296430934722, "n": 1.0, "q": 0.6015867619713101, "roll": 1.4372176933273357}, "bulge": {"I": 33.955100253753926, "Re": 0.33224671243015885, "c": 2.0, "mux": 43.48648281395074, "muy": 42.80928378356514, "n": 0.6393586713682943, "q": 0.3381715912019837, "roll": 2.3086187233085647}, "bar": null, "spiral": []}