{"disk": {"I": 0.05583873774166444, "Re": 19.897445315181617, "c": 2.0, "mux": 62.07240000917429, "muy": 61.2440905803875, "n": 1.0, "q": 0.5563828260543187, "roll": 0.3317756015813334}, "bulge": {"I": 0.093979144392986, "Re": 6.07478628555251, "c": 2.0, "mux": 61.45813545539734, "muy": 61.8982215902133, "n": 2.975400534035161, "q": 0.6269597816386241, "roll": 1.8110756229868918}, "bar": null, "spiral": []}