{"disk": {"mux": 49.36475882841264, "muy": 49.954697398014346, "roll": 2.9849669468845703, "Re": 17.987922537095994, "q": 0.61162378256664, "I": 0.13563674087008504, "n": 1.0, "c": 2.0}, "bulge": {"mux": 49.339352174768315, "muy": 50.09915910443506, "roll": 2.5922019265373013, "Re": 0.008846346634513233, "q": 34.673486189945905, "I": 299.60694656972487, "n": 0.17402527627268807, "c": 2.0}, "bar": null, "spiral": []}