{"spiral": [[[[105.39364349123362, 123.4415330373069], [104.25057135012135, 122.7731440040956], [103.18009995945025, 121.99350383427196], [102.18245404277728, 121.12245131038136], [101.25602324332222, 120.17589948739494], [100.39833516597521, 119.16656539909775], [99.60660630766675, 118.10465168844615], [98.87803971615197, 116.99841039574018], [98.20997698630752, 115.85458553859685], [97.59996869165337, 114.67875279904818], [97.04580019922369, 113.47557825533455], [96.5454938066009, 112.24901553445656], [96.09729893431918, 111.00245680150755], [95.69967687614371, 109.73884929097034], [95.35128364595754, 108.46078609587205], [95.05095278996941, 107.17057764702011], [94.79767909039323, 105.87030863139017], [94.59060356317299, 104.56188386257203], [94.42899986063792, 103.24706572082891], [94.31226203616163, 101.92750512261915], [94.23989354651246, 100.60476750092985], [94.21149732926831, 99.28035492343439], [94.22676677681484, 97.9557252119977], [94.28547742402199, 96.63230872900705], [94.38747916709444, 95.31152334509056], [94.53268883287448, 93.99478798552221], [94.72108291973485, 92.68353505931648], [94.95269033114599, 91.37922199857779], [95.22758492165343, 90.08334207019149], [95.54587767261302, 88.79743456388414], [95.90770831095098, 87.52309440462199], [96.31323618221433, 86.26198118378427], [96.76263018754443, 85.01582754600688], [97.25605759775259, 83.78644681061628], [97.79367156738343, 82.57573964026007], [98.37559719165534, 81.38569950336223], [99.00191598282515, 80.21841660361478], [99.67264869500622, 79.07607987692052], [100.3877365015067, 77.96097658713542], [101.14702063090233, 76.87548899274191], [101.95022070051448, 75.82208751699015], [102.79691214879068, 74.80331984660684], [103.68650335799789, 73.82179542275749], [104.61821326651925, 72.88016488768274], [105.59105047978528, 71.98109422488994], [106.60379507663811, 71.127233588695], [107.65498444286206, 70.32118116007751], [108.74290451027684, 69.56544277656893], [109.86558770522319, 68.86238853474973], [111.02081868856865, 68.21420800926788]], {"i0": 0.09132341273609554, "spread": 2.407489240159588, "falloff": 0.6209231215957389}], [[[123.34876197553372, 109.91696143439677], [124.58521044065381, 110.76606647162038], [125.76355361124708, 111.69425429500832], [126.88738070399103, 112.68783417387306], [127.96023884806195, 113.73629862763875], [128.98545332147728, 114.83143317246667], [129.966065832747, 115.96670588555571], [130.90482676635048, 117.13684210492094], [131.8042109479613, 118.33752286759851], [132.66644240981046, 119.56516729428155], [133.4935213051772, 120.81677287952665], [134.28724985915963, 122.08979640480237], [135.0492560724816, 123.38206382151519], [135.7810147825874, 124.69170111884523], [136.48386610325284, 126.0170806174113], [137.15903144595708, 127.3567787586882], [137.80762739086066, 128.70954257191613], [138.43067768384188, 130.0742627690836], [139.02912361816323, 131.44995195945495], [139.60383303240494, 132.83572685861876], [140.15560812593804, 134.2307936448009], [140.68519226470772, 135.63443581704158], [141.19327592468693, 137.04600405840435], [141.68050189725537, 138.46490771925548], [142.1474698618879, 139.89060761875254], [142.59474041521005, 141.32260992626422], [143.02283863140013, 142.76046093356348], [143.43225721780513, 144.2037425658262], [143.8234593197145, 145.6520685091334], [144.19688102023557, 147.10508085512348], [144.5529335743653, 148.5624471817266], [144.89200541074553, 150.02385800332058], [145.21446392987275, 151.4890245352039], [145.52065712321064, 152.95767672691252], [145.81091503478655, 154.42956152596292], [146.08555108306194, 155.9044413406426], [146.34486325973012, 157.38209267428434], [146.58913521846785, 158.8623049090539], [146.8186372663479, 160.344879219374], [147.03362726806492, 161.82962759890663], [147.23435147226797, 163.31637198697834], [147.42104526801356, 164.8049434824713], [147.59393387873206, 166.29518163457675], [147.75323299960593, 167.7869338017781], [147.89914938409376, 169.28005457114517], [148.03188138453655, 170.7744052311843], [148.15161945125965, 172.2698532923354], [148.25854659377103, 173.76627205020628], [148.35283880782072, 175.26354018680357], [148.43466547130993, 176.76154140590108]], {"i0": 0.030958438883682816, "spread": 0.9679195625788802, "falloff": 0.2316091982536605}], [[[123.27362955687649, 129.97075063277262], [123.22649892239279, 130.55860744373982], [123.17036612432082, 131.1456731588726], [123.10531856732865, 131.73181816436696], [123.03143906665913, 132.3169156510113], [122.9488062163124, 132.9008412882479], [122.85749473203094, 133.48347293048212], [122.75757577174883, 134.06469035215844], [122.64911723587248, 134.6443750086062], [122.53218404948028, 135.22240982006758], [122.40683842829394, 135.79867897667273], [122.27314013007103, 136.37306776242838], [122.13114669287874, 136.94546239654255], [121.98091366154267, 137.51574989063622], [121.82249480343027, 138.08381792057966], [121.65594231458562, 138.64955471186292], [121.48130701712158, 139.2128489375533], [121.29863854867118, 139.77358962801782], [121.10798554459991, 140.33166609169896], [120.9093958135996, 140.88696784632734], [120.70291650720074, 141.43938456003588], [120.48859428367075, 141.98880600191356], [120.26647546669825, 142.53512200159778], [120.03660619919997, 143.07822241755684], [119.79903259253335, 143.61799711376096], [119.55380087134131, 144.15433594447722], [119.3009575142086, 144.6871287469581], [119.04054939025987, 145.21626534181505], [118.77262389179067, 145.74163554089685], [118.49722906297785, 146.26312916250015], [118.21441372467795, 146.78063605375831], [117.92422759529047, 147.29404612005692], [117.626721407626, 147.8032493613298], [117.32194702168916, 148.30813591508942], [117.00995753325647, 148.8085961060386], [116.69080737811115, 149.30452050210636], [116.3645524317606, 149.79579997673912], [116.0312501044509, 150.28232577726362], [115.69095943127172, 150.76398959912356], [115.34374115713018, 151.24068366577566], [114.989657816356, 151.71230081400483], [114.62877380669957, 152.17873458440346], [114.26115545746599, 152.639879316728], [113.88687109153067, 153.09563024982629], [113.50599108099433, 153.54588362580407], [113.11858789621542, 153.99053679806866], [112.72473614797919, 154.42948834285886], [112.32451262258023, 154.86263817385523], [111.91799630959639, 155.2898876594274], [111.50526842214443, 155.71113974204593]], {"i0": 0.09922061412640928, "spread": 0.3830706027185874, "falloff": 1.0822613857966792}]], "disk": {"i0": 0.12304103453319551, "n": 1.0, "c": 2.0, "mu": [113.66391945841194, 111.93722336557308], "roll": 1.7948992264715073, "rEff": 42.15598210556057, "axRatio": 0.6440053001529101}, "bulge": null, "bar": {"i0": 0.1197893566187845, "n": 2.9805308625641023, "c": 1.4664433377832216, "mu": [112.14393937382017, 113.38326897343784], "roll": 1.3934672449163343, "rEff": 8.547873332469091, "axRatio": 0.40625102595686147}}