{"spiral": [[[[71.00255440925432, 80.8242744882885], [70.2528203371671, 79.36763288195505], [69.78398865145812, 77.79743496756672], [69.58865516208643, 76.17014005315309], [69.65645654680463, 74.53239464473572], [69.97595643287605, 72.92459102250626], [70.53492515920678, 71.38355885752223], [71.31971691507142, 69.94435928124655], [72.31411741949661, 68.64120128827972], [73.49793281809907, 67.50743466175207], [74.84564805263105, 66.57454419744231], [76.32561605062502, 65.8701766055295], [77.90030660235925, 65.41552151778578], [79.5279663626906, 65.22275328987705], [81.16554947662252, 65.29345290384191], [82.77218650046339, 65.61868982126758], [84.31218272820657, 66.18078513678999], [85.75679854424784, 66.95611602373197], [87.08464824362156, 67.91807673166662], [88.28104554145787, 69.03952360003085], [89.33680162906725, 70.29442846100189], [90.24690242506797, 71.65878156311291], [91.00931859915691, 73.11093237920406], [91.62405045189223, 74.63157411371657], [92.09241678334662, 76.20353518287742], [92.41655450514469, 77.81148680642873], [92.5990841513977, 79.44163120017555], [92.64289956396597, 81.08140444171272], [92.55104819568177, 82.7192096525982], [92.32667707635105, 84.344186034994], [91.97302673575987, 85.9460144730999], [91.49346082920704, 87.51475858106681], [90.89152298214212, 89.04073995305652], [90.17101470197528, 90.51444706413028], [89.33608933900216, 91.92647828531896], [88.39135721069076, 93.26752044741342], [87.34199626329334, 94.52836501261446], [86.19386130051792, 95.69996390967184], [84.95358297613112, 96.77352613898002], [83.62864602781323, 97.74065416556444], [82.22743496864354, 98.59351575012013], [80.75923548985178, 99.32504244115444], [79.23418173749613, 99.92914103795437], [77.66314378517751, 100.40089989185127], [76.05755593969889, 100.73676921694987], [74.42919412834527, 100.934694791524], [72.78991806155072, 100.99418818447094], [71.15139940832134, 100.91632366342328], [69.52485942879854, 100.70366098555502], [67.92083775943168, 100.36010243172919]], {"i0": 0.25132587349835434, "spread": 49.89590372341487, "falloff": 5.711644870787584}], [[[87.63556729990984, 81.04744855496843], [87.23953968547472, 82.95353202177002], [86.57619289989438, 84.7838354636961], [85.65835840105667, 86.50066540149744], [84.50172535347224, 88.06651393487742], [83.12631943882059, 89.44405016246823], [81.5580310252908, 90.59706636549764], [79.82976385080266, 91.49245773691392], [77.98163823479807, 92.10305917090191], [76.05974260943921, 92.41074907563292], [74.11332757624162, 92.40886969274545], [72.19098543012369, 92.10303719133425], [70.33686412978825, 91.50996761509701], [68.58794126117677, 90.65473562095953], [66.97285070722664, 89.56739523736749], [65.51211725501113, 88.27986984825405], [64.21928583876357, 86.82363493629092], [63.102402215445565, 85.22830015106882], [62.16546267598373, 83.52094116993992], [61.40963956008237, 81.7259492926291], [60.83422632573585, 79.86518796160794], [60.43731948159602, 77.95830289183004], [60.216282947049244, 76.02308883732522], [60.168043852561304, 74.0758580160014], [60.2892617457333, 72.13178222167997], [60.576403360036686, 70.20519618384063], [61.025745995957244, 68.30985752228821], [61.633325405948625, 66.45916172594399], [62.39483908580158, 64.66631085704752], [63.305512976277726, 62.94443344782459], [64.35993863202087, 61.30665116174693], [65.55188882949288, 59.76608593693703], [66.87412224385822, 58.33580023511768], [68.31819191488566, 57.02866350144507], [69.87427722745105, 55.85714089478574], [71.53106371028844, 54.83300647818308], [73.27569763798778, 53.96699262846555], [75.09384081410384, 53.26839948048045], [76.96984354693818, 52.74470064628371], [78.88703995769784, 52.4011905996993], [80.8281512089749, 52.24072115378194], [82.77576302594954, 52.26356680399648], [84.7128293368632, 52.46744155574859], [86.62314861516198, 52.847666918897374], [88.49176529385333, 53.39746802655692], [90.3052634884796, 54.108358213258356], [92.05193956734117, 54.97056534152858], [93.72185833404394, 55.97345586624368], [95.30681114686145, 57.10592212093657], [96.80020118681479, 58.35671101795605]], {"i0": 0.26879106235244193, "spread": 182.11255220203626, "falloff": 0.42551299558572697}]], "disk": {"i0": 0.0, "n": 1.0, "c": 2.0, "mu": [77.30799041370946, 77.85463575345038], "roll": 2.076121752830626, "rEff": 27.2674750964413, "axRatio": 0.9566418354309258}, "bulge": {"i0": 0.0007662129759603204, "n": 0.14881256238843454, "c": 2.0, "mu": [77.52158808151104, 77.6626188098165], "roll": 2.3811379493234135, "rEff": 4.350895938502853, "axRatio": 0.8358301906322225}, "bar": null}