{"disk": {"I": 0.05634398860382125, "Re": 38.77195749726311, "c": 2.0, "mux": 103.7246970862933, "muy": 100.52387200499633, "n": 1.0, "q": 0.4088207014951382, "roll": 0.03015997677437013}, "bulge": {"I": 0.2259172783632914, "Re": 6.3254241545390215, "c": 2.0, "mux": 103.10525368492961, "muy": 100.33137452972338, "n": 0.7032783304040842, "q": 0.904907604777703, "roll": 1.649369439247741}, "bar": null, "spiral": [[[[89.58334330002685, 92.51992183267454], [89.50978508972463, 91.54947833063889], [89.45461968921454, 90.57781528218936], [89.41760305794575, 89.60529135640358], [89.39853851444971, 88.63224967549534], [89.397273169325, 87.65902186403257], [89.41369497494371, 86.68593164875415], [89.44773029827985, 85.713298119975], [89.49934194096124, 84.74143874535136], [89.56852754442458, 83.77067221187397], [89.65531832875426, 82.8013211609968], [89.75977812231012, 81.83371487393755], [89.88200264559129, 80.86819195872918], [90.02211901739803, 79.90510308700838], [90.180285454653, 78.94481382653184], [90.3566911390383, 77.98770761469575], [90.55155622405789, 77.03418891869057], [90.76513195519392, 76.08468662918891], [90.99770087335693, 75.13965773647686], [91.24957706764236, 74.19959134053082], [91.52110643720789, 73.2650130495139], [91.8126669135116, 72.33648982427123], [92.12466858252907, 71.41463532896417], [92.45755363175454, 70.50011585004862], [92.81179602763189, 69.5936568461426], [93.18790080474622, 68.69605018862704], [93.5864028180356, 67.80816214591142], [94.0078647725338, 66.93094215136415], [94.45287430050088, 66.065432371899], [94.92203980328476, 65.21277805788917], [95.415984715165, 64.3742386007528], [95.93533978012204, 63.55119914513398], [96.48073286387721, 62.74518249051447], [97.05277575983675, 61.95786086417361], [97.65204740067352, 61.191066944937326], [98.27907287593428, 60.44680325878242], [98.93429770739579, 59.72724875223931], [99.61805698442738, 59.0347609878188], [100.33053925599054, 58.37187202617612], [101.07174556121986, 57.74127571916697], [101.84144469539372, 57.145803928653926], [102.6391267608295, 56.58838924114358], [103.46395818616487, 56.07201223058746], [104.31474257731784, 55.59963238656337], [105.18989272276367, 55.17410357064447], [106.08741946612871, 54.798077228159535], [107.00494261234132, 54.4738992853414], [107.93972727363163, 54.20350914692756], [108.88874614449043, 53.98835077908066], [109.84876451855432, 53.82930582127324]], {"I": 0.010031911560149926, "falloff": 0.01, "spread": 3.4666744570238266}], [[[111.93500353555245, 101.73089689686164], [112.18468157294555, 102.72078291885482], [112.40526952036804, 103.71755874613339], [112.59794878365878, 104.720106392254], [112.76370162343714, 105.727458265819], [112.90333994621665, 106.73876270004563], [113.01752798547213, 107.75325741320555], [113.10680021486162, 108.77024863526094], [113.17157549751879, 109.78909431639597], [113.21216822646694, 110.80919028459095], [113.22879702581362, 111.82995852351156], [113.22159144593954, 112.85083694783157], [113.19059698280387, 113.87127019366412], [113.13577867424851, 114.89070103656798], [113.05702346817685, 115.90856211195987], [112.95414151377281, 116.92426765099356], [112.82686649653212, 117.937204965028], [112.67485511556549, 118.94672541617497], [112.49768579162317, 119.95213460341104], [112.29485669224383, 120.95268147292548], [112.06578317276478, 121.94754603051591], [111.80979475616338, 122.93582528958156], [111.52613182321464, 123.91651703708806], [111.21394225546403, 124.88850093528883], [110.87227838646653, 125.85051641054352], [110.50009478001623, 126.80113671384451], [110.09624758910267, 127.73873848407013], [109.65949658478257, 128.66146613539328], [109.18851140520547, 129.56719045557932], [108.681884201976, 130.4534610224802], [108.13815167797102, 131.3174525285294], [107.5558305202597, 132.15590601155407], [106.93347137213792, 132.96506757172023], [106.26973755658905, 133.74062970315384], [105.56351531301591, 134.47768419242908], [104.81406150177223, 135.17070077873103], [104.02119124823984, 135.81355203280452], [103.18550016991762, 136.39961067701557], [102.30860235048311, 136.92194750298546], [101.39334677347465, 137.37365088533602], [100.44395650176648, 137.7482671324292], [99.46602696784427, 138.0403233788445], [98.46633507994605, 138.24585061879714], [97.45245491260329, 138.3627950727821], [96.43223629156836, 138.39121477104558], [95.41325073586269, 138.33321144793146], [94.40231785321471, 138.1926238946765], [93.40519051350876, 137.9745703355782], [92.42642083322367, 137.68494814680892], [91.4693803351776, 137.32998013588383]], {"I": 0.007854521183556182, "falloff": 0.01, "spread": 1.5192896053879692}]]}