{"disk": {"I": 0.18875029145693187, "Re": 12.59786694755826, "c": 2.0, "mux": 134.83244115507307, "muy": 134.07632570281396, "n": 1.0, "q": 0.5183901382871751, "roll": 0.0319469974605302}, "bulge": null, "bar": null, "spiral": [[[[81.47268109433335, 163.55415818402693], [81.22306022229107, 161.23151434734584], [81.04153240028434, 158.90256090306335], [80.92902939682298, 156.569256332052], [80.88649717749311, 154.2336305368199], [80.91489619778471, 151.89779257159884], [81.01520126531808, 149.5639391224642], [81.18840088346688, 147.23436379563094], [81.43549597060546, 144.91146727402048], [81.75749782817546, 142.59776840369537], [82.15542520562992, 140.29591627016626], [82.63030028073767, 138.00870331953732], [83.18314333915235, 135.7390795715056], [83.81496589673978, 133.49016795692418], [84.52676196229709, 131.26528078555492], [85.31949708535126, 129.06793732380214], [86.19409477552809, 126.90188240784981], [87.15141981648031, 124.7711059546043], [88.19225792996743, 122.67986314524683], [89.31729117851872, 120.63269493780885], [90.52706843496682, 118.63444840918075], [91.82197019585111, 116.69029623911797], [93.20216699825647, 114.80575439445197], [94.66757071534195, 112.98669678407667], [96.2177780960093, 111.23936529541385], [97.85200609464671, 109.57037322446809], [99.56901884451557, 107.98669967994849], [101.36704661657805, 106.49567210165982], [103.24369778267909, 105.10493366270413], [105.19586573257662, 103.82239207677864], [107.2196338505899, 102.656146343044], [109.31018301864684, 101.61438835390801], [111.46170757495139, 100.70527721950185], [113.66734702478158, 99.9367857554852], [115.91914181252768, 99.3165208978222], [118.20802176196919, 98.8515227837477], [120.52383503076966, 98.54805062672636], [122.85542331296824, 98.41136684849249], [125.19074550138849, 98.44553357603367], [127.51704733023006, 98.65323686204093], [129.82106925326323, 99.03565324137682], [132.08927988031712, 99.59237026325326], [134.30811865903118, 100.32136765293085], [136.46422995020066, 101.2190595183471], [138.5446715546078, 102.28039158329], [140.5370839040579, 103.49898195396999], [142.4298108350972, 104.86729024991456], [144.2119681535405, 106.3767984540427], [145.87346113105076, 108.01818740654416], [147.4049559425496, 109.78149495948611]], {"I": 0.013617872059031748, "falloff": 0.08669232853773305, "spread": 89.92267643285948}], [[[186.08205947460917, 120.05582403431406], [185.69879849239624, 121.66198711294925], [185.27984072597178, 123.25920931341619], [184.82467413934512, 124.84649094096316], [184.33278026825732, 126.42277608579566], [183.8036353758768, 127.98694825438648], [183.2367119021541, 129.5378256441572], [182.63148026089775, 131.0741560431179], [181.98741104701958, 132.59461133172056], [181.3039777270694, 134.09778156695486], [180.58065989824428, 135.58216863263766], [179.8169472147846, 137.04617944492503], [179.0123440958108, 138.4881187117136], [178.16637534733323, 139.90618124817752], [177.27859284843478, 141.29844387759783], [176.3485834750964, 142.66285695270196], [175.37597845586677, 143.99723556859172], [174.36046437770577, 145.29925056720452], [173.30179608278686, 146.5664194781542], [172.1998117193283, 147.79609759277673], [171.05445022470735, 148.98546943943137], [169.86577153082087, 150.13154100669777], [168.63397977651684, 151.23113316478867], [167.35944979461703, 152.28087684797615], [166.04275709103234, 153.2772106995265], [164.6847114586216, 154.21638202255662], [163.28639423592367, 155.09445204219534], [161.84919904458715, 155.9073066313636], [160.3748755883139, 156.6506737873163], [158.86557576914277, 157.32014923427303], [157.32390098446464, 157.91123153532615], [155.75294899534643, 158.41936799343935], [154.1563582583674, 158.84001235337206], [152.53834710787154, 159.168694848869], [150.9037447642414, 159.40110444081677], [149.2580108927602, 159.53318216008594], [147.60724048221482, 159.56122334497366], [145.95815123982433, 159.4819853387398], [144.31805160301025, 159.29279604884687], [142.69478885115183, 158.99165786395852], [141.09667859883726, 158.57734100816427], [139.53241898518687, 158.0494606781891], [138.01099488158837, 157.40853336998427], [136.5415791238763, 156.65600964952773], [135.1334388595488, 155.7942830895861], [133.79585542410524, 154.82667792556222], [132.53806570947384, 153.75742085190288], [131.36923192163212, 152.59160504435818], [130.29844523271993, 151.33515683546057], [129.3347674666756, 149.99481762539827]], {"I": 0.033363069589034025, "falloff": 0.1227655073894979, "spread": 111.64447074467681}]]}