{"disk": {"mux": 63.23212005718658, "muy": 61.409765136159486, "roll": 1.180748866877677, "Re": 18.857493190069942, "q": 0.5871043973990251, "I": 0.11779783362613565, "n": 1.0, "c": 2.0}, "bulge": {"mux": 63.122522521094794, "muy": 61.7812193614694, "roll": 2.6503540244268273, "Re": 2.248312760684928, "q": 1.664660260740957, "I": 0.29746010603133327, "n": 0.5636827396456556, "c": 2.0}, "bar": null, "spiral": []}