{"disk": {"I": 0.10593437854250326, "Re": 16.866329786373857, "c": 2.0, "mux": 49.10813706992948, "muy": 49.66276993852717, "n": 1.0, "q": 0.47227600206029924, "roll": 1.983902326456398}, "bulge": {"I": 3.9646380608029324, "Re": 0.7667201890616684, "c": 2.0, "mux": 48.82622144134272, "muy": 49.316396552147765, "n": 0.2, "q": 0.31756964802006665, "roll": 0.3061133300311214}, "bar": null, "spiral": [[[[57.27719661594319, 62.58696219625247], [56.48418423037129, 62.50479153729891], [55.694525212987884, 62.39495450108117], [54.90901520035802, 62.258559544273275], [54.12837590200033, 62.09658685370542], [53.3532739068027, 61.90989876253306], [52.58433670974465, 61.6992491276444], [51.82216664332696, 61.46529160519437], [51.06735328969164, 61.20858682580281], [50.32048486774019, 60.92960850661176], [49.582159032601936, 60.628748555165046], [48.85299349073523, 60.30632122739236], [48.13363682172433, 59.96256640399022], [47.424779907566815, 59.59765205003219], [46.7271684034437, 59.21167592501399], [46.04161674385168, 58.80466661825576], [45.36902427025169, 58.3765840018741], [44.71039420061502, 57.92731922645106], [44.06685634233447, 57.45669444673124], [43.43969471278378, 56.96446256200239], [42.83038156817619, 56.450307431599455], [42.240619818558656, 55.91384530318922], [41.67239642495732, 55.35462866033162], [41.12805019277451, 54.7721544652827], [40.61035841269549, 54.16588005096564], [40.122647996004794, 53.53525204277672], [39.66893793885329, 52.8797572211975], [39.25412043727612, 52.199010060079004], [38.88418614810019, 51.49290106951098], [38.5664910108802, 50.761844483969895], [38.31003925474491, 50.007183493797456], [38.125703497750486, 49.231830307994905], [38.02619433385706, 48.44121208718674], [38.0254181720252, 47.6444946517959], [38.136710242598745, 46.855746205965936], [38.36963343808498, 46.09414889544313], [38.72607501902232, 45.38203386362661], [39.19788624068783, 44.740486164891074], [39.768226806735655, 44.18454458083648], [40.416036321710315, 43.720929061171475], [41.12070827384543, 43.34908459817634], [41.86481458830323, 43.06389627843623], [42.63480495517015, 42.85824784808873], [43.420584309316645, 42.724691315995855], [44.214743446310564, 42.65629963101784], [45.01182380713461, 42.64700056742131], [45.80773356787596, 42.69164060410171], [46.59931723749305, 42.78592969895343], [47.384046670970164, 42.92634528979829], [48.15979882054986, 43.11003198768336]], {"I": 0.013595802670641236, "falloff": 0.4746296980809359, "spread": 11.62470387743639}], [[[56.00157488081184, 44.31016182003826], [56.266473576157985, 44.582067123002155], [56.52516778487252, 44.8598811618537], [56.777258371563825, 45.14369997339595], [57.02230349739861, 45.433622425775425], [57.25981256112592, 45.72974882197994], [57.4892391561862, 46.03217892105044], [57.7099728913206, 46.34100916919601], [57.92132990462247, 46.65632885995526], [58.12254190700382, 46.97821484458626], [58.312743610312005, 47.306724283231404], [58.49095846052391, 47.64188475663221], [58.65608272587416, 47.98368083812636], [58.80686824623913, 48.33203595871115], [58.94190458482079, 48.68678808999531], [59.059602063031754, 49.04765747190623], [59.15817832621503, 49.41420442643864], [59.23565284319376, 49.78577545169874], [59.28985617472932, 50.16143668461094], [59.31846381869195, 50.53989610810586], [59.319067230947525, 50.91942038730913], [59.28929546144201, 51.29775962902907], [59.22699655649651, 51.672103160041644], [59.13047459868863, 52.03909836339746], [58.99875440850612, 52.394965420778874], [58.83181748821883, 52.73572433450097], [58.630736223525695, 53.05751382186947], [58.39764811745446, 53.356937641175115], [58.13556142484212, 53.631350111593875], [57.84804381881591, 53.879009882243544], [57.53888043778858, 54.099081398413205], [57.21177998317262, 54.29151525206595], [56.87017132333386, 54.45686456215724], [56.51709479115725, 54.59609109520202], [56.15516889630159, 54.710395614434525], [55.7866062295181, 54.80108670593207], [55.41325560162286, 54.86948849122331], [55.036654291990054, 54.91688090135458], [54.658080772805235, 54.94446436287997], [54.27860302882538, 54.953341431234975], [53.89912058079049, 54.94450948090325], [53.52039997842478, 54.918860183118575], [53.14310434109366, 54.87718284872381], [52.76781784229454, 54.820169715795416], [52.39506609901708, 54.74842196285096], [52.02533337521112, 54.662455697524344], [51.65907741730459, 54.562707473484465], [51.29674264921099, 54.44953907769083], [50.938772384651806, 54.32324144352902], [50.58562067685537, 54.18403760959344]], {"I": 0.009655982492180226, "falloff": 0.12652725932849235, "spread": 8.601072628012778}]]}