{"disk": {"mux": 74.7442666288178, "muy": 74.95113873060698, "roll": 1.4618486279803746, "Re": 19.181259862974414, "q": 0.8373308723127094, "I": 0.10454382762042065, "n": 1.0, "c": 2.0}, "bulge": {"mux": 75.03453922570357, "muy": 75.04426757488095, "roll": 1.0184763672388455, "Re": 1.8006060066674159, "q": 0.04944053879986616, "I": 6.935740788306803, "n": 0.8513848024734444, "c": 2.0}, "bar": null, "spiral": []}