{"disk": {"I": 0.07897094328371511, "Re": 28.95440230541831, "c": 2.0, "mux": 111.1614624503782, "muy": 110.31723030192207, "n": 1.0, "q": 0.9395215706735922, "roll": 1.0504148450800126}, "bulge": {"I": 0.2516763323517303, "Re": 4.975248738214144, "c": 2.0, "mux": 112.31572924644105, "muy": 112.56276805160108, "n": 0.969427490358863, "q": 0.6966411630503728, "roll": 0.21748868647184957}, "bar": null, "spiral": []}