{"disk": {"I": 0.1096891853587968, "Re": 17.88618983286103, "c": 2.0, "mux": 75.55296623332907, "muy": 75.07033849143568, "n": 1.0, "q": 0.8540388980450521, "roll": 2.5334841941314594}, "bulge": {"I": 0.20710920475529598, "Re": 3.944872867881235, "c": 2.0, "mux": 75.69086717932888, "muy": 75.77903108248961, "n": 0.48605038447269877, "q": 0.6637739501943727, "roll": 2.2475887392803093}, "bar": null, "spiral": []}