{"disk": {"mux": 40.37975088998355, "muy": 38.405951650667745, "roll": 2.7208906772885224, "Re": 11.734836976512328, "q": 0.7931344391022918, "I": 0.13799750403634786, "n": 1.0, "c": 2.0}, "bulge": {"mux": 40.62753265574161, "muy": 38.4020773237949, "roll": 2.6177254318463707, "Re": 0.5960496909260882, "q": 8.57004897430998, "I": 0.2650557630537598, "n": 1.5356249513522526, "c": 2.0}, "bar": {"mux": 41.29926654116484, "muy": 37.55194847681969, "roll": 3.1415921731547964, "Re": 8.84263774044643, "q": 0.5924467274781564, "I": 0.0, "n": 0.3121511653946934, "c": 2.329569476096854}, "spiral": []}