{"disk": {"I": 0.03845720274772587, "Re": 36.73736823443878, "c": 2.0, "mux": 111.1086422774544, "muy": 112.10719140027138, "n": 1.0, "q": 0.6489522804161766, "roll": 1.6936565345370926}, "bulge": null, "bar": {"I": 0.19061201197915864, "Re": 5.3361320226425155, "c": 3.055025745088293, "mux": 112.23136837582133, "muy": 112.40270477305708, "n": 1.4593947480820992, "q": 0.4046880533889707, "roll": 1.2935018345637779}, "spiral": [[[[156.55528362096962, 113.01001878631386], [155.92537494629042, 114.16273217920747], [155.2411298327632, 115.2840468392283], [154.50457356403274, 116.37171829519079], [153.71792263019714, 117.42373176608533], [152.88354292212713, 118.4383111313209], [152.0039083364109, 119.4139203341348], [151.08156146778677, 120.34925804738717], [150.11907769100452, 121.24324670362797], [149.11903352721876, 122.09501711912499], [148.08397979941773, 122.90388996305185], [147.01641973778078, 123.66935523395472], [145.91879192341545, 124.39105076165737], [144.79345775926998, 125.06874057378297], [143.64269302992324, 125.70229377407726], [142.46868304647433, 126.29166439774147], [141.2735208562864, 126.83687254642317], [140.0592080171039, 127.33798696830125], [138.82765747925822, 127.79510913864293], [137.58069817855775, 128.20835881194526], [136.32008100865204, 128.57786095524227], [135.04748590991633, 128.9037339294187], [133.7645298793985, 129.18607875732718], [132.47277577182078, 129.42496930093657], [131.1737418224098, 129.6204431595985], [129.86891188451014, 129.77249309811268], [128.5597464330507, 129.88105880976983], [127.24769444819547, 129.94601881986247], [125.93420635964299, 129.96718233171595], [124.62074830889769, 129.94428081466808], [123.30881807738265, 129.87695912764215], [121.99996314082875, 129.7647659639898], [120.69580145348708, 129.60714339480754], [119.39804575298012, 129.40341527918414], [118.10853242519822, 129.1527743063065], [116.82925630441136, 128.85426744231535], [115.56241324218108, 128.50677958841231], [114.31045290897535, 128.10901534152956], [113.07614517244694, 127.65947892562221], [111.86266462087406, 127.15645271642698], [110.67369952463072, 126.59797545251189], [109.5135939351165, 125.98182248137515], [108.3875349597892, 125.30549270663606], [107.30180174694968, 124.56621116988615], [106.26409840705358, 123.7609640309738], [105.2839992704957, 122.88659701231519], [104.3735385233015, 121.94003416672106], [103.54796830208991, 120.91871891279105], [102.82666593496113, 119.82145253276458], [102.23403750170488, 118.64990432140395]], {"I": 0.015827601449494803, "falloff": 0.8810985096643128, "spread": 19.599993810320868}], [[[48.96337990424024, 75.54663982429389], [50.52188375662958, 75.63422150905444], [52.079549177299526, 75.7356256242973], [53.63623884344876, 75.85104295898353], [55.19180936843298, 75.98067208559692], [56.74611084193927, 76.12471984356189], [58.298986325477756, 76.28340186185471], [59.850271297706385, 76.45694312496956], [61.39979304340162, 76.64557858679535], [62.94736997900435, 76.84955383749431], [64.49281090673995, 77.06912582897708], [66.03591418793377, 77.30456366547013], [67.57646682407618, 77.55614946719994], [69.11424343433167, 77.82417931405625], [70.64900511322944, 78.10896428053563], [72.1804981525533, 78.41083157145293], [73.7084526068022, 78.73012577137548], [75.23258067850132, 79.06721022197941], [76.75257489541983, 79.42246854354704], [78.26810604606614, 79.79630631974655], [79.77882083461974, 80.18915296656584], [81.28433920620324, 80.60146381207748], [82.78425128682358, 81.03372241469573], [84.278113867461, 81.48644315516165], [85.76544634861841, 81.96017414140977], [87.24572604165621, 82.45550047330956], [88.71838270069284, 82.97304792121315], [90.18279212689514, 83.51348708325335], [91.63826865017106, 84.07753809598805], [93.08405624118322, 84.66597598807952], [94.51931794371286, 85.27963678065758], [95.94312322922647, 85.91942445845659], [97.35443276453714, 86.58631895513022], [98.75207993084535, 87.28138532068742], [100.13474822647422, 88.00578426505479], [101.50094340768875, 88.76078429548669], [102.84895883327356, 89.5477756869761], [104.17683193769066, 90.36828653083897], [105.48228898996271, 91.22400108190695], [106.76267419442638, 92.11678053427467], [108.01485758355146, 93.04868613641527], [109.23511378439157, 94.02200408181024], [110.41896019043443, 95.0392706408347], [111.56093768545114, 96.10329405372917], [112.65430880683135, 97.2171658217565], [113.69063549933655, 98.38424624247257], [114.6591790729575, 99.60809321211008], [115.54603588936664, 100.89227068940964], [116.33288278708324, 102.23990495935057], [116.99516741986942, 103.652713178525]], {"I": 0.03371677000864246, "falloff": 0.9517631655021619, "spread": 2.624298552582771}], [[[68.65778151378963, 112.6446801226797], [69.12869831640771, 112.22064451156352], [69.6058715411294, 111.80366182643527], [70.08918972703758, 111.39381747792031], [70.57853992765472, 110.9911945107037], [71.07380783803328, 110.59587364852008], [71.57487791807064, 110.20793334741182], [72.08163351156168, 109.82744985699242], [72.59395696053467, 109.45449728944544], [73.11172971445781, 109.0891476960092], [73.63483243389994, 108.73147115062402], [74.16314508830582, 108.38153584052654], [74.69654704752475, 108.0394081634721], [75.23491716679494, 107.70515283136612], [75.7781338648871, 107.37883298004812], [76.32607519513921, 107.06051028500713], [76.87861890913184, 106.7502450828317], [77.43564251276696, 106.44809649822], [77.99702331452391, 106.1541225764052], [78.56263846567383, 105.86838042088593], [79.13236499223514, 105.59092633638507], [79.70607981845193, 105.32181597700234], [80.28365978156955, 105.06110449957268], [80.86498163766825, 104.80884672227822], [81.44992205829912, 104.5650972886267], [82.0383576176401, 104.32991083695167], [82.63016476985928, 104.10334217565652], [83.22521981633328, 103.88544646448241], [83.82339886232069, 103.67627940215263], [84.42457776263389, 103.4758974208177], [85.02863205578538, 103.2843578878065], [85.63543688600689, 103.10171931527421], [86.24486691244525, 102.92804157844365], [86.85679620473756, 102.76338614322043], [87.47109812403724, 102.60781630410746], [88.08764518842655, 102.46139743344392], [88.70630892148215, 102.32419724315665], [89.32695968256688, 102.19628606036088], [89.94946647720019, 102.07773711833191], [90.57369674560427, 101.96862686455867], [91.19951612721022, 101.86903528783635], [91.8267881985736, 101.7790462665874], [92.45537418172003, 101.69874794091751], [93.08513261947012, 101.62823311122838], [93.71591901371994, 101.56759966659865], [94.34758542197675, 101.51695104658877], [94.97998000665845, 101.47639674062431], [95.61294653070632, 101.44605282970595], [96.24632379193558, 101.42604257586908], [96.87994498716657, 101.41649706562046]], {"I": 0.021651578452310888, "falloff": 1.3755689193876808, "spread": 0.21727845801608262}]]}