{"spiral": [[[[148.64149632962722, 112.79128114880687], [149.11958140473376, 113.49966157370727], [149.56556307177974, 114.22868137931721], [149.97876386615445, 114.97676980396321], [150.3586293682591, 115.74232536450734], [150.704725712693, 116.52372960578138], [151.0167352631374, 117.31935994778203], [151.29445074290527, 118.12760136226856], [151.5377681372016, 118.94685668623596], [151.7466786892749, 119.77555545453887], [151.9212603016706, 120.61216120289481], [152.06166863001323, 121.45517725254476], [152.16812812296988, 122.30315103656802], [152.24092322309244, 123.15467706462324], [152.28038990224405, 124.00839864792306], [152.28690766556068, 124.86300852119716], [152.2608921205361, 125.71724850409424], [152.2027881748275, 126.56990834302803], [152.1130638983583, 127.4198238675827], [151.99220506257808, 128.2658745853192], [151.8407103517869, 129.10698082579535], [151.65908722826018, 129.94210053050827], [151.4478484238906, 130.7702257711868], [151.20750902553652, 131.59037906506262], [150.93858411864275, 132.40160954254546], [150.64158695351927, 133.20298901082143], [150.3170276003768, 133.99360794625238], [149.96541206241193, 134.7725714392224], [149.58724182059683, 135.53899510707433], [149.18301378911212, 136.29200098416703], [148.75322066635903, 137.03071339269718], [148.29835167310404, 137.75425479374366], [147.81889367646113, 138.46174161495247], [147.31533270610356, 139.1522800493973], [146.78815587731972, 139.8249618194508], [146.2378537443417, 140.47885990008302], [145.66492311683385, 141.11302419801746], [145.069870382631, 141.72647718679139], [144.45321539067012, 142.31820950370482], [143.8154959598945, 142.8871755224895], [143.15727309218465, 143.43228892722894], [142.47913698054415, 143.9524183278521], [141.78171391670944, 144.44638297802175], [141.06567421543184, 144.91294868192048], [140.33174128394717, 145.35082401034813], [139.58070197377685, 145.7586569891699], [138.81341835549128, 146.13503247676664], [138.03084105241135, 146.4784705133226], [137.23402425101358, 146.78742600563203], [136.42414247022268, 147.06029020590367]], {"i0": 0.011303197059449372, "spread": 0.5000119085355849, "falloff": 0.9999412559237911}], [[[108.98607885066669, 143.8668017580845], [108.88770899424283, 143.19270647127476], [108.80855892037475, 142.51608481004618], [108.7485302034616, 141.83749902023138], [108.7075093173893, 141.15749908507462], [108.68536920102245, 140.47662249472447], [108.68197076022871, 139.79539416078936], [108.69716429746742, 139.1143264634136], [108.730790861748, 138.4339194179703], [108.78268351400708, 137.7546609491115], [108.85266850438589, 137.07702726005604], [108.94056635960618, 136.40148328602947], [109.04619287966209, 135.72848322117076], [109.16936004426675, 135.058471109486], [109.30987683013576, 134.39188149096418], [109.46754994094071, 133.72914009523043], [109.64218445212602, 133.07066457582934], [109.83358437310974, 132.41686527922337], [110.04155312952953, 131.76814604351944], [110.265893968205, 131.1249050226542], [110.50641028741562, 130.4875355326486], [110.76290589489848, 129.85642691723865], [111.03518519570873, 129.23196543082958], [111.32305331173924, 128.61453513735646], [111.62631613428626, 128.00451882416806], [111.94478031057278, 127.40229893053186], [112.27825316461357, 126.80825849077598], [112.62654255221403, 126.22278209244922], [112.9894566492541, 125.64625685017164], [113.36680367170537, 125.07907339608056], [113.75839152506836, 124.5216268879366], [114.1640273800904, 123.97431803603997], [114.58351717072797, 123.43755415011601], [115.01666500934674, 122.91175020723126], [115.46327251310214, 122.39732994158867], [115.9231380342894, 121.89472695675816], [116.39605578621648, 121.40438586039464], [116.88181485483076, 120.92676342078673], [117.38019808483135, 120.4623297438215], [117.89098082750255, 120.01156946765113], [118.41392953580737, 119.5749829709743], [118.9488001905208, 119.15308758897751], [119.49533653938069, 118.74641882861383], [120.05326812934904, 118.35553157204282], [120.62230811021948, 117.98100125348599], [121.20215078605855, 117.62342499037916], [121.79246888937806, 117.28342264442901], [122.39291055170736, 116.96163778178901], [123.00309594368049, 116.65873849381693], [123.62261355777797, 116.37541803093369]], {"i0": 0.01052103557635375, "spread": 0.5000053022264344, "falloff": 0.9999738032808153}]], "disk": {"i0": 0.046154932183354924, "n": 1.0, "c": 2.0, "mu": [131.56381451557627, 131.1121492905308], "roll": 1.603692071787335, "rEff": 19.490642525012856, "axRatio": 0.9616296962469805}, "bulge": {"i0": 1.1930391938026723, "n": 1.0941812417654422, "c": 2.0, "mu": [131.54021133652117, 131.27909705941212], "roll": 0.3834713460968726, "rEff": 4.135843216508892, "axRatio": 0.8513245366020493}, "bar": {"i0": 0.05623252330051355, "n": 0.5355194228828772, "c": 2.1553441286352806, "mu": [131.93259572407197, 131.76355613449942], "roll": 2.160511326421179, "rEff": 10.11595636586527, "axRatio": 0.27419509882115145}}