{"spiral": [[[[148.9930902325509, 94.99529695141338], [148.81726856605104, 95.95451952162024], [148.58238753751473, 96.90101605546037], [148.2899191640434, 97.83133600020032], [147.9419357015655, 98.74235331473547], [147.54100104641444, 99.63134802042339], [147.0900453980795, 100.49605400156024], [146.5922370574406, 101.33467352083338], [146.050862929817, 102.14586317311418], [145.4692256212494, 102.9286984551493], [144.8505611058108, 103.68262477229455], [144.1979776312995, 104.40740197707723], [143.51441421864604, 105.10304804720909], [142.80261581105304, 105.76978581120802], [142.06512166154243, 106.40799506003057], [141.30426363371106, 107.01817114245225], [140.52217149467953, 107.60089025594108], [139.7207828104043, 108.15678108483048], [138.90185559326753, 108.68650213021004], [138.0669823363871, 109.19072394668021], [137.21760447108318, 109.67011548665383], [136.35502659947258, 110.12533380478293], [135.48043009166057, 110.55701645972741], [134.59488580923244, 110.96577604632492], [133.69936583760563, 111.35219638551959], [132.79475419167304, 111.71682998543821], [131.88185651300952, 112.06019646218004], [130.96140880904548, 112.38278167181593], [130.0340853035664, 112.68503735712753], [129.10050547760085, 112.96738115515457], [128.1612403814996, 113.23019684463009], [127.2168182985561, 113.47383473917793], [126.26772983711312, 113.69861215290308], [125.31443252285477, 113.90481388030706], [124.35735495854833, 114.09269264492882], [123.39690061320977, 114.26246947978508], [122.43345129797399, 114.4143340088336], [121.467370382151, 114.54844460313025], [120.49900579965605, 114.6649283877942], [119.52869289364243, 114.76388107684525], [118.55675714586472, 114.84536661267028], [117.58351683709148, 114.9094165853059], [116.60928568593494, 114.95602940385378], [115.63437551601211, 114.98516918815622], [114.65909900564492, 114.99676434335902], [113.68377258075863, 114.99070577243238], [112.70871952078517, 114.96684467257835], [111.73427335997788, 114.92498984944261], [110.7607816835862, 114.86490446818837], [109.78861044142108, 114.78630214133291]], {"i0": 0.17363084235011175, "spread": 1.002720551066752, "falloff": 0.7721697125564219}], [[[65.33918269025502, 112.85541083976867], [65.03237203247065, 111.90451031000174], [64.79097294297497, 110.93496294344176], [64.62026005948508, 109.9505321644807], [64.52493493823906, 108.95598951430719], [64.50873533483428, 107.95703864185717], [64.57405963120434, 106.96010649807978], [64.72168168151865, 105.972007405514], [64.95062537830273, 104.99952372760833], [65.25823469065438, 104.04897695935672], [65.64042485777047, 103.12586893919404], [66.09205583633334, 102.23465050504792], [66.60734877466115, 101.37863595466172], [67.18027410703175, 100.56004484228342], [67.80486552679089, 99.78013124369318], [68.47544289302613, 99.0393568953596], [69.18674885314296, 98.33757281410456], [69.93401552847325, 97.6741865534141], [70.71298079212517, 97.04830378902282], [71.51987186925365, 96.45884117121584], [72.35137014134166, 95.90461220912881], [73.20456697343475, 95.38439017336847], [74.07691695517207, 94.89695258752965], [74.96619238186331, 94.44111159576534], [75.87044103655674, 94.01573384435636], [76.7879481954587, 93.6197527853349], [77.71720308875848, 93.25217563799522], [78.65686965561508, 92.91208668014572], [79.60576123458578, 92.59864809591359], [80.56281874661396, 92.31109926682106], [81.52709191095654, 92.04875513951458], [82.49772305532768, 91.81100411982104], [83.47393311769812, 91.59730581024489], [84.45500947967726, 91.4071888145445], [85.44029531443226, 91.24024876972985], [86.429180168709, 91.09614672108488], [87.42109153271124, 90.97460793073353], [88.41548717595133, 90.87542119265498], [89.41184804770391, 90.79843872312404], [90.40967155184204, 90.7435766956755], [91.4084650107685, 90.71081649870321], [92.40773912921313, 90.70020680885203], [93.4070012550989, 90.71186659500572], [94.40574820944158, 90.7459891979269], [95.40345841688622, 90.80284767050203], [96.39958300789893, 90.88280161661878], [97.3935354758138, 90.98630583521643], [98.38467934431395, 91.1139211689132], [99.37231311766124, 91.2663280769298], [100.35565151803883, 91.44434361579759]], {"i0": 0.057453790896433245, "spread": 1.0480649704692373, "falloff": 0.7170592894790828}]], "disk": {"i0": 0.1607969448374296, "n": 1.0, "c": 2.0, "mu": [102.13011691045381, 100.56879360045596], "roll": 0.0037897456683292706, "rEff": 28.936450695341758, "axRatio": 0.3240769736531206}, "bulge": {"i0": 0.11246904011983713, "n": 1.9243739512660516, "c": 2.0, "mu": [102.48817487677829, 101.22176121045405], "roll": 1.904444503313229, "rEff": 16.9285987837008, "axRatio": 0.4180648964245854}, "bar": null}