{"disk": {"I": 0.10822380239430093, "Re": 21.584396444011922, "c": 2.0, "mux": 45.370050565979355, "muy": 47.54224771291283, "n": 1.0, "q": 0.3664497742011031, "roll": 1.9610846820237076}, "bulge": {"I": 0.0, "Re": 0.0, "c": 2.0, "mux": 48.544562199524016, "muy": 45.781875698575746, "n": 1.0, "q": 0.49984478528174414, "roll": 1.8210687567178108}, "bar": {"I": 0.225032477249004, "Re": 7.996128249566984, "c": 1.0471302778710136, "mux": 48.87481499094035, "muy": 47.51159958218393, "n": 0.7398790568150257, "q": 0.4117084169205194, "roll": 1.6407222746203134}, "spiral": []}