{"spiral": [], "disk": {"i0": 0.19940893291800316, "n": 1.0, "c": 2.0, "mu": [60.13201528926168, 59.77476722229977], "roll": 0.3941923130781363, "rEff": 12.420656731029311, "axRatio": 0.44532416367174715}, "bulge": {"i0": 0.9041477624107259, "n": 0.9264498497750385, "c": 2.0, "mu": [60.4573247036533, 60.079724720683515], "roll": 1.327670780537944, "rEff": 2.511743191502692, "axRatio": 0.9897094236709939}, "bar": null}