{"spiral": [], "disk": {"i0": 0.14018836623374986, "n": 1.0, "c": 2.0, "mu": [103.45143875618182, 101.74850730592712], "roll": 2.3858974155915176, "rEff": 17.274785497936858, "axRatio": 0.48080969274583}, "bulge": {"i0": 0.77822748474291, "n": 0.8541699557962983, "c": 2.0, "mu": [103.16255570786414, 101.36735045951387], "roll": 1.7620726893244945, "rEff": 2.7387758383765064, "axRatio": 0.9837842685066746}, "bar": null}