{"disk": {"mux": 102.09644174666828, "muy": 102.78191847749885, "roll": 3.117547040996752, "Re": 25.411420232598736, "q": 0.8801922328890127, "I": 0.12139856264713267, "n": 1.0, "c": 2.0}, "bulge": {"mux": 102.29119318968954, "muy": 101.83778113858861, "roll": 2.9445949432731715, "Re": 6.44576348976918, "q": 1.911329960153076, "I": 0.023394104903047976, "n": 5.592115855797648, "c": 2.0}, "bar": null, "spiral": []}