{"spiral": [[[[43.26345874373838, 40.68461165831784], [43.611359940745785, 40.54886598926629], [43.962672644299296, 40.42221208204996], [44.31721928061345, 40.30491676250638], [44.674807586479645, 40.19725164949118], [45.03522955851083, 40.0994926576792], [45.39826036494057, 40.01191938436946], [45.76365722760696, 39.93481436618803], [46.13115828349751, 39.86846219110493], [46.500481438306, 39.81314845073353], [46.87132322741848, 39.76915851796585], [47.243357702836164, 39.73677613550316], [47.616235368318165, 39.71628180192337], [47.989582188750504, 39.707950943753495], [48.36299870389074, 39.712051864795306], [48.73605927989593, 39.72884346747974], [49.108311536522706, 39.75857274613931], [49.47927598997422, 39.80147205776676], [49.84844595445665, 39.857756183435264], [50.21528774603011, 39.927619201799416], [50.579241232021474, 40.011231205658476], [50.939720766885735, 40.10873490295604], [51.29611655060748, 40.22024215432425], [51.647796438263484, 40.345830509633764], [51.994108219659694, 40.48553981636414], [52.334382374761184, 40.63936898038213], [52.66793529552808, 40.807272965874205], [52.994072947352855, 40.98916012384682], [53.31209492460674, 41.1848899371404], [53.62129883588596, 41.39427126428515], [53.92098493644734, 41.617061153627716], [54.210460909460835, 41.852964283872424], [54.48904668534924, 42.101633067270065], [54.756079180721436, 42.36266842871466], [55.01091683619046, 42.63562124856069], [55.25294383610926, 42.91999443105925], [55.48157390309288, 43.21524553519825], [55.69625357515936, 43.52078988270911], [55.89646489337427, 43.836004039126735], [56.08172745054428, 44.1602295508516], [56.25159977622397, 44.49277681324401], [56.405680057966364, 44.83292894282877], [56.54360622199723, 45.17994553006027], [56.665055417324574, 45.53306615692419], [56.769742964211865, 45.89151357516832], [56.85742084150535, 46.254496454378206], [56.92787579618777, 46.621211623781356], [56.98092716404267, 46.990845745844645], [57.01642449239378, 47.36257637267552], [57.03424505562159, 47.73557234695881]], {"i0": 0.025232940584375578, "spread": 0.2519571773655652, "falloff": 0.8690753402705809}]], "disk": {"i0": 0.20088909534073754, "n": 1.0, "c": 2.0, "mu": [52.08350954640138, 51.001666351572176], "roll": 1.2052258771118662, "rEff": 34.703088499885745, "axRatio": 0.9101484248002689}, "bulge": {"i0": 0.23271321347766485, "n": 2.362797752751543, "c": 2.0, "mu": [51.94715649810116, 50.51970689800619], "roll": 1.7666556499130341, "rEff": 2.7408932261389327, "axRatio": 0.9912953183710883}, "bar": null}