{"disk": {"I": 0.061063568880903606, "Re": 24.870763297729233, "c": 2.0, "mux": 89.05719251572506, "muy": 89.41383868543997, "n": 1.0, "q": 0.9352722565799638, "roll": 2.214872948321341}, "bulge": {"I": 0.47583147813371945, "Re": 3.3526857796500087, "c": 2.0, "mux": 89.16238476441546, "muy": 89.33304181228421, "n": 2.0620551307420363, "q": 0.3012375113771406, "roll": 1.6877005773894602}, "bar": null, "spiral": []}