{"spiral": [[[[33.74504534785266, 25.338343970053906], [34.10099325796771, 25.39334270655002], [34.45170922897465, 25.475324606112878], [34.795101594935716, 25.583970642944596], [35.129137373436514, 25.71866511036834], [35.45189897592692, 25.87850364963021], [35.76163646643399, 26.062317866901726], [36.0568103600111, 26.268714350609432], [36.33612132005397, 26.496124031737914], [36.59852506525191, 26.742856779245475], [36.843232839014725, 27.00715605786605], [37.06969946980328, 27.287249267749207], [37.27760208448894, 27.58139070521521], [37.46681287590921, 27.887895548793857], [37.637369097828774, 28.20516457427252], [37.789442878635846, 28.531700262032423], [37.9233127220986, 28.86611553607948], [38.03933786143099, 29.20713661563467], [38.137936044464276, 29.553601455933553], [38.2195648902988, 29.904455103178762], [38.28470666507441, 30.25874306428693], [38.33385615437559, 30.615603554099025], [38.36751122991818, 30.974259260120846], [38.38616569028118, 31.334009077843103], [38.39030397515038, 31.6942201179587], [38.38039739283259, 32.05432017260944], [38.356901549395126, 32.41379074396706], [38.32025471759281, 32.77216067920743], [38.27087693023175, 33.129000416527695], [38.20916962407633, 33.48391682108662], [38.13551569565948, 33.83654857492441], [38.050279859993275, 34.186562076682115], [37.9538092273289, 34.533647803889004], [37.84643403280975, 34.87751709040508], [37.72846846899396, 35.2178992740948], [37.600211584243084, 35.554539172074456], [37.46194821890768, 35.887194845374154], [37.31394995925301, 36.215635618143246], [37.15647609471866, 36.539640320560835], [36.98977456857675, 36.85899572824879], [36.81408291550915, 37.17349517434916], [36.62962918223703, 37.48293731353199], [36.43663282929634, 37.7871250200251], [36.23530561347817, 38.08586440431177], [36.0258524515249, 38.37896393540262], [35.808472266617215, 38.6662336575951], [35.58335881935153, 38.947484492564016], [35.35070152573748, 39.22252761916212], [35.11068626447173, 39.49117392488575], [34.86349617623478, 39.75323352428193]], {"i0": 1.599731942761042, "spread": 0.0008707241569539719, "falloff": 0.3823929772464179}], [[[25.936613528933208, 37.55427248754757], [25.618171762290668, 37.344091287384835], [25.314479032832878, 37.11310778461234], [25.026648922250818, 36.86263178708935], [24.75560536573606, 36.59407667351645], [24.502078937837204, 36.308922146695906], [24.26661132037066, 36.00867857257348], [24.049566498228288, 35.69485493619763], [23.851146883658064, 35.36893174741688], [23.671412515635684, 35.03233952866168], [23.51030164830344, 34.68644291862108], [23.367651347813993, 34.3325299849595], [23.24321707442728, 33.971806066293986], [23.136690575210334, 33.605391338123084], [23.047715713590087, 33.234321284556216], [22.975902097283154, 32.859549318243374], [22.92083653517411, 32.48195089290939], [22.88209246321127, 32.10232856955246], [22.859237541765758, 31.721417613141874], [22.8518396539838, 31.339891801313968], [22.85947153772765, 30.958369214529412], [22.88171427157893, 30.577417849939113], [22.91815981483007, 30.19756095641361], [22.96841277693884, 29.8192820311278], [23.032091566814973, 29.44302944870398], [23.10882904830013, 29.06922071584061], [23.198272806353977, 28.698246359167], [23.30008510930862, 28.330473463486918], [23.413942635750924, 27.96624888362017], [23.53953602100099, 27.605902155363985], [23.676569266006943, 27.249748132739136], [23.824759042247482, 26.89808937779968], [23.983833918079906, 26.551218328434054], [24.15353352560622, 26.209419267759607], [24.333607681923798, 25.872970116686687], [24.52381547438045, 25.54214406907932], [24.723924316037028, 25.217211086712418], [24.93370897478909, 24.89843926900277], [25.152950577371342, 24.586096110307395], [25.38143558767391, 24.28044965544217], [25.618954757367153, 23.981769561972616], [25.865302045684164, 23.69032807576301], [26.12027350431358, 23.406400924221945], [26.383666122672903, 23.13026812957704], [26.655276628406828, 22.862214742416075], [26.93490023767452, 22.602531493591925], [27.222329349786133, 22.35151536024672], [27.517352181006704, 22.109470039377893], [27.819751332789647, 21.876706319952817], [28.129302290695716, 21.65354234180001]], {"i0": 0.16051981668773718, "spread": 19.508157954729477, "falloff": 0.4634225254129957}]], "disk": {"i0": 0.047265994814291196, "n": 1.0, "c": 2.0, "mu": [31.0747485157779, 30.29874490519972], "roll": 1.2824760102905037, "rEff": 13.841916633728813, "axRatio": 0.8388157592748017}, "bulge": {"i0": 1.2548094504754503, "n": 0.8062840125519425, "c": 2.0, "mu": [30.951160341660728, 30.28107610448385], "roll": 0.5423973897156971, "rEff": 2.368570244233795, "axRatio": 0.9593402458564949}, "bar": {"i0": 0.222858829294804, "n": 1.0673907623016134, "c": 2.4613197944637184, "mu": [31.177856265006266, 30.262085128870616], "roll": 0.8066715410886685, "rEff": 3.879269901475596, "axRatio": 0.24929268528723253}}