{"disk": {"I": 0.007706265173971039, "Re": 90.17719264122555, "c": 2.0, "mux": 53.92259836463246, "muy": 39.205117810606964, "n": 1.0, "q": 0.5481762266857083, "roll": 0.8783013738726859}, "bulge": {"I": 0.006234250025468868, "Re": 78.48114312202847, "c": 2.0, "mux": 86.77318168130738, "muy": 87.25641149496886, "n": 5.3486873985450805, "q": 0.43168594406282357, "roll": 1.1266784336615063}, "bar": null, "spiral": []}