{"disk": {"mux": 67.87160788859055, "muy": 66.49607531254527, "roll": 0.5813210946918379, "Re": 20.02401376307784, "q": 0.8298799615149263, "I": 0.07616494153801867, "n": 1.0, "c": 2.0}, "bulge": null, "bar": {"mux": 69.33102090832918, "muy": 63.288937443448454, "roll": 0.3624231539493237, "Re": 10.304894018689367, "q": 0.2794773249973514, "I": 0.26374562071498425, "n": 0.24592917212554588, "c": 8.146912638531557}, "spiral": []}