{"spiral": [], "disk": {"i0": 0.16587574066025296, "n": 1.0, "c": 2.0, "mu": [58.677469646848685, 57.90552702882071], "roll": 2.241934535657204, "rEff": 24.18497558387158, "axRatio": 0.7334891696944801}, "bulge": {"i0": 0.6590175125060779, "n": 1.0792196886610521, "c": 2.0, "mu": [58.90270821530586, 57.91292868712115], "roll": 1.3383052216582767, "rEff": 2.5554529053074644, "axRatio": 0.9178771737453473}, "bar": null}