{"disk": {"mux": 48.24664106772587, "muy": 47.93036100957361, "roll": 0.7149312908381389, "Re": 14.104917606557082, "q": 0.5028375634970369, "I": 0.21513786080377256, "n": 1.0, "c": 2.0}, "bulge": {"mux": 48.417232733004795, "muy": 48.33601395811001, "roll": 0.7280382613043765, "Re": 8.973559757828976, "q": 3.3984239468698663, "I": 0.0028692463575826057, "n": 7.453948627389796, "c": 2.0}, "bar": {"mux": 48.70186343967708, "muy": 47.92797405227748, "roll": 0.5660487946389234, "Re": 0.6519255642223372, "q": 0.13733354427784422, "I": 0.45936982333653253, "n": 0.15859488614301012, "c": 1.9225632875814707}, "spiral": []}