{"spiral": [[[[55.09666005827789, 63.90923860595404], [55.02835283555334, 62.431094874935496], [55.06145464711149, 60.951736136158736], [55.1947338409761, 59.47801695506307], [55.42702959763466, 58.01662870131952], [55.75718731411834, 56.57419630283846], [56.18398513979616, 55.15735072635156], [56.70605250890582, 53.772778290368755], [57.321781842458606, 52.42724648220925], [58.02923539679518, 51.12760495599954], [58.82605044587332, 49.88075991879021], [59.70934747605941, 48.69362030204085], [60.67564764912837, 47.57301510409942], [61.72080713263437, 46.52558316048304], [62.83997659950776, 45.55763929487923], [64.02759381651128, 44.675024044605735], [65.27741544237956, 43.88294741051325], [66.58259084367693, 43.18583960026113], [67.93577624549324, 42.58722275006931], [69.32928257975401, 42.0896165470517], [70.75524599224818, 41.69448743410906], [72.20580710956526, 41.402246134064754], [73.67328449459262, 41.212292555133764], [75.15032931394047, 41.12310187562322], [76.63005161449635, 41.13234176002786], [78.10611288645265, 41.23700877026743], [79.5727838624693, 41.43357209147864], [81.02497000982233, 41.71811430140641], [82.4582095550928, 42.08646140042102], [83.86865005117436, 42.534297084589326], [85.25300968205885, 43.05725878023118], [86.60852895445112, 43.651015001461296], [87.93291751234189, 44.311325033384286], [89.22429973762915, 45.03408282589398], [90.481161771471, 45.815347403415764], [91.70230170004781, 46.65136218665192], [92.88678392570775, 47.538565493952056], [94.03389820535216, 48.47359424319805], [95.14312345406768, 49.45328257572583], [96.21409616119512, 50.47465682351741], [97.24658310497304, 51.53492794976484], [98.2404579779624, 52.631482354208245], [99.1956814960542, 53.76187171475792], [100.11228456989481, 54.92380237184597], [100.9903541369705, 56.115124622473154], [101.83002128499642, 57.333822182096895], [102.63145133602492, 58.57800199205385], [103.39483559951177, 59.84588448928196], [104.12038453899811, 61.13579440223639], [104.80832213395182, 62.44615211127668]], {"i0": 0.050310109650166676, "spread": 8.207421512230809, "falloff": 0.38012197164390016}], [[[76.06820929067055, 60.4592471071064], [77.29906774518149, 61.49748197091422], [78.39034445589137, 62.68184433778995], [79.33897822937702, 63.983448657750046], [80.1445419905844, 65.37825947504433], [80.80788126040986, 66.84613717812283], [81.33032303878875, 68.3699219999704], [81.71324038709518, 69.93464775644073], [81.95783402252519, 71.52689465897582], [82.06504814408929, 73.13426222133526], [82.03557410277769, 74.74493802837435], [81.86991812712351, 76.347341823476], [81.5685230566491, 77.92983121305389], [81.13194201890552, 79.4804632809302], [80.56106570964049, 80.98681498458141], [79.85740466341147, 82.43587409783997], [79.02342307404983, 83.81402092041678], [78.06291049675842, 85.10712718971084], [76.98136194343715, 86.3007993800727], [75.7863173827901, 87.38078453707176], [74.48759382889432, 88.3335342026904], [73.09733631155538, 89.1468858674244], [71.62982813394999, 89.81077919117907], [70.1010409254917, 90.31789172914728], [68.52796372341429, 90.66407445615452], [66.92780742493629, 90.84850089784332], [65.3172122127207, 90.87350712329788], [63.71157751227536, 90.7441691237166], [62.12459250216198, 90.46771270183449], [60.567990378774084, 90.05286510266792], [59.05150286142495, 89.50924085859248], [57.582964654332386, 88.84682130648636], [56.16851107473158, 88.07555313323293], [54.81281933365632, 87.20506539106864], [53.51935718176324, 86.24448930340812], [52.290616190455154, 85.20235919070709], [51.12831786805213, 84.08657279325573], [50.03358844584928, 82.904392278945], [49.00710279653881, 81.66247123590054], [48.04920038694705, 80.36689684432957], [47.15997716504355, 79.02323970791136], [46.339357417318794, 77.63660635210807], [45.587149334172366, 76.21169125750633], [44.90308752295461, 74.75282657841565], [44.28686517215082, 73.26402857331651], [43.738158059051074, 71.74904034123801], [43.25664214387498, 70.21137080057943], [42.84200611679995, 68.65433006138854], [42.493959953562396, 67.0810614516369], [42.212240285728214, 65.4945705061402]], {"i0": 0.017101287169122955, "spread": 0.9165165810413376, "falloff": 0.01}]], "disk": {"i0": 0.2994264159038261, "n": 1.0, "c": 2.0, "mu": [69.66583259339585, 69.0715494532037], "roll": 2.218691754593421, "rEff": 37.157486102922874, "axRatio": 0.8678271010488655}, "bulge": {"i0": 0.044368618481183265, "n": 1.2655498436716688, "c": 2.0, "mu": [70.20249829634601, 68.2800781471254], "roll": 1.4991483488904216, "rEff": 5.302057275863335, "axRatio": 0.9406120682421835}, "bar": null}