{"disk": {"I": 0.13904955197212657, "Re": 16.273607179220594, "c": 2.0, "mux": 47.52269036814376, "muy": 46.78105914531315, "n": 1.0, "q": 0.5360283841481107, "roll": 0.7086598612776306}, "bulge": {"I": 1.8444792802816714, "Re": 2.5548830947248122, "c": 2.0, "mux": 48.4265919969702, "muy": 49.50017735669475, "n": 1.5457659954494696, "q": 0.04666536131095713, "roll": 3.098467639906811}, "bar": {"I": 0.1889942749968727, "Re": 8.363785419702364, "c": 1.3825991222111125, "mux": 46.18864285740302, "muy": 51.19625172011142, "n": 0.200597827175732, "q": 0.4923699248288181, "roll": 0.8988538967692069}, "spiral": []}