{"spiral": [[[[111.87288888375872, 101.82313055647894], [112.469052316597, 101.84748309105441], [113.06457178748099, 101.88436667793572], [113.65918228920192, 101.93378476991714], [114.25261810172418, 101.99573388467216], [114.84461299742608, 102.07020375615707], [115.43490042705038, 102.15717750092018], [116.02321368503287, 102.2566317975865], [116.60928605300708, 102.36853707773453], [117.192850920403, 102.49285772640528], [117.77364188118376, 102.62955229024098], [118.35139280586738, 102.77857369153357], [118.92583788809641, 102.93986944613317], [119.49671166509685, 103.11338188343758], [120.06374901145493, 103.29904836652868], [120.62668510570245, 103.49680151059701], [121.18525536924585, 103.70656939782296], [121.73919537720887, 103.92827578689078], [122.28824074076711, 104.16184031533771], [122.83212696054909, 104.40717869296033], [123.37058925064692, 104.66420288450986], [123.90336233273388, 104.9328212798978], [124.43018019971734, 105.21293885015653], [124.95077584825839, 105.5044572873202], [125.46488097938192, 105.80727512639177], [125.97222566624814, 106.1212878474474], [126.47253798801306, 106.446387955874], [126.96554362849149, 106.78246503855829], [127.45096543813605, 107.12940579370603], [127.92852295759216, 107.48709403174155], [128.3979319008159, 107.85541064447406], [128.8589035954204, 108.23423353938196], [129.31114437760743, 108.6234375354922], [129.75435493860647, 109.02289421681749], [130.18822961919332, 109.43247173878257], [130.61245564833158, 109.85203458234552], [131.02671232153762, 110.28144324973584], [131.43067011398344, 110.72055389473677], [131.82398972277682, 111.16921787929337], [132.20632103222133, 111.62728124685097], [132.5773019951297, 112.09458410116824], [132.93655742263334, 112.57095987744317], [133.28369767406676, 113.05623449020698], [133.6183172378089, 113.55022533969985], [133.93999319317862, 114.05274015510669], [134.2482835427251, 114.5635756490316], [134.5427254037207, 115.08251595286897], [134.82283304709472, 115.60933079693092], [135.08809577199216, 116.1437733923668], [135.33797560436895, 116.68557796359222]], {"i0": 0.07608151147213613, "spread": 0.5008605969501436, "falloff": 0.9974660877219105}], [[[132.7595665067026, 84.43729922637237], [134.25096703001833, 85.49908733495961], [135.70507681849617, 86.61139731143707], [137.12012933346455, 87.77298834958418], [138.49435333889116, 88.982605491467], [139.82596478291893, 90.23897857249075], [141.11315824277364, 91.54082019613192], [142.35409791701773, 92.88682267329747], [143.5469081415158, 94.27565384180109], [144.68966339890588, 95.70595165725625], [145.78037778511322, 97.17631741624925], [146.81699389997232, 98.68530744038222], [147.79737112216625, 100.23142300152175], [148.71927324687968, 101.81309822417244], [149.58035546958055, 103.4286856331254], [150.37815073138262, 105.07643894541052], [151.1100554798878, 106.75449261732174], [151.77331496114965, 108.46083755459836], [152.3650082517051, 110.19329227621937], [152.8820333709555, 111.94946868401246], [153.32109300810956, 113.72673144182832], [153.67868166776, 115.52214980669952], [153.9510754195153, 117.33244060130139], [154.13432596060738, 119.15390088812633], [154.22426141709136, 120.9823288517495], [154.21649726977554, 122.81293149544797], [154.10646203462233, 124.64021809650339], [153.8894439069919, 126.45787917581191], [153.56066645034812, 128.25865220921392], [153.1154034594342, 130.03417786006696], [152.5491450008245, 131.77485449091236], [151.85782764257777, 133.4697046026868], [151.0381408400551, 135.10627475497878], [150.08791656234487, 136.67060006425766], [149.00659837642678, 138.14727378753747], [147.79576752390562, 139.51966818711102], [146.45967726662914, 140.7703489781009], [145.00571742488046, 141.88170550634106], [143.44470910845334, 142.8367783735687], [141.79093017815927, 143.62020986746268], [140.06180741914446, 144.21918697180504], [138.27728094929054, 144.6242175981946], [136.45892945936643, 144.82959935723588], [134.62900796081968, 144.83350738254623], [132.80956571934897, 144.63771871111862], [131.02177754282891, 144.24706884717463], [129.28555743980925, 143.6687749824579], [127.61945951714705, 142.91175641530862], [126.04082808892984, 141.98605129513572], [124.56614330925368, 140.90239079181845]], {"i0": 0.14250257888395113, "spread": 0.5030979000823881, "falloff": 0.9914766869116526}], [[[163.49190550759894, 138.68473557606657], [163.1752306038292, 139.3561222501186], [162.8440440156839, 140.02046995980496], [162.4982941749109, 140.6773556750857], [162.13794197139725, 141.32634522071112], [161.76296181973757, 141.9669936103134], [161.37334275307114, 142.5988454729899], [160.96908953722388, 143.22143557925563], [160.55022379697067, 143.8342894727697], [160.116785145012, 144.43692421357474], [159.66883230297276, 145.02884923774036], [159.20644420248223, 145.60956733722634], [158.72972105319542, 146.17857576244754], [158.23878536354397, 146.73536744844498], [157.73378289922357, 147.27943236374165], [157.21488356340785, 147.81025897895555], [156.68228218264954, 148.32733584995376], [156.1361991819111, 148.8301533079493], [155.57688113279457, 149.3182052464334], [155.0046011592466, 149.79099099222213], [154.4196591864983, 150.24801724539293], [153.8223820202759, 150.68880007041324], [153.2131232453687, 151.11286691851467], [152.5922629350616, 151.51975865940136], [151.96020716574492, 151.9090315987841], [151.31738733416896, 152.28025945709766], [150.66425927826347, 152.6330352841776], [150.00130220601275, 152.96697328465828], [149.3290174404676, 153.28171052936798], [148.64792699284237, 153.57690852953803], [147.9585719786871, 153.8522546520782], [147.26151089571616, 154.1074633571736], [146.55731778420653, 154.34227724188662], [145.84658029347057, 154.5564678773595], [145.12989767936585, 154.74983643063877], [144.4078787589297, 154.92221406615255], [143.6811398486409, 155.07346212595303], [142.95030271252693, 155.20347209171246], [142.21599254547084, 155.31216533524045], [141.47883601562845, 155.3994926677685], [140.73945938792252, 155.46543370131982], [139.99848674823005, 155.509996038103], [139.25653834521697, 155.5332143059653], [138.51422906390385, 155.5351490595141], [137.7721670420832, 155.51588556748703], [137.03095243773066, 155.4755325074779], [136.29117635263844, 155.41422058913392], [135.55341991479537, 155.3321011264115], [134.81825351952176, 155.22934457867422], [134.08623622705448, 155.10613907935596]], {"i0": 0.03956252370695188, "spread": 0.5004231545460442, "falloff": 0.9985612655614932}]], "disk": {"i0": 0.10348152509782983, "n": 1.0, "c": 2.0, "mu": [127.23448423615046, 127.30351996747419], "roll": 1.1144437524234165, "rEff": 43.14453782122792, "axRatio": 0.9358466881872344}, "bulge": {"i0": 0.574786904906395, "n": 1.0053616638921417, "c": 2.0, "mu": [127.0801134966802, 127.7398683760249], "roll": 1.1792326638202801, "rEff": 3.924012654869357, "axRatio": 0.38044765682812626}, "bar": {"i0": 0.0, "n": 0.7909022524859604, "c": 2.0091080955140095, "mu": [126.73736470189914, 127.50000189237313], "roll": 1.0756630409767554, "rEff": 8.466796596650749, "axRatio": 0.4047618029062881}}