{"spiral": [[[[124.93286672201818, 119.70525250972636], [125.08453149257775, 120.72148649798821], [125.16049017490639, 121.74617903140808], [125.16244279538846, 122.77369224886297], [125.09196666629592, 123.79879559108106], [124.95056655119689, 124.81654873908789], [124.73972722146426, 125.82221777605443], [124.46096675439937, 126.81121783428898], [124.11588929992973, 127.77907782436968], [123.70623599419329, 128.7214243204932], [123.23393243233734, 129.63398250849477], [122.70113077215775, 130.5125924256557], [122.1102442462881, 131.35323863438285], [121.46397172459568, 132.15209107038493], [120.76531008539844, 132.9055542026498], [120.01755259466253, 133.61032098010503], [119.2242722733471, 134.26342748354057], [118.38929030120488, 134.8623039132013], [117.51663074217366, 135.40481765950926], [116.61046409755826, 135.88930478554101], [115.6750432007642, 136.31458726206878], [114.714635590744, 136.67997462338923], [113.73345663667118, 136.9852501450067], [112.7356073331988, 137.23064298446633], [111.72501993011531, 137.4167887769039], [110.70541355547182, 137.54468183060501], [109.68026091300106, 137.61562229025984], [108.65276613688155, 137.6311614799015], [107.62585307964427, 137.5930481989309], [106.60216274900581, 137.50317814197044], [105.58405829466966, 137.36354796128157], [104.57363584976515, 137.17621487207774], [103.57273959087787, 136.94326217437782], [102.58297956132292, 136.66677065263173], [101.60575102297088, 136.348795524215], [100.64225435236446, 135.9913484225257], [99.69351473507098, 135.5963838053964], [98.76040111942751, 135.16578914882533], [97.8436440728635, 134.70137830394881], [96.94385232241278, 134.20488743937867], [96.06152787396253, 133.67797305440908], [95.197079683589, 133.12221161607178], [94.35083590985097, 132.53910043924935], [93.52305481886427, 131.9300594986171], [92.7139344287035, 131.2964339100973], [91.92362099989559, 130.63949687817984], [91.15221647851155, 129.96045294368062], [90.39978499867881, 129.26044140351604], [89.66635854695643, 128.5405398037109], [88.95194188482255, 127.80176743186767]], {"i0": 0.009543865395541824, "spread": 97.0741875096702, "falloff": 0.18217582689143497}], [[[106.74936778241003, 116.15936656008418], [106.29476332872761, 113.86991876985151], [106.21039844558773, 111.5371508570806], [106.49278154548279, 109.2199897414564], [107.13792623825329, 106.97670026298486], [108.13816309292139, 104.86783007525321], [109.47782651982406, 102.95676046619765], [111.12860507449385, 101.3072267975338], [113.04626083958364, 99.97751399096096], [115.17098137656178, 99.01251273473582], [117.43260926282385, 98.43672962686111], [119.7593292670448, 98.25169622079345], [122.08622853111933, 98.43892924965988], [124.36061674809658, 98.9665041752561], [126.54337046447138, 99.79611746566127], [128.60749060959972, 100.8885173658997], [130.53549240156772, 102.2067566589739], [132.31674973371494, 103.71767406598266], [133.9452967178395, 105.39225228338594], [135.4181909364536, 107.20538484466086], [136.7343675910154, 109.13539190747579], [137.89386769585542, 111.1634709431076], [138.89733240852814, 113.27317105038907], [139.74568007303822, 115.449925774913], [140.43990668930627, 117.6806524916007], [140.98096957433472, 119.95341445186699], [141.36972771237896, 122.25713730251073], [141.60692175192477, 124.58137123627768], [141.69318297668363, 126.91609090708292], [141.62906480569202, 129.25152683534978], [141.4150931357473, 131.5780237948159], [141.05183356783309, 133.8859234275482], [140.53997451185552, 136.16547002027045], [139.88042548917122, 138.40673994838107], [139.0744296924479, 140.5995967181046], [138.12368903176278, 142.7336747195084], [137.03049851013148, 144.79839558944494], [135.7978848598624, 146.78302127596857], [134.42974209189939, 148.67674722958233], [132.93095424366018, 150.46883738525185], [131.30749361280076, 152.14879959902387], [129.5664817345434, 153.70659603757525], [127.71620094291278, 155.1328780924071], [125.76604703970456, 156.41923048459842], [123.72641846254373, 157.55840535980718], [121.6085440557982, 158.5445256068187], [119.42425884931113, 159.3732379830709], [117.18574390351174, 160.04180126946522], [114.90525069024851, 160.54910177202828], [112.5948317572265, 160.89559686521457]], {"i0": 0.049993835767910944, "spread": 171.17350132210245, "falloff": 0.3663404131062216}], [[[110.17173072364186, 125.41529759688186], [109.14122163776752, 125.12057995619269], [108.14095970553574, 124.73533462621954], [107.17550027492223, 124.26957428703517], [106.24786032121094, 123.73234476963927], [105.35992556403431, 123.13170019720783], [104.5127659428932, 122.47475260937789], [103.70687260052655, 121.76775717901761], [102.94233237008697, 121.01620973353528], [102.21895456260532, 120.22494371906282], [101.53636226226666, 119.3982201958645], [100.89405761670858, 118.53980821417417], [100.29146824632458, 117.65305498259248], [99.72798001622218, 116.74094629543397], [99.2029599848733, 115.80615815631296], [98.7157722861348, 114.85110069007366], [98.26578893078175, 113.8779554251691], [97.85239695716199, 112.88870694038512], [97.4750029603511, 111.88516975252045], [97.13303574167705, 110.86901119958137], [96.82594761427693, 109.84177095775226], [96.55321475162097, 108.80487772957466], [96.31433685910035, 107.75966355099186], [96.10883637143341, 106.70737609015612], [95.93625732270277, 105.64918924781642], [95.7961639952, 104.5862123167366], [95.68813942374284, 103.51949791412851], [95.61178381066708, 102.45004886510515], [95.56671289109273, 101.3788241854471], [95.55255627675812, 100.30674428733592], [95.56895579838417, 99.23469551175813], [95.61556386075083, 98.16353407413824], [95.69204182044456, 97.09408949589725], [95.79805839323312, 96.0271675832367], [95.93328809608813, 94.96355300462038], [96.09740972748003, 93.90401151064567], [96.29010488881109, 92.84929183334887], [96.51105654944266, 91.80012729612244], [96.75994765753764, 90.75723716149024], [97.03645979907843, 89.72132773970336], [97.3402719075454, 88.69309327819661], [97.67105902704184, 87.6732166495205], [98.02849113197867, 86.66236985325014], [98.41223200678674, 85.66121434581883], [98.82193818949153, 84.67040121102265], [99.25725798319112, 83.69057118290615], [99.71783053991746, 82.72235453233061], [100.2032850215664, 81.76637082806236], [100.7132398422609, 80.82322858259607], [101.24730199740269, 79.89352479376647]], {"i0": 0.005279658277743209, "spread": 98.17021871368716, "falloff": 0.010352194513463107}]], "disk": {"i0": 0.10138170242438427, "n": 1.0, "c": 2.0, "mu": [115.37783944336185, 116.22225390979544], "roll": 1.7255241077782655, "rEff": 41.57058657423649, "axRatio": 0.779048298409615}, "bulge": {"i0": 0.7076117941452418, "n": 1.4057390438368453, "c": 2.0, "mu": [116.22009401890146, 116.53135677849772], "roll": 2.454792141135148, "rEff": 4.354799407539745, "axRatio": 0.924620022826322}, "bar": null}