{"spiral": [[[[64.52206418517585, 80.14989293764884], [64.02052968065296, 79.7230461294359], [63.52411589881484, 79.2902546387065], [63.03286086541047, 78.85161621548812], [62.54680227605647, 78.40722643689877], [62.06597767787929, 77.9571786802683], [61.59042465388, 77.5015641007985], [61.12018101061171, 77.04047161324608], [60.655284969861256, 76.57398787717537], [60.19577536511387, 76.1021972853602], [59.74169184373922, 75.62518195480243], [59.29307507591729, 75.14302172003158], [58.84996697150174, 74.6557941282264], [58.412410906182004, 74.16357443575102], [57.98045195847493, 73.6664356057356], [57.55413715930649, 73.16444830631305], [57.133515756186384, 72.65768090914185], [56.71863949425767, 72.14619948786134], [56.309562916892915, 71.63006781608958], [55.9063436887799, 71.10934736468106], [55.50904294509642, 70.58409729781626], [55.11772567071853, 70.05437446765984], [54.73246111424727, 69.52023340719931], [54.3533232423255, 68.98172632095864], [53.980391240711086, 68.43890307326107], [53.61375006977252, 67.8918111737165], [53.2534910833631, 67.34049575967416], [52.89971272196738, 66.7849995753334], [52.552521292964116, 66.22536294732261], [52.212031853631295, 65.66162375657558], [51.87836921575901, 65.09381740646076], [51.551669095058216, 64.52197678723175], [51.232079433651904, 63.94613223713817], [50.91976193092398, 63.366311500810085], [50.61489382667876, 62.78253968603045], [50.31766999187775, 62.194839220725186], [50.02830539739005, 61.60322981301512], [49.74703805098222, 61.00772841874989], [49.47413251963451, 60.40834922325734], [49.20988419080132, 59.80510364754549], [48.95462447672237, 59.198000394540784], [48.708727236606975, 58.58704555920349], [48.47261679255671, 57.97224283928789], [48.24677806168232, 57.35359390412193], [48.03176954447389, 56.73109901224751], [47.828240239223405, 56.1047580243723], [47.63695206607598, 55.47457205286173], [47.458810206908666, 54.84054615547139], [47.29490513010556, 54.20269378366761], [47.146572414179616, 53.56104426889411]], {"i0": 0.10770258845266752, "spread": 6.068345047639974, "falloff": 0.37650481828980964}], [[[37.67640683353212, 36.23590546146681], [37.87457478545918, 36.0108971940938], [38.0824809947616, 35.794859122421585], [38.300301982455416, 35.5888264883467], [38.5281250626941, 35.39391654228899], [38.76592225002754, 35.21131473350154], [39.013523206554495, 35.042251719774335], [39.270589953133836, 34.88796993979099], [39.53659706764636, 34.749679693284406], [39.81082168138145, 34.62850654675274], [40.09234732702723, 34.52543418116064], [40.38008425608811, 34.44124894622084], [40.67280625518585, 34.37649357314361], [40.96920080277803, 34.331437012274954], [41.267926591628246, 34.30606500896004], [41.56767098407778, 34.30009236788599], [41.86720036774276, 34.312994016254095], [42.16539839707456, 34.344049143665984], [42.46128992099041, 34.392391555219525], [42.75405106677712, 34.45705989043708], [43.043007819039836, 34.53704297437675], [43.327626297823514, 34.63131755140573], [43.60749796144848, 34.738877436352816], [43.882322457500706, 34.85875440965622], [44.15189013294188, 34.99003193489657], [44.4160655111219, 35.13185308541759], [44.67477246365223, 35.28342407675904], [44.92798138170578, 35.44401464501992], [45.175698375456264, 35.612956289049805], [45.41795636763432, 35.78963916264331], [45.6548078677618, 35.97350819792493], [45.88631918596792, 36.16405887108427], [46.112565849449666, 36.36083289002714], [46.33362900515378, 36.563413985293195], [46.54959261979854, 36.7714239147892], [46.76054131732397, 36.98451874340502], [46.96655872120343, 37.20238542505177], [47.16772619336223, 37.4247386925117], [47.36412188225759, 37.65131824669468], [47.55582000997402, 37.88188622884217], [47.742890342442195, 38.11622495447429], [47.92539779830513, 38.35413488638816], [48.10340216112901, 38.595432823610246], [48.27695786696877, 38.83995028386538], [48.44611384490256, 39.08753205872528], [48.61091339275946, 39.33803492179548], [48.77139407352122, 39.59132647243253], [48.927587620713055, 39.84728409871686], [49.079519842863235, 40.10579404538641], [49.22721051871943, 40.36675057356514]], {"i0": 0.31868192787236393, "spread": 12.80493849674476, "falloff": 0.8648640883656479}]], "disk": {"i0": 0.05791745390518252, "n": 1.0, "c": 2.0, "mu": [48.449854464814436, 48.771448790740735], "roll": 1.9279380283236378, "rEff": 17.482147321094672, "axRatio": 0.41957060771377747}, "bulge": {"i0": 0.0, "n": 2.4445095106831554, "c": 2.0, "mu": [48.53947432908196, 47.06282596181787], "roll": 1.7843814565547718, "rEff": 3.5294475452795537, "axRatio": 0.5000345417290228}, "bar": {"i0": 0.0, "n": 0.8156116901374298, "c": 2.255422457079768, "mu": [48.46289052632154, 47.718750035575326], "roll": 1.5968773602627424, "rEff": 5.619107170680217, "axRatio": 0.362688738363698}}