{"spiral": [[[[197.04603080725238, 145.92233107648855], [196.78380438050215, 148.3041903862189], [196.38217532963253, 150.6665084647043], [195.8355566463809, 152.99950748242594], [195.13909117898172, 155.2921973187524], [194.28897702584496, 157.53242196065102], [193.28282211946936, 159.7069941536732], [192.12000009194932, 161.80193521465782], [190.80196813253954, 163.80282626986704], [189.33250040700477, 165.69526022081135], [187.71779207148055, 167.4653628894066], [185.96640164077436, 169.10033230150387], [184.08902280257553, 170.5889334976286], [182.09810556187125, 171.921888001991], [180.00737257253675, 173.09211320956865], [177.83129186037692, 174.09479307968047], [175.58456809677548, 174.92728979784545], [173.28170259032424, 175.58892851725054], [170.9366528065241, 176.0806989997685], [168.56260200517102, 176.4049189680632], [166.17183338933793, 176.56489679384828], [163.77569316523446, 176.56462020376202], [161.38462283777193, 176.40848646472674], [159.00824148159694, 176.10108018558358], [156.65546172833965, 175.64699835620002], [154.33462731398978, 175.05071839772887], [152.05366425198844, 174.31650328920554], [149.82024153637178, 173.44833763371548], [147.64194059849166, 172.44988929476662], [145.52643562766224, 171.32449262167216], [143.48168952625883, 170.07515112563686], [141.51617297636304, 168.704559818273], [139.639117144628, 167.2151505337132], [137.86081426123457, 165.6091679720959], [136.19298497241425, 163.88879091658146], [134.64923704709815, 162.05632381210665], [133.24564628636583, 160.1145016181581], [132.0014950168441, 158.066980581848], [130.94019968128745, 155.91913742211955], [130.090428397173, 153.67938070211906], [129.48730699737786, 151.36130046830272], [129.17333661231388, 148.98712679996876], [129.19801049701422, 146.5929964530272], [129.6139397101025, 144.23595161201095], [130.4660477869557, 142.0003389590774], [131.77186288880748, 139.99670970293374], [133.4998363977584, 138.3440159103069], [135.5641577992592, 137.13715523212497], [137.8465761026765, 136.42201969013885], [140.22851468494227, 136.1968455538337]], {"i0": 0.014197664645800022, "spread": 2.3554958631168783, "falloff": 0.01}], [[[159.97562427975626, 202.96928269612158], [155.79526022100512, 201.976175575189], [151.67910552259946, 200.74361679603498], [147.63915080995326, 199.28044595011264], [143.68681346907795, 197.59484393425322], [139.8331992417511, 195.69432986452608], [136.08935650547937, 193.58578545219697], [132.46652897990862, 191.27550227244217], [128.97641395553592, 188.76925032417924], [125.63143440005983, 186.0723695532543], [122.44503438123208, 183.18988957448914], [119.43200840146, 180.12668720896278], [116.60887610299525, 176.8876973347174], [113.99431397144828, 173.478200680799], [111.60965405328707, 169.90422377119475], [109.479453745172, 166.17310252879406], [107.63212638580386, 162.294283531688], [106.10059056646087, 158.28046537195218], [104.92283293427425, 154.1492129888769], [104.14216151703243, 149.92519384701836], [103.80672764857295, 145.64314289965725], [103.96760895660378, 141.3514712567318], [104.67446337885092, 137.11593899934235], [105.96781688618913, 133.0218959920171], [107.86808688965871, 129.17250762876517], [110.36395989352006, 125.68027138719644], [113.40561302301782, 122.65171442900623], [116.90807077086109, 120.17017255837602], [120.76464629377176, 118.28453069648918], [124.86406415165821, 117.0085392653647], [129.10384309531594, 116.32866920320035], [133.3967436167202, 116.21492876565003], [137.67139242697567, 116.63023593293568], [141.86969165644464, 117.53672781283863], [145.94308627056316, 118.89925304622177], [149.8487539714278, 120.68689112544214], [153.54603621455018, 122.87325452507312], [156.9930192320143, 125.43603679243975], [160.14296659581888, 128.3559622001844], [162.9401787583674, 131.61497076086033], [165.314765684013, 135.1930279432068], [167.1758692263938, 139.06216518551054], [168.40358752194797, 143.1749095238015], [168.84300535175714, 147.44213225934448], [168.31354337389556, 151.69556967659767], [166.6645262766378, 155.64725335967734], [163.89603576357, 158.91013673771843], [160.2476054399089, 161.14811076573758], [156.10363107807203, 162.23309963193395], [151.81663947661383, 162.225271691393]], {"i0": 0.015039366748651622, "spread": 10.168738957841272, "falloff": 0.011207715204406745}]], "disk": {"i0": 0.13349496700874586, "n": 1.0, "c": 2.0, "mu": [145.6348438108942, 147.53336619413574], "roll": 2.6612452714927426, "rEff": 63.66871230224982, "axRatio": 0.6301770526430607}, "bulge": {"i0": 0.7466088214043505, "n": 1.055772443396594, "c": 2.0, "mu": [145.90568386384248, 146.38532766415506], "roll": 2.5319304085084418, "rEff": 5.370493351741196, "axRatio": 0.9112111147572135}, "bar": {"i0": 0.032131937380015324, "n": 1.2143581761848663, "c": 2.1021987767730113, "mu": [147.9335004911189, 147.8597127998834], "roll": 2.216234454725522, "rEff": 15.041269607951847, "axRatio": 0.7536440194045293}}