{"disk": {"mux": 113.09111600947057, "muy": 111.22236107158734, "roll": 0.7731624819838817, "Re": 29.55861006946041, "q": 0.9465163265497805, "I": 0.07465331611360286, "n": 1.0, "c": 2.0}, "bulge": {"mux": 112.47603403780927, "muy": 111.72286924119398, "roll": 1.0615808615247335, "Re": 4.960196079042037, "q": 1.0309575255368966, "I": 0.17899549810387488, "n": 1.3092259303936253, "c": 2.0}, "bar": null, "spiral": []}