{"disk": {"I": 0.035430478861375285, "Re": 25.928437496589638, "c": 2.0, "mux": 80.34986250084003, "muy": 79.25918709341184, "n": 1.0, "q": 0.7414096752220183, "roll": 1.9841931975997298}, "bulge": {"I": 0.058797670534370614, "Re": 9.124326769109455, "c": 2.0, "mux": 80.74563596467596, "muy": 80.18409119326934, "n": 3.337439760398016, "q": 0.5502601203638641, "roll": 1.6294441606165597}, "bar": null, "spiral": []}