{"spiral": [[[[51.41091856675221, 58.27567579955374], [51.11430264741817, 58.70179684032102], [50.80712127327722, 59.12036562020646], [50.48956863703943, 59.53112161384706], [50.161798708921665, 59.93377140262844], [49.8239302647429, 60.3279852781547], [49.476051246155954, 60.713393384485826], [49.11822268685515, 61.08958131143131], [48.75048241717936, 61.45608504883812], [48.37284875424226, 61.81238520789681], [47.98532439469224, 62.15790041249592], [47.58790075231324, 62.491979764247795], [47.1805630238753, 62.813894292563454], [46.76329632574569, 63.12282732195465], [46.33609332269564, 63.41786373108494], [45.89896387046907, 63.69797815472886], [45.451947314213534, 63.962022309302924], [44.99512822008729, 64.20871183103021], [44.52865645177413, 64.43661333823195], [44.05277260413367, 64.64413290956523], [43.56783981053874, 64.82950785560858], [43.07438274199785, 64.99080458856575], [42.5731340490841, 65.12592655673973], [42.0650873340387, 65.23263749508565], [41.55155372352907, 65.30860634112402], [41.03421607109771, 65.35148045961239], [40.5151709090831, 65.35899233569496], [39.996944322473816, 65.32910046977388], [39.4824657592549, 65.26015707126152], [38.974986056912776, 65.15108402333611], [38.47793489596233, 65.00152771740606], [37.99472819349511, 64.81195836306536], [37.528552979122615, 64.58368556949061], [37.0821681675368, 64.31878015788055], [36.65775780929941, 64.01991605065524], [36.256858762609895, 63.690165271616316], [35.88036420531201, 63.332785678243404], [35.52858720081497, 62.95103442481685], [35.201360251993655, 62.54802607444515], [34.89814745234539, 62.12663992575303], [34.61815187169952, 61.68947107395892], [34.36040819359242, 61.23881500431058], [34.12385678758124, 60.776674893954755], [33.90739944932659, 60.30478240291319], [33.70993915944328, 59.82462511125761], [33.530406959059015, 59.33747601704391], [33.36777899730997, 58.844422312396134], [33.22108639391327, 58.346391932524234], [33.08942003620823, 57.844177209956136], [32.971931923916195, 57.33845547910505]], {"i0": 0.016854329563185038, "spread": 3.2204604110365516, "falloff": 0.010052858120371818}], [[[52.4957381076074, 41.31706382969955], [52.754104960391714, 40.97679183248743], [53.01797612079851, 40.640770232773086], [53.28725936068488, 40.309069965255425], [53.56187219367132, 39.98176837086784], [53.84174082055242, 39.65894939654301], [54.12679918949128, 39.34070381851443], [54.41698814883485, 39.0271294901457], [54.71225467375806, 38.718331615034664], [55.012551150604175, 38.41442304601967], [55.317834704712475, 38.11552461044351], [55.62806655910112, 37.82176546192081], [55.94321141244652, 37.53328345856853], [56.26323682560578, 37.250225567379914], [56.58811260645312, 36.972748294049445], [56.917810183103406, 36.701018137102956], [57.252301955705086, 36.43521206449923], [57.591560616965396, 36.17551801026121], [57.935558431401276, 35.9221353875373], [58.28426646307359, 35.67527561353682], [58.63765374126807, 35.435162640141186], [58.995686353285734, 35.20203348235157], [59.35832645324496, 34.976138734580594], [59.725531175660066, 34.757743062252345], [60.09725144261291, 34.54712565319676], [60.47343065369397, 34.344580609835724], [60.85400324868454, 34.15041725914146], [61.23889313434395, 33.96496035279677], [61.62801196885036, 33.78855012493407], [62.02125730062816, 33.621542169356616], [62.418510562806254, 33.46430709234288], [62.81963493054919, 33.31722989137832], [63.22447305628899, 33.18070900471967], [63.63284470782543, 33.05515497203585], [64.04454434653069, 32.940988643281145], [64.45933869694207, 32.83863887245518], [64.87696437599956, 32.74853963554319], [65.29712566805145, 32.67112651961381], [65.71949255060298, 32.6068325434357], [66.14369909449131, 32.55608329066108], [66.5693423772488, 32.51929136516216], [66.99598205991055, 32.496850215247086], [67.42314077989415, 32.48912741816134], [67.85030550475318, 32.4964575669623], [68.27692997041359, 32.519134955856224], [68.70243828989776, 32.557406311216035], [69.12622976612526, 32.611463859579175], [69.5476848752572, 32.68143905305993], [69.96617231005301, 32.76739728052207], [70.3810568925035, 32.86933387475479]], {"i0": 0.47199129806259943, "spread": 0.4452520326378925, "falloff": 1.5065672090179456}]], "disk": {"i0": 0.19669011356350827, "n": 1.0, "c": 2.0, "mu": [51.69760551247126, 50.47957920768503], "roll": 1.0288482329206556, "rEff": 17.56600276292683, "axRatio": 0.4830964236928137}, "bulge": {"i0": 0.540240799712057, "n": 1.1498475531994878, "c": 2.0, "mu": [51.928513012677165, 50.22570499403632], "roll": 1.1380498863392983, "rEff": 2.8234201242283024, "axRatio": 0.55881984768852}, "bar": null}