{"disk": {"I": 0.007823503531684855, "Re": 21.764378155131773, "c": 2.0, "mux": 63.25597183598854, "muy": 63.85846168145133, "n": 1.0, "q": 0.9028276048427619, "roll": 2.8856067583745464}, "bulge": {"I": 0.04965461962373372, "Re": 8.67173980919133, "c": 2.0, "mux": 63.37922916921736, "muy": 63.709439585621396, "n": 3.889919459577794, "q": 0.5563666680300496, "roll": 1.2948005845804431}, "bar": null, "spiral": []}