{"spiral": [], "disk": {"i0": 0.25166363033952893, "n": 1.0, "c": 2.0, "mu": [69.30121268548957, 68.6187808541519], "roll": 2.9235334934312105, "rEff": 27.60282242824091, "axRatio": 0.511208376847613}, "bulge": {"i0": 0.21999025781447656, "n": 2.4293088785351937, "c": 2.0, "mu": [69.67711147688422, 68.44586324366948], "roll": 2.4197203261230436, "rEff": 5.730842689568208, "axRatio": 0.9692115033161135}, "bar": null}