{"disk": {"I": 0.028071536499742047, "Re": 18.691673927258446, "c": 2.0, "mux": 60.35989018983213, "muy": 60.0089317046064, "n": 1.0, "q": 0.7193062228998909, "roll": 0.10117253558842039}, "bulge": {"I": 0.431632856683543, "Re": 2.256009195450957, "c": 2.0, "mux": 60.3999999976756, "muy": 60.19999999238851, "n": 1.9081338961860166, "q": 0.6183726147286102, "roll": 0.23098588801043274}, "bar": null, "spiral": []}