{"spiral": [[[[82.12081833155435, 98.51456787604708], [80.89978864279456, 97.98384539513754], [79.71953554438417, 97.36764299054015], [78.5823620213583, 96.67508827774768], [77.48990010819352, 95.91390907467283], [76.44335371218061, 95.09070640136095], [75.44365866748099, 94.21117524975868], [74.49158912553135, 93.2802816337987], [73.58782878420861, 92.30240453942842], [72.7330187757632, 91.2814502522572], [71.92778981909836, 90.22094514220372], [71.17278356572497, 89.12411169502032], [70.46866635165745, 87.99393150629956], [69.81613745160132, 86.83319809769674], [69.21593319663808, 85.64456174361099], [68.6688278255756, 84.4305679738165], [68.17563160769883, 83.19369100827025], [67.73718654826112, 81.9363630544298], [67.35435983407703, 80.66100013427483], [67.02803507520338, 79.37002488962274], [66.75910133785744, 78.06588662840302], [66.54843993727906, 76.75107871327556], [66.39690896405327, 75.42815325227453], [66.30532555324251, 74.09973292753862], [66.274445972501, 72.7685196944249], [66.30494370355648, 71.43730000322175], [66.39738581864258, 70.10894614697784], [66.5522081077229, 68.78641332808203], [66.7696895823631, 67.47273207521103], [67.0499271597292, 66.1709957356651], [67.3928114921682, 64.8843429240604], [67.79800503978258, 63.61593502265872], [68.26492355496892, 62.36892909566439], [68.79272214054753, 61.14644687971292], [69.38028693917722, 59.95154081965739], [70.02623330274594, 58.78715839879464], [70.72891097972891, 57.65610622628017], [71.48641648131941, 56.561015467111694], [72.29661234792091, 55.504310189522535], [73.15715262270542, 54.48818007670947], [74.06551345450596, 53.51455868862044], [75.01902746738676, 52.58510810760953], [76.01492036563853, 51.70121039143738], [77.05034820555137, 50.86396583483598], [78.12243385271668, 50.0741976563775], [79.22830133381272, 49.332462394511225], [80.36510705585836, 48.639065085096995], [81.53006716397746, 47.994078145961296], [82.720480611504, 47.3973628690121], [83.9337477929464, 46.8485924634519]], {"i0": 0.10259121089868409, "spread": 1.2842997764259096, "falloff": 0.437450065967238}]], "disk": {"i0": 0.22140408536983838, "n": 1.0, "c": 2.0, "mu": [89.60367478393334, 89.14245245189585], "roll": 2.100691348320049, "rEff": 39.66830404634046, "axRatio": 0.558209913170836}, "bulge": {"i0": 0.9525053091735551, "n": 0.22673959152914452, "c": 2.0, "mu": [89.70439382067738, 90.19399548127862], "roll": 2.738541402918332, "rEff": 4.51535633563585, "axRatio": 0.6041999081226549}, "bar": null}