{"disk": {"I": 0.11027317360592932, "Re": 19.284258377038466, "c": 2.0, "mux": 63.23212036244629, "muy": 61.4097645522639, "n": 1.0, "q": 0.5973332676966537, "roll": 1.1807488010369565}, "bulge": {"I": 0.32740525774443174, "Re": 4.8080998419949905, "c": 2.0, "mux": 63.139040853013356, "muy": 61.71702229879381, "n": 0.5626046370024016, "q": 0.4003246715699969, "roll": 1.407774370230193}, "bar": null, "spiral": []}