{"disk": {"I": 0.0695700975631104, "Re": 17.797066744365893, "c": 2.0, "mux": 99.4298165305056, "muy": 96.30708511181872, "n": 1.0, "q": 0.6566588245759711, "roll": 2.2836305413727165}, "bulge": {"I": 0.07836251180569884, "Re": 4.677743853217427, "c": 2.0, "mux": 99.49606411603507, "muy": 96.1130560714598, "n": 0.3878032283119418, "q": 0.3624635300847198, "roll": 1.9107836321834424}, "bar": null, "spiral": [[[[114.19488367265762, 90.7269309544234], [114.1687062601712, 91.20540344854726], [114.137449708245, 91.68357088207766], [114.10097232018, 92.16136826375865], [114.05912455605261, 92.6387251131777], [114.01174845535091, 93.11556486398013], [113.95867700938477, 93.59180418955332], [113.89973347870695, 94.06735223922452], [113.8347306509361, 94.54210977129807], [113.76347003427887, 95.0159681669844], [113.68574098141926, 95.48880830601685], [113.60131973883095, 95.96049928161446], [113.50996841716126, 96.43089692875465], [113.41143387840785, 96.89984213446678], [113.30544653699576, 97.36715889340347], [113.19171907402482, 97.83265206561472], [113.06994506624224, 98.29610478496134], [112.93979753599655, 98.75727545775405], [112.80092743451789, 99.21589428017494], [112.652962080159, 99.67165919092578], [112.49550358557214, 100.12423116069658], [112.32812732629638, 100.57322870480326], [112.15038052867384, 101.0182214889855], [111.96178108923802, 101.45872288019979], [111.76181678676824, 101.89418128089963], [111.54994511315961, 102.32397007505931], [111.32559403737108, 102.74737601584458], [111.08816413333209, 103.16358590669749], [110.83703265400752, 103.57167148434492], [110.5715603241886, 103.97057252535342], [110.29110185385707, 104.35907839685778], [109.99502143157657, 104.7358086039124], [109.68271471036229, 105.09919339891995], [109.35363898003078, 105.44745627216376], [109.00735320405808, 105.7786011829474], [108.64356918840261, 106.09040869647859], [108.26221406451485, 106.38044663187127], [107.86350220626285, 106.6461020238746], [107.44801146125538, 106.88464147680851], [107.0167543545057, 107.093305346464], [106.57123063629044, 107.26943661200629], [106.1134450511757, 107.41063743204161], [105.64587589498515, 107.5149364388179], [105.17138747709086, 107.58094113641705], [104.69309221641659, 107.60794688297995], [104.2141816952546, 107.5959800859112], [103.737754757496, 107.54576757345404], [103.26667058483446, 107.45864127620398], [102.8034460075151, 107.33640044907418], [102.35020355287045, 107.1811583482657]], {"I": 1.2402406647069217, "falloff": 8.146178511818073, "spread": 5.448982899073921}]]}