{"spiral": [[[[90.42642783944984, 31.824036628439625], [91.66440986907647, 33.39192879392588], [92.83022873262429, 35.01420247131628], [93.9226352267844, 36.6867969873796], [94.94056082525553, 38.405741193565994], [95.88308557006536, 40.16716234550118], [96.7494071526345, 41.96728959708688], [97.53881155057947, 43.80245274990772], [98.25064541329643, 45.66907684127859], [98.88429025232678, 47.563673066918], [99.43913838879381, 49.48282642690837], [99.91457053597179, 51.42318036365701], [100.30993484591195, 53.38141853058315], [100.6245272255456, 55.35424369319197], [100.85757271556375, 57.33835362040693], [101.00820774453607, 59.33041366534357], [101.07546309138787, 61.327025559431036], [101.05824745350687, 63.32469174896547], [100.95533159155248, 65.31977436787508], [100.76533315237809, 67.30844766698024], [100.48670245712884, 69.2866423877161], [100.1177098209299, 71.2499801661901], [99.65643538537611, 73.19369555974542], [99.10076307948879, 75.11254272458356], [98.44838125625732, 77.0006830820218], [97.69679397872818, 78.85154962203441], [96.84334903844443, 80.65768280288674], [95.88529194041848, 82.41053264460533], [94.81985969115777, 84.10022198358031], [93.64443480236923, 85.71526794431514], [92.35678890908761, 87.24226413227314], [90.95545670971005, 88.66553786847895], [89.4402929093505, 89.96681947583045], [87.81327200359789, 91.12500043180307], [86.07958014250434, 92.11611934030181], [84.2489956715032, 92.9137956707787], [82.33742668007397, 93.49040148800574], [80.3682510814954, 93.81924230947877], [78.3728444341321, 93.87778563935488], [76.38958509466455, 93.65145628349643], [74.46098169411053, 93.13689250450486], [72.62942054963452, 92.34334063477733], [70.93287226351013, 91.29149381399371], [69.40199230079695, 90.01026616461462], [68.05927857145254, 88.53283930671483], [66.91998102431315, 86.89327580164847], [65.99396802638832, 85.12435740735486], [65.28782176522812, 83.2566823913664], [64.80675015206133, 81.3187566633404], [64.55619053195673, 79.33780535150272]], {"i0": 0.03513508912437071, "spread": 91.031870397262, "falloff": 0.43087186334817035}], [[[56.904981121913615, 73.71508301869858], [57.033091980891136, 72.74704630962825], [57.1966561869955, 71.78436678807587], [57.39588401980378, 70.82843244679495], [57.63101632376988, 69.88069225949832], [57.90232222599667, 68.94266903769804], [58.21009575938473, 68.01597331748548], [58.55465110954416, 67.10231838537345], [58.93631612437297, 66.20353652581507], [59.355423630528335, 65.32159652678254], [59.81229998942893, 64.45862240635623], [60.307250198523924, 63.616913200558734], [60.840538704244985, 62.79896348426717], [61.4123649529378, 62.00748403550132], [62.02283258279169, 61.24542170015038], [62.67191108822405, 60.51597702691541], [63.35938882165244, 59.82261760810791], [64.08481642033112, 59.16908427045164], [64.84744025973954, 58.55938635109429], [65.64612649314972, 57.99778134046278], [66.47927775768434, 57.48873338903176], [67.34474682460277, 57.036844860117895], [68.23975428084385, 56.64675574385641], [69.16082045726164, 56.323007868550434], [70.10372455547136, 56.06987492220611], [71.06350519061246, 55.89116540909651], [72.03451502779056, 55.79001313029676], [73.01053685922507, 55.76867691754645], [73.98495936314012, 55.8283756870867], [74.95099953704381, 55.96918396031816], [75.90194852531044, 56.19000569553651], [76.83141175363615, 56.48863178060434], [77.73351516883979, 56.86187226922944], [78.60305672426904, 57.305742685998304], [79.43559342092972, 57.81567766544859], [80.22746559876389, 58.38674561806002], [80.97576874439628, 59.013843582820584], [81.67828752095474, 59.691859255922544], [82.33340727197681, 60.41579488952741], [82.94001616410856, 61.18085374244609], [83.4974078005779, 61.98249350807758], [84.00519068877394, 62.81645285857303], [84.46320801389756, 63.67875748823035], [84.87146900061882, 64.56571140929684], [85.23009171996813, 65.47387822687286], [85.53925638040326, 66.40005601108618], [85.79916776113053, 67.3412483675311], [86.01002535092297, 68.29463345434753], [86.17199983113899, 69.25753201879904], [86.28521470801243, 70.22737501092531]], {"i0": 0.012452091446471773, "spread": 39.694229356817274, "falloff": 0.034959367736041816}]], "disk": {"i0": 0.20080819675493639, "n": 1.0, "c": 2.0, "mu": [74.85700939056774, 73.60752280286971], "roll": 1.40010381062575, "rEff": 32.094646347462685, "axRatio": 0.6487642876506396}, "bulge": {"i0": 0.21823857962246188, "n": 3.329034767591182, "c": 2.0, "mu": [74.84019938120113, 73.15754642137117], "roll": 0.6393930761749915, "rEff": 5.633995925679739, "axRatio": 0.9162178274471839}, "bar": null}