{"spiral": [[[[95.32086094387081, 76.61353169378242], [96.27256502378717, 77.57275935690765], [97.05170623122176, 78.67760381843459], [97.67621698468331, 79.87715451313035], [98.16671519411676, 81.13773771574166], [98.54173429580547, 82.43753054614487], [98.81663260814659, 83.76222311395983], [99.00379625105356, 85.10219749070443], [99.11315985541431, 86.45079836711855], [99.152720933923, 87.80327966243405], [99.12896477690849, 89.15615369755194], [99.04719482076301, 90.5067800859137], [98.91178419084545, 91.85309953713008], [98.72636640198246, 93.19345710702197], [98.49398042665665, 94.52648190081801], [98.21718183400911, 95.85100318737902], [97.89812868057763, 97.16599047376457], [97.53864851296078, 98.47050962757018], [97.1402911343536, 99.76368990638241], [96.70437054879636, 101.04469848166303], [96.23199861505277, 102.31272014086623], [95.724112299037, 103.56694056249492], [95.18149595604115, 104.80653202440985], [94.60479974239409, 106.03064071660395], [93.99455501295519, 107.23837503800586], [93.3511873915977, 108.42879439935861], [92.67502807542616, 109.60089814964877], [91.96632385296716, 110.75361431134996], [91.22524626093966, 111.88578785481434], [90.45190027811698, 112.99616827623213], [89.64633295011492, 114.0833962706338], [88.80854235582994, 115.14598931749318], [87.9384873643629, 116.18232602772214], [87.03609869087391, 117.19062914426334], [86.10129184157458, 118.1689471531837], [85.1339826420055, 119.11513456016479], [84.13410616705235, 120.02683103480372], [83.10164003038189, 120.90143984196912], [82.03663313302756, 121.73610629266385], [80.93924109225938, 122.52769738690392], [79.8097696320148, 123.27278442089617], [78.64872714925839, 123.96763111833015], [77.45688737755749, 124.60819082967137], [76.2353624122073, 125.1901174886789], [74.9856851691834, 125.70879620414274], [73.70989844605823, 126.15940034594273], [72.41064502208667, 126.53698232327828], [71.09124974848118, 126.83660431459424], [69.75578076164814, 127.05351223115976], [68.40907377119791, 127.1833505333155]], {"i0": 0.05932350647038244, "spread": 0.500617368671972, "falloff": 0.9910217809451759}]], "disk": {"i0": 0.18986825185167924, "n": 1.0, "c": 2.0, "mu": [86.65613901872074, 87.03322760778822], "roll": 1.117727468245656, "rEff": 24.82060926922062, "axRatio": 0.4652137385018005}, "bulge": {"i0": 0.49482194124593304, "n": 1.1838733178602807, "c": 2.0, "mu": [86.72619840970383, 86.34380983701372], "roll": 1.0498351244825277, "rEff": 5.290798191853005, "axRatio": 0.8143773604615767}, "bar": null}