{"spiral": [[[[89.73445250442876, 94.83447117190889], [89.43962754203228, 94.4239416042245], [89.16541556714317, 93.99937050662032], [88.91323984752016, 93.56135640786385], [88.68459043133183, 93.11061908392145], [88.48100040762553, 92.64802720930855], [88.30401264088776, 92.17462385121169], [88.15513623678638, 91.69164716946949], [88.03579308084888, 91.20054299666653], [87.94725637661872, 90.70296564212], [87.89058504703164, 90.20076358054337], [87.86655978756988, 89.69594788918815], [87.87562791171987, 89.1906434284945], [87.91786430646408, 88.6870255329855], [87.99295442728277, 88.18724776064651], [88.10020238017569, 87.69336822877435], [88.23856338789038, 87.20728257069345], [88.40669630307166, 86.73067036739242], [88.60302926482908, 86.26495939581102], [88.82583064896758, 85.81130896435197], [89.07327810186051, 85.37061080837393], [89.34352019683624, 84.94350408693052], [89.63472744349299, 84.53040015406664], [89.94513144058843, 84.1315128310034], [90.27305254543552, 83.74689056879137], [90.6169174293677, 83.37644782063555], [90.97526835833649, 83.01999388527534], [91.34676611808786, 82.67725828289856], [91.73018834483221, 82.34791232481992], [92.12442474447349, 82.03158694156362], [92.52847037655518, 81.7278870718435], [92.94141788567444, 81.43640303298598], [93.36244931684412, 81.15671932820835], [93.7908279481418, 80.88842133223875], [94.22589042519434, 80.631100255447], [94.6670393659394, 80.38435673407417], [95.11373652658203, 80.14780333931387], [95.56549656371566, 79.92106624623855], [96.02188139383207, 79.7037862584056], [96.48249512483753, 79.49561934351505], [96.94697952523839, 79.29623680398801], [97.41500998734816, 79.10532517882277], [97.88629193939705, 78.92258595177388], [98.36055766205727, 78.74773512393732], [98.83756346493087, 78.58050269404018], [99.31708718553892, 78.4206320814378], [99.79892597189331, 78.26787951566502], [100.28289431678618, 78.12201341196294], [100.76882231409485, 77.98281374650554], [101.25655411053485, 77.85007144106554]], {"i0": 0.09051653005378912, "spread": 0.5118100580515235, "falloff": 1.0322868362267266}]], "disk": {"i0": 0.2165685994006315, "n": 1.0, "c": 2.0, "mu": [98.34812403876842, 97.3926156925232], "roll": 2.2917029758342085, "rEff": 19.07704541228671, "axRatio": 0.5134608789385712}, "bulge": {"i0": 0.4241694515184537, "n": 1.1788975790426932, "c": 2.0, "mu": [98.61999457562968, 97.38000756205226], "roll": 2.249800098027015, "rEff": 3.167722719520744, "axRatio": 0.8831552721387852}, "bar": null}