{"disk": {"I": 0.06655388997114524, "Re": 23.54188811620673, "c": 2.0, "mux": 89.47182234866997, "muy": 88.90232174429161, "n": 1.0, "q": 0.9565588272145539, "roll": 1.5808241538297911}, "bulge": {"I": 7.027440082791229, "Re": 1.8922830099335668, "c": 2.0, "mux": 89.72183848314025, "muy": 88.81359910458356, "n": 5.1821677348905375, "q": 0.024006179942188222, "roll": 2.1675523518202144}, "bar": null, "spiral": []}