{"spiral": [], "disk": {"i0": 0.283055740036344, "n": 1.0, "c": 2.0, "mu": [49.34676366146885, 48.969547731905166], "roll": 1.3477749048767262, "rEff": 22.327341696529658, "axRatio": 0.4632761435505426}, "bulge": {"i0": 0.07071936662042101, "n": 0.6939230802067612, "c": 2.0, "mu": [49.32424850674287, 48.95858146410214], "roll": 1.6383374530887074, "rEff": 4.368312953578123, "axRatio": 0.7829621084525156}, "bar": null}