{"spiral": [], "disk": {"i0": 0.21976100144203967, "n": 1.0, "c": 2.0, "mu": [71.5473193799332, 71.45912246485054], "roll": 3.0960555877761906, "rEff": 42.285170624822875, "axRatio": 0.8101868468545835}, "bulge": {"i0": 0.1994650935720617, "n": 1.7250112971830862, "c": 2.0, "mu": [72.24808955735728, 71.16700985418635], "roll": 0.8307214510362586, "rEff": 5.249381403432332, "axRatio": 0.31043308575810613}, "bar": null}