{"spiral": [[[[86.29330435225083, 73.44843375476796], [85.58626825544722, 74.29457422014077], [84.83702877745937, 75.10359366224257], [84.04884723119218, 75.8747342874384], [83.22472970716926, 76.60735396524959], [82.36744927509805, 77.30088303862364], [81.47957025914472, 77.95478835684357], [80.56347337057207, 78.56854314723694], [79.62138100155565, 79.14160146822766], [78.65538236508688, 79.673376141428], [77.66745844647953, 80.1632192167901], [76.65950694449052, 80.61040416915111], [75.633367551172, 81.01410915254408], [74.59084807105205, 81.37340075194963], [73.53375203015253, 81.6872177764209], [72.46390858930032, 81.95435474222494], [71.38320576817925, 82.17344481386195], [70.2936282196356, 82.3429421246666], [69.19730108016921, 82.46110361645471], [68.09654176391751, 82.52597087000112], [66.99392197615192, 82.53535289512715], [65.89234264872417, 82.48681163905485], [64.79512491204007, 82.37765316040405], [63.70612043326895, 82.20492923575743], [62.629844190770186, 81.96545684394964], [61.57163145200179, 81.655866790009], [60.53781737847201, 81.27269784656639], [59.53593077313865, 80.81255892500286], [58.5748808388613, 80.27238758600826], [57.6650952912186, 79.64983503642489], [56.81853965217313, 78.94379844844319], [56.048517230731846, 78.15508999955586], [55.36913609530766, 77.28716838337435], [54.79436668371111, 76.34676728281612], [54.33673345611409, 75.34417589888166], [54.00587303658532, 74.29293577573935], [53.807352020077516, 73.20887783632314], [53.742128581897674, 72.10869054417853], [53.80681516223498, 71.00841936382676], [53.99458682650388, 69.92229823369553], [54.29638463602243, 68.86212106383259], [54.702071196273614, 67.83712938432886], [55.20133387668144, 66.85425433854513], [55.78428073295147, 65.9185304150634], [56.441768140758214, 65.03354499098032], [57.16553328547711, 64.20184800134597], [57.94820205232634, 63.42529229242671], [58.783225997054245, 62.705302213524085], [59.664783885281, 62.04308034150232], [60.58766874975136, 61.43976596131659]], {"i0": 0.07077190892719894, "spread": 43.22575932807599, "falloff": 0.23464373568382338}], [[[62.98456298631551, 53.05677636168336], [63.64302723954222, 53.00363342171601], [64.3025597299339, 52.96601326672196], [64.96280744021163, 52.94432752334571], [65.62338890706629, 52.939013231462944], [66.28389026736723, 52.95053433455374], [66.94386074940532, 52.979383158203945], [67.60280752624666, 53.02608183373153], [68.26018983837949, 53.09118360664649], [68.91541228098048, 53.17527394823025], [69.56781714213345, 53.27897135850713], [70.21667567145171, 53.402927710430895], [70.86117815466065, 53.54782793617744], [71.50042267606203, 53.714388792627275], [72.1334024679645, 53.90335636380402], [72.75899178604621, 54.11550185884698], [73.37593031922381, 54.351615144844516], [73.98280625902211, 54.61249531475014], [74.57803833101494, 54.89893743715178], [75.15985735989733, 55.21171447977847], [75.72628831601955, 55.55155326871705], [76.27513430553655, 55.9191032851408], [76.80396462347282, 56.31489718143358], [77.31010977199983, 56.739302219919246], [77.79066717804535, 57.192462527842146], [78.24252205798508, 57.674233252933526], [78.66238819249887, 58.184109487237606], [79.0468728865985, 58.721155159556], [79.39256864859004, 59.28393968996542], [79.69617079822365, 59.87049244118574], [79.954615369742, 60.47828593421049], [80.16522606088158, 61.10425740113649], [80.3258540882601, 61.74487390927454], [80.43499256179449, 62.39623934036959], [80.49184888302331, 63.05423354395763], [80.49636488495713, 63.71466741942774], [80.44918343343765, 64.37343475367231], [80.35156926380628, 65.02664328513129], [80.20529829890461, 65.67071286212106], [80.01253213907437, 66.30243565607131], [79.77569303235995, 66.91899994578264], [79.4973507633236, 67.51798351836383], [79.18012820277725, 68.09732480984084], [78.82662803671583, 68.65527993573397], [78.43938011128027, 69.19037250826781], [78.0208070099753, 69.70134135070626], [77.57320470985904, 70.1870894294104], [77.09873512168326, 70.64663581202632], [76.59942769967698, 71.07907131807342], [76.07718788725525, 71.48351773060675]], {"i0": 0.023013275485509375, "spread": 5.2738528658667585, "falloff": 0.24589751586549202}]], "disk": {"i0": 0.14777919622061644, "n": 1.0, "c": 2.0, "mu": [68.26634813144285, 68.79491917228228], "roll": 0.5145364617392929, "rEff": 26.53254545459291, "axRatio": 0.5418744483336786}, "bulge": {"i0": 0.4831007899331565, "n": 0.5927516215156364, "c": 2.0, "mu": [68.37201846337163, 68.96249687913573], "roll": 1.3953875200963681, "rEff": 4.193302794261857, "axRatio": 0.8941036123850988}, "bar": null}