{"spiral": [], "disk": null, "bulge": {"i0": 0.36414569092794036, "n": 1.0276891461541702, "c": 2.0, "mu": [43.49630570605103, 41.79887209464044], "roll": 2.7487798322239505, "rEff": 27.711299580353188, "axRatio": 0.9709640113549466}, "bar": null}