{"disk": {"I": 0.0615081484679235, "Re": 16.575619949687667, "c": 2.0, "mux": 54.70619077362298, "muy": 54.365668714169736, "n": 1.0, "q": 0.6348193904122065, "roll": 0.7307512544169383}, "bulge": {"I": 0.10852596662727938, "Re": 5.092380146356621, "c": 2.0, "mux": 54.98206429857893, "muy": 54.29822571972491, "n": 3.4245669246980808, "q": 0.48177348747768145, "roll": 2.286591050829715}, "bar": null, "spiral": []}