{"disk": {"I": 0.12937828766222473, "Re": 33.89548443584938, "c": 2.0, "mux": 126.32730035998237, "muy": 125.80229569023759, "n": 1.0, "q": 0.63474782214249, "roll": 1.5022920948720657}, "bulge": {"I": 0.0, "Re": 0.0, "c": 2.0, "mux": 127.45008992652146, "muy": 126.10879659550477, "n": 1.0, "q": 0.4346031534739337, "roll": 1.6807119346582085}, "bar": null, "spiral": []}