{"spiral": [], "disk": {"i0": 0.14489463287094914, "n": 1.0, "c": 2.0, "mu": [90.02694513398129, 90.04237241207595], "roll": 1.570525144694987, "rEff": 41.47777960026235, "axRatio": 0.6675764161235176}, "bulge": {"i0": 1.2377379406319204, "n": 0.186739589105305, "c": 2.0, "mu": [90.01325654970157, 89.86067590917327], "roll": 1.8601986898568954, "rEff": 2.7384223254070252, "axRatio": 0.38386949656068703}, "bar": null}