{"spiral": [], "disk": {"i0": 0.19335075521414669, "n": 1.0, "c": 2.0, "mu": [80.07043452999048, 78.26708992321858], "roll": 2.3630436904379355, "rEff": 33.8286890162174, "axRatio": 0.5309369298591209}, "bulge": {"i0": 0.2586623346709979, "n": 1.4106652888150795, "c": 2.0, "mu": [80.3860902701565, 78.84427024149575], "roll": 2.298589702765105, "rEff": 7.024383458082411, "axRatio": 0.8028583261424516}, "bar": null}