{"spiral": [], "disk": {"i0": 0.23558829251275837, "n": 1.0, "c": 2.0, "mu": [75.14480084812446, 74.61426035880979], "roll": 0.9816945453126166, "rEff": 35.98533653419076, "axRatio": 0.7774182288823442}, "bulge": {"i0": 0.2419140776751147, "n": 1.4931104516792384, "c": 2.0, "mu": [75.44951508946629, 74.14195083717168], "roll": 2.2312676087483654, "rEff": 5.871267707977644, "axRatio": 0.95625899230271}, "bar": null}