{"spiral": [[[[51.27923776144194, 43.75046026427105], [52.04099750541934, 43.5520148628016], [52.8126456413163, 43.39643257894516], [53.59204562402529, 43.28613883065569], [54.376754831904584, 43.224209175048536], [55.163821222999964, 43.21446806739802], [55.94950423795111, 43.26159555347018], [56.728883691620545, 43.37121727085456], [57.49531502421546, 43.549919962056], [58.23970306291363, 43.805071077217725], [58.94964027740207, 44.144217532346445], [59.60866776590339, 44.573727794364416], [60.196334627187454, 45.09639527853998], [60.69014920228191, 45.70832165118482], [61.07006847133768, 46.39670150473546], [61.32403827957458, 47.14086646520646], [61.451040197209394, 47.91699213836799], [61.45960625306718, 48.70356559056192], [61.36355960514474, 49.48446017541263], [61.17799588206483, 50.24917380444659], [60.91690619180441, 50.99160288216329], [60.59225821861946, 51.70859577693137], [60.213900955430034, 52.39881083671361], [59.789809894547886, 53.06194908785642], [59.326419044793, 53.69827770635456], [58.82893443567399, 54.30834612377071], [58.301596452427376, 54.892821051145546], [57.74788829973934, 55.45239248606373], [57.17069797658299, 55.98772138561179], [56.572443155868314, 56.49941154729243], [55.955167468555366, 56.98799540879141], [55.32061509578667, 57.45392771881283], [54.67028898966391, 57.89758351801163], [54.00549675124744, 58.319258330615874], [53.32738718464879, 58.719169325460044], [52.63697979154709, 59.09745671032509], [51.93518891803441, 59.454184923830255], [51.22284385654255, 59.78934336270256], [50.50070591179261, 60.10284648359513], [49.76948322856303, 60.39453317636547], [49.02984402834274, 60.66416533549472], [48.28242879944065, 60.91142557086599], [47.52786191971326, 61.135914004654545], [46.7667631563244, 61.337144102464336], [45.99975947900052, 61.51453748801179], [45.22749764023688, 61.66741769554276], [44.4506580175866, 61.79500282756695], [43.66997028044579, 61.89639711402618], [42.886231538154, 61.970581422376384], [42.10032774897744, 62.01640286071037]], {"i0": 0.025890214412367156, "spread": 4.117562624638546, "falloff": 0.027503882648428686}], [[[48.53563288612966, 54.68597476438507], [48.16755054568831, 54.797112430812064], [47.79587485599154, 54.895566157148366], [47.421010761330244, 54.981079130399], [47.043368100115174, 55.053335701550154], [46.66337130147398, 55.111958846096485], [46.28146982656743, 55.15650707753543], [45.89814978678601, 55.18647095079158], [45.513947204246094, 55.20126936988271], [45.12946342093021, 55.20024603616541], [44.74538319870707, 55.18266655897115], [44.36249606044122, 55.14771702416581], [43.981721362666235, 55.094505207371455], [43.60413739478899, 55.02206615657313], [43.23101436515559, 54.92937456721615], [42.863850296652295, 54.8153672060915], [42.50440741871414, 54.67897947735892], [42.15474439163929, 54.51920075488429], [41.81723656306853, 54.335152721171276], [41.49457276214367, 54.126192705589006], [41.189714044479786, 53.892038783119176], [40.90579965868372, 53.63290456764687], [40.645991540868714, 53.34962041002598], [40.41326318313605, 53.043708427206006], [40.21015989652347, 52.71737855737547], [40.03857684567169, 52.37342744307336], [39.89960648575234, 52.0150495504057], [39.79349100303995, 51.64559847010788], [39.71968385167564, 51.268350478585475], [39.67699364165559, 50.88631530681854], [39.66376783770233, 50.502117190862904], [39.67807607546692, 50.11794587823083], [39.71786642628335, 49.73556210440924], [39.78108333967795, 49.35633723238211], [39.865747424979894, 48.981309105630324], [39.9700032908117, 48.611241435808004], [40.0921435132079, 48.24667930362052], [40.23061626024206, 47.88799731116375], [40.38402258704061, 47.53543943812255], [40.551107768518655, 47.18915101539686], [40.73074963098535, 46.8492038333194], [40.92194577645343, 46.51561556865864], [41.123800839026266, 46.18836466014093], [41.335514415008184, 45.8674016117827], [41.55636998197757, 45.55265753272843], [41.785724928985566, 45.24405055766791], [42.02300170265739, 44.94149065213048], [42.26768001000633, 44.64488319176871], [42.51928998978578, 44.35413161323443], [42.777406250531655, 44.06913936341734]], {"i0": 0.03073389886145599, "spread": 3.0344139414888045, "falloff": 0.01}]], "disk": {"i0": 0.149175870278956, "n": 1.0, "c": 2.0, "mu": [49.86970648405119, 50.062086708925136], "roll": 0.4138646862732563, "rEff": 16.92724203986553, "axRatio": 0.30114023952025104}, "bulge": {"i0": 1.9452967526724705, "n": 1.2768675824105764, "c": 2.0, "mu": [50.178748788711815, 49.78381808319558], "roll": 1.7771785268512517, "rEff": 2.7544008370768034, "axRatio": 0.9999999531387358}, "bar": null}