{"disk": {"I": 0.02117086812295838, "Re": 29.3933888617935, "c": 2.0, "mux": 79.10375575954963, "muy": 79.73248402295488, "n": 1.0, "q": 0.7365739909029821, "roll": 2.0322040322740254}, "bulge": {"I": 0.035329399227016334, "Re": 17.052633000091678, "c": 2.0, "mux": 79.51723293602834, "muy": 79.53010940248765, "n": 2.578259031135132, "q": 0.6213472284451396, "roll": 1.6658265376542767}, "bar": null, "spiral": []}