{"spiral": [[[[61.786822495270236, 50.61529402377642], [61.599015114186045, 51.01092348191666], [61.39863046596945, 51.400333401121465], [61.185802200119745, 51.78308399837986], [60.96067576394523, 52.15873245245526], [60.72340865572245, 52.52683265490144], [60.474170744090195, 52.88693493409368], [60.213144660239514, 53.23858575594787], [59.94052627051073, 53.58132740541487], [59.65652523691725, 53.91469765368331], [59.361365673684716, 54.238229416813404], [59.05528690837002, 54.55145041248418], [58.7385443565256, 54.85388282270165], [58.41141051935311, 55.14504297165856], [58.07417611418286, 55.42444102954359], [57.727151347944805, 55.69158075498263], [57.37066734434852, 55.94595929090607], [57.00507773508716, 56.18706703136973], [56.6307604259676, 56.41438757962919], [56.24811954776263, 56.62739782142148], [55.85758760143853, 56.825568141165725], [55.45962780557548, 57.00836281341659], [55.05473665193379, 57.17524060688901], [54.64344667205219, 57.325655643991354], [54.226329413568195, 57.45905856492255], [53.80399861958736, 57.57489805194116], [53.377113596308796, 57.672622776260454], [52.94638274561938, 57.75168383683083], [52.51256722640652, 57.81153776679124], [52.07648469390578, 57.85165018893586], [51.63901304825373, 57.8715002055504], [51.20109410159763, 57.87058560929572], [50.76373704878274, 57.84842899966552], [50.32802159752897, 57.80458488168595], [49.895100584331956, 57.73864780947159], [49.46620186963576, 57.65026161390309], [49.042629274925716, 57.53912972022305], [48.62576229699613, 57.40502651607554], [48.217054313828505, 57.24780967145759], [47.81802898925337, 57.06743324147556], [47.4302745924226, 56.86396129973646], [47.05543598111883, 56.63758176084142], [46.69520405842891, 56.38861995911569], [46.35130260472277, 56.117551468213414], [46.02547251069609, 55.82501358188851], [45.7194535893186, 55.51181484437412], [45.43496431528827, 55.1789420310921], [45.173680015859375, 54.82756404609109], [44.937210197486756, 54.459032327888096], [44.72707581719936, 54.074877536211396]], {"i0": 0.3001643432477041, "spread": 301.5499923300127, "falloff": 0.46366438520032677}]], "disk": {"i0": 0.0, "n": 1.0, "c": 2.0, "mu": [48.77960378365532, 50.13074973313324], "roll": 0.6434477991068828, "rEff": 19.654098900861566, "axRatio": 0.9379518856625327}, "bulge": {"i0": 0.0, "n": 10.0, "c": 2.0, "mu": [49.63479006604783, 49.76412240852476], "roll": 0.35438464353153215, "rEff": 2.687152305796926, "axRatio": 0.9225098791317347}, "bar": null}