{"disk": {"I": 0.018912689458502416, "Re": 39.281075532553, "c": 2.0, "mux": 90.63491406802756, "muy": 88.12993895507599, "n": 1.0, "q": 0.7468861965232239, "roll": 0.9335423487974417}, "bulge": {"I": 0.8604173873448928, "Re": 5.4423475054265245, "c": 2.0, "mux": 87.50652045955474, "muy": 90.82515285831518, "n": 2.0797690890932277, "q": 0.029379794789438186, "roll": 0.23159610504147832}, "bar": {"I": 0.3505610018695212, "Re": 2.6785562226864683, "c": 2.2024362111832523, "mux": 88.95896445561979, "muy": 88.4409295486553, "n": 1.5946639043177613, "q": 0.4306441433413508, "roll": 0.5491697279662571}, "spiral": [[[[102.11199279603065, 66.92027160994283], [102.85227885765127, 67.59733217091272], [103.53889851902822, 68.32875472043592], [104.1675876432738, 69.11053150732923], [104.73491326590069, 69.93792158418425], [105.23838529008547, 70.80565645140214], [105.67649183210469, 71.70817057063668], [106.04866112371843, 72.63982748082786], [106.35516440591067, 73.59511715931669], [106.59698061000789, 74.56880939855162], [106.77564433539612, 75.55605791633577], [106.89309513696885, 76.55245800038865], [106.9515406112642, 77.55406547247289], [106.95334013904824, 78.5573867215838], [106.90091156422469, 79.5593493039303], [106.79665997085455, 80.55726113558856], [106.6429259570021, 81.54876436520036], [106.44195008056212, 82.53178815055549], [106.19585009748691, 83.50450299980399], [105.90660793338041, 84.46527814837592], [105.57606380947442, 85.41264260715873], [105.20591545438803, 86.34524996403354], [104.79772081086078, 87.26184667312896], [104.35290304738137, 88.16124337004412], [103.87275702554845, 89.04228863786513], [103.35845663363877, 89.90384459705828], [102.81106261547889, 90.74476366043203], [102.23153068909454, 91.56386577153256], [101.62071989904081, 92.35991541359031], [100.9794012738109, 93.1315976244634], [100.30826699718291, 93.87749217424728], [99.60794045587915, 94.59604494456119], [98.87898772278068, 95.28553538180512], [98.12193130454696, 95.94403867068606], [97.33726736786848, 96.56938097722278], [96.52548822573979, 97.15908572629598], [95.68711271515879, 97.71030842098918], [94.82272838358395, 98.21975698214183], [93.93305136239721, 98.68359408876249], [93.0190127936246, 99.0973177483982], [92.0818852054513, 99.45561682273271], [91.12346894639215, 99.75220063132289], [90.14636828558272, 99.97960840116428], [89.15439882002363, 100.12901994177786], [88.15317898325833, 100.19012210081132], [87.15095628613955, 100.15114955153885], [86.15967021650115, 99.99932552343326], [85.19609133656702, 99.7220609615296], [84.28252117492538, 99.30930735663425], [83.44605958513233, 98.75708853325357]], {"I": 0.02429657662334054, "falloff": 0.8858822174241803, "spread": 14.770060377428285}], [[[89.89721796708291, 116.98515953993405], [88.6023625830057, 117.0165876940829], [87.30757055487699, 116.9833124514957], [86.0164140517481, 116.88105473084909], [84.73320424132548, 116.70540059736004], [83.46310217625319, 116.45191689145591], [82.21221768066374, 116.11632163104258], [80.98767591767692, 115.69471865502801], [79.79762335128878, 115.18389915226562], [78.6511392665456, 114.58169944299567], [77.55802020408906, 113.88738428042947], [76.52841826060109, 113.10200153773262], [75.57234309897571, 112.22863572735541], [74.69907786159742, 111.27248681857539], [73.9165971764858, 110.24072629762031], [73.23109206563771, 109.14213220439696], [72.64668869578071, 107.98656155318348], [72.1653997574395, 106.7843574798458], [71.78728939559618, 105.54579361929626], [71.51078928927733, 104.28063174189961], [71.33308751518814, 102.99782722540309], [71.2505209349566, 101.70537905868291], [71.25892427981502, 100.41029742164254], [71.35391307141383, 99.1186534928166], [71.53109601986111, 97.83567845204952], [71.78622366550398, 96.56588606952158], [72.11528492376266, 95.31320165300075], [72.51456400873263, 94.08108729932093], [72.9806688751459, 92.87265871410403], [73.51054015538512, 91.6907924249835], [74.1014473277032, 90.53822444828829], [74.75097686270902, 89.41764284185223], [75.45701543926673, 88.33177747741156], [76.21772995389172, 87.28349110115286], [77.03154484671927, 86.27587657127367], [77.89711605411489, 85.3123662847835], [78.81329943444877, 84.39686148949833], [79.7791093959003, 83.53389170158121], [80.7936600497255, 82.72881825869891], [81.85607531620923, 81.98810164466575], [82.96534380038727, 81.31966027661377], [84.12007462068905, 80.73335918072584], [85.31807340003495, 80.24167883464874], [86.55558771203675, 79.8606187751411], [87.82594233777941, 79.61085594082078], [89.11706974512724, 79.51900524381833], [90.40719807101607, 79.6182509279031], [91.65820934708626, 79.94610687664787], [92.80882171064934, 80.53461255590982], [93.77711976859052, 81.38941992512228]], {"I": 0.030538243315939923, "falloff": 1.2105192979127746, "spread": 13.00702884835376}]]}