{"disk": {"mux": 61.10403872433425, "muy": 59.86535849323402, "roll": 0.37542882129675803, "Re": 17.90882484535217, "q": 0.8735647394545931, "I": 0.016393304050965823, "n": 1.0, "c": 2.0}, "bulge": {"mux": 60.87945118468964, "muy": 59.649721684244355, "roll": 0.04935067467818661, "Re": 10.622650013789134, "q": 0.5928216228412523, "I": 0.03371765655206739, "n": 4.839712431343093, "c": 2.0}, "bar": null, "spiral": []}