{"spiral": [], "disk": {"i0": 0.16600219813425127, "n": 1.0, "c": 2.0, "mu": [126.80893290802403, 126.5641304841251], "roll": 1.197524858225061, "rEff": 53.21952656534555, "axRatio": 0.6137240584195645}, "bulge": {"i0": 0.346869499359363, "n": 2.303775292718849, "c": 2.0, "mu": [127.16224868683334, 126.56049521287859], "roll": 1.3775766507417835, "rEff": 6.3867982634228015, "axRatio": 0.8628813373214349}, "bar": null}