{"spiral": [[[[33.74504520480195, 25.338344265095998], [34.10099311898849, 25.393342986810204], [34.45170909498972, 25.47532487276813], [34.79510146671627, 25.58397089723282], [35.12913725159513, 25.718665353562557], [35.45189886091716, 25.878503883009987], [35.761636358556984, 26.062318091724315], [36.0568102594287, 26.26871456808346], [36.33612122680724, 26.496124243001546], [36.59852497928261, 26.742856985350382], [36.84323276018816, 27.007156259767765], [37.069699397930314, 27.287249466303464], [37.27760201934604, 27.581390901179372], [37.46681281725543, 27.887895742832104], [37.63736904541947, 28.205164766963705], [37.78944283223323, 28.53170045387943], [37.923312681479175, 28.866115727518977], [38.039337826390685, 29.207136807046908], [38.137936014821484, 29.553601647651547], [38.21956486589585, 29.90445529549665], [38.284706645777995, 30.258743257467422], [38.33385614007634, 30.615603748379968], [38.3675112205298, 30.974259455720865], [38.38616568573916, 31.33400927496639], [38.39030397541052, 31.694220316799232], [38.38039739786967, 32.05432037335443], [38.35690155920128, 32.4137909468], [38.32025473217621, 32.77216088431064], [38.27087694961504, 33.12900062408453], [38.20916964829559, 33.48391703128345], [38.1355157247629, 33.836548787952275], [38.05027989404006, 34.18656229273827], [37.95380926638829, 34.533648023178316], [37.846434076960065, 34.87751731314122], [37.72846851832169, 35.217899500501474], [37.60021163884206, 35.55453940238657], [37.4619482788784, 35.887195079838826], [37.31395002470172, 36.215635857020914], [37.1564761657567, 36.53964056412623], [36.98977464531987, 36.85899597679216], [36.8140829980767, 37.17349542817715], [36.629629270751245, 37.48293757296878], [36.43663292388161, 37.78712528541354], [36.23530571426018, 38.08586467601449], [36.025852558629786, 38.37896421380307], [35.80847238017076, 38.6662339430989], [35.583358939477996, 38.94748478560001], [35.35070165255872, 39.222527920183765], [35.110686398105976, 39.491174234372224], [34.86349631679535, 39.75323384273947]], {"i0": 0.23546147941276332, "spread": 0.005030260249255817, "falloff": 0.04210172673225976}], [[[25.93660461904115, 37.55428402090786], [25.61816328458987, 37.34410225799834], [25.31447099749643, 37.113118257390134], [25.02664133282403, 36.862641824729316], [24.75559821993468, 36.594086335508415], [24.502072228479015, 36.3089314885659], [24.26660503636346, 36.00868764538184], [24.04956062554579, 35.69486378628071], [23.851141406249543, 35.3689404163422], [23.671407416232835, 35.03234805335606], [23.510296909104742, 34.686451331627445], [23.367646951041174, 34.33253831477975], [23.243213002759216, 33.971814337781744], [23.13668681210595, 33.6053995728962], [23.047712243516077, 33.23432950140754], [22.975898905862707, 32.859557533534065], [22.920833609272744, 32.481959120935684], [22.88208979097409, 32.10233682288062], [22.859235112618535, 31.72142590290949], [22.85183745860775, 31.339900137498095], [22.85946956801644, 30.958377606183305], [22.881712520584003, 30.577426305400447], [22.91815827669909, 30.19756948348707], [22.968411446850848, 29.81929063724541], [23.032090440914693, 29.443038141066257], [23.10882812363329, 29.069229501541457], [23.19827208080443, 28.698255245304903], [23.300084581538297, 28.330482457265127], [23.413942305142566, 27.96625799243783], [23.539535887603936, 27.60591138690009], [23.676569330485588, 27.24975749503102], [23.824759305832302, 26.898098879317455], [23.983834382520545, 26.55122797815233], [24.153534193126056, 26.20942907522741], [24.33360855517555, 25.87298009209671], [24.523816556402327, 25.54215422333729], [24.723925610208397, 25.217221431507266], [24.93371048478528, 24.898449816878117], [25.15295230711666, 24.586106874735233], [25.381437541292243, 24.280460650898792], [25.618956939128847, 23.981780804017312], [25.865304459948835, 23.690339581119858], [26.12027615546728, 23.406412710864664], [26.38366901505895, 23.130280216817127], [26.655279766248864, 22.86222715099403], [26.934903624990675, 22.60254424577139], [27.222332990292944, 22.35152847991082], [27.517356078011215, 22.109483552127507], [27.81975548906837, 21.876720253205605], [28.12930670835877, 21.653556724889004]], {"i0": 0.8208285363113994, "spread": 0.004491253653791043, "falloff": 0.3141594959276614}]], "disk": {"i0": 0.28396930124303077, "n": 1.0, "c": 2.0, "mu": [31.07473571066754, 30.298748368041583], "roll": 1.2824755945527857, "rEff": 14.124237467339594, "axRatio": 0.5338315657525238}, "bulge": {"i0": 0.31258391232283145, "n": 1.8795064183359644, "c": 2.0, "mu": [30.95115988100072, 30.281075416097853], "roll": 0.5423976209887952, "rEff": 2.373774300473766, "axRatio": 0.9562510287356552}, "bar": {"i0": 0.17572233024263215, "n": 0.7870329956857336, "c": 2.370528815820899, "mu": [31.17785636545534, 30.262084912625934], "roll": 0.8066715083558637, "rEff": 3.8570426894349934, "axRatio": 0.4750462883892646}}