{"spiral": [[[[73.47374409429719, 90.96647995713761], [72.29645522489793, 90.25523340134245], [71.17641561751982, 89.4568396997145], [70.11873920131085, 88.57748009851218], [69.1281194234287, 87.6232001976186], [68.20884894693488, 86.59999940951076], [67.36481422875144, 85.51389589629851], [66.59947266751296, 84.37096833097223], [65.91581895696405, 83.17737553076822], [65.31634669785056, 81.93935514877914], [64.80301088160962, 80.66320311250365], [64.37719632654154, 79.35523624774311], [64.0396963746966, 78.02174136697064], [63.790705097336925, 76.6689148575083], [63.62982494127163, 75.30279731162211], [63.55609030068683, 73.92920787718651], [63.568006076301444, 72.5536827221022], [63.66359905939631, 71.18142132749028], [63.84047908751983, 69.81724335365864], [64.09590643493291, 68.46555769966207], [64.42686183374566, 67.13034426150803], [64.83011580345917, 65.81514790652307], [65.30229450807951, 64.52308342086515], [65.83994003989709, 63.25684968879186], [66.43956374203158, 62.01875111410434], [67.09769184792776, 60.810724267610915], [67.81090327708314, 59.63436788271009], [68.57585986049712, 58.490974554120925], [69.38932957125591, 57.38156279255058], [70.24820351915261, 56.30690838786546], [71.14950755690187, 55.26757431562466], [72.09040935432152, 54.263938678155924], [73.06822176214357, 53.29622037198411], [74.08040321260388, 52.36450234257239], [75.124555819896, 51.46875240645681], [76.1984217440424, 50.60884171360238], [77.29987829823186, 49.784560975374575], [78.4269321856434, 48.99563462567072], [79.57771318186869, 48.24173309676997], [80.75046751071574, 47.52248339910741], [81.94355110274395, 46.83747819155715], [83.15542288625662, 46.18628351791232], [84.38463821231502, 45.568445375843055], [85.62984249588327, 44.983495267456014], [86.88976512183758, 44.43095486796018], [88.16321365085116, 43.910339932948396], [89.44906834444396, 43.42116355116619], [90.74627701645649, 42.96293883653603], [92.05385021005871, 42.53518114102077], [93.37085669776033, 42.13740985956101]], {"i0": 0.0, "spread": 3.5645695993685673, "falloff": 0.3914689355202096}]], "disk": {"i0": 0.17755741918182127, "n": 1.0, "c": 2.0, "mu": [84.43542977910766, 85.32257427704117], "roll": 1.5846843552786163, "rEff": 55.99128802266734, "axRatio": 0.9999999676421467}, "bulge": {"i0": 0.01741224252568847, "n": 2.6987396846891856, "c": 2.0, "mu": [85.97492906946827, 86.1580284960029], "roll": 2.080060970515822, "rEff": 25.548081223319972, "axRatio": 0.20940225608392246}, "bar": null}