{"disk": {"I": 0.1795803767674964, "Re": 23.16820249015625, "c": 2.0, "mux": 63.44070511175977, "muy": 63.973720601627015, "n": 1.0, "q": 0.3975070740104416, "roll": 0.5643511576819996}, "bulge": {"I": 0.0, "Re": 0.0, "c": 2.0, "mux": 65.06655881622903, "muy": 64.01097878898412, "n": 1.0, "q": 0.9224947123757437, "roll": 0.9671916215439157}, "bar": null, "spiral": []}