{"spiral": [[[[71.00255427594642, 80.82427455649254], [70.25282020772183, 79.36763294590546], [69.7839885216785, 77.79743502954314], [69.58865502826772, 76.17014011362869], [69.65645640581815, 74.53239470295001], [69.97595628215801, 72.92459107678995], [70.53492499675873, 71.38355890546961], [71.31971673951311, 69.94435931981646], [72.31411723018228, 68.64120131389137], [73.49793261528187, 67.50743467043584], [74.84564783763366, 66.57454418509472], [76.32561582594181, 65.87017656829063], [77.9003063716019, 65.41552145250002], [79.52796613032206, 65.22275319453014], [81.1655492475053, 65.29345277783574], [82.77218627933922, 65.61868966544104], [84.31218251925272, 66.18078495319438], [85.75679835080913, 66.9561158152625], [87.08464806813099, 67.91807650167215], [88.28104538549725, 69.03952335198937], [89.33680149350178, 70.29442819829526], [90.24690231020007, 71.65878128889501], [91.00931850486833, 73.11093209633981], [91.62405037776014, 74.63157382476663], [92.09241672873218, 76.20353489010893], [92.416554469257, 77.81148651183844], [92.59908413333787, 79.4416309055166], [92.6428995627562, 81.08140414852046], [92.5510482102837, 82.71920936221234], [92.32667710567648, 84.34418574857645], [91.97302677867667, 85.9460141916465], [91.49346088454192, 87.5147583054146], [90.89152304868222, 89.04073968388533], [90.17101477847041, 90.51444680196036], [89.33608942416824, 91.9264780305031], [88.39135730321654, 93.26752020012671], [87.34199636185156, 94.52836477284121], [86.19386140378121, 95.69996367719146], [84.95358308279476, 96.77352591335385], [83.62864613662374, 97.74065394612603], [82.22743507843356, 98.59351553597116], [80.75923559957945, 99.32504223116922], [79.23418184628646, 99.9291408307946], [77.66314389236297, 100.40089968599322], [76.05755604485469, 100.73676901072272], [74.42919423131625, 100.93469458315836], [72.78991816246618, 100.99418797215434], [71.15139950759675, 100.91632344535806], [69.52485952712365, 100.70366076001427], [67.92083785774672, 100.36010219710614]], {"i0": 0.20139111683662939, "spread": 7.602821852449553, "falloff": 2.3897682968592773}], [[[87.63556880241701, 81.04744908084594], [87.23954112844304, 82.9535325626036], [86.57619431183444, 84.78383602170719], [85.65835980623038, 86.50066598617623], [84.50172677135438, 88.06651456214468], [83.12632088310352, 89.44405085383775], [81.55803250253797, 90.5970671467933], [79.82976535909879, 91.49245863617551], [77.9816397629876, 92.10306021538219], [76.05974413759219, 92.41075028825605], [74.11332907766713, 92.40887108887162], [72.19098687461617, 92.10303877679075], [70.33686548722842, 91.5099693860054], [68.58794250452381, 90.65473756516819], [66.97285181433936, 89.5673973367817], [65.51211820927234, 88.2798720812853], [64.2192866288325, 86.82363727991032], [63.10240283454144, 85.2283025822702], [62.16546312102182, 83.52094366664431], [61.40963983085402, 81.72595183415649], [60.834226424221264, 79.86519052885846], [60.437319411431574, 77.9583054672902], [60.21628271313944, 76.0230914049823], [60.16804346081284, 74.07586056122187], [60.28926120288601, 72.13178473108592], [60.57640267356873, 70.20519864520575], [61.02574517404492, 68.3098599244664], [61.633324457463935, 66.45916405883898], [62.39483802033187, 64.66631311162936], [63.3055118041527, 62.944435616196536], [64.35993736433056, 61.30665323726448], [65.55188747807959, 59.76608791437764], [66.87412082126293, 58.33580211089442], [68.31819043422958, 57.02866527385147], [69.87427570223393, 55.85714256424958], [71.53106215409282, 54.8330080474987], [73.2756960640858, 53.96699410296532], [75.09383923498235, 53.26840086810434], [76.96984197377195, 52.744701957507914], [78.88703839982057, 52.401191847301604], [80.82814967340488, 52.24072235244162], [82.77576151702732, 52.2635679697547], [84.71282785604248, 52.46744270537797], [86.62314716097377, 52.84766806924455], [88.49176386203514, 53.397469193922156], [90.30526207223852, 54.10835941286416], [92.05193815770787, 54.970566587109964], [93.72185692026908, 55.97345716977015], [95.30680971681403, 57.10592349245844], [96.80019972735052, 58.35671246555476]], {"i0": 0.22598552289558932, "spread": 77.26497029070816, "falloff": 0.37078212260751914}]], "disk": {"i0": 0.050647920409176164, "n": 1.0, "c": 2.0, "mu": [77.30799055666634, 77.8546373058377], "roll": 2.0761200141637843, "rEff": 27.267702591934622, "axRatio": 0.9393422662294455}, "bulge": {"i0": 0.036739089781899575, "n": 0.4893821867603611, "c": 2.0, "mu": [77.5215877181543, 77.66261813174843], "roll": 2.3811370743440334, "rEff": 4.350858212232857, "axRatio": 0.8357276841626912}, "bar": null}