{"spiral": [[[[67.37502418488343, 71.76339924302196], [66.75869051216975, 72.11854466347829], [66.09919841645538, 72.38521139578027], [65.40996420329442, 72.56143867846528], [64.70380969453785, 72.6481153309156], [63.99230645628191, 72.64846438740766], [63.285390030548534, 72.56738290378215], [62.591239093668904, 72.41078625484752], [61.91635393929348, 72.18505567113547], [61.26575190914295, 71.89662853841098], [60.6432099333815, 71.55172771336193], [60.051507458070745, 71.15620436897179], [59.49264455475762, 70.71546340344956], [58.96802529061392, 70.23444369547728], [58.4786054718003, 69.71763183540996], [58.025008302815465, 69.16909432942067], [57.607613112579, 68.59251845203444], [57.226622398319876, 67.99125569170083], [56.88211186000172, 67.36836428941531], [56.574067300321836, 66.72664901511625], [56.302411473599044, 66.06869733973606], [56.06702327352805, 65.39691175372018], [55.86775108222148, 64.71353831048214], [55.70442165566676, 64.02069163869477], [55.576845575946955, 63.3203767301428], [55.48482004074045, 62.61450782244633], [55.428129565965946, 61.904924672851806], [55.406545034523816, 61.19340648427385], [55.41982142033862, 60.481683702419566], [55.46769444339558, 59.77144786061794], [55.549876361714695, 59.06435960994424], [55.666051074238794, 58.3620550368959], [55.815868691047896, 57.66615034226692], [55.998939720986805, 56.97824493279347], [56.214829028692414, 56.299922962366885], [56.463049721202275, 55.63275335306241], [56.74305713592801, 54.978288328057516], [57.054243115273856, 54.33806049916495], [57.395930766628155, 53.71357857144828], [57.76736991217225, 53.10632175369487], [58.167733440635196, 52.51773299976864], [58.596114762454974, 51.94921124348425], [59.05152655662288, 51.402102832596555], [59.53290096936074, 50.87769240895844], [60.03909138338052, 50.37719351760743], [60.56887582608372, 49.90173925621295], [61.12096202409241, 49.452373292142155], [61.69399404470966, 49.03004157502258], [62.28656039632865, 48.63558505557735], [62.89720339564715, 48.26973368941235]], {"i0": 0.017754697611788817, "spread": 0.19119972407633062, "falloff": 1.0866474790357468}]], "disk": {"i0": 0.1461795313097571, "n": 1.0, "c": 2.0, "mu": [66.27678583186473, 65.34646386219356], "roll": 1.6080094803842773, "rEff": 45.03692196643966, "axRatio": 0.8827750410574611}, "bulge": {"i0": 0.46470779261422657, "n": 1.8918647612650303, "c": 2.0, "mu": [66.34839809843429, 65.60662701938124], "roll": 1.578562703739167, "rEff": 2.3324469215576946, "axRatio": 0.30425771734574575}, "bar": {"i0": 0.0, "n": 0.41953558126826707, "c": 2.0017288635460138, "mu": [67.15177692311073, 65.53386959663942], "roll": 1.5707963677146124, "rEff": 3.0725219484872555, "axRatio": 0.34297107925562276}}