{"disk": {"mux": 66.81310934578252, "muy": 66.36238646539577, "roll": 1.3695047986511386, "Re": 21.676129888154907, "q": 1.2456399032075685, "I": 0.01818065408510218, "n": 1.0, "c": 2.0}, "bulge": {"mux": 66.27108458921832, "muy": 66.50975892703714, "roll": 3.1403239453192175, "Re": 4.892230154003045, "q": 0.719657119440159, "I": 0.25844523564544436, "n": 1.2184326163415795, "c": 2.0}, "bar": null, "spiral": []}