{"disk": {"I": 0.11875742292180283, "Re": 21.509158099049856, "c": 2.0, "mux": 69.25876006504498, "muy": 67.87611287524648, "n": 1.0, "q": 0.46253752889897803, "roll": 2.956841020724329}, "bulge": {"I": 0.17296133727201496, "Re": 4.161108697204296, "c": 2.0, "mux": 69.19022958208885, "muy": 67.3921373110007, "n": 0.6046300215610763, "q": 0.9505728898927517, "roll": 2.7931187873704313}, "bar": null, "spiral": []}