{"spiral": [[[[110.03636073282722, 103.18291689918895], [109.7710965980461, 104.28894736785476], [109.39289266686741, 105.36164356503592], [108.90823942836104, 106.3906645044268], [108.32488072265468, 107.36715333137639], [107.65140288562037, 108.2838509083235], [106.89683685379039, 109.13508940262219], [106.07031111233559, 109.91669067578256], [105.18077641565874, 110.62580170200151], [104.23680761989694, 111.2606983827729], [103.24647679126167, 111.82058312993891], [102.21728562191971, 112.30539374726865], [101.15614319147863, 112.71563375097617], [100.06937582411696, 113.05222847168338], [98.96275786886115, 113.31640734157035], [97.84155472882648, 113.50961044454618], [96.71057183511026, 113.6334162804214], [95.5742052398222, 113.68948735921667], [94.43649103645764, 113.67953036576485], [93.30115193435343, 113.6052679912717], [92.17164008575116, 113.46841997071283], [91.05117578061923, 113.27069130864805], [89.94278194275536, 113.01376607941067], [88.84931454978394, 112.6993055327324], [87.77348919655044, 112.3289495199282], [86.71790405811481, 111.90432048229646], [85.68505950885734, 111.4270294197474], [84.67737463214829, 110.89868339137638], [83.69720082058228, 110.32089419770617], [82.74683262689767, 109.69528796307767], [81.8285159862639, 109.0235153811998], [80.9444538934271, 108.3072624112959], [80.09680958693393, 107.54826122012047], [79.28770726909924, 106.74830115945225], [78.51923037691493, 105.90923955170446], [77.79341741748217, 105.03301203091031], [77.11225539263387, 104.12164215757028], [76.47767086604033, 103.17724999110918], [75.89151876736668, 102.20205927729677], [75.3555690902763, 101.19840288136406], [74.87149171309066, 100.16872609111806], [74.44083966266228, 99.11558741633078], [74.0650312349837, 98.0416565441331], [73.74533148562327, 96.94970916398267], [73.48283369487883, 95.8426184610014], [73.27844148682614, 94.72334319121187], [73.13285232949221, 93.59491239173362], [73.04654315542615, 92.4604069370782], [73.0197588094377, 91.32293831921939], [73.05250395012685, 90.18562519040825]], {"i0": 0.037130940235096825, "spread": 108.46052885143504, "falloff": 0.18586734247946768}], [[[86.55346568978955, 86.38994377107225], [87.7264175114904, 85.02429734948107], [89.05433734970065, 83.80862015664957], [90.51113072833651, 82.75060362682416], [92.07241857723382, 81.85372781142758], [93.71604620515602, 81.11833215935884], [95.42222857289586, 80.54254867902799], [97.17346430668427, 80.1230461853117], [98.95432399959125, 79.85558692905468], [100.75118533605999, 79.73542184755368], [102.55195948259599, 79.75755789373582], [104.34583305507019, 79.91692901466747], [106.12303705934643, 80.20849692097175], [107.87464663359526, 80.62730176877137], [109.5924114078245, 81.16847755336887], [111.26861445168647, 81.82724278332242], [112.89595719965746, 82.59887385287983], [114.46746782586295, 83.47866629563597], [115.97643094771412, 84.46188759552652], [117.4163370630062, 85.54372428690228], [118.78085064346483, 86.71922556135843], [120.06379624504817, 87.98324541499245], [121.25916229244187, 89.33038543804189], [122.36112230707622, 90.7549405966596], [123.36407322896272, 92.2508507161376], [124.26269010082584, 93.81166076128993], [125.05199571961862, 95.43049332634948], [125.72744292976945, 97.1000368775155], [126.2850061010674, 98.81255311064217], [126.72127710279307, 100.55990620047412], [127.0335599617007, 102.33361563390238], [127.21995755529386, 104.12493277495126], [127.2794434211709, 105.92493938017107], [127.21191218561367, 107.72466420976949], [127.01820335929503, 109.515211936883], [126.70009521596003, 111.28789708584728], [126.26026794616482, 113.03437500282973], [125.70223792023704, 114.74676204047613], [125.03026729658592, 116.41773820417531], [124.24925505520433, 118.0406273037528], [123.36461654460095, 119.60945183900715], [122.38215880606032, 121.1189621232125], [121.30795831498787, 122.5646411366528], [120.14824661815177, 123.94268814961904], [118.90930786283275, 125.24998510062831], [117.59739067906293, 126.48405011262554], [116.21863547446203, 127.64298243476185], [114.779017045292, 128.72540269882967], [113.28430156593039, 129.7303917236282], [111.74001646101516, 130.6574304290795]], {"i0": 0.13438090454057278, "spread": 229.8103501787118, "falloff": 0.5782959176402415}]], "disk": {"i0": 0.0, "n": 1.0, "c": 2.0, "mu": [97.99924328348573, 97.63750090474011], "roll": 2.470237982268305, "rEff": 39.20566592118617, "axRatio": 0.9503236872951382}, "bulge": {"i0": 0.48447189618109326, "n": 0.33237803145229194, "c": 2.0, "mu": [98.42042218286146, 97.85806169128037], "roll": 2.427682045767468, "rEff": 5.963880795496646, "axRatio": 0.7369301310025845}, "bar": null}