{"spiral": [], "disk": {"i0": 0.1842879119395512, "n": 1.0, "c": 2.0, "mu": [127.15632506633777, 126.64693609024252], "roll": 3.1317099717020116, "rEff": 68.98150544168428, "axRatio": 0.7297732592702885}, "bulge": {"i0": 0.01494515642690066, "n": 2.422320714052404, "c": 2.0, "mu": [126.62843754933893, 126.50425690600925], "roll": 0.05496699542884989, "rEff": 39.725236029319625, "axRatio": 0.1397960052416661}, "bar": null}