{"spiral": [], "disk": {"i0": 0.1466295042959955, "n": 1.0, "c": 2.0, "mu": [62.82161938727314, 62.70659164530232], "roll": 0.3428097528225018, "rEff": 22.071217048453615, "axRatio": 0.4387822497820377}, "bulge": {"i0": 0.4769086160304847, "n": 1.6718781911293075, "c": 2.0, "mu": [62.79987167682036, 62.82240864230737], "roll": 2.040345126507739, "rEff": 3.5381316234076006, "axRatio": 0.31243850187928995}, "bar": null}