{"spiral": [], "disk": {"i0": 0.243713869412167, "n": 1.0, "c": 2.0, "mu": [102.1005844327511, 102.61746423981243], "roll": 3.0534890792114227, "rEff": 57.17860986906963, "axRatio": 0.8327643843658089}, "bulge": {"i0": 0.2715254984856759, "n": 1.5850549867933916, "c": 2.0, "mu": [103.24994927524469, 102.63706218284916], "roll": 2.9366018738982484, "rEff": 4.439244210261823, "axRatio": 0.8991859540617698}, "bar": null}