{"spiral": [[[[69.65531053610225, 81.47008719873439], [68.84539667384705, 81.6625267795551], [68.02732843010948, 81.81662952010457], [67.202698649397, 81.9304624541762], [66.37334268506855, 82.00207848812113], [65.5413615749728, 82.02954949849921], [64.70914184271759, 82.01100842091125], [63.879369391806655, 81.94470082813677], [63.05503448038038, 81.82904575568357], [62.239424454899144, 81.66270445428387], [61.43610099884882, 81.44465436667049], [60.648859282815835, 81.17426407456031], [59.88166771475075, 80.85136347469052], [59.13858901376526, 80.4763024266861], [58.423685845520026, 80.04999091532102], [57.74091687357376, 79.57391475797728], [57.09403119612369, 79.05012310318365], [56.48647017567144, 78.48118715310433], [55.92128524176124, 77.87013311077347], [55.40107834811237, 77.22035552358471], [54.92796880498499, 76.5355192807432], [54.50358684348204, 75.81945915683585], [54.129091251105116, 75.07608498524539], [53.80520626567504, 74.30929869523992], [53.53227185832284, 73.52292709888903], [53.31030151170052, 72.720672004651], [53.139042323350544, 71.90607734233151], [53.018033401311726, 71.0825116840305], [52.94665976425594, 70.2531638433243], [52.92420009729793, 69.42104902769762], [52.94986763144854, 68.58902316198166], [53.02284407349762, 67.75980335234772], [53.142306929119655, 66.93599290932912], [53.30745077515047, 66.12010981847298], [53.51750309298908, 65.31461799537622], [53.77173521351061, 64.52196107034537], [54.0694687718181, 63.74459881455139], [54.41007784259676, 62.98504665287109], [54.7929866189903, 62.24591902039329], [55.21766209288538, 61.52997762000814], [55.68360065132078, 60.840185932554995], [56.190306758300615, 60.17977160463685], [56.737260846671276, 59.552298554907175], [57.32387206178725, 58.961750688934586], [57.94940939146132, 58.412628791631114], [58.61290176542915, 57.91006104184933], [59.31299371953612, 57.459924885594695], [60.04773824280789, 57.0689722787841], [60.814303264095926, 56.74493920511004], [61.60856562695, 56.49660040749451]], {"i0": 0.02408774805589511, "spread": 2.727560143456398, "falloff": 0.01540068355257077}], [[[57.96442985654558, 45.620850639550234], [58.78678747083506, 45.45983464255297], [59.615609695278934, 45.336374482013866], [60.44933846148383, 45.25226333812324], [61.286190408904474, 45.20929866372299], [62.124137386476875, 45.20925159139199], [62.96089020593918, 45.25382870548914], [63.79388776574496, 45.344625870071816], [64.6202940279152, 45.48307441819246], [65.43700554673663, 45.670380886554284], [66.24067213964429, 45.9074625624182], [67.02773278767538, 46.1948823344549], [67.79446780484338, 46.532787484034785], [68.5370667495478, 46.9208578739139], [69.25170958903114, 47.35826917373242], [69.9346565688545, 47.843676099320795], [70.58234050106323, 48.37521900517074], [71.19145420535365, 48.950554780757955], [71.75902593777835, 49.566910202791135], [72.28247688556588, 50.221153280927226], [72.75965696648503, 50.90987622160621], [73.18885778719995, 51.629482781130825], [73.56880414926798, 52.37627305458848], [73.89862747096876, 53.14651994994963], [74.17782568240308, 53.93653334019661], [74.40621450041638, 54.74270976170821], [74.58387466489043, 55.56156719510297], [74.71109894331322, 56.389765722198476], [74.78834174942622, 57.22411564255557], [74.81617325556917, 58.06157498816473], [74.79523904496094, 58.89923839238427], [74.7262257059742, 59.73431905615478], [74.60983232798108, 60.5641252063325], [74.44674760086853, 61.386032029407644], [74.23763211910222, 62.19744963391369], [73.98310551923656, 62.995787167992006], [73.68373821754135, 63.77841280002007], [73.34004775876234, 64.54260885166988], [72.95250015089039, 65.28552093991502], [72.52151708434047, 66.00409952264117], [72.0474906878056, 66.69503173983217], [71.53080857742717, 67.3546609130214], [70.97189359696934, 67.9788905595964], [70.3712651094069, 68.56306946049685], [69.72963239147903, 69.10185456110621], [69.04803613859758, 69.58905008890882], [68.3280618504849, 70.0174259069266], [67.57215902418365, 70.37852899982252], [66.78411085882315, 70.66252487668179], [65.969703491795, 70.85814943052262]], {"i0": 0.0, "spread": 0.4896867643847116, "falloff": 0.9778945039814202}]], "disk": {"i0": 0.1833659901826735, "n": 1.0, "c": 2.0, "mu": [64.16119334390912, 64.09082055004707], "roll": 1.846317138528042, "rEff": 16.508874835391534, "axRatio": 0.7636088124258607}, "bulge": {"i0": 0.3856766000206987, "n": 0.431746691749057, "c": 2.0, "mu": [64.61142242493719, 63.65291671655368], "roll": 0.5335074393279342, "rEff": 3.2737156610883225, "axRatio": 0.9139481957308646}, "bar": {"i0": 0.22048225021396217, "n": 0.3623897034189467, "c": 3.0199989877018103, "mu": [64.56060361957513, 63.3687175056607], "roll": 0.5146464905635003, "rEff": 5.156119767709085, "axRatio": 0.18221795642199556}}