{"spiral": [[[[95.3208616866513, 76.61353086127001], [96.27256570559955, 77.5727585625825], [97.05170686703194, 78.67760303691435], [97.67621758821116, 79.87715373018256], [98.16671577607289, 81.13773692376098], [98.54173486412999, 82.4375297411584], [98.81663316866818, 83.762222293952], [99.00379680808165, 85.1021966547225], [99.11316041217881, 86.45079751479483], [99.15272149288238, 87.80327879372588], [99.12896533996195, 89.15615281259771], [99.04719538939769, 90.50677918495049], [98.91178476623892, 91.85309862044639], [98.72636698507526, 93.19345617492941], [98.49398101820363, 94.52648095363398], [98.21718243461734, 95.85100222541658], [97.89812929073348, 97.1659894973254], [97.53864913304986, 98.47050863693997], [97.14029176467541, 99.76368890182746], [96.70437118957527, 101.04469746342714], [96.23199926644546, 102.3127191091681], [95.72411296113803, 103.56693951752506], [95.18149662888656, 104.80653096632732], [94.60480042596355, 106.03063964553226], [93.99455570717292, 107.23837395402833], [93.35118809633236, 108.42879330251279], [92.6750287904903, 109.60089703991925], [91.96632457811567, 110.75361318866082], [91.22524699586725, 111.88578671901874], [90.45190102245661, 112.99616712710097], [89.64633370343442, 114.08339510784157], [88.80854311763, 115.14598814060122], [87.93848813407438, 116.18232483615893], [87.0360994678568, 117.1906279373012], [86.10129262511734, 118.16894592991079], [85.13398343132717, 119.11513331945315], [84.13410696130728, 120.02682977527125], [83.10164082866896, 120.90143856193598], [82.03663393440542, 121.73610499010294], [80.93924189577035, 122.52769605938536], [79.80977043671926, 123.27278306552628], [78.64872795428421, 123.96762973168755], [77.45688818216699, 124.60818940774278], [76.23536321588588, 125.19011602680034], [74.9856859717532, 125.70879469695414], [73.70989924781772, 126.1593987873677], [72.41064582397418, 126.53698070654252], [71.09125055225553, 126.83660263229945], [69.75578157007165, 127.0535104754291], [68.40907458819922, 127.18334869602148]], {"i0": 0.04649061336509164, "spread": 0.5002378621455617, "falloff": 0.997151537345608}]], "disk": {"i0": 0.2017192833992129, "n": 1.0, "c": 2.0, "mu": [86.6561459148466, 87.03321631119708], "roll": 1.1177272405084309, "rEff": 24.817018439200094, "axRatio": 0.5055780289360188}, "bulge": {"i0": 0.4834877730899581, "n": 1.1809500888420246, "c": 2.0, "mu": [86.72619769965318, 86.34381114995466], "roll": 1.049835140317526, "rEff": 5.291030668484751, "axRatio": 0.8129661897063081}, "bar": null}