{"spiral": [[[[55.23028653193738, 47.47236015023755], [55.56897755847175, 47.544590281565675], [55.905534723026406, 47.62619104723185], [56.23979339005684, 47.716750891802135], [56.57160964620848, 47.81588909660078], [56.9008572671738, 47.9232521841911], [57.227425234053676, 48.03851086652917], [57.55121568291881, 48.16135743860994], [57.8721421990699, 48.291503539764875], [58.19012838797629, 48.42867822046025], [58.505106670050615, 48.572626264499874], [58.8170172578861, 48.72310672605493], [59.1258072832532, 48.87989164836615], [59.431430047820484, 49.04276493688674], [59.73384437670794, 49.21152136434752], [60.03301405801502, 49.38596568905397], [60.32890735459926, 49.56591187075866], [60.62149657689717, 49.751182370990776], [60.910757707561764, 49.94160752675699], [61.19667007029031, 50.13702498822637], [61.47921603649549, 50.33727921238432], [61.7583807645407, 50.542221005858714], [62.03415196707642, 50.751707111004144], [62.30651970275025, 50.96559983022991], [62.57547618911997, 51.18376668419931], [62.84101563407206, 51.40608010009753], [63.10313408346318, 51.63241712670316], [63.36182928301053, 51.86265917336267], [63.61710055275369, 52.09669177037498], [63.86894867263264, 52.334404348570786], [64.11737577793093, 52.57569003615733], [64.36238526348619, 52.820445471088746], [64.6039816957365, 53.06857062748696], [64.84217073176964, 53.31996865474976], [65.07695904465537, 53.57454572815633], [65.30835425443229, 53.83221090992037], [65.53636486418796, 54.092876019725246], [65.76100020075472, 54.356455513934485], [65.98227035957382, 54.622866372669556], [66.20018615336303, 54.892027994135944], [66.41475906423096, 55.1638620955279], [66.6260011989501, 55.43829262001047], [66.83392524711334, 55.71524564926223], [67.03854444193387, 55.994649321132144], [67.23987252347688, 56.27643375202028], [67.43792370412773, 56.56053096360815], [67.63271263611719, 56.846874813579554], [67.8242543809658, 57.135400930109974], [68.01256438068206, 57.42604664974683], [68.19765843060527, 57.71875095850781]], {"i0": 0.0, "spread": 0.499018715698599, "falloff": 0.9995885680060095}]], "disk": {"i0": 0.18485774716659878, "n": 1.0, "c": 2.0, "mu": [50.85724512711014, 50.251559919163256], "roll": 0.015193360976402115, "rEff": 27.900550980926766, "axRatio": 0.6772540302054877}, "bulge": {"i0": 1.080826281926684, "n": 0.44998033763615336, "c": 2.0, "mu": [49.61003664097985, 49.693571900570554], "roll": 2.858426432838432, "rEff": 4.033988209790056, "axRatio": 0.928618617956543}, "bar": null}