{"spiral": [[[[61.73463665977856, 49.79209831217696], [62.22344629678109, 49.46830498323586], [62.724501686883514, 49.163815953993954], [63.23798063947356, 48.88079476920015], [63.76393241982264, 48.621707885729414], [64.30221702267272, 48.389353955917606], [64.85242474225973, 48.186882232104615], [65.41377349954797, 48.0177890366899], [65.98498472646921, 47.885876145247806], [66.56414560548939, 47.795150125558784], [67.14857726460393, 47.74964021613631], [67.73474430858066, 47.753119577520856], [68.31825530774445, 47.808736857054434], [68.89400484987937, 47.91860348215311], [69.45648179354693, 48.08342559711805], [70.00021295409844, 48.3022911272331], [70.52024887247288, 48.57269469965402], [71.01256859407714, 48.89080677586424], [71.47430855291482, 49.251908484901534], [71.90379015914245, 49.650870139646635], [72.30038747756616, 50.08256650121482], [72.66430789641139, 50.54217221766459], [72.99635348609965, 51.025331225358215], [73.29770693918621, 51.52822414631276], [73.56976134678804, 52.04756691538302], [73.81399609977109, 52.5805702666343], [74.03189262302269, 53.12488149337632], [74.22488092897599, 53.678521866738784], [74.3943083533919, 54.23982704356813], [74.54142342142225, 54.80739383497519], [74.66736956855866, 55.380034394240774], [74.77318498516327, 55.95673765481397], [74.85980604614107, 56.536637287466036], [74.92807265118398, 57.11898525189076], [74.97873440054317, 57.70313001454351], [75.01245693504859, 58.288498587514496], [75.02982803469313, 58.87458165644703], [75.03136324131872, 59.46092118044296], [75.01751087739578, 60.04709995153966], [74.9886563978667, 60.63273268926289], [74.9451260491725, 61.217458317185724], [74.88718982722165, 61.800933124478355], [74.8150637322986, 62.38282455649341], [74.72891131640081, 62.96280540663324], [74.62884450949947, 63.540548197732576], [74.51492369708656, 64.1157195449959], [74.38715700248008, 64.68797428354317], [74.24549870292233, 65.25694911992706], [74.089846677954, 65.82225552524972], [73.92003874949758, 66.38347152182651]], {"i0": 0.016500904299128656, "spread": 4.683158695906719, "falloff": 0.01}], [[[79.19853461122626, 72.29939881486207], [78.89282181709747, 72.90895469097717], [78.57657236167155, 73.51311044810926], [78.24950877106767, 74.11148023599364], [77.91132567440958, 74.70363574216877], [77.56168714601618, 75.28909934712817], [77.2002237519275, 75.86733591005931], [76.82652929359865, 76.43774285283669], [76.4401572591986, 76.99963811653974], [76.04061702435312, 77.55224544263741], [75.62736989689698, 78.09467626790176], [75.19982519405605, 78.62590732116092], [74.75733668443945, 79.14475272326631], [74.29919997876245, 79.6498290530633], [73.82465185255396, 80.1395113877398], [73.33287314576641, 80.61187779798487], [72.82299795612762, 81.064639172144], [72.29413358547514, 81.49505073156173], [71.74539847800072, 81.89980143772748], [71.17598972978146, 82.27487850190185], [70.58529819553009, 82.61540790922494], [69.97309787430834, 82.9154815066497], [69.33984531664203, 83.16800230688698], [68.68712697307214, 83.36462017934889], [68.01826858894398, 83.49589499344853], [67.33903554233561, 83.5518964896293], [66.65817457086992, 83.52345209449483], [65.98733212434831, 83.40403223705442], [65.33988912646817, 83.19173755583526], [64.72878322832089, 82.89036296483837], [64.16421259175334, 82.50876492092515], [63.65233771878019, 82.05882167546345], [63.19536386344304, 81.55310508225266], [62.792522643783556, 81.00320564272684], [62.44125077180928, 80.4189488519647], [62.138143244285665, 79.80826603656179], [61.879576398855285, 79.17739682457645], [61.66205716158341, 78.53119874054534], [61.48239050070784, 77.87345118785767], [61.33774084186172, 77.20711225688488], [61.225637510906466, 76.53452138175578], [61.14395377215707, 75.85755421736143], [61.090875701421865, 75.17773949425087], [61.064869289596025, 74.49634708976944], [61.06464981808562, 73.8144548919093], [61.08915525114002, 73.1330003012879], [61.137524235530286, 72.45282078395638], [61.20907877314328, 71.7746868047021], [61.30331144380465, 71.09932970680559], [61.4198770494378, 70.42746660582625]], {"i0": 0.0, "spread": 0.0, "falloff": 0.01}]], "disk": {"i0": 0.23939482564710005, "n": 1.0, "c": 2.0, "mu": [67.13199116224614, 68.49098115711328], "roll": 1.3434562418269753, "rEff": 30.223284655308245, "axRatio": 0.45332786991865703}, "bulge": {"i0": 0.42579396716074047, "n": 1.5245405151468556, "c": 2.0, "mu": [68.09129867927643, 67.72346078767143], "roll": 1.1803464229575173, "rEff": 2.3951539170179528, "axRatio": 0.9315204184622201}, "bar": null}