{"disk": {"I": 0.04088435157538726, "Re": 13.330143235006515, "c": 2.0, "mux": 44.07601587512185, "muy": 42.59774935771125, "n": 1.0, "q": 0.6641736426410598, "roll": 1.5237738866782027}, "bulge": {"I": 9.945421026606965, "Re": 2.402524904393864, "c": 2.0, "mux": 44.04156407333721, "muy": 42.58416040335756, "n": 2.685504780261108, "q": 0.01, "roll": 1.538298064186976}, "bar": null, "spiral": []}