{"spiral": [[[[28.836945376166987, 53.89217286321041], [28.36506274978595, 53.477958373908585], [27.920355772624195, 53.034707223911774], [27.505799610312188, 52.563147259996356], [27.124291624773594, 52.06448074014222], [26.778533610236412, 51.54039968979522], [26.470910419258665, 50.99306723724018], [26.203379079431677, 50.42506211458151], [25.977382831138726, 49.83928968843051], [25.793801413765205, 49.23886902990378], [25.652942983638873, 48.62700975370828], [25.554575939221873, 48.006893343978014], [25.497992856086228, 47.38157135735636], [25.482095093648116, 46.75388834539129], [25.505486025390304, 46.126432189177486], [25.5665625702128, 45.501510204850184], [25.663597720630897, 44.88114659739693], [25.79480999727258, 44.267095697344615], [25.958418476962517, 43.66086552082339], [26.15268395221597, 43.06374703356196], [26.37593788706339, 42.47684563147546], [26.626601301563035, 41.90111246378145], [26.90319575660555, 41.3373741638768], [27.204348406146824, 40.78636026928732], [27.52879277073363, 40.24872811709842], [27.875366548683473, 39.725085335722326], [28.243007466994843, 39.21601026321793], [28.630747902508162, 38.72207074990728], [29.0377087789492, 38.243841883693854], [29.46309306139357, 37.78192323792255], [29.906179016788883, 37.33695630546369], [30.366313276644046, 36.909642870785774], [30.842903604295913, 36.50076519875082], [31.33541112511974, 36.111209115811555], [31.843341586198168, 35.74199134997315], [32.36623493933554, 35.39429293204139], [32.9036521172256, 35.069501111699424], [33.45515718193699, 34.76926321000108], [34.020291860634146, 34.495557293590316], [34.59853745707024, 34.25078675891467], [35.18925549648137, 34.037909256695265], [35.79159176008562, 33.86061537748491], [36.4043156202676, 33.72357969737878], [37.025541681782066, 33.632815876327726], [37.65223113643689, 33.596174292328186], [38.27927197128214, 33.62400527195117], [38.897756476543094, 33.72989766201913], [39.491839600601345, 33.930942791329564], [40.033803055792546, 34.24557009060464], [40.48003869122548, 34.68457985488804]], {"i0": 0.21916483667552636, "spread": 12.556400338120527, "falloff": 0.4478444799659308}], [[[28.09065151758273, 30.004073595035337], [28.764888422949074, 29.58720791546694], [29.450248178975823, 29.188895242641692], [30.14642851567193, 28.80981452640731], [30.853124219775886, 28.45072074651661], [31.570021166547924, 28.112455440474232], [32.29678908534796, 27.79595894720099], [33.03307263550507, 27.50228470522372], [33.778480226945184, 27.232616001533295], [34.53256982567032, 26.98828562549802], [35.2948307130802, 26.770798942115942], [36.06465979878373, 26.5818609240224], [36.84133056991216, 26.42340766748128], [37.62395206111826, 26.29764276993923], [38.41141427432952, 26.20707858885242], [39.20231522817818, 26.154581601799972], [39.99486326476579, 26.14341950643316], [40.78674649160316, 26.177304763557288], [41.57495981869768, 26.260424001171245], [42.35558018988253, 26.397433756597547], [43.123485262564586, 26.59338884249825], [43.87202558160272, 26.85354970081684], [44.59269450977386, 27.1829934050789], [45.27490357861268, 27.585945294949532], [45.90605992954735, 28.06479087138994], [46.472208742065774, 28.618870970771894], [46.959428308501415, 29.24341412737609], [47.35582980874214, 29.929172311983514], [47.65352270069954, 30.663204081702492], [47.84969867159361, 31.430679540360753], [47.946402203922034, 32.21697707143458], [47.94928245140055, 33.00926925190653], [47.866015748784356, 33.79724966443307], [47.704959621528225, 34.57313774106988], [47.47425685879524, 35.331289782131975], [47.181356424173316, 36.067691873955056], [46.8328253082352, 36.77948633103701], [46.4343300185525, 37.464586466636554], [45.99070237120822, 38.12138300078298], [45.506038788165846, 38.74852549242355], [44.983806449980115, 39.34475807294585], [44.4269442610112, 39.908790648001876], [43.83795478199054, 40.43918988103742], [43.2189878284616, 40.93427675688361], [42.5719192789822, 41.392018659772575], [41.898431186621146, 41.80990338620601], [41.20010281257621, 42.18478000903082], [40.47852839853048, 42.51264643969819], [39.73548936920688, 42.78835500641803], [38.97323227771783, 43.005194571120235]], {"i0": 1.853897732623314, "spread": 0.15955354170053573, "falloff": 1.358522444266882}]], "disk": {"i0": 0.18227517220506476, "n": 1.0, "c": 2.0, "mu": [37.35296398800486, 37.94258923305351], "roll": 0.8574299043105089, "rEff": 13.725561563218271, "axRatio": 0.5963096276627801}, "bulge": null, "bar": null}