{"spiral": [[[[148.9930904482591, 94.99529691926031], [148.81726877117035, 95.95451949145473], [148.58238773231696, 96.90101602671619], [148.28991934888123, 97.83133597237466], [147.94193587685152, 98.74235328739833], [147.5410012125991, 99.63134799322121], [147.09004555563013, 100.49605397421406], [146.59223720682306, 101.33467349313283], [146.05086307148156, 102.14586314490897], [145.46922575562013, 102.92869842633915], [144.85056123327882, 103.68262474281882], [144.19797775221977, 104.40740194690552], [143.51441433333622, 105.10304801633268], [142.80261591979465, 105.76978577963276], [142.06512176458247, 106.40799502777107], [141.30426373126505, 107.01817110952733], [140.52217158693458, 107.60089022237045], [139.72078289752224, 108.15678105063212], [138.9018556753878, 108.68650209539854], [138.06698241362994, 109.19072391126544], [137.21760454355223, 109.67011545064032], [136.35502666725682, 110.12533376816916], [135.48043015483694, 110.55701642250582], [134.59488586786725, 110.96577600848173], [133.6993658917562, 111.35219634703472], [132.7947542413896, 111.71682994628567], [131.88185655833584, 112.06019642232792], [130.96140885002018, 112.38278163122648], [130.03408534022356, 112.68503731575721], [129.10050550997158, 112.9673811129545], [128.1612404096117, 113.23019680154584], [127.21681832243539, 113.47383469514968], [126.26772985678376, 113.69861210786578], [125.31443253833976, 113.90481383419026], [124.35735496986996, 114.09269259765664], [123.39690062039017, 114.26246943127606], [122.43345130103528, 114.41433395900087], [121.46737038111574, 114.5484445518807], [120.49900579454793, 114.66492833502906], [119.52869288448622, 114.76388102245886], [118.55675713268687, 114.84536655655046], [117.58351681992063, 114.90941652733295], [116.60928566480214, 114.9560293439001], [115.63437549095163, 114.98516912608572], [114.65909897669465, 114.99676427902624], [113.68377254796059, 114.99070570568153], [112.70871948418663, 114.96684460324224], [111.73427331963195, 114.92498977734141], [110.76078163955302, 114.86490439312821], [109.78861039376889, 114.78630206310395]], {"i0": 0.020222151000179153, "spread": 3.668629799591684, "falloff": 0.01}], [[[65.33918190893179, 112.8554110711215], [65.03237128329825, 111.9045105206485], [64.79097222778834, 110.93496313549201], [64.62025937975088, 109.95053234040003], [64.52493429491668, 108.95598967685275], [64.50873472825891, 107.95703879396395], [64.5740590610206, 106.9601066427051], [64.7216811466869, 105.9720075454636], [64.95062487718464, 104.99952386537515], [65.25823422116252, 104.04897709700325], [65.64042441755186, 103.12586907829701], [66.09205542295028, 102.2346506467053], [66.6073483857427, 101.37863609954812], [67.18027374038033, 100.56004499073237], [67.8048651804438, 99.78013139578643], [68.47544256527969, 99.03935705100973], [69.18674854254965, 98.3375729731232], [69.9340152338229, 97.67418671556452], [70.71298051241754, 97.04830395405664], [71.5198716036691, 96.45884133889834], [72.35136988921212, 95.90461237925419], [73.2045667342176, 95.38439034576854], [74.07691672842734, 94.8969527620782], [74.9661921672343, 94.44111177237914], [75.87044083375379, 94.0157340229946], [76.78794800424583, 93.61975296599744], [77.71720290894235, 93.25217582072062], [78.65686948703618, 92.91208686500906], [79.6057610771108, 92.59864828302427], [80.5628186001299, 92.31109945632096], [81.52709177536568, 92.0487553315767], [82.49772293054335, 91.81100431464807], [83.47393300364114, 91.5973060080686], [84.45500937627288, 91.40718901562559], [85.44029522160723, 91.24024897435751], [86.42918008638938, 91.09614692957788], [87.42109146081971, 90.97460814344089], [88.41548711440502, 90.87542140995754], [89.41184799641206, 90.79843894543646], [90.40967151070318, 90.74357692344898], [91.40846497966808, 90.71081673242878], [92.40773910801985, 90.7002070490645], [93.40700124366148, 90.71186684228894], [94.405748207584, 90.74598945291979], [95.40345842440269, 90.80284793390605], [96.39958302454704, 90.88280188920689], [97.39353550130662, 90.9863061178445], [98.38467937830933, 91.11392146253334], [99.37231315974877, 91.26632838260755], [100.35565156772216, 91.44434393473252]], {"i0": 0.017600142732058316, "spread": 2.6385982717873686, "falloff": 0.01}]], "disk": {"i0": 0.19803425521677812, "n": 1.0, "c": 2.0, "mu": [102.13011372132367, 100.56879061237203], "roll": 0.0037899805925882763, "rEff": 28.733420407122843, "axRatio": 0.40185034540089726}, "bulge": {"i0": 0.20945823922498266, "n": 1.7647542924293718, "c": 2.0, "mu": [102.48822175762946, 101.22193824519658], "roll": 1.9057226079873884, "rEff": 6.946063199290294, "axRatio": 0.33332279470172155}, "bar": null}