{"spiral": [], "disk": {"i0": 0.19996331780147958, "n": 1.0, "c": 2.0, "mu": [66.55987744166663, 66.87225605662303], "roll": 1.076912977084032, "rEff": 21.631527711972478, "axRatio": 0.8465066377675071}, "bulge": {"i0": 0.24002116130173998, "n": 1.826842084437378, "c": 2.0, "mu": [66.307179576332, 66.55136953149703], "roll": 1.5838618911646971, "rEff": 7.133317042568635, "axRatio": 0.7270002058267773}, "bar": null}