{"spiral": [[[[60.123439690340625, 70.01770207188929], [59.71477563683278, 69.98787595679207], [59.30715682441472, 69.94613078631288], [58.90093976620839, 69.89243414655908], [58.49648388150869, 69.82677624634763], [58.094149779461176, 69.74917011661923], [57.69429753741753, 69.65965158372367], [57.29728500411976, 69.55827901709436], [56.903466157223185, 69.44513285758462], [56.513189543178314, 69.32031493751468], [56.12679682490867, 69.18394760889555], [55.74462145962243, 69.03617269987545], [55.366987525075515, 68.87715032331437], [54.99420870857317, 68.70705756330774], [54.62658746843468, 68.5260870672841], [54.26441437328177, 68.33444557166167], [53.90796762030701, 68.1323523886622], [53.55751272980773, 67.92003788072044], [53.21330240986756, 67.6977419470926], [52.875576582263534, 67.46571254489224], [52.54456255848931, 67.22420426406507], [52.22047535303035, 66.97347697296311], [51.90351812028316, 66.71379454806925], [51.59388270077831, 66.44542369861716], [51.29175026270248, 66.16863289397999], [50.997292024958114, 65.88369139922766], [50.71067004901766, 65.59086842196578], [50.43203808787146, 65.29043237167268], [50.16154248170904, 64.98265023117872], [49.89932309146128, 64.66778703871357], [49.64551426290655, 64.34610547808124], [49.40024581566542, 64.01786557398917], [49.163644053034496, 63.68332448931735], [48.93583279028904, 63.34273642121452], [48.71693440066975, 62.996352593221445], [48.5070708799151, 62.644421341272185], [48.30636493178507, 62.28718829226116], [48.114941078651945, 61.92489663501908], [47.93292680287153, 61.55778748493381], [47.76045372636404, 61.18610034515598], [47.59765883765588, 60.810073669374674], [47.444685777570825, 60.429945533602414], [47.301686196973286, 60.045954427346416], [47.16882120238167, 59.65834017811648], [47.046262908084884, 59.26734502756026], [46.9341961166355, 58.87321488286833], [46.832820153453106, 58.47620077376248], [46.74235088568719, 58.07656055371209], [46.66302296092957, 57.67456089465111], [46.59509230767747, 57.27047963802651]], {"i0": 0.27256331388623767, "spread": 0.5160694869546886, "falloff": 0.9500244249944652}], [[[47.09301376107353, 33.176215111832015], [47.375450226560545, 33.29117179304586], [47.65537980378075, 33.41210501880059], [47.93268366948861, 33.53894349677832], [48.207246219221865, 33.67161173750509], [48.4789551940088, 33.81003035351946], [48.74770178117104, 33.95411636391818], [49.01338068950073, 34.10378350148962], [49.27589019934429, 34.25894251978958], [49.53513218835936, 34.41950149767829], [49.791012133916965, 34.58536613902051], [50.043439093291056, 34.75644006545695], [50.29232566291274, 34.932625100373194], [50.53758791807494, 35.11382154241695], [50.7791453345307, 35.29992842714486], [51.01692069347751, 35.490843775599814], [51.25083997144502, 35.68646482883486], [51.48083221655876, 35.88668826761415], [51.7068294126367, 36.09141041670632], [51.92876633253198, 36.30052743336449], [52.14658038202441, 36.513935479750465], [52.36021143551557, 36.73153087919752], [52.569601664670415, 36.953210256333854], [52.774695361028634, 37.178870661187375], [52.975438753523875, 37.40840967748277], [53.17177982171402, 37.64172551540478], [53.3636681054132, 37.87871708915244], [53.551054511296, 38.119284079639826], [53.73389111692676, 38.36332698271634], [53.91213097254423, 38.610747143277756], [54.08572790081925, 38.8614467756279], [54.2546362946841, 39.11532897042362], [54.41881091321746, 39.37229768848887], [54.57820667546073, 39.63225774174135], [54.73277845192531, 39.89511476139786], [54.88248085344058, 40.16077515355541], [55.02726801688296, 40.429146042145994], [55.16709338720999, 40.700135199166446], [55.30190949511011, 40.973650961959564], [55.431667729458994, 41.24960213719113], [55.556318103647406, 41.527897891015094], [55.6758090147159, 41.8084476247459], [55.7900869940871, 42.09116083516289], [55.89909644853352, 42.37594695834777], [56.00277938986167, 42.66271519570306], [56.101075151593804, 42.95137432050636], [56.19392009074048, 43.24183246301822], [56.281247272527125, 43.53399687177049], [56.36298613568238, 43.82777364820454], [56.43906213561531, 44.12306745129252]], {"i0": 0.18683891332381303, "spread": 0.5043583582063121, "falloff": 0.9744634052240841}]], "disk": {"i0": 0.15905564199631145, "n": 1.0, "c": 2.0, "mu": [51.800167829829626, 50.674461740111404], "roll": 1.9105116255018577, "rEff": 15.001360991558029, "axRatio": 0.5598404333935716}, "bulge": {"i0": 0.7453508620987103, "n": 1.457105094687067, "c": 2.0, "mu": [51.435136729640185, 51.22703482747828], "roll": 1.3441429793191477, "rEff": 3.887404532295371, "axRatio": 0.9422985894541471}, "bar": {"i0": 0.0641384310261788, "n": 1.0001327114723515, "c": 1.9933015662184852, "mu": [51.37968376347357, 51.49481901352252], "roll": 1.3119795867534765, "rEff": 4.10922086980657, "axRatio": 0.21691206230091806}}