{"spiral": [], "disk": {"i0": 0.2376794619444189, "n": 1.0, "c": 2.0, "mu": [69.30128810869506, 68.61877580449118], "roll": 2.9235354390525066, "rEff": 27.602391777035336, "axRatio": 0.4841458544345124}, "bulge": {"i0": 0.25583503073232733, "n": 2.4281046759169365, "c": 2.0, "mu": [69.67709976396107, 68.44583798886377], "roll": 2.4196466578098734, "rEff": 5.734135978714648, "axRatio": 0.9608214436516693}, "bar": null}