{"spiral": [], "disk": {"i0": 0.16288659918702914, "n": 1.0, "c": 2.0, "mu": [117.51576164348397, 119.05027082416294], "roll": 2.2841359038633535, "rEff": 40.083060924221314, "axRatio": 0.31860643386335946}, "bulge": {"i0": 0.4272499012997053, "n": 1.0014404926029794, "c": 2.0, "mu": [117.72565391623088, 118.99635335993565], "roll": 0.9060066673422192, "rEff": 5.746834953997581, "axRatio": 0.34585021959969015}, "bar": null}