{"spiral": [[[[110.03636063363798, 103.18291685647762], [109.77109650395442, 104.28894732812579], [109.39289257665315, 105.3616435284892], [108.90823934089423, 106.39066447106734], [108.32488063692611, 107.36715330105159], [107.65140280075934, 108.28385088076364], [106.89683676906986, 109.1350893774793], [106.07031102716785, 109.91669065266473], [105.18077632958367, 110.62580168049995], [104.23680753256694, 111.26069836248321], [103.2464767024251, 111.8205831104755], [102.21728553140395, 112.30539372827353], [101.1561430991757, 112.71563373212511], [100.06937572996921, 113.05222845268716], [98.96275777285044, 113.31640732217566], [97.84155463096435, 113.5096104245343], [96.71057173543004, 113.63341625960634], [95.57420513837258, 113.68948733744307], [94.43649093329735, 113.6795303429055], [93.30115182954687, 113.60526796722519], [92.17163997936495, 113.46841994540134], [91.05117567271921, 113.27069128201512], [89.94278183340407, 113.01376605141948], [88.84931443903854, 112.69930550336396], [87.77348908446051, 112.32894948917945], [86.71790394472082, 111.90432045017884], [85.68505939418898, 111.42702938628568], [84.67737451622278, 110.89868335660665], [83.69720070340293, 110.32089416167496], [82.74683250845221, 109.69528792583995], [81.8285158665232, 109.02351534281782], [80.94445377234366, 108.3072623718375], [80.09680946444037, 107.54826117965675], [79.28770714510708, 106.74830111805632], [78.51923025131329, 105.9092395094487], [77.79341729013672, 105.03301198786382], [77.11225526338589, 104.12164211379671], [76.47767073470631, 103.17724994666335], [75.89151863373776, 102.20205923222169], [75.35556895411881, 101.19840283568769], [74.87149157414629, 100.16872604484936], [74.44083952064953, 99.1155873694567], [74.06503108959963, 98.04165649661456], [73.74533133654593, 96.94970911575123], [73.48283354177026, 95.84261841195602], [73.27844132933619, 94.72334314121613], [73.13285216726266, 93.594912340613], [73.04654298809575, 92.46040688461851], [73.01975863664734, 91.32293826516566], [73.05250377152494, 90.18562513446426]], {"i0": 0.048989581717340254, "spread": 116.90074216304484, "falloff": 0.26031305825607587}], [[[86.55346596463387, 86.38994404984292], [87.72641777303585, 85.02429761584172], [89.0543376027935, 83.808620412653], [90.51113097663581, 82.75060387492076], [92.0724188233528, 81.85372805417258], [93.71604645084032, 81.11833239922011], [95.42222881920216, 80.54254891827523], [97.17346455413842, 80.12304642596257], [98.95432424831985, 79.85558717285804], [100.75118558589466, 79.73542209599445], [102.55195973315442, 79.75755814805102], [104.34583330581732, 79.9169292758668], [106.12303730964125, 80.20849718985859], [107.8746468827261, 80.62730204596292], [109.5924116550362, 81.16847783931348], [111.2686146962022, 81.82724307831477], [112.89595744069663, 82.59887415707331], [114.46746806265665, 83.47866660905309], [115.97643117951951, 84.46188791806773], [117.41633728912021, 85.54372461835365], [118.7808508632387, 86.71922590139904], [120.06379645790138, 87.9832457632014], [121.25916249787745, 89.33038579390671], [122.36112250469641, 90.75494095958621], [123.3640734184848, 92.25085108546199], [124.26269028209772, 93.81166113629291], [125.0519958926334, 95.43049370627467], [125.72744309467723, 97.10003726159012], [126.28500625818474, 98.81255349810158], [126.72127725260782, 100.55990659058905], [127.03356010487077, 102.33361602600766], [127.21995769264052, 104.12493316847562], [127.27944355366449, 105.92493977466555], [127.21191231435338, 107.72466460493357], [127.01820348548225, 109.51521233258605], [126.70009534086715, 111.28789748214422], [126.26026807110111, 113.03437539997024], [125.70223804651356, 114.74676243890656], [125.03026742548118, 116.41773860453306], [124.24925518793252, 118.0406277068552], [123.36461668228513, 119.60945224583509], [122.38215894970989, 121.11896253489023], [121.3079584654817, 122.56464155442578], [120.14824677622694, 123.94268857483092], [118.90930802907826, 125.24998553469895], [117.59739085391736, 126.48405055702955], [116.21863565821533, 127.64298289101006], [114.77901723808965, 128.72540316845266], [113.2843017677794, 129.7303922081622], [111.7400166717915, 130.65743093005517]], {"i0": 0.11286182836316459, "spread": 279.1415042610775, "falloff": 0.5515141096745391}]], "disk": {"i0": 0.0, "n": 1.0, "c": 2.0, "mu": [97.99927002614619, 97.63751102260038], "roll": 2.4702308712152745, "rEff": 39.20560777932331, "axRatio": 0.9503387019959126}, "bulge": {"i0": 0.4234959810645895, "n": 0.592336548780887, "c": 2.0, "mu": [98.42042215506852, 97.85806132902906], "roll": 2.427682154559812, "rEff": 5.963880807281634, "axRatio": 0.7369348199505054}, "bar": null}