{"spiral": [[[[197.0460307073383, 145.92233107763047], [196.7838042846742, 148.30419038890906], [196.3821752375197, 150.66650846913333], [195.83555655756922, 152.99950748874934], [195.13909109301537, 155.2921973270804], [194.28897694223141, 157.53242197103856], [193.28282203768717, 159.70699416610955], [192.12000001146077, 161.80193522905907], [190.80196805280644, 163.80282628607102], [189.3325003275065, 165.69526023857748], [187.7177919917342, 167.4653629084213], [185.96640156035193, 169.1003323213914], [184.08902272111962, 170.58893351796686], [182.0981054791043, 171.92188802233042], [180.00737248826456, 173.09211322945143], [177.8312917744869, 174.0947930986585], [175.5845680092299, 174.92728981549536], [173.28170250114997, 175.58892853318395], [170.93665271580178, 176.08069901363896], [168.56260191302357, 176.40491897956866], [166.17183329592038, 176.56489680273077], [163.77569307072497, 176.56462020980487], [161.3846227423647, 176.40848646775115], [159.0082413854974, 176.10108018544423], [156.65546163176032, 175.64699835278014], [154.3346272171488, 175.05071839093662], [152.0536641551079, 174.3165032789697], [149.82024143967814, 173.44833761998254], [147.6419405022166, 172.44988927749804], [145.52643553204376, 171.3244926008425], [143.48168943154374, 170.07515110123285], [141.51617288280954, 168.70455979029305], [139.6391170525089, 167.21515050216775], [137.8608141708412, 165.60916793700957], [136.19298488406088, 163.88879087799606], [134.64923696112686, 162.05632377008664], [133.24564620315135, 160.11450157279813], [132.00149493679828, 158.0669805332852], [130.94019960486148, 155.91913737055108], [130.09042832485287, 153.67938064782635], [129.4873069296672, 151.36130041168406], [129.1733365496898, 148.9871267415778], [129.1980104398351, 146.59299639360128], [129.6139396584496, 144.23595155244934], [130.46604774042845, 142.00033890029098], [131.77186284640786, 139.9967096455095], [133.4998363580856, 138.34401585410794], [135.5641577610358, 137.13715517617015], [137.846576065234, 136.42201963291205], [140.22851464835244, 136.19684549372187]], {"i0": 0.03134541004614988, "spread": 0.10054653335779272, "falloff": 0.01}], [[[159.9756242738932, 202.9692826715526], [155.79526021488252, 201.97617555124717], [151.6791055162232, 200.74361677256573], [147.63915080334223, 199.28044592697515], [143.68681346226268, 197.59484391131997], [139.83319923477242, 195.694329841681], [136.08935649838716, 193.58578542933367], [132.46652897276198, 191.2755022494641], [128.9764139484028, 188.7692503009976], [125.6314343930182, 186.07236952978755], [122.44503437437031, 183.1898895506629], [119.43200839487895, 180.12668718470962], [116.60887609680971, 176.88769730997663], [113.99431396579, 173.4782006555183], [111.60965404830787, 169.9042237453318], [109.47945374104778, 166.17310250231955], [107.63212638273887, 162.29428350459045], [106.10059056469272, 158.28046534424553], [104.922832934078, 154.1492129606117], [104.14216151872218, 149.92519381829703], [103.80672765249813, 145.6431428706553], [103.96760896313351, 141.3514712277229], [104.67446338834057, 137.11593897072223], [105.96781689892264, 133.02189596431316], [107.86808690577175, 129.17250760261356], [110.36395991292987, 125.68027136327152], [113.40561304539821, 122.65171440791242], [116.90807079568798, 120.17017254054606], [120.7646463204218, 118.28453068213581], [124.86406417951044, 117.00853925449883], [129.1038431238189, 116.32866919568932], [133.39674364541742, 116.2149287612809], [137.67139245550234, 116.63023593146461], [141.86969168451085, 117.53672781402116], [145.94308629793397, 118.89925304982846], [149.84875399790482, 120.68689113126415], [153.54603623995524, 122.87325453292172], [156.99301925617638, 125.43603680214228], [160.14296661856181, 128.35596221157698], [162.94017877949966, 131.61497077377757], [165.31476570331816, 135.1930279574656], [167.17586924362544, 139.0621652008851], [168.40358753683884, 143.17490953998555], [168.84300536406477, 147.4421322759011], [168.31354338353057, 151.6955696929304], [166.66452628388404, 155.64725337513826], [163.8960357691855, 158.91013675196209], [160.24760544478525, 161.14811077902723], [156.1036310827459, 162.23309964495212], [151.81663948116514, 162.22527170485463]], {"i0": 0.0164107327896531, "spread": 31.00512532257241, "falloff": 0.03604967747528508}]], "disk": {"i0": 0.13242084100896834, "n": 1.0, "c": 2.0, "mu": [145.63483071604955, 147.53334824468504], "roll": 2.6612459212275406, "rEff": 57.528798011740285, "axRatio": 0.5703602806195561}, "bulge": {"i0": 0.8148811834367228, "n": 0.6163054536046235, "c": 2.0, "mu": [145.90568297263633, 146.38532710032482], "roll": 2.5319303714718604, "rEff": 5.272602318674557, "axRatio": 0.5817564223391699}, "bar": {"i0": 0.0, "n": 6.32100140052571, "c": 3.2110041314753905, "mu": [147.9335059307241, 147.85970530410026], "roll": 2.2162345244070196, "rEff": 11.426074217937973, "axRatio": 0.2284787527613662}}