{"disk": {"I": 0.1088033548877973, "Re": 11.816560048724243, "c": 2.0, "mux": 54.48690550134191, "muy": 54.22319007675361, "n": 1.0, "q": 0.7726332152275535, "roll": 0.7615009603651071}, "bulge": {"I": 0.0, "Re": 0.0, "c": 2.0, "mux": 54.98206429857893, "muy": 54.29822571972491, "n": 1.0, "q": 0.9714652852887234, "roll": 2.286591050829715}, "bar": null, "spiral": []}