{"disk": {"I": 0.13492318005423284, "Re": 27.541761782675366, "c": 2.0, "mux": 95.65673454387975, "muy": 94.97638102851234, "n": 1.0, "q": 0.7042245406827949, "roll": 0.0641443378298436}, "bulge": null, "bar": {"I": 0.22627741633299364, "Re": 4.310086996700537, "c": 2.205411542261097, "mux": 95.76589459838212, "muy": 94.63826367589725, "n": 0.34759929475283696, "q": 0.4104383028012995, "roll": 0.5947934004079993}, "spiral": [[[[70.15213459319965, 88.90789710887556], [70.41919319436012, 88.11319192148903], [70.70346561925943, 87.32448117754957], [71.00519543594646, 86.54228345285627], [71.32463217277707, 85.76714931377342], [71.66203047332809, 84.99966405428377], [72.01764901742823, 84.24045062906218], [72.3917491636287, 83.49017278636309], [72.78459326086238, 82.74953839784477], [73.19644256912272, 82.01930297685139], [73.62755472012722, 81.30027336796391], [74.07818063957676, 80.59331157860969], [74.54856084304498, 79.89933870864155], [75.0389210081533, 79.21933891453031], [75.54946671777357, 78.55436331936777], [76.0803772623112, 77.90553375175428], [76.63179838789448, 77.27404615669998], [77.20383388008248, 76.66117348067685], [77.79653588581589, 76.06826778022022], [78.40989390084384, 75.4967612471372], [79.0438223909349, 74.94816578219618], [79.69814707632612, 74.42407068830035], [80.3725899974318, 73.92613799745003], [81.06675359356126, 73.45609490709948], [81.78010417457864, 73.01572278641713], [82.51195533910884, 72.60684224243884], [83.26145208858367, 72.23129382368963], [84.02755658579991, 71.8909141026943], [84.80903668835481, 71.58750713128815], [85.60445851321201, 71.3228116074725], [86.41218432413636, 71.09846451881744], [87.23037693289035, 70.91596250265728], [88.05701154166653, 70.77662263497459], [88.8898955143306, 70.68154475448411], [89.72669596901265, 70.63157766267466], [90.5649743946952, 70.62729154643118], [91.40222679515465, 70.66895869492214], [92.23592726933688, 70.7565440372453], [93.06357254755171, 70.88970626339625], [93.88272489154689, 71.06780941439624], [94.69105095440433, 71.28994396798058], [95.48635464758084, 71.55495572986926], [96.26660269481593, 71.86148036094171], [97.02994225845038, 72.20798117059833], [97.77471069660243, 72.59278787522236], [98.49943806742594, 73.01413430385668], [99.20284339030499, 73.47019345466268], [99.8838258920612, 73.95910878370661], [100.54145252657173, 74.4790210735788], [101.17494299324281, 75.0280906355192]], {"I": 0.009800481422406509, "falloff": 0.01, "spread": 2.3039843246821556}]]}