{"spiral": [], "disk": {"i0": 0.28202664624596807, "n": 1.0, "c": 2.0, "mu": [86.86914644827152, 87.28218177539556], "roll": 1.1373034054014484, "rEff": 11.777651499659399, "axRatio": 0.32576952393464487}, "bulge": {"i0": 0.5344622956871952, "n": 1.330188149241659, "c": 2.0, "mu": [86.95784974736438, 88.03896844362761], "roll": 1.3586297172621686, "rEff": 4.251296972299627, "axRatio": 0.9422971472339299}, "bar": null}