{"disk": {"I": 0.06891228695879864, "Re": 33.500843913789296, "c": 2.0, "mux": 126.90163240899632, "muy": 127.97634991595807, "n": 1.0, "q": 0.8743480028782213, "roll": 1.789984047798252}, "bulge": {"I": 0.27756653616199184, "Re": 3.9871414932225764, "c": 2.0, "mux": 126.00819788843764, "muy": 125.77599583370467, "n": 1.0021317275878021, "q": 0.8499659390152069, "roll": 1.7178207907999}, "bar": null, "spiral": []}