{"disk": {"I": 0.14643623028551933, "Re": 17.27221007599111, "c": 2.0, "mux": 48.511816147199916, "muy": 49.286283836569055, "n": 1.0, "q": 0.6142608460807812, "roll": 3.00270052770785}, "bulge": {"I": 0.0, "Re": 0.0, "c": 2.0, "mux": 49.332421458411524, "muy": 50.08652186600759, "n": 1.0, "q": 0.9077826976312114, "roll": 1.4711276520340961}, "bar": null, "spiral": []}