{"spiral": [[[[93.7909296077906, 81.31631758498962], [95.03509735063746, 81.98566344403973], [96.19937497058021, 82.78612415469925], [97.27662378744932, 83.70046730532819], [98.2610812775186, 84.71411048094238], [99.14762140334173, 85.81445818501581], [99.93128656499954, 86.99031379464212], [100.60699294143733, 88.23136324475148], [101.16935422207361, 89.52771126559185], [101.61259835391213, 90.86944925418128], [101.9305733365033, 92.24623863463454], [102.11685480406372, 93.64690303618846], [102.16498115223321, 95.05903771930313], [102.06884916374605, 96.46866716234659], [101.82329844970465, 97.86001186898065], [101.42488694065932, 99.21545834188498], [100.87280303873426, 100.51584688537724], [100.16977490611151, 101.74117428261678], [99.32275169544307, 102.87172558110353], [98.34310274843345, 103.88950164434782], [97.24616597478088, 104.77965278359527], [96.05017346404033, 105.53156227031093], [94.77479865703162, 106.1393142159126], [93.43968000949917, 106.60149156285976], [92.06322680951317, 106.92046012641376], [90.66185868226265, 107.10139870960654], [89.24967274130877, 107.15131675376767], [87.83843772387851, 107.07821387016679], [86.43778982850402, 106.8904428065481], [85.05552401364521, 106.59627284832351], [83.69790833585962, 106.20361904807743], [82.36998007280543, 105.71989451116177], [81.07580477674067, 105.15194704277816], [79.81869304634114, 104.50604989492336], [78.60137696667965, 103.78792491932055], [77.42615130170971, 103.00278352848699], [76.29498534829135, 102.155376105408], [75.20961109137217, 101.25004416546562], [74.17159254778471, 100.29077198916464], [73.18238033190109, 99.28123601264654], [72.24335465404191, 98.224851220721], [71.35585925596158, 97.12481438005942], [70.52122819298671, 95.98414427582665], [69.74080689186513, 94.80571929992873], [69.01596852169955, 93.59231281987554], [68.34812639680752, 92.34662677965379], [67.73874286573356, 91.07132396853576], [67.18933491656284, 89.7690593492215], [66.70147653454549, 88.44251077269192], [66.2767976713653, 87.09440932053982]], {"i0": 0.0, "spread": 24.702534429148862, "falloff": 0.01}]], "disk": {"i0": 0.1553920627014685, "n": 1.0, "c": 2.0, "mu": [89.12438759693035, 89.7505573449561], "roll": 2.3488941488651824, "rEff": 74.3171750255269, "axRatio": 0.7880466943944155}, "bulge": {"i0": 0.0009631003254986184, "n": 1.8787709902072556, "c": 2.0, "mu": [89.51941111649168, 90.07998252693073], "roll": 1.0230859598636273, "rEff": 7.525844756354832, "axRatio": 0.45442745473411494}, "bar": {"i0": 0.013842649844088246, "n": 7.929552053815459, "c": 9.91036534161633, "mu": [89.09828277922914, 89.97750961954829], "roll": 1.0241984117125207, "rEff": 23.12236041714049, "axRatio": 0.4859902875360543}}