{"disk": {"I": 0.12752763860727, "Re": 20.339070437608537, "c": 2.0, "mux": 63.603426188234984, "muy": 61.66689396417377, "n": 1.0, "q": 0.700788532228702, "roll": 1.0738405152410495}, "bulge": {"I": 0.12759378621363723, "Re": 10.471830121748274, "c": 2.0, "mux": 62.49373325650791, "muy": 61.46920562638313, "n": 0.5390166513711384, "q": 0.2554574973785143, "roll": 1.0399566307853298}, "bar": null, "spiral": [[[[52.30227071400415, 55.98927435802364], [52.73765083226538, 54.75174255744032], [53.27305668096892, 53.554024295743496], [53.8980716114572, 52.400479137585215], [54.60328751320978, 51.294097367773766], [55.38028574088049, 50.23685278193236], [56.22156921576289, 49.229975253129986], [57.12047276526497, 48.27415681235527], [58.0710676906751, 47.369705272148714], [59.06806932594888, 46.51665766871017], [60.10675190156432, 45.71486347434735], [61.18287241674727, 44.96404531217104], [62.29260377890292, 44.26384302796836], [63.432476718678764, 43.61384548751491], [64.59932965297463, 43.01361332842757], [65.79026555636761, 42.46269504265727], [67.00261491481622, 41.96063813376637], [68.23390390573437, 41.50699662873271], [69.48182704454167, 41.101335883663964], [70.74422363824591, 40.743235373791386], [72.01905748292837, 40.43228997592379], [73.30439932842032, 40.16811011800427], [74.59841171026156, 39.95032107258324], [75.89933581460436, 39.77856159917438], [77.20548009843388, 39.652482087887705], [78.51521043396353, 39.571742317992936], [79.8269415871382, 39.53600891714734], [81.13912987269643, 39.54495258654392], [82.45026685687965, 39.59824514288211], [83.75887400189276, 39.69555641798128], [85.06349816558541, 39.836551050260326], [86.36270788606137, 40.020885198083306], [87.65509039316088, 40.2482032031767], [88.93924930007336, 40.51813423133129], [90.21380293556162, 40.83028891855896], [91.47738328374312, 41.1842560520549], [92.72863550234447, 41.57959931726895], [93.96621799270189, 42.01585414472242], [95.18880299564358, 42.49252469242701], [96.3950776867537, 43.0090810019437], [97.58374574241469, 43.564956368318526], [98.75352934545668, 44.15954496426022], [99.90317159449701, 44.79219976099803], [101.03143927722556, 45.46223078584762], [102.13712596158538, 46.16890375694411], [103.21905535458055, 46.911439130507766], [104.27608487207658, 47.68901159364745], [105.30710935836406, 48.50075002941464], [106.31106489012167, 49.345737973959054], [107.28693259591614, 50.22301457804397]], {"I": 0.0, "falloff": 3.0823295955141, "spread": 0.0}]]}