{"spiral": [[[[72.43647927163268, 72.48821726743965], [72.32541269579448, 73.3391919083298], [72.1191237537365, 74.17234712038568], [71.82943151111702, 74.98036036638693], [71.4641308617351, 75.75715710401829], [71.02869246178508, 76.49693393857821], [70.52726635780317, 77.19367256783416], [69.96337319531708, 77.8408795096184], [69.3404605601506, 78.43147057348195], [68.66240712380228, 78.95779386176174], [67.93399779798199, 79.41182048712312], [67.16134036647159, 79.78554114017562], [66.3521432562715, 80.07158214485631], [65.51574171259246, 80.26398853878153], [64.66277773880115, 80.35902687148995], [63.804529784392756, 80.3557869061577], [62.95202467684502, 80.25637699548835], [62.11516562268957, 80.06563600280244], [61.30210149812325, 79.79046076292477], [60.518949375664135, 79.43896457945982], [59.76984444836651, 79.01968343656706], [59.0572065187561, 78.54096423827987], [58.38209918044994, 78.01057252796062], [57.74458968098115, 77.43549194022279], [57.14405964604342, 76.8218620018541], [56.579449778966435, 76.17500179158581], [56.04944074326938, 75.49947907122029], [55.5525806621285, 74.7991980500154], [55.08737148703026, 74.07748992406685], [54.65232528503412, 73.3371978314295], [54.245999312602, 72.5807525439797], [53.86701652962347, 71.81023788560078], [53.51407635233876, 71.0274462195929], [53.185959007333395, 70.23392500001937], [52.881525804186374, 69.43101557005822], [52.59971688705261, 68.61988541284086], [52.339547520750116, 67.80155491929398], [52.10010359726996, 66.97691962751506], [51.8805368119077, 66.14676872780153], [51.6800597914278, 65.31180049927988], [51.49794135545969, 64.47263521573102], [51.33350200140485, 63.62982598408276], [51.18610968171449, 62.78386786112778], [51.055175883279844, 61.935205563721006], [50.940152021763566, 61.08424000357459], [50.84052613931306, 60.23133384897918], [50.75581989042552, 59.37681627519732], [50.68558579684522, 58.52098703625983], [50.62940475294848, 57.66411996541991], [50.5868837583511, 56.8064659965564]], {"i0": 0.01941055595822095, "spread": 0.5736836163424552, "falloff": 0.01}], [[[71.99548599414689, 65.68640445633987], [72.49981384192886, 65.19808483205287], [73.04051296822769, 64.75035530460235], [73.61350204566914, 64.34475445298935], [74.21490229931378, 63.98260013512744], [74.84094999097454, 63.66493513885314], [75.48796081080323, 63.3924788121999], [76.15232994272522, 63.165590849951926], [76.83055568049156, 62.98425157332165], [77.51927650457654, 62.848060898963894], [78.21531300898607, 62.75625587775497], [78.91570767397187, 62.707744537342435], [79.61775737964022, 62.70115215083418], [80.319035609311, 62.73487520209832], [81.01740323498886, 62.80713826065021], [81.7110083673408, 62.916049567978206], [82.39827684655991, 63.05965212618733], [83.07789553053914, 63.235968207664875], [83.74879067845984, 63.44303626270452], [84.41010355765987, 63.6789400621778], [85.06116505336824, 63.94183052582804], [85.70147064064535, 64.22994106048584], [86.33065667004676, 64.54159740989758], [86.9484785605356, 64.87522304972812], [87.55479121024639, 65.2293411015583], [88.14953172269308, 65.60257362485474], [88.73270440322214, 65.99363901425158], [89.30436788732064, 66.40134809375265], [89.86462421000975, 66.82459937245908], [90.41360960508912, 67.26237382176001], [90.9514868178356, 67.71372943928134], [91.4784387255254, 68.17779579555592], [91.99466307468658, 68.6537686959062], [92.50036816543881, 69.14090505245477], [92.99576933221864, 69.63851802179656], [93.48108609097591, 70.1459724409782], [93.95653984142864, 70.66268057898614], [94.42235202950263, 71.18809820140547], [94.87874269015053, 71.72172094663978], [95.32592930346743, 72.26308099685355], [95.76412590812127, 72.8117440298118], [96.19354242538597, 73.36730643343452], [96.61438415509888, 73.92939276372798], [97.02685141184124, 74.49765342589565], [97.43113927385919, 75.07176256466622], [97.82743742438537, 75.65141613925809], [98.21593006591391, 76.23633017288928], [98.59679589338141, 76.82623915779475], [98.97020811409188, 77.42089460178106], [99.33633450414538, 78.02006370402222]], {"i0": 0.508051327054936, "spread": 0.0, "falloff": 0.788132767481946}]], "disk": {"i0": 0.40043466724608406, "n": 1.0, "c": 2.0, "mu": [69.99832598354595, 70.18375964475591], "roll": 2.780983173994235, "rEff": 24.661921277346586, "axRatio": 0.6333147974311337}, "bulge": {"i0": 0.0, "n": 0.983273697245567, "c": 2.0, "mu": [70.73522919188386, 69.83907673273649], "roll": 1.5047747285323978, "rEff": 4.291674708582891, "axRatio": 0.8570388133609084}, "bar": {"i0": 0.1283889622002985, "n": 0.5721967403933081, "c": 2.7039806125224564, "mu": [70.59105675145227, 71.79230402792719], "roll": 1.3716338056060156, "rEff": 5.819647411835764, "axRatio": 0.04861299355186802}}