{"spiral": [[[[22.623192237157124, 28.5526939118515], [22.98170089989682, 28.32879821986458], [23.3516918920574, 28.124432491721258], [23.73196741747715, 27.93990459693999], [24.121304741860094, 27.775350287566194], [24.518485421401788, 27.630743666143136], [24.922320770698416, 27.50591325021279], [25.331672490292068, 27.40056177609475], [25.745468023071748, 27.314287890811894], [26.162710762266116, 27.246608100378992], [26.582485629707325, 27.19697769899254], [27.00396077611139, 27.16480979738808], [27.426386239512276, 27.14949194177659], [27.84909037756939, 27.150400122051863], [28.27147479859476, 27.16691019781244], [28.693008393591995, 27.198406922883265], [29.11322094098143, 27.244290836359724], [29.531696632284014, 27.30398332519175], [29.948067762998022, 27.376930166421683], [30.362008745674608, 27.46260383744802], [30.7732305374806, 27.560504852292176], [31.181475525029317, 27.670162345787045], [31.586512874728147, 27.791134091349882], [31.98813433412321, 27.923006104946527], [32.38615045410476, 28.065391957145444], [32.78038719376111, 28.217931890340477], [33.170682864717946, 28.38029181627966], [33.55688537034777, 28.552162251900402], [33.93884969520026, 28.73325723730289], [34.316435601039, 28.92331326876172], [34.6895054871839, 29.12208827078814], [35.05792237421801, 29.329360624973525], [35.421547970973954, 29.544928267998223], [35.780240785042054, 29.7686078675894], [36.13385423644512, 30.000234082465212], [36.48223473246631, 30.23965891026857], [36.825219658597874, 30.48675112611721], [37.1626352359063, 30.7413958133546], [37.49429418837952, 31.00349398727931], [37.819993154272815, 31.27296231202837], [38.13950976281923, 31.54973290969723], [38.45259928010893, 31.83375325970979], [38.758990704678894, 32.124986184242616], [39.058382161713055, 32.42340991213493], [39.35043540215611, 32.729018207943845], [39.6347691544782, 33.04182054352127], [39.9109509967169, 33.361842273992565], [40.178487304544646, 33.689124754829884], [40.43681067371711, 34.02372529515716], [40.685263991170274, 34.36571677346164]], {"i0": 0.02427775281038612, "spread": 2.3425467064096255, "falloff": 0.05441885170436694}], [[[53.59199913682049, 46.14032456301538], [53.32371780371425, 46.48103835432435], [53.034022564905435, 46.803736441819666], [52.72368507859465, 47.10663178628455], [52.393799016290025, 47.38810790530772], [52.04575113727355, 47.646789528909984], [51.68117023672821, 47.88159875370667], [51.301859647271854, 48.0917898039118], [50.90972161082003, 48.27695909495536], [50.50668250636775, 48.4370314634092], [50.0946266149236, 48.57222696783907], [49.675343485364046, 48.68301473721828], [49.25049097651867, 48.770060741870125], [48.82157349312882, 48.834175434629174], [48.389933233785875, 48.87626556800037], [47.956751476951084, 48.89729271856147], [47.523056855057895, 48.898239531152385], [47.0897379327258, 48.88008360129308], [46.657557967606195, 48.84377825017527], [46.22717031867548, 48.79023913090527], [45.79913348249463, 48.72033553009664], [45.373925146494514, 48.63488529926878], [44.95195494573452, 48.534652491839104], [44.53357581197974, 48.420346945001626], [44.11909393461232, 48.292625206470355], [43.70877742669376, 48.15209234471193], [43.30286383031372, 47.99930430003953], [42.901566609334104, 47.83477052527544], [42.505080779901654, 47.658956738615124], [42.11358782144029, 47.47228766430192], [41.72726000099394, 47.275149678493875], [41.346264231912244, 47.06789330604487], [40.970765577346604, 46.85083553551999], [40.60093049984486, 46.624261934367034], [40.23692995164276, 46.38842855600891], [39.87894239630439, 46.143563637738346], [39.52715685154781, 45.88986909259743], [39.18177604593158, 45.627521801346305], [38.843019789097426, 45.356674712702514], [38.51112866734561, 45.07745776176337], [38.186368194649766, 44.789978618571396], [37.86903357602564, 44.494323281563915], [37.559455277075905, 44.190556535870726], [37.258005645991375, 43.87872230422007], [36.96510690617016, 43.55884393207709], [36.68124093866255, 43.230924470998815], [36.40696141505425, 42.894947061462695], [36.1429090426671, 42.550875577908236], [35.889830971865365, 42.19865580156936], [35.64860583422652, 41.83821755992992]], {"i0": 0.021291604283258433, "spread": 1.5660217422864886, "falloff": 0.07358363109464847}]], "disk": {"i0": 0.24046073354342395, "n": 1.0, "c": 2.0, "mu": [38.49755816876951, 38.152309990937816], "roll": 2.4097655789373813, "rEff": 16.01012042849607, "axRatio": 0.45589410398817143}, "bulge": {"i0": 0.5140570953521821, "n": 2.317398579820204, "c": 2.0, "mu": [38.098142364612315, 37.90381497763237], "roll": 2.713642536810991, "rEff": 3.7630591030154634, "axRatio": 0.7021037753271896}, "bar": null}