{"spiral": [[[[41.26412866042605, 23.144786895789636], [41.474102276560465, 23.40954139519034], [41.67413695472427, 23.681884554948372], [41.864279419619265, 23.961225353406995], [42.044607486454815, 24.24700141286109], [42.21522426401702, 24.53868063527821], [42.37625286737255, 24.83576190896813], [42.527831691473324, 25.137775070606086], [42.670110258633635, 25.44428029061318], [42.80324562532002, 25.754867029469487], [42.92739931475137, 26.06915268927577], [43.042734730587654, 26.386781062689977], [43.14941500124171, 26.70742066091278], [43.24760120267008, 27.030762983943422], [43.33745090872063, 27.35652078074534], [43.419117021055996, 27.684426334205074], [43.49274683465739, 28.014229795151664], [43.55848129939816, 28.34569758131432], [43.61645444273558, 28.678610850583475], [43.66679292291585, 29.012764052989777], [43.70961568617004, 29.34796356194493], [43.745033705104774, 29.684026382394617], [43.7731497786405, 30.020778931574], [43.79405837665211, 30.35805588647141], [43.807845514965884, 30.695699090884876], [43.814588648121926, 31.033556514319052], [43.81435656917207, 31.371481254098136], [43.80720930684468, 31.7093305716655], [43.79319801160275, 32.046964953362505], [43.77236482262043, 32.3842471854708], [43.74474270836357, 32.72104143250221], [43.71035527354935, 33.05721230687733], [43.66921652531356, 33.39262391696388], [43.621330591204995, 33.72713887898616], [43.56669138118633, 34.060617276437256], [43.50528218517704, 34.392915548218205], [43.437075196760176, 34.72388528362935], [43.362030952618255, 35.053371898428686], [43.28009767578211, 35.38121316108364], [43.19121050919796, 35.707237531919084], [43.095290624076654, 36.031262269489], [42.99224418530871, 36.353091247793735], [42.8819611536885, 36.67251241399356], [42.76431390196704, 36.98929479801103], [42.6391556191103, 37.30318496153201], [42.50631847468596, 37.61390274214685], [42.36561151394582, 37.92113610621284], [42.216818254842345, 38.22453486733161], [42.059693962929835, 38.523702950514306], [41.89396259268563, 38.81818877780569]], {"i0": 0.16946677052059078, "spread": 13.354467459425452, "falloff": 0.5143892399779135}], [[[36.98244355960813, 56.8122488900507], [36.60961215901759, 56.581216316371886], [36.247771943307285, 56.33332188172647], [35.897538749034126, 56.06928099628827], [35.55944031895296, 55.78986842888647], [35.233914632031045, 55.495902208477844], [34.92131113770828, 55.18822796535418], [34.62189446862994, 54.86770437145455], [34.33585011104998, 54.5351901606341], [34.063291480247834, 54.19153302447877], [33.80426787032713, 53.83756050890334], [33.55877280755914, 53.47407289599623], [33.32675241785736, 53.10183795052723], [33.108113508446856, 52.72158734134004], [32.90273115066214, 52.33401451044029], [32.710455628217346, 51.93977375065206], [32.53111867967661, 51.53948025934859], [32.364539014202784, 51.13371095456994], [32.21052711667839, 50.72300586548702], [32.06888938366674, 50.307869937613674], [31.939431647526032, 49.888775121563995], [31.82196215445868, 49.466162640722786], [31.716294065337188, 49.04044535694685], [31.622247547475524, 48.61201017393482], [31.539651522441147, 48.18122043523982], [31.468345130494136, 47.748418288326334], [31.40817896729019, 47.31392699756101], [31.359016143275486, 46.87805319878562], [31.32073321134268, 46.44108909585748], [31.29322100417077, 46.00331460585883], [31.276385418975977, 45.5649994653802], [31.270148184663338, 45.126405315197694], [31.274447644582395, 44.68778778545823], [31.28923958708065, 44.24939860856468], [31.314498156195373, 43.81148779253431], [31.35021687607269, 43.37430589426899], [31.396409825180648, 42.938106440428434], [31.453113000228264, 42.50314855408039], [31.52038591545624, 42.069699858996415], [31.59831349047772, 41.6380397514978], [31.687008290014326, 41.2084631538684], [31.786613192091863, 40.78128489594302], [31.897304578421014, 40.35684491606029], [32.019296162485084, 39.935514533968515], [32.152843599047245, 39.517704134415425], [32.29825005400103, 39.10387272180078], [32.455872957916206, 38.69453998154297], [32.626132219932366, 38.29030173868876], [32.80952024094357, 37.89185008301162], [33.006614128658306, 37.5]], {"i0": 0.10164617435256812, "spread": 7.027265884316092, "falloff": 0.35159196139224475}]], "disk": {"i0": 0.0, "n": 1.0, "c": 2.0, "mu": [36.92912604971677, 37.72767295549186], "roll": 1.4548176573054088, "rEff": 12.723257721950741, "axRatio": 0.4661873890783929}, "bulge": {"i0": 0.8811300513938698, "n": 1.793962537975858, "c": 2.0, "mu": [37.55804275555108, 36.99104716127957], "roll": 3.025836589453254, "rEff": 2.3025469689840397, "axRatio": 0.8937461378020024}, "bar": null}