{"disk": {"I": 0.09580228351846366, "Re": 26.577331075733344, "c": 2.0, "mux": 89.6085402207126, "muy": 91.04675165391166, "n": 1.0, "q": 0.623701417934852, "roll": 0.14335531466673848}, "bulge": {"I": 2.125902583363501, "Re": 4.4179909668378095, "c": 2.0, "mux": 89.01916898391035, "muy": 89.47000161374189, "n": 1.3570033802563082, "q": 0.03339257080766022, "roll": 0.5911177594772021}, "bar": {"I": 0.009410946197553961, "Re": 24.156365428878562, "c": 1.7510177704375305, "mux": 90.69731176076412, "muy": 80.42694849258218, "n": 1.020922983298986, "q": 0.5072046898376045, "roll": 2.8433144747454735}, "spiral": [[[[122.57674605137869, 99.97737978689709], [121.76075514549422, 101.39430309990016], [120.90147591201213, 102.78539496493428], [119.99809320069559, 104.148252036361], [119.04977961283845, 105.4802283234474], [118.0557081403769, 106.77840325366698], [117.01506955537894, 108.03954590289077], [115.92709599952003, 109.26007530625107], [114.79109261231335, 110.43601702212071], [113.60647948914719, 111.56295656782248], [112.3728467675372, 112.63599101559028], [111.09002613107084, 113.6496811105059], [109.75818242704649, 114.59800776680251], [108.37792916217104, 115.47433898742288], [106.95047111406899, 116.27141607207074], [105.47777561625134, 116.98137152033833], [103.96277059264837, 117.59579488815265], [102.40956142183568, 118.1058661543797], [100.82364959977149, 118.50257728555536], [99.21212435716454, 118.77705903715871], [97.58378579429346, 118.92101858364018], [95.94914943303806, 118.92727215407156], [94.3202840603214, 118.79032663923951], [92.71045415767799, 118.50693224975363], [91.13357658373157, 118.07650797337854], [89.60355012663751, 117.50134727420468], [88.13355786053093, 116.78654948589477], [86.73545634172544, 115.93968322928443], [85.41934417660865, 114.97024883322666], [84.1933545709397, 113.88904349302838], [83.06366321467794, 112.70753508317986], [82.03466389605606, 111.43732471637733], [81.10924819945365, 110.08974048047577], [80.28912953006231, 108.6755705367873], [79.57516674483757, 107.2049209928078], [78.96766034356354, 105.6871735642093], [78.46660923757561, 104.13101691444645], [78.07192665311486, 102.54452970881812], [77.78361998069747, 100.93529975991333], [77.60194243472887, 99.3105703446845], [77.5275254279074, 97.67741120154473], [77.56150048835967, 96.04291796976841], [77.7056188652329, 94.41445059242056], [77.96237574325245, 92.79992962854548], [78.33514367268693, 91.20822132473225], [78.82831475202129, 89.64966053593787], [79.44743913339204, 88.13678963096784], [80.19931863147586, 86.6854379955457], [81.09194474597051, 85.31633798547962], [82.13400375080647, 84.05756615238286]], {"I": 0.023493585727862778, "falloff": 0.409907939003057, "spread": 3.0886136805201083}], [[[59.243643546813566, 100.42087797523868], [59.347060984451666, 98.51152724767533], [59.515919039005055, 96.60684942197241], [59.750533738368624, 94.70915086425093], [60.05132893990516, 92.82081375072617], [60.418841111592215, 90.94432287012252], [60.8537237837122, 89.08229551777747], [61.35675147287855, 87.23751523417818], [61.92882275696492, 85.41297029732033], [62.57096198666376, 83.61189803706439], [63.28431886917771, 81.8378362501467], [64.07016478642518, 80.09468319401671], [64.92988420027602, 78.38676787100282], [65.8649587645301, 76.71893249972368], [66.87694073915873, 75.09662916987156], [67.967410877857, 73.52603254297125], [69.13791401553159, 72.01416993926307], [70.38986299893715, 70.5690687577499], [71.7243983413562, 69.19991845812613], [73.14218720177351, 67.91723923753538], [74.64314166084849, 66.73304081668032], [76.22603445164864, 65.66094080205578], [77.88799375561749, 64.7161915933602], [79.62387335403625, 63.91553841734241], [81.42552877932154, 63.27680456024145], [83.28109155954793, 62.81808911193967], [85.17441930633606, 62.55649617963942], [87.08497967517977, 62.506426022238934], [88.98843561232749, 62.67765498716786], [90.85806199947665, 63.073647228626136], [92.66683211612296, 63.69063040279691], [94.38969780403306, 64.51779748849052], [96.00546306018279, 65.53860281904787], [97.49782226722407, 66.7327310858728], [98.85548297566184, 68.07816616883954], [100.07159229409712, 69.55290810537511], [101.1428018353296, 71.13613568313637], [102.06826047576764, 72.80882685797276], [102.84871112327777, 74.5539600887364], [103.48576288289522, 76.35644098398838], [103.9813426376837, 78.20287290685884], [104.33729801765463, 80.0812514312027], [104.55511454285052, 81.98062787371165], [104.63571197727198, 83.89076135002173], [104.57929148640413, 85.80176087040773], [104.38521262487829, 87.70370600565676], [104.05188658437908, 89.58622349489639], [103.57668027266072, 91.43798494420066], [102.95583717665099, 93.24607465814373], [102.18444082920023, 94.99515390332917]], {"I": 0.010475061861509666, "falloff": 0.01, "spread": 6.19845223192323}]]}