{"spiral": [[[[45.77023628758903, 43.12793894349234], [46.39686443339503, 42.85550297616438], [47.02736365831165, 42.59215027166051], [47.66166662112049, 42.338096395516764], [48.29970357395396, 42.093572089834346], [48.94140171582858, 41.85882453059012], [49.586684453995495, 41.63411871878279], [50.23547055595133, 41.419739021068864], [50.88767317112554, 41.21599087924512], [51.54319869741049, 41.0232027086094], [52.20194546201903, 40.841728009491675], [52.86380218028703, 40.67194771720025], [53.52864614761417, 40.5142728202474], [54.19634111025005, 40.36914727876077], [54.86673474846312, 40.23705127818839], [55.539655690640984, 40.11850485597126], [56.21490995796349, 40.01407194119327], [56.892276717063126, 39.92436484597616], [57.571503187997514, 39.85004924801734], [58.2522985214041, 39.791849694182226], [58.93432641360965, 39.75055564547001], [59.61719617679608, 39.72702805917433], [60.3004519175353, 39.72220646705628], [60.98355940144715, 39.73711644874531], [61.665890098725704, 39.77287730314363], [62.34670181091408, 39.830709580062056], [63.02511519311884, 39.91194191692523], [63.70008541879139, 40.018016311482135], [64.37036822586215, 40.150490509468696], [65.03447970017311, 40.311035552914184], [65.6906494924558, 40.501425686059136], [66.336767904382, 40.72351673228985], [66.97032864075534, 40.97920780007879], [67.58837132397989, 41.27037995328857], [68.18743137539306, 41.59880478261531], [68.76350968203927, 41.96601654625533], [69.31208004536437, 42.373145099032406], [69.8281570326487, 42.82071481047356], [70.30644708892298, 43.30842794379188], [70.74159693517933, 43.83496786614138], [71.12853183312514, 44.39787185568386], [71.46284444819491, 44.993524984246626], [71.7411643893836, 45.6173065984574], [71.96142703054952, 46.26388051033753], [72.12298028433183, 46.92757523387635], [72.22651403815206, 47.60277440351411], [72.27384654425947, 48.284242943782786], [72.2676319741744, 48.96734523481978], [72.21105526049115, 49.64814857841312], [72.10756216689636, 50.32343220366192]], {"i0": 0.024930058695228713, "spread": 2.089413605893902, "falloff": 0.04896141398797314}], [[[80.6158732588036, 51.669560035870035], [80.17814688347302, 52.645918324822844], [79.69604571314198, 53.60115794098892], [79.17305839083897, 54.53465075160465], [78.61229483034364, 55.445960640469345], [78.01652304242391, 56.334786587893895], [77.38820585726404, 57.20091871953337], [76.72953569698421, 58.044204429157745], [76.04246647972839, 58.86452219350652], [75.328742339798, 59.66176116905763], [74.58992316463467, 60.43580507073558], [73.8274071512568, 61.18651915942101], [73.0424506674904, 61.9137394221963], [72.23618574185953, 62.617263222091154], [71.40963551541968, 63.29684083710377], [70.56372797982587, 63.952167409233596], [69.69930831251885, 64.58287488998465], [68.81715011115185, 65.18852360735245], [67.91796582644047, 65.76859309493015], [67.00241669637967, 66.32247181120508], [66.07112250927607, 66.84944534892618], [65.12467156290207, 67.34868267754005], [64.16363125607683, 67.81921987997241], [63.1885598557599, 68.25994072938617], [62.20002014343416, 68.66955330214846], [61.19859588280959, 69.04656161916358], [60.18491240444309, 69.3892310530844], [59.15966312765928, 69.69554591256242], [58.12364462173916, 69.9631572245029], [57.07780398570437, 70.18931827717444], [56.02330409919386, 70.37080504244575], [54.96161498976153, 70.50381829213819], [53.894643632785325, 70.58386445948199], [52.824920571873456, 70.60561392984583], [51.75587052790592, 70.56274031293627], [50.69220585549091, 70.44775628031283], [49.64049427801511, 70.25188841361404], [48.609956439589325, 69.96508882628217], [47.613515683486334, 69.57638366672671], [46.66898296559179, 69.07491284586757], [45.79989815476671, 68.4521401556694], [45.03492777628849, 67.70549201811733], [44.40432989477333, 66.84257599043814], [43.93320069210497, 65.88330815171582], [43.63447331080135, 64.85709178293817], [43.50639119403326, 63.795784720881024], [43.535791491581605, 62.72695822303956], [43.70394418492053, 61.67083216931413], [43.991350973161246, 60.64058639211134], [44.380335030332006, 59.64412027935901]], {"i0": 0.022250388055648076, "spread": 1.5883224491668173, "falloff": 0.01}]], "disk": {"i0": 0.1743311367224058, "n": 1.0, "c": 2.0, "mu": [57.03127947241391, 55.974430661219316], "roll": 0.5038386612618825, "rEff": 19.821225296035312, "axRatio": 0.39373527020602306}, "bulge": {"i0": 0.8771659244019981, "n": 0.8802342421175628, "c": 2.0, "mu": [57.00635181012407, 56.39388657520024], "roll": 0.4603976546456955, "rEff": 3.0719615086380383, "axRatio": 0.6532527930277519}, "bar": {"i0": 0.0, "n": 0.42143588512594027, "c": 2.275534848617913, "mu": [58.133432468706935, 55.43973447265414], "roll": 0.6127120675687229, "rEff": 6.121349253914606, "axRatio": 0.3559332158220674}}