{"disk": {"I": 0.0, "Re": 34.11667768657168, "c": 2.0, "mux": 72.89639185598949, "muy": 35.47125561718037, "n": 1.0, "q": 0.4489203765141024, "roll": 0.4565386373106596}, "bulge": {"I": 0.21828643053739905, "Re": 14.681647853190983, "c": 2.0, "mux": 63.85798321114111, "muy": 64.08832385404686, "n": 0.9224175003397261, "q": 0.47710530956479075, "roll": 0.5131105621625394}, "bar": null, "spiral": [[[[69.00757763239345, 75.52209752321079], [67.97036044938861, 76.93727551775599], [66.85211188822583, 78.28927543383463], [65.64820346825945, 79.56549089689942], [64.35252653415623, 80.74824688072019], [62.957703159126375, 81.8119269018679], [61.45625122001789, 82.71814587830342], [59.84469720902111, 83.40798399534215], [58.135811254970086, 83.79226664074791], [56.38701841529459, 83.7529836636613], [54.73093067734089, 83.19582095545556], [53.32964229277437, 82.15063510916681], [52.259415376415426, 80.76524878276108], [51.49758638914216, 79.18701068107737], [50.98844188792049, 77.50905657074962], [50.68100726518241, 75.78219354540144], [50.53663486648607, 74.03385312188473], [50.52723929415135, 72.27943140627993], [50.63238867331412, 70.5280447387016], [50.837012694312016, 68.7854180718121], [51.129819784828534, 67.05538370633259], [51.502235157288645, 65.34069597210546], [51.94768679857916, 63.64349715884768], [52.461119659332674, 61.965599124416954], [53.03866074379898, 60.30866478899926], [53.677385963338864, 58.67433485423381], [54.375157373971184, 57.06432566873207], [55.13051065823919, 55.480514322943705], [55.942579760977324, 53.92502222990342], [56.81105018131305, 52.40030650597115], [57.73613538305, 50.90926849240505], [58.71857261497392, 49.45539049133884], [59.75963528826786, 48.04291545880569], [60.86115870470462, 46.67709071501616], [62.025573534960216, 45.36450709879674], [63.25593482701428, 44.11358145092586], [64.55591874236838, 42.935256392821735], [65.92972342071992, 41.8440304089678], [67.38172940282992, 40.85948283946477], [68.91559469046847, 40.00849716351469], [70.53207978561707, 39.32828856368139], [72.2242328923373, 38.86966480923477], [73.96809109802835, 38.69753193102418], [75.70978071627096, 38.88045497363987], [77.36160370412047, 39.460070920053916], [78.82862829920424, 40.41570801995087], [80.05310405222828, 41.66851607021211], [81.02834407765701, 43.124989213995335], [81.77831094891516, 44.710065059915536], [82.33544020722667, 46.37321896000248]], {"I": 0.04883237992447407, "falloff": 0.9963970287954713, "spread": 18.992381941911063}]]}