{"spiral": [[[[44.92589384559231, 41.23540735608923], [45.053944279904755, 40.91155935433556], [45.188226754971396, 40.59024483898608], [45.32842637681172, 40.27146725705937], [45.47428112301692, 39.95523681323466], [45.625571754944374, 39.64157040026453], [45.78211420572317, 39.33049151738253], [45.943753739699346, 39.02203021093383], [46.110360404793845, 38.71622305452843], [46.2818254452174, 38.413113177303195], [46.458058438657304, 38.11275034450843], [46.63898498735019, 37.81519109254384], [46.82454483763189, 37.520498919803146], [47.01469033406062, 37.22874453453288], [47.20938513674945, 36.94000616121016], [47.40860314662526, 36.65436990737634], [47.612327595072315, 36.37193019347421], [47.82055026283704, 36.09279024880691], [48.033270799287436, 35.8170626774755], [48.25049611736165, 35.54487009868433], [48.47223984258173, 35.27634586649231], [48.69852179633656, 35.011634874632826], [48.92936749454252, 34.75089445248208], [49.164807642872724, 34.494295358542644], [49.4048776091309, 34.24202287813478], [49.64961685181301, 33.99427803147356], [49.89906828186773, 33.75127889811101], [50.153277531652144, 33.51326206228854], [50.41229210138838, 33.28048418180994], [50.67616034889156, 33.05322367998266], [50.944930282966425, 32.83178255551583], [51.218648114737775, 32.61648829865732], [51.49735651440673, 32.407695892626535], [51.78109251380607, 32.2057898667424], [52.06988498816382, 32.0111863507737], [52.363751644485916, 31.82433505789103], [52.662695440176535, 31.64572109520236], [52.96670035613091, 31.47586646473182], [53.27572645569147, 31.31533107461489], [53.589704178411374, 31.16471302919824], [53.90852785106252, 31.02464790892829], [54.23204845060274, 30.89580669313078], [54.560065733788434, 30.778891924077154], [54.89231995823571, 30.67463167438971], [55.228483560786934, 30.583770877274805], [55.568153331810215, 30.507059631254762], [55.910843804538345, 30.44523822459371], [56.255982753301, 30.39901885981577], [56.60290980415922, 30.369064406325386], [56.950879170745374, 30.355964959790875]], {"i0": 0.2436966919475869, "spread": 1.5412694554822075, "falloff": 0.4505939230069334}], [[[44.80201724728183, 52.91931010872721], [44.66033548069029, 53.18695119950834], [44.51566592089501, 53.45298916163703], [44.36802768677602, 53.71739118494719], [44.217435548143655, 53.98012200186238], [44.063900149651396, 54.24114374250015], [43.907428201783425, 54.50041577635784], [43.74802264307868, 54.757894538980054], [43.58568277716693, 55.01353334189845], [43.420404387734024, 55.26728216400586], [43.25217983414864, 55.51908742233679], [43.080998130212606, 55.768891720022175], [42.90684500831447, 56.01663356896224], [42.72970297113127, 56.262247084470395], [42.549551332983675, 56.50566164883581], [42.36636625297994, 56.74680154040323], [42.18012076218798, 56.98558552437372], [41.99078478726961, 57.221926401093185], [41.798325173297165, 57.45573050710875], [41.60270570887916, 57.68689716374884], [41.40388715725177, 57.915318067403724], [41.20182729768383, 58.14087661506281], [40.99648098242106, 58.36344715800587], [40.78780021550864, 58.58289417587814], [40.575734261223914, 58.79907136273947], [40.360229791560435, 59.01182061599177], [40.14123108434737, 59.220970918567126], [39.918680286223946, 59.42633710444198], [39.69251775789555, 59.62771849742258], [39.46268252302144, 59.82489741348643], [39.2291128468417, 60.01763751803169], [38.9917469763474, 60.20568203142869], [38.75052408056552, 60.388751779622574], [38.5053854374593, 60.56654309193149], [38.25627592304551, 60.73872555629926], [38.00314586848897, 60.90493965404271], [37.745953361830786, 61.064794312850786], [37.48466708195045, 61.21786443995752], [37.21926976212472, 61.36368852879308], [36.9497623870942, 61.501766473950234], [36.67616922771966, 61.631557782806816], [36.39854380652822, 61.75248043878498], [36.11697585904546, 61.86391075111332], [35.831599301514615, 61.965184615762446], [35.54260112589823, 62.055600704309285], [35.25023100590547, 62.134426178456245], [34.95481120884814, 62.200905571533085], [34.65674616338302, 62.254273452681964], [34.356530751347414, 62.29377134825031], [34.05475610940621, 62.318669094143075]], {"i0": 0.34341169138485694, "spread": 11.098589296107097, "falloff": 0.8391292272828389}]], "disk": {"i0": 0.0, "n": 1.0, "c": 2.0, "mu": [45.90467044101644, 45.01226363971407], "roll": 1.0470189130727685, "rEff": 14.8968229052864, "axRatio": 0.4055362409268302}, "bulge": null, "bar": null}