{"spiral": [[[[153.5479676055617, 169.60433084551667], [152.59191900376163, 169.3725513304746], [151.63966384096742, 169.1256504003114], [150.69151474538742, 168.8634243129367], [149.74779778287612, 168.5856712603357], [148.80885287953947, 168.29219189561096], [147.87503424133774, 167.98278990035342], [146.94671076872385, 167.6572725938089], [146.02426646414483, 167.3154515851775], [145.10810083049404, 166.95714347036497], [144.1986292574439, 166.582170573979], [143.29628339420103, 166.1903617377419], [142.4015115052618, 165.78155315557035], [141.51477880742442, 165.355589255951], [140.63656778525907, 164.91232363153355], [139.76737848281564, 164.45162001573408], [138.90772876937268, 163.9733533057421], [138.05815457761653, 163.47741063121492], [137.21921011228775, 162.96369246712214], [136.3914680288206, 162.43211378958642], [135.57551958106504, 161.8826052725285], [134.77197473871865, 161.31511452325088], [133.98146227563174, 160.729607354659], [133.20462983121885, 160.12606909167533], [132.44214394864917, 159.5045059095929], [131.6946900948508, 158.8649462021753], [130.962972669178, 158.20744197779507], [130.24771500944888, 157.53207028237193], [129.54965940649274, 156.83893464900981], [128.86956714077826, 156.12816657532866], [128.20821855775216, 155.39992703138967], [127.56641320177191, 154.65440800326462], [126.94497003233087, 153.89183408021654], [126.34472775074195, 153.11246409737166], [125.76654527021344, 152.31659285001842], [125.21130236829542, 151.5045529019264], [124.67990056721615, 150.67671651693814], [124.17326429582157, 149.8334977525087], [123.69234239623916, 148.97535476493246], [123.23811005011137, 148.10279239054066], [122.8115712134335, 147.21636508521408], [122.41376166684998, 146.316680327964], [122.04575281055862, 145.40440262431272], [121.70865636177555, 144.48025828500667], [121.403630149591, 143.5450412077575], [121.13188525080115, 142.59961996063637], [120.89469477453015, 141.64494656199875], [120.69340469006293, 140.68206748603197], [120.52944720969015, 139.71213761203458], [120.40435740024232, 138.7364381076617]], {"i0": 1.1639826311206816, "spread": 0.0, "falloff": 6.858978837406081}], [[[118.43902842472222, 163.66761488492963], [117.36753693144068, 163.08837869061074], [116.32303036809351, 162.4617895867913], [115.30761539767974, 161.78907833246885], [114.32328892403343, 161.07164517519487], [113.3719232173246, 160.31104412757452], [112.455254009856, 159.50896517057703], [111.5748717832585, 158.66721503897742], [110.73221631452338, 157.7876972635939], [109.92857440363174, 156.87239212324772], [109.16508058016498, 155.92333710256423], [108.44272048656441, 154.9426083687145], [107.76233656598512, 153.93230368028256], [107.12463564291109, 152.89452703457383], [106.53019797363459, 151.83137525458946], [105.97948735371249, 150.74492662016164], [105.47286189945572, 149.63723156365361], [105.01058516381543, 148.51030538309124], [104.59283729379435, 147.3661228732163], [104.21972599066594, 146.20661473990964], [103.89129708391138, 145.03366564162295], [103.60754457757108, 143.84911369236792], [103.36842006998387, 142.65475126169184], [103.17384148360827, 141.4523269152659], [103.0237010710537, 140.24354835339994], [102.91787268673473, 139.03008622284545], [102.8562183301416, 137.81357869632737], [102.83859397864747, 136.5956367358325], [102.8648547342578, 135.37784997680706], [102.93485931112379, 134.16179319159932], [103.0484738892249, 132.949033311443], [103.20557535467638, 131.74113700653567], [103.40605393889146, 130.53967884356112], [103.64981525730181, 129.34625005936567], [103.9367817333271, 128.16246800859778], [104.26689337428432, 126.98998636201318], [104.64010784220268, 125.83050615062037], [105.05639973336086, 124.68578776991991], [105.51575894358331, 123.55766407541935], [106.01818795123963, 122.44805471806463], [106.56369779301134, 121.3589818816115], [107.15230243667794, 120.29258759327634], [107.78401116655681, 119.25115277983916], [108.45881848663439, 118.23711822939055], [109.17669090950159, 117.25310758334673], [109.93754983080171, 116.30195241728656], [110.74124948578603, 115.386719348713], [111.58754874512087, 114.51073891523441], [112.47607523520935, 113.67763566143879], [113.40627998086654, 112.8913584070804]], {"i0": 0.0642975643805298, "spread": 336.7449733167635, "falloff": 0.37574219378027224}], [[[136.79981062697323, 91.0748937526829], [137.8560845940495, 91.61535529099781], [138.8863861430109, 92.20382190800854], [139.88861557196876, 92.8389220556474], [140.86080650434778, 93.51911574469194], [141.80113996250168, 94.2427144362611], [142.70795477988204, 95.00790269397064], [143.57975425586608, 95.81276078722902], [144.41520913780715, 96.65528746175846], [145.21315717096198, 97.53342216434204], [145.97259957934676, 98.44506611351675], [146.69269492472733, 99.38810173335729], [147.37275083676073, 100.36041010081532], [148.01221411825878, 101.35988618716584], [148.61065971158183, 102.38445179241927], [149.16777897243932, 103.43206617243042], [149.68336764322186, 104.50073443899525], [150.15731385613884, 105.58851387293986], [150.58958643252967, 106.69351833030548], [150.98022368305217, 107.81392094458545], [151.32932285703262, 108.94795533656405], [151.63703033986613, 110.09391554077226], [151.9035326558182, 111.25015484690906], [152.12904829996924, 112.4150837384175], [152.31382039693952, 113.58716709096562], [152.45811016468951, 114.76492077258534], [152.562191148221, 115.94690776600804], [152.6263441794544, 117.13173391317844], [152.65085301504362, 118.31804336264887], [152.63600060258963, 119.50451378288993], [152.58206592694157, 120.68985138866441], [152.48932139144395, 121.87278581350888], [152.35803069365556, 123.052064848988], [152.1884471608865, 124.22644906060411], [151.98081251765151, 125.39470628091307], [151.73535606466922, 126.55560597236612], [151.45229425730034, 127.7079134455287], [151.13183068032956, 128.85038391252635], [150.77415642582233, 129.98175635074566], [150.379450891599, 131.1007471479772], [149.9478830298665, 132.20604349751167], [149.47961308887415, 133.29629651003376], [148.97479490557876, 134.3701140089947], [148.43357882444926, 135.426052978394], [147.85611533694484, 136.46261163540038], [147.242559558498, 137.47822110867688], [146.59307668501134, 138.47123671473372], [145.90784859940777, 139.43992884272356], [145.18708183049011, 140.38247348399113], [144.43101710103886, 141.29694247879425]], {"i0": 0.004368717188036598, "spread": 99.90441716816848, "falloff": 0.01}]], "disk": {"i0": 0.1239655147568183, "n": 1.0, "c": 2.0, "mu": [126.95723586755443, 127.29270481092267], "roll": 1.1548223566768732, "rEff": 50.148332247930135, "axRatio": 0.8785647985853868}, "bulge": {"i0": 0.6930808988324924, "n": 0.9151227460663214, "c": 2.0, "mu": [126.08982924019988, 127.26791584345051], "roll": 0.826017362488978, "rEff": 4.888598549556168, "axRatio": 0.9504420576322209}, "bar": null}