{"spiral": [], "disk": {"i0": 0.2559124407236919, "n": 1.0, "c": 2.0, "mu": [54.97988839056793, 57.64859959994084], "roll": 0.7488096036939105, "rEff": 24.204179375086273, "axRatio": 0.5253982425020925}, "bulge": {"i0": 0.2706283830177493, "n": 1.1387554703365512, "c": 2.0, "mu": [56.43069309278083, 56.94611159604307], "roll": 0.6779152570034739, "rEff": 5.287485242383131, "axRatio": 0.9999988795858393}, "bar": null}