{"spiral": [[[[62.33435630303011, 73.06625747878796], [61.832303672788285, 72.3025111671375], [61.41432460802297, 71.48962909497719], [61.07869798339535, 70.63937140686521], [60.822718294477525, 69.76179498026413], [60.643135364969105, 68.86542228939149], [60.53645489575131, 67.95745247010767], [60.49913290829135, 67.04397401515993], [60.52769442110598, 66.13015902750234], [60.61880042393101, 65.2204313441036], [60.76928077922347, 64.31860751042854], [60.97614534916371, 63.42801274263137], [61.23658164969771, 62.55157520061957], [61.54794450356503, 61.691902069657814], [61.907741228050114, 60.85134066521527], [62.3136146017742, 60.03202731991365], [62.7633250087796, 59.23592633144064], [63.25473261130456, 58.46486081236231], [63.78578005812075, 57.720536905019856], [64.35447602161553, 57.004562515578165], [64.95887973050317, 56.31846147220696], [65.59708659449595, 55.66368381732376], [66.26721498357176, 55.041612792724464], [66.96739421342416, 54.45356896294659], [67.69575379155015, 53.90081183966918], [68.45041398855983, 53.38453931259601], [69.2294778123347, 52.90588515788117], [70.03102447445991, 52.46591487685098], [70.85310444620691, 52.06562011568567], [71.69373620266074, 51.70591192567108], [72.55090474615571, 51.38761314097352], [73.42256198233797, 51.111450172543314], [74.30662899368618, 50.87804454071463], [75.20100021503377, 50.68790448851339], [76.10354946554338, 50.541417030861204], [77.01213773329259, 50.43884079645714], [77.9246225456075, 50.38030000862454], [78.83886869422314, 50.365779921090976], [79.75276002491348, 50.395123980869364], [80.66421195067308, 50.468032928613], [81.57118431136514, 50.584065971138756], [82.47169418315596, 50.74264407871167], [83.36382824305987, 50.943055368450906], [84.24575431544135, 51.18446245060856], [85.11573176806625, 51.46591153584163], [85.97212048217447, 51.786343036282176], [86.8133881915273, 52.144603343425274], [87.63811605907765, 52.539457438960284], [88.4450024373976, 52.96960198430863], [89.23286483101731, 53.43367854457932]], {"i0": 0.05390615534022006, "spread": 3.7868815801341507, "falloff": 0.06807868984279104}], [[[80.47625172220017, 66.59933190169414], [80.83325802067303, 67.40833294386032], [81.12719026050752, 68.24234568841742], [81.35937533151667, 69.09563126862449], [81.53142666106274, 69.96306031305164], [81.64513531237088, 70.84006088917376], [81.70238856075545, 71.72255918951353], [81.70511100581842, 72.60691904120979], [81.65522349493408, 73.48988393262282], [81.55461574269145, 74.3685235690284], [81.40512926055797, 75.24018585784302], [81.20854791658972, 76.10245453029995], [80.96659406082071, 76.95311220701734], [80.68092865816142, 77.79010850778197], [80.35315427181808, 78.61153271860155], [79.98482004815635, 79.41559051764543], [79.57742808677739, 80.20058428880628], [79.13244075133659, 80.96489660132293], [78.6512886014019, 81.70697649176606], [78.13537871461632, 82.42532824285574], [77.58610322879966, 83.11850241059761], [77.0048479737408, 83.7850889008096], [76.39300108541778, 84.42371194104985], [75.75196150622665, 85.03302683075316], [75.08314727567154, 85.6117183820752], [74.38800350943603, 86.1585009858188], [73.66800995246722, 86.67212025032012], [72.92468797578546, 87.15135616626421], [72.1596068692153, 87.59502774668296], [71.37438926340558, 88.00199907731577], [70.57071550031381, 88.3711866909824], [69.75032675895557, 88.70156814663629], [68.91502674040976, 88.99219165443708], [68.06668172213143, 89.24218654156216], [67.20721880991931, 89.4507743025913], [66.33862224883448, 89.61727992727674], [65.46292770241325, 89.74114315115402], [64.58221447260121, 89.82192923587208], [63.69859570920164, 89.85933886155165], [62.814206743782464, 89.85321670781676], [61.931191773758286, 89.80355831734079], [61.05168921096506, 89.7105148789407], [60.177816088089415, 89.57439563371314], [59.31165197911355, 89.39566769754634], [58.455222927924275, 89.17495320343085], [57.6104858916588, 88.9130237795805], [56.77931418546991, 88.6107925018318], [55.96348436781844, 88.26930356716386], [55.16466493332484, 87.88972002817519], [54.38440708800962, 87.47330999979613]], {"i0": 0.07000912873872332, "spread": 6.804008228256328, "falloff": 0.28020613811739226}]], "disk": {"i0": 0.11178846072761688, "n": 1.0, "c": 2.0, "mu": [70.0644002420132, 68.866897716593], "roll": 0.9916279092847183, "rEff": 31.160759272070223, "axRatio": 0.7869314904039534}, "bulge": {"i0": 1.0072087189885057, "n": 0.18527763541786904, "c": 2.0, "mu": [70.44503170305227, 69.92958417751643], "roll": 2.0023845385363064, "rEff": 4.8198882829887, "axRatio": 0.8969137884057535}, "bar": {"i0": 0.0, "n": 0.4173074465303233, "c": 2.124388666197916, "mu": [71.22619627100508, 70.16406213983365], "roll": 3.1415926409785824, "rEff": 7.328125716531196, "axRatio": 0.47857088462201053}}