{"spiral": [], "disk": {"i0": 0.13184028258965894, "n": 1.0, "c": 2.0, "mu": [99.54712933377193, 100.2359078339561], "roll": 1.2500641872174174, "rEff": 41.61599304574882, "axRatio": 0.6738375324447483}, "bulge": {"i0": 0.39013444491536, "n": 1.7587702640422982, "c": 2.0, "mu": [99.72804912515863, 99.13122513893265], "roll": 2.1675563956893757, "rEff": 5.543614425796556, "axRatio": 0.8888957851767308}, "bar": null}