{"spiral": [[[[51.03774175330111, 68.18800271119034], [50.27689516000932, 68.15045549305398], [49.5185248028247, 68.07853408907033], [48.76416384691573, 67.972522368161], [48.015328036600486, 67.8327216497234], [47.27352069574508, 67.65945506690713], [46.54023660999939, 67.45307242079309], [45.81696478727248, 67.2139554419856], [45.10519008141467, 66.94252337136763], [44.40639365668571, 66.63923876225296], [43.72205226800238, 66.30461339288543], [43.053636334982414, 65.93921416197615], [42.40260679714957, 65.543668822291], [41.77041075382296, 65.11867138977497], [41.15847591562959, 64.66498704926988], [40.56820392482704, 64.18345636604609], [40.00096263815562, 63.67499860595826], [39.45807750741009, 63.14061396866348], [38.940822236981965, 62.58138455031354], [38.45040894161053, 61.99847387532869], [37.98797806802185, 61.393124872188], [37.55458837720254, 60.76665621529872], [37.151207306217174, 60.120457012203936], [36.77870203602704, 59.45597988024184], [36.43783158224612, 58.77473252508571], [36.129240200114204, 58.07826800005518], [35.853452348623236, 57.36817388678812], [35.61086940155522, 56.64606068659299], [35.401768221071904, 55.91354974696145], [35.22630163295283, 55.17226106409061], [35.084500764824085, 54.4238012999771], [34.97627913547924, 53.66975233205671], [34.90143831986544, 52.911660616698605], [34.859674963979835, 52.15102759857884], [34.850588890687504, 51.389301341447904], [34.87369201722531, 50.627869493918645], [34.928417805885786, 49.86805364587396], [35.014130978459164, 49.111105074472704], [35.13013724930953, 48.35820183195115], [35.275692862272116, 47.610447088605994], [35.45001375225576, 46.868868615684434], [35.652284190056356, 46.13441927404218], [35.88166480585867, 45.40797836384976], [36.1372999220516, 44.69035369018373], [36.41832415616131, 43.98228420025837], [36.723868281995365, 43.28444306024754], [37.053064358157116, 42.59744104868093], [37.40505015034897, 41.921830158783365], [37.778972886280464, 41.258107316411014], [38.173992390584466, 40.60671813492823]], {"i0": 0.01128745950242624, "spread": 1.558483437163231, "falloff": 0.01}]], "disk": {"i0": 0.2867430937042725, "n": 1.0, "c": 2.0, "mu": [54.76655411461083, 55.7798781342673], "roll": 0.2932131054984267, "rEff": 35.78035896122671, "axRatio": 0.8993935417721158}, "bulge": {"i0": 0.4188139678825746, "n": 1.358231347405919, "c": 2.0, "mu": [56.430664065202464, 55.99999996680718], "roll": 0.06656810898079252, "rEff": 3.332724307833013, "axRatio": 0.790393767182851}, "bar": null}