{"spiral": [[[[116.43482129899567, 119.52989866353509], [115.63929991102516, 120.46760711265439], [114.79360682165107, 121.36030392028987], [113.8973414810787, 122.20218336908108], [112.95073949168409, 122.9870027690249], [111.95484331550192, 123.70820285699136], [110.91166673953042, 124.35909725952632], [109.8243271010753, 124.93313476725126], [108.69711346959083, 125.42422447208628], [107.53545988488688, 125.82709569059514], [106.34580377819044, 126.1376469542982], [105.13533087730741, 126.35322866947796], [103.91163395225027, 126.47280903085098], [102.68233426872997, 126.49699376406888], [101.45472270309345, 126.4279009902194], [100.23546908252207, 126.26892169891758], [99.03042794468767, 126.02441392757011], [97.84454544757871, 125.6993810106849], [96.68185364447419, 125.2991742721005], [95.54552856414293, 124.82924489160841], [94.4379869587148, 124.2949545211453], [93.36100031062871, 123.7014430466042], [92.31581059114455, 123.05354549030287], [91.30323812824959, 122.3557476024753], [90.32377663673957, 121.6121698009722], [89.37767374394657, 120.82657055840065], [88.46499734466623, 120.0023622118699], [87.58568918141782, 119.14263399929641], [86.7396074806517, 118.25017867589851], [85.92656053703058, 117.32752027500008], [85.14633300249938, 116.37694147230464], [84.39870641534026, 115.40050964608167], [83.6834752621215, 114.4001011570324], [83.00045963628975, 113.37742365875957], [82.34951535598472, 112.33403643228075], [81.73054223698631, 111.2713688478678], [81.14349108073027, 110.19073712724898], [80.58836983339755, 109.09335961150865], [80.0652492907957, 107.98037076287059], [79.57426866667545, 106.85283413630917], [79.11564130183855, 105.71175456539106], [78.68966076683758, 104.55808981530669], [78.29670760174291, 103.3927619691472], [77.93725693766929, 102.21666883639357], [77.61188725920299, 101.03069570648475], [77.32129059302916, 99.83572782133291], [77.06628444592432, 98.6326640141185], [76.84782586656654, 97.42243206561062], [76.66702806970443, 96.20600647487723], [76.52518013912388, 94.98442954459753]], {"i0": 0.15308819440017218, "spread": 1990.438353241086, "falloff": 0.6395598669496713}], [[[68.78380234119723, 74.2078690599419], [69.30519278319858, 73.27664475008854], [69.86644572281048, 72.36890091715907], [70.4691012354358, 71.48811532345194], [71.11459261192306, 70.6382407952737], [71.8041593949489, 69.82374236536202], [72.53873395761823, 69.04961733473789], [73.31879990006841, 68.32138589322298], [74.14422471048009, 67.64503666836893], [75.01407615176787, 67.02690989081549], [75.92644158410819, 66.47350305573626], [76.87828031403751, 65.99119258770278], [77.86534712820325, 65.58588167668509], [78.8822247348426, 65.26260746922868], [79.92248885610795, 65.02516353634884], [80.97900206670403, 64.8758053135948], [82.0442990672375, 64.81509775429426], [83.11100051919156, 64.84193477349], [84.17218668411152, 64.95371966629715], [85.22167795928047, 65.14666099535974], [86.25419829803938, 65.41612199123693], [87.26542635228712, 65.75696538280457], [88.2519583986388, 66.16385279421449], [89.21121413772018, 66.63147862079985], [90.14131412251164, 67.15473544444667], [91.04095053197476, 67.728818740135], [91.90926511494926, 68.34928331575685], [92.74574151287317, 69.01206449039621], [93.55011451541861, 69.71347537810475], [94.32229597218912, 70.45018921205609], [95.06231561760455, 71.21921322610972], [95.77027448875502, 72.01785856419592], [96.4463085553957, 72.84370911477238], [97.09056037877382, 73.69459102912626], [97.70315691558028, 74.56854389623804], [98.28419189761117, 75.46379402420268], [98.83371150341215, 76.37872994165691], [99.35170227755064, 77.31188002186757], [99.83808044206175, 78.26189200238258], [100.29268188520118, 79.2275140922491], [100.71525220926908, 80.20757730372154], [101.1054362761906, 81.20097859915231], [101.46276671009163, 82.2066643927202], [101.78665080197939, 83.22361387871145], [102.07635521024247, 84.25082156017068], [102.33098776401533, 85.28727820679592], [102.5494755415778, 86.33194925756136], [102.73053821421517, 87.38374936768417], [102.87265540077328, 88.44151133204069], [102.97402646671596, 89.50394692129598]], {"i0": 0.0633040175871282, "spread": 505.5243119746643, "falloff": 0.6727201610584581}]], "disk": {"i0": 0.0, "n": 1.0, "c": 2.0, "mu": [91.86392070387748, 92.39858955357462], "roll": 1.8889324792491846, "rEff": 34.5251676655079, "axRatio": 0.5630117847488686}, "bulge": {"i0": 0.3290292839170547, "n": 1.4230238358347738, "c": 2.0, "mu": [92.366542134974, 91.74884264037085], "roll": 2.546137612780198, "rEff": 6.455030671555872, "axRatio": 0.9085023931588768}, "bar": null}