{"spiral": [[[[91.13274426928304, 74.27412287322106], [90.61384018298712, 74.98122045886244], [90.0807388923291, 75.67767620406269], [89.53341972632468, 76.36301434363575], [88.97185651780839, 77.0367296613582], [88.39601815539768, 77.69828430940822], [87.80586928341317, 78.34710427259701], [87.20137118686675, 78.98257542907791], [86.58248290792429, 79.60403915290698], [85.94916265199033, 80.2107873962201], [85.30136955630145, 80.80205718407547], [84.63906591259955, 81.37702444274804], [83.96221995884272, 81.93479708094935], [83.27080938495558, 82.47440723093848], [82.56482573472414, 82.99480255781494], [81.84427993338696, 83.49483654153605], [81.10920922968855, 83.9732576439284], [80.3596859144841, 84.4286972920482], [79.59582826902448, 84.8596566437753], [78.81781430644212, 85.26449216470859], [78.02589900060231, 85.64140015076129], [77.22043584640294, 85.98840049607954], [76.40190375792105, 86.3033202594596], [75.57094046642662, 86.58377796333382], [74.72838369866405, 86.82717010791724], [73.87532142739352, 87.03066216152905], [73.01315228853693, 87.19118733813457], [72.14365668610179, 87.3054578208128], [71.2690779008558, 87.36999469247385], [70.39221039065731, 87.38118447634191], [69.51648907644412, 87.33537140845658], [68.64606861220092, 87.22899448003947], [67.78587574297673, 87.05877558487497], [66.94161216407922, 86.82195824090944], [66.11968241624803, 86.51658429049984], [65.32702512040349, 86.14177957498083], [64.57083975156019, 85.69800305084651], [63.85822539898031, 85.18720489970144], [63.195776586635944, 84.61284625570713], [62.589202386836114, 83.97975931715014], [62.04303682282895, 83.29386488766583], [61.56048732524202, 82.56179942326209], [61.1434323267256, 81.79052060772364], [60.79254455827786, 80.98695433734571], [60.50749592395244, 80.15772349527607], [60.28719647691457, 79.3089722440398], [60.130029288117186, 78.44627865192709], [60.03405730185884, 77.5746371741574], [59.99719161192209, 76.6984897257821], [60.01732012892798, 75.82178658071469]], {"i0": 0.001, "spread": 0.5, "falloff": 1.0}]], "disk": {"i0": 0.16176470588235295, "n": 1.0, "c": 2.0, "mu": [70.42375723748685, 69.42536191374323], "roll": 1.212384346018451, "rEff": 25.957245413047247, "axRatio": 0.7620814235119837}, "bulge": {"i0": 0.5, "n": 0.9533333333333333, "c": 2.0, "mu": [69.04721509584024, 68.86759248098132], "roll": 0.6994907364920341, "rEff": 4.204981681263912, "axRatio": 0.4945204255267587}, "bar": {"i0": 0.278, "n": 0.711, "c": 2.31, "mu": [69.7987453613, 69.03415508862604], "roll": 0.8391243318336018, "rEff": 4.818403270346162, "axRatio": 0.3152670066607745}}