{"spiral": [], "disk": {"i0": 0.12580083511513426, "n": 1.0, "c": 2.0, "mu": [99.54716055297126, 100.23588681030277], "roll": 1.2500537079386802, "rEff": 41.60605532753374, "axRatio": 0.6529178749096011}, "bulge": {"i0": 0.4591975573128829, "n": 1.7749979810888854, "c": 2.0, "mu": [99.7280488157287, 99.13122432733414], "roll": 2.1675568243468146, "rEff": 5.5408452272958, "axRatio": 0.8951327863365531}, "bar": null}