{"disk": {"I": 0.12372506691257165, "Re": 19.164495162105442, "c": 2.0, "mux": 78.96799202649346, "muy": 79.2750317630354, "n": 1.0, "q": 0.9022939865779592, "roll": 0.616846088107848}, "bulge": {"I": 0.2367573179615915, "Re": 3.7924610847848608, "c": 2.0, "mux": 78.68716210139567, "muy": 78.63251919076218, "n": 1.0318687454728088, "q": 0.3647700841239022, "roll": 3.1125358958205225}, "bar": null, "spiral": [[[[73.87666025029692, 68.75332050099614], [74.65202066553488, 68.107262951815], [75.47689435437388, 67.52575324087472], [76.34609955864279, 67.01287202704165], [77.25412556119247, 66.57236375518521], [78.19512416620027, 66.20757040146778], [79.16291956457314, 65.92135551623875], [80.15103963511665, 65.71602378386358], [81.15277037197772, 65.59324259072052], [82.16123317957833, 65.5539729389573], [83.1694824059535, 65.59841714933708], [84.17061802571966, 65.72598993145743], [85.1579062758298, 65.93531752225255], [86.12489974025584, 66.22426687883522], [87.06554819025004, 66.59000379747651], [87.97429250016215, 67.02907584081736], [88.84613598466035, 67.5375136306562], [89.67669012980055, 68.11094276424865], [90.46219442330145, 68.74469844560149], [91.19951235664155, 69.43393576342827], [91.88610738586571, 70.17373007222035], [92.52000356552496, 70.95916377793787], [93.09973578109864, 71.7853976493342], [93.62429415811727, 72.64772633502004], [94.0930665205946, 73.54161893587482], [94.5057819191986, 74.46274624526912], [94.86245737825134, 75.40699666385217], [95.16334923568608, 76.3704829058231], [95.40890981273118, 77.34954152662402], [95.59974966233223, 78.34072709280518], [95.73660530343885, 79.3408025525981], [95.82031212279713, 80.34672708556893], [95.85178199827136, 81.35564244901047], [95.83198513695118, 82.36485860336626], [95.76193561042665, 83.37183920237594], [95.64268008926074, 84.37418737334555], [95.47528931608623, 85.3696320836244], [95.26085190440769, 86.35601529553168], [95.00047009899586, 87.33128003485558], [94.69525718286125, 88.29345944928835], [94.34633626001308, 89.2406668926159], [93.95484018331264, 90.1710870477676], [93.52191243093517, 91.08296808520518], [93.0487087637338, 91.97461484405265], [92.53639951924912, 92.84438301915411], [91.98617241662807, 93.69067433616331], [91.39923576066225, 94.51193269745087], [90.77682194296273, 95.30664128332079], [90.12019114498301, 96.07332059540221], [89.43063515087675, 96.81052743011433]], {"I": 0.1423837148722983, "falloff": 2.0890351737000423, "spread": 1.4873618003144962}], [[[81.81605815400333, 86.45172311519308], [80.83378783362787, 87.16596231662656], [79.7618940242422, 87.73696312660404], [78.62114734698629, 88.1537314044579], [77.4336324807084, 88.40832070697569], [76.22232181414991, 88.49642001526325], [75.01033703605833, 88.41778889732869], [73.82000160377979, 88.17638288737524], [72.6718567367097, 87.78008436096894], [71.58383078579968, 87.24006133679693], [70.5707044204417, 86.56987466581647], [69.64392489489494, 85.78450247946304], [68.81173356223943, 84.89943818018384], [68.0795148113506, 83.92996429030094], [67.45026050880618, 82.89064077330477], [66.92506048550334, 81.79499674824679], [66.50355901696192, 80.65538724541682], [66.18434589012847, 79.48296872186228], [65.96527201852274, 78.28775101372493], [65.84369263323084, 77.07869244505646], [65.81664746801862, 75.86381449433117], [65.88098940145173, 74.65032067989353], [66.03347263393972, 73.44471049358575], [66.27081000885752, 72.2528834638246], [66.58970730250239, 71.08023115562989], [66.98688060997132, 69.93171653293483], [67.45906150888626, 68.81194101784868], [68.00299352982917, 67.72520001015745], [68.61542258427144, 66.67552779222709], [69.29308335578834, 65.6667327459249], [70.0326832037306, 64.70242374598585], [70.83088481682273, 63.786028491075946], [71.6842886532795, 62.92080445324693], [72.58941608117829, 62.109843057411844], [73.54269406357007, 61.35606767496446], [74.54044219399397, 60.662226026765794], [75.57886285987487, 60.030877644151964], [76.65403527516854, 59.46437712955978], [77.76191405887158, 58.964854076100146], [78.89833294043773, 58.534190656107825], [80.05901401680205, 58.17399802030072], [81.23958278874356, 57.885592788178], [82.43558894393401, 57.66997497882984], [83.64253256575962, 57.52780876494735], [84.85589513098682, 57.45940736642722], [86.07117435396866, 57.46472324747028], [87.28392166694258, 57.543344539918465], [88.48978092511686, 57.69449829158467], [89.68452681871418, 57.917060758256085], [90.86410147269774, 58.20957456213777]], {"I": 0.024584585206930656, "falloff": 0.6400628967855354, "spread": 0.7589049476264488}]]}