{"spiral": [], "disk": {"i0": 0.20270010199185326, "n": 1.0, "c": 2.0, "mu": [52.47678484188757, 50.165403398638404], "roll": 2.757132417057653, "rEff": 38.870996649232225, "axRatio": 0.8669539405423631}, "bulge": {"i0": 0.0, "n": 1.40606626023033, "c": 2.0, "mu": [51.94449834347652, 50.886619170609116], "roll": 3.004644324999578, "rEff": 2.7873297837439157, "axRatio": 0.9101144680514286}, "bar": {"i0": 0.5684805670586781, "n": 1.1079923053443637, "c": 1.6951412116494093, "mu": [51.359110445491545, 50.914266492770885], "roll": 0.15381415814913701, "rEff": 2.766596736599545, "axRatio": 0.9230640355412094}}