{"spiral": [], "disk": {"i0": 0.1074201930200754, "n": 1.0, "c": 2.0, "mu": [42.46821813731728, 41.44570252830397], "roll": 0.6264905924863959, "rEff": 30.825571457284738, "axRatio": 0.8021038997046103}, "bulge": {"i0": 1.0048198357093092, "n": 0.46829868430768035, "c": 2.0, "mu": [42.38019241994301, 41.41791647983784], "roll": 0.6966643136404956, "rEff": 2.332690416454325, "axRatio": 0.3665631967146818}, "bar": null}