{"spiral": [[[[59.314392840027665, 93.60764195912677], [59.84426537793493, 89.47073680139091], [60.871731796352236, 85.42844432215627], [62.371968548298454, 81.53669294527404], [64.3193533915667, 77.84829323475849], [66.68760377464439, 74.41497728362306], [69.44914461798649, 71.28939216167704], [72.57369579476178, 68.52695468576086], [76.02596906132756, 66.18741846291636], [79.76229044988254, 64.33583514155082], [83.72599319913897, 63.042273155809184], [87.84172056886783, 62.379187550239465], [92.00960891515444, 62.41488982530626], [96.10187954923077, 63.20177027788258], [99.96608702587376, 64.75992347566462], [103.43892904967178, 67.06115377161966], [106.36944424359525, 70.02223974081913], [108.64255376008525, 73.51391006639453], [110.19156578017737, 77.38226722599451], [110.99565829213068, 81.47157312987352], [111.06770628130018, 85.63913614308638], [110.440483349564, 89.76029932277854], [109.15617517080763, 93.72642763613203], [107.26048814794144, 97.4394756313033], [104.800891301643, 100.80546096103879], [101.82839430733436, 103.72795883669319], [98.40286423428732, 106.10228779734433], [94.60260252105019, 107.8115997215718], [90.5390371068372, 108.72794096334081], [86.37522749207615, 108.72458093071062], [82.33946929063401, 107.70779750083686], [78.71375705551715, 105.66736997913316], [75.77979238918444, 102.71802720604768], [73.74435477614422, 99.088764367079], [72.7000900501463, 95.05927804245745], [72.64314567750834, 90.89563385474867], [73.51558313890172, 86.8230162024808], [75.23871633662125, 83.03069977401391], [77.7275091115626, 79.69077853794015], [80.88809273926398, 76.97932711052674], [84.59922903431753, 75.09452042227691], [88.67417215835958, 74.2622791428096], [92.8052606319928, 74.70318535033817], [96.53550733445287, 76.52290366664153], [99.35786534955619, 79.5648731690761], [100.92884287135331, 83.4086528562779], [101.16501881469262, 87.55801105115012], [100.15197758328824, 91.59119994407453], [98.03275084320023, 95.16976440180524], [94.96882936701135, 97.97965479992858]], {"i0": 0.0032270420015062342, "spread": 31.615392918406375, "falloff": 0.01}]], "disk": {"i0": 0.1594727084090773, "n": 1.0, "c": 2.0, "mu": [89.44800489849189, 87.77545857936593], "roll": 0.7803187727344665, "rEff": 52.69882757264234, "axRatio": 0.8460598305326775}, "bulge": {"i0": 0.3481829412397372, "n": 1.2450515933598048, "c": 2.0, "mu": [90.13927610811325, 87.87128420787833], "roll": 1.081289596015609, "rEff": 4.092685524233286, "axRatio": 0.5920848334164974}, "bar": null}