{"disk": {"I": 0.052232480599861054, "Re": 25.528239610984308, "c": 2.0, "mux": 99.05914530300538, "muy": 98.39521017812326, "n": 1.0, "q": 0.9882644212759083, "roll": 1.4376926264258125}, "bulge": {"I": 0.34157208589861976, "Re": 2.180663211378404, "c": 2.0, "mux": 99.63887153748999, "muy": 98.56502026112395, "n": 1.6072471957642376, "q": 0.9545310255873478, "roll": 2.2973515720940547}, "bar": null, "spiral": []}