{"spiral": [[[[30.001156619413123, 53.0203051940471], [29.96134813787219, 52.09809203703977], [29.99288165924751, 51.17555780868082], [30.095172797625008, 50.258166163625276], [30.266810604695745, 49.351180471818964], [30.5056569687263, 48.459524549846606], [30.808976872566795, 47.5876800901859], [31.173583073450224, 46.73962500079031], [31.595980012780423, 45.91881081314182], [32.07249523845885, 45.12817299840123], [32.599390988116646, 44.3701658637303], [33.1729527094369, 43.64681343807412], [33.789554507927825, 42.95976878074225], [34.44570360367199, 42.310375806464066], [35.13806694795255, 41.69972950268368], [35.86348344946782, 41.12873200263429], [36.61896506186278, 40.59814323194988], [37.4016895205212, 40.10862574508526], [38.208986949885556, 39.6607839553506], [39.03832199245592, 39.25519830698168], [39.8872725875632, 38.89245510765873], [40.7535060691974, 38.57317279233896], [41.634752854557895, 38.29802536580907], [42.52877764567396, 38.0677636996764], [43.4333477444376, 37.88323525452394], [44.346197766498406, 37.74540265782971], [45.26498970953269, 37.65536138983904], [46.18726696556206, 37.614356581272745], [47.11040044477548, 37.62379857546688], [48.03152449461119, 37.685276377507954], [48.94745975417499, 37.80056730885646], [49.85461953727497, 37.97163994226474], [50.74889590887177, 38.200645485414995], [51.625521628634736, 38.48988988573733], [52.478905166734364, 38.84177466595334], [53.302439230005106, 39.25868851038136], [54.08829068232135, 39.742823952335115], [54.82719452001295, 40.295885434762205], [55.508300554485004, 40.91865074403055], [56.119160846270105, 41.61035710194119], [56.645992420735794, 42.36792303393655], [57.07437639882015, 43.18510654048841], [57.39050475844527, 44.051836903998804], [57.582897341666936, 44.954077021676966], [57.64420341427213, 45.87453602773992], [57.57246423545655, 46.794250294918214], [57.37131267397204, 47.694603191034716], [57.04905383253754, 48.55910401340368], [56.61706970504915, 49.37441549090856], [56.08815801475524, 50.13053918437455]], {"i0": 0.2648925599951834, "spread": 0.5354897899471983, "falloff": 0.8203714835318204}], [[[62.02720757007545, 46.40427216158403], [61.985746454761994, 47.23800826180295], [61.868400192054594, 48.06449869192389], [61.67807866360858, 48.87730971023991], [61.418591405390394, 49.670771307198635], [61.09435918695891, 50.44007008908487], [60.71014303848618, 51.18125621200609], [60.270816400432324, 51.89118657952217], [59.781191277399444, 52.5674290918427], [59.24589793952709, 53.20814946528776], [58.66931103352398, 53.81199632013082], [58.05551230414831, 54.377994260834605], [57.40828011504995, 54.90544986009986], [56.73109733751127, 55.39387209987367], [56.0271710200646, 55.842906800040595], [55.29945905524197, 56.25228351905565], [54.550700587174056, 56.621773010477106], [53.78344809508563, 56.95115329865007], [53.000099970837866, 57.240182612973825], [52.20293304189194, 57.488577681492515], [51.39413493823423, 57.695996168823086], [50.575836519265614, 57.86202232212306], [49.75014480837763, 57.98615515409055], [48.9191770616916, 58.067798749055996], [48.0850967452844, 58.106254541089314], [47.25015232448614, 58.10071570265163], [46.41671988059428, 58.05026412742338], [45.58735065219567, 57.95387092734029], [44.76482461812409, 57.810401936841515], [43.95221113118893, 57.61863048054993], [43.15293727175796, 57.377260667295104], [42.37086382117549, 57.084965767764935], [41.610367291826016, 56.74044779631882], [40.87642386716042, 56.34252610515194], [40.17468691828396, 55.890264185650395], [39.5115434840655, 55.38314404304883], [38.89412669769666, 54.82129483266978], [38.33025171092671, 54.20577445977014], [37.82823572974785, 53.53888691146292], [37.396565114680655, 52.824493235359526], [37.04339337887622, 52.06824478223544], [36.77589961969877, 51.277646982212644], [36.599600709905985, 50.46187135040509], [36.51776508849206, 49.631287801790144], [36.531082258758964, 48.796778518683304], [36.63767932041107, 47.96897646725544], [36.83346786635846, 47.157597579498244], [37.11270854253531, 46.3709906312113], [37.46864297036567, 45.61594414131223], [37.89406697936752, 44.897713584363984]], {"i0": 0.06419857363672711, "spread": 0.9090811628438776, "falloff": 0.055425442285179795}]], "disk": {"i0": 0.24203697395962734, "n": 1.0, "c": 2.0, "mu": [47.09899602412799, 46.70599007794294], "roll": 0.36168864545962537, "rEff": 19.90687527859215, "axRatio": 0.5732418972093409}, "bulge": {"i0": 0.7540141723372397, "n": 0.7832830097155816, "c": 2.0, "mu": [48.12622066840543, 47.219847307702494], "roll": 3.122085205299513, "rEff": 2.9302799973441087, "axRatio": 0.8917079270176954}, "bar": null}