{"spiral": [[[[98.3775387011287, 58.463676737977956], [97.91001205509296, 60.61598196322393], [97.29802916398411, 62.73184463913962], [96.55807863413497, 64.80649003055797], [95.70343229945082, 66.83662846908561], [94.74478649122338, 68.8198143939917], [93.69077626643399, 70.75403144043773], [92.54837567353434, 72.63741358781157], [91.32320494377996, 74.46804583340271], [90.01976477052975, 76.24380816576355], [88.64161420601825, 77.9622382473893], [87.19150547267483, 79.62039427704362], [85.67148614831137, 81.21470168070546], [84.08297751044279, 82.74076621710121], [82.42683759903032, 84.19313187910028], [80.7034192391834, 85.5649533473817], [78.9126386934238, 86.84753779103801], [77.05408322511276, 88.02968529699328], [75.12721401708363, 89.0967141513574], [73.13178417066445, 90.0289852350897], [71.0687373358235, 90.79962551349722], [68.94219677666509, 91.37100113447747], [66.76396508602666, 91.68946039129115], [64.56368363840208, 91.67881922683051], [62.409905061788216, 91.23844640624259], [60.440277219013595, 90.2685036924133], [58.85493643501779, 88.75222518321316], [57.80524683169377, 86.82431633451922], [57.294324131219966, 84.6865708999413], [57.231615754605755, 82.4874604926579], [57.51875760279563, 80.30511922350135], [58.07995962229894, 78.17607939010351], [58.862005613769014, 76.11752692423417], [59.82819265932698, 74.13849905976821], [60.953155072200715, 72.24508919072171], [62.21936741221245, 70.44300898311049], [63.614921500863886, 68.7391035356907], [65.13213864870971, 67.14259424365278], [66.76670235294303, 65.66654074917744], [68.51706610269359, 64.33004252283607], [70.3838166149635, 63.16204792674412], [72.36819511356589, 62.20857886593145], [74.46698815103198, 61.547445597583206], [76.65256423784396, 61.31857839736291], [78.79542551263724, 61.76654370079362], [80.49408655215049, 63.12766705436611], [81.30568751111802, 65.1547764043731], [81.3156033419824, 67.34953878361786], [80.78964651119178, 69.48492485851408], [79.89675891086192, 71.49641964525993]], {"i0": 0.03027204441278044, "spread": 0.343636466762241, "falloff": 0.29087777384973257}], [[[55.00040850969062, 101.1518735248116], [52.687116444290346, 99.93608958770454], [50.72112794797016, 98.21579016240462], [49.22085415795626, 96.0766377687312], [48.22393893736391, 93.65996690632888], [47.69306518494406, 91.09875431143251], [47.55901447872544, 88.48550014320136], [47.75270135458452, 85.87532510162573], [48.21688464355291, 83.29904848711642], [48.90723455516579, 80.77369322252787], [49.79013171539912, 78.3088712122282], [50.84013061724586, 75.91034771533892], [52.03788236534179, 73.58200627475118], [53.36859515005079, 71.32696026733876], [54.82093163064796, 69.14822075456095], [56.38622701679361, 67.04914263214681], [58.057934716860274, 65.03377468390397], [59.83123144473915, 63.10719289453662], [61.702732267803036, 61.27587853848796], [63.67027641852663, 59.548203737360126], [65.73274549449543, 57.93510572928749], [67.88986215807265, 56.451072495808255], [70.14187534009164, 55.11564027374516], [72.48892968940275, 53.95574367066872], [74.92964222830724, 53.00949882336392], [77.4576982658067, 52.332338135699175], [80.05345025151503, 52.006472626922715], [82.66342644359611, 52.151915022654876], [85.15768885211108, 52.92125592649182], [87.28922342126538, 54.4205930070226], [88.78713359566102, 56.55352351067978], [89.57091976373832, 59.043746853122954], [89.74727535243626, 61.652011386183226], [89.45868970982312, 64.25219067264187], [88.81559613100417, 66.78905864615284], [87.89336752629332, 69.23883121842898], [86.74246986387533, 71.59016105570528], [85.39696610336803, 73.83598533514973], [83.88001084299023, 75.96984668454343], [82.20721521249492, 77.98390170561619], [80.38869916434633, 79.86740261606745], [78.43037008828173, 81.60497918238809], [76.3348131037603, 83.17409604116244], [74.1022362155188, 84.54071941281833], [71.73245779632718, 85.65127703619837], [69.2311177149054, 86.41684919702274], [66.63186578815048, 86.6824260176546], [64.07456122218585, 86.18808809592953], [61.968692162027295, 84.67626606083176], [60.809163213229674, 82.35265490205799]], {"i0": 0.012697396857592903, "spread": 0.8447295616810852, "falloff": 0.019158241546542793}]], "disk": {"i0": 0.2048396435055793, "n": 1.0, "c": 2.0, "mu": [72.84583961246301, 72.39858974036265], "roll": 0.8804265244426784, "rEff": 25.581660318937764, "axRatio": 0.3932440219821872}, "bulge": {"i0": 0.1614518912265069, "n": 1.5968044355900912, "c": 2.0, "mu": [72.83560261225784, 72.21859802151047], "roll": 0.7573698419232601, "rEff": 4.575415201227173, "axRatio": 0.5622704225285028}, "bar": {"i0": 0.19914595621042214, "n": 0.6114037481592074, "c": 1.905234594627951, "mu": [73.37793114920375, 71.85807315159751], "roll": 0.7012602969722471, "rEff": 5.660833492902464, "axRatio": 0.5434120813712815}}