{"spiral": [[[[51.037745951256866, 68.18799240042173], [50.276899268712384, 68.15044559724281], [49.51852880554246, 68.07852458316798], [48.764167728791655, 67.97251322843933], [48.01533178440802, 67.83271285371475], [47.27352429766903, 67.65944659334397], [46.54024005544097, 67.45306424954876], [45.81696806667368, 67.2139475540159], [45.105193186099186, 66.94251574865282], [44.40639657871388, 66.63923138774047], [43.72205500003811, 66.30460625043175], [43.05363887017067, 65.93920723628784], [42.40260912900352, 65.54366209886398], [41.77041287612002, 65.11866485483137], [41.158477822316385, 64.66498068969162], [40.5682056099332, 64.18345016930496], [40.000964095717165, 63.67499256004218], [39.458078731402665, 63.14060806199892], [38.940823221265205, 62.58137877168413], [38.450409679883876, 61.99846821379111], [37.98797855379301, 61.39311931698559], [37.55458860376895, 60.766650755774386], [37.15120726666103, 60.12045163771403], [36.778701723223804, 59.45597458007233], [36.43783098888596, 58.77472728837295], [36.12923931873585, 58.07826281571311], [35.85345117165851, 57.3681687434432], [35.61086792138291, 56.646055572529], [35.40176643007884, 55.91354465007516], [35.226299523599735, 55.17225597185878], [35.08449832971404, 54.423796199435415], [34.976276367426294, 53.66974720979049], [34.901435211961456, 52.91165545884453], [34.859671509657076, 52.15102239083681], [34.85058508377596, 51.38929606910163], [34.8736878520032, 50.62786414186373], [34.928413277122424, 49.86804819865157], [35.014126081449874, 49.11109951630721], [35.1301319799024, 48.358196146790426], [35.275687216886844, 47.61044126016265], [35.450007727895084, 46.86886262747688], [35.652277784310776, 46.1344131094343], [35.88165801690515, 45.407972006088556], [36.13729274864712, 44.69034712243406], [36.418316597632156, 43.982277405634136], [36.72386033822312, 43.284436021839916], [37.05305602956193, 42.597433749582144], [37.405041437871176, 41.92182258210741], [37.77896379136102, 41.25809944531039], [38.17398291514469, 40.60670995260729]], {"i0": 0.00653463872534744, "spread": 3.9418380008895557, "falloff": 0.01}]], "disk": {"i0": 0.27638899447018445, "n": 1.0, "c": 2.0, "mu": [54.76655934280165, 55.77988714340744], "roll": 0.29321111802301264, "rEff": 36.26964519348713, "axRatio": 0.8802791331360109}, "bulge": {"i0": 0.3100828915214071, "n": 1.5981680474154276, "c": 2.0, "mu": [56.43066406062928, 56.00000001161299], "roll": 0.06656815841687254, "rEff": 4.090619028265837, "axRatio": 0.7382388049257723}, "bar": null}