{"disk": {"mux": 117.13455373534211, "muy": 116.13334503564863, "roll": 2.917503285297317, "Re": 26.834234092993412, "q": 1.043779524088329, "I": 0.09411259485852394, "n": 1.0, "c": 2.0}, "bulge": {"mux": 116.82393534551545, "muy": 116.30833502424551, "roll": 0.5320218894450904, "Re": 3.2170995902133046, "q": 1.1939939479005917, "I": 0.19433947801271084, "n": 0.924286082035992, "c": 2.0}, "bar": null, "spiral": []}