{"spiral": [[[[124.77731345046973, 120.90064985179339], [124.8951644526847, 119.91842379983203], [125.0485272541355, 118.94110868999601], [125.23591789176152, 117.9697400789241], [125.45592170871058, 117.00523135417848], [125.70719009948398, 116.04838818373854], [125.98843729752053, 115.0999209913717], [126.29843724263924, 114.16045577439783], [126.63602055273303, 113.23054352133722], [127.0000716146736, 112.31066844072836], [127.38952580289734, 111.4012551753877], [127.80336682943997, 110.50267514691221], [128.24062422599096, 109.61525215130752], [128.70037095622524, 108.73926730731638], [129.18172115512522, 107.87496344317263], [129.68382799108605, 107.0225489943915], [130.205881645805, 106.18220147456884], [130.7471074066651, 105.3540705721165], [131.30676386617668, 104.53828091836114], [131.88414122292377, 103.73493456620588], [132.47855967852885, 102.94411321324219], [133.0893679253806, 102.1658801986452], [133.7159417198853, 101.40028229947055], [134.35768253637622, 100.64735134861067], [135.01401629685589, 99.90710569398512], [135.68439217218355, 99.17955151602725], [136.36828145033857, 98.46468401858063], [137.0651764678526, 97.76248850641545], [137.77458960048676, 97.07294136114392], [138.49605230971218, 96.39601092584975], [139.22911424149055, 95.7316583076886], [139.97334237435254, 95.07983810657015], [140.72832021365758, 94.44049907725595], [141.49364702941358, 93.81358473129957], [142.26893713490912, 93.19903388467137], [143.05381920382197, 92.59678115621048], [143.84793562346889, 92.0067574215604], [144.6509418819974, 91.42889022675902], [145.46250598776547, 90.86310416516278], [146.28230791861446, 90.30932122116201], [147.1100390996695, 89.76746108362114], [147.94540190781703, 89.23744143182138], [148.78810920133688, 88.71917819635901], [149.63788387328555, 88.21258579721633], [150.4944584272526, 87.71757736102373], [151.3575745741529, 87.23406491933821], [152.22698284906812, 86.76195958956923], [153.1024422467158, 86.30117174008096], [153.98371987482224, 85.85161114080016], [154.87059062408082, 85.41318710059103]], {"i0": 0.1616768692161697, "spread": 0.504843826184131, "falloff": 0.9860922424780145}], [[[147.31492424156502, 127.94997524075612], [148.0106537842468, 128.26055561004145], [148.6927460299602, 128.6000479151249], [149.36044601239368, 128.9670441308977], [150.01309290050995, 129.36019264321067], [150.6501097922671, 129.7781962994286], [151.27099477764034, 130.21981033400277], [151.87531309518587, 130.68384023637424], [152.46269023235664, 131.16913961007097], [153.03280584165432, 131.6746080578405], [153.58538836344763, 132.1991891172608], [154.1202102619528, 132.7418682632849], [154.63708379443318, 133.3016709884387], [155.1358572448869, 133.8776609668655], [155.6164115633342, 134.46893830537203], [156.07865735988926, 135.07463788213246], [156.52253220987268, 135.69392777209188], [156.94799823221348, 136.326007756961], [157.3550399084019, 136.97010791677604], [157.7436621137082, 137.62548729959624], [158.113888336024, 138.29143266545984], [158.46575906101336, 138.96725730076147], [158.7993303048126, 139.65229989884224], [159.11467227814293, 140.3459235030339], [159.41186816753023, 141.04751450815306], [159.69101302119748, 141.75648171674644], [159.9522127286901, 142.47225544649527], [160.1955830846818, 143.19428668550742], [160.4212489284056, 143.92204629209618], [160.62934335134423, 144.65502423623326], [160.8200069665466, 145.39272887978], [160.99338723374345, 146.1346862928783], [161.14963783508622, 146.88043960403846], [161.28891809696142, 147.6295483817834], [161.41139245370942, 148.38158804549414], [161.51722994971706, 149.13614930383895], [161.60660377652889, 149.8928376186599], [161.67969084214167, 150.65127269288573], [161.7366713698438, 151.41108798083243], [161.77772852426412, 152.17193021948341], [161.80304806252005, 152.93345897942632], [161.8128180085883, 153.69534623434845], [161.80722834913962, 154.45727594775383], [161.7864707493352, 155.21894367615403], [161.75073828713013, 155.98005618750366], [161.70022520484443, 156.7403310943016], [161.63512667679805, 157.49949650027887], [161.5556385919687, 158.25729066009862], [161.46195735068923, 159.01346165133782], [161.3542796744902, 159.76776705810104]], {"i0": 0.0, "spread": 0.49888657140674747, "falloff": 1.0000535366861074}]], "disk": {"i0": 0.17199401168193285, "n": 1.0, "c": 2.0, "mu": [136.75647486201242, 133.5484642231465], "roll": 0.8757146511065312, "rEff": 63.68398300720199, "axRatio": 0.7696502523968973}, "bulge": null, "bar": null}