{"disk": {"I": 6.990670969931612, "Re": 1.5268167006502533, "c": 2.0, "mux": 37.165416940611955, "muy": 37.58937070267324, "n": 1.0, "q": 0.07548224884843394, "roll": 3.0685284474029304}, "bulge": {"I": 9.536562071532018, "Re": 0.0, "c": 2.0, "mux": 37.214452571243925, "muy": 37.790628484794524, "n": 0.7302583276604185, "q": 0.01, "roll": 3.136373037853506}, "bar": {"I": 0.04190176481051456, "Re": 10.629652669699663, "c": 2.401001177172501, "mux": 37.05711364476426, "muy": 38.085937503323855, "n": 1.043825330566921, "q": 0.858315684292449, "roll": 3.1415926494674857}, "spiral": []}