{"disk": {"I": 0.05573110426924202, "Re": 10.514496833805344, "c": 2.0, "mux": 33.925880224478064, "muy": 33.24313463899959, "n": 1.0, "q": 0.6572036101788119, "roll": 3.006979218734525}, "bulge": {"I": 0.022953874843169512, "Re": 10.396296134048848, "c": 2.0, "mux": 34.27824813136321, "muy": 34.10215553354926, "n": 7.853264295734256, "q": 0.6517481630948238, "roll": 2.7990743479098805}, "bar": null, "spiral": []}