{"spiral": [[[[79.86581622385418, 67.25096686112066], [81.28299817748851, 67.25940311705759], [82.66459571720357, 67.57120658934524], [83.92732284753703, 68.21105807714423], [84.9807118650306, 69.15657368838565], [85.76566627469762, 70.3353157325708], [86.27404090953654, 71.65813481918539], [86.53276145665072, 73.0522589468345], [86.57967034282967, 74.46993661449068], [86.45014700795677, 75.8827963404283], [86.17316153243698, 77.27449184978181], [85.77137435278836, 78.63555075895555], [85.26232146271343, 79.96032541491307], [84.65962964890649, 81.24527429492628], [83.97399773493743, 82.48799572094751], [83.21393260656536, 83.68667444189815], [82.38628944839536, 84.83975483794752], [81.49666846750861, 85.94573971620646], [80.54970984738729, 87.00305924789163], [79.54931764523249, 88.00997893648261], [78.49883476450523, 88.9645286761428], [77.40118512226813, 89.86444224199056], [76.25899516690284, 90.70710072813937], [75.07470444064374, 91.48947598842739], [73.85067355214075, 92.20807191679145], [72.58929741916235, 92.8588629853994], [71.29313174717916, 93.43723129971549], [69.96504118303685, 93.93790602198231], [68.6083780369684, 94.35491292675219], [67.22720019203288, 94.6815477560595], [65.82653450764475, 94.91039557746362], [64.41268542162899, 95.03342968369792], [62.993574200708544, 95.04223634805531], [61.57906860852618, 94.92842121508251], [60.1812238675971, 94.68424877667577], [58.814310587580934, 94.30353146215927], [57.49447704041846, 93.78270303231108], [56.23892418749997, 93.12188655604783], [55.06460028339182, 92.3256511566429], [53.98663064703103, 91.40313998328045], [53.01687809797854, 90.36741627579336], [52.163038327391305, 89.23416318943245], [51.42847387898841, 88.02011266235745], [50.812707165959424, 86.74161923213116], [50.31230257608463, 85.41364631555678], [49.92184320193491, 84.04922645781622], [49.634797216559804, 82.65931154153878], [49.44418311377215, 81.25287667563212], [49.343026550971786, 79.83715384613896], [49.324643282387306, 78.4179086177011]], {"i0": 0.010498043174875186, "spread": 13.050820951271652, "falloff": 0.36776053390435137}], [[[65.69965699545926, 88.75928759437869], [64.69574912160206, 88.26260179747904], [63.772110342169604, 87.62915841642183], [62.94985102236226, 86.86875430453244], [62.24507240882051, 85.99828055468015], [61.66666644143154, 85.03905747215461], [61.216176531808536, 84.01338736563503], [60.889356266679115, 82.94174998324374], [60.678368441794085, 81.841318905136], [60.573743074930356, 80.7256481080847], [60.565734895801214, 79.60503887065231], [60.645101782661804, 78.48715890756084], [60.80346788705136, 77.37766725385023], [61.03343528837714, 76.28074373550162], [61.328562092997, 75.19950179607774], [61.683279375263595, 74.1362969630194], [62.09278704804482, 73.09295261013068], [62.552948939124725, 72.07092395433341], [63.06019620306531, 71.07141735104202], [63.61144231897671, 70.09547779408669], [64.20401001395348, 69.14405403794856], [64.83556914230675, 68.21804810408233], [65.50408405161072, 67.31835400926732], [66.20776886431985, 66.4458891934178], [66.94504917685542, 65.60162117946847], [67.71452879724448, 64.78659134666472], [68.51496027306172, 64.0019372574385], [69.34521804903345, 63.24891467802283], [70.20427314644337, 62.52892023936418], [71.09116824207766, 61.84351554834318], [72.00499195369815, 61.19445347192995], [72.94485098345602, 60.58370723408899], [73.9098385269182, 60.013502862204554], [74.89899699984619, 59.486355365525526], [75.91127265347603, 59.005108724343074], [76.94545902413421, 58.57297926477569], [78.0001254123337, 58.19360108162386], [79.07352576629553, 57.871070662665545], [80.1634826351501, 57.60998540741988], [81.2672406607691, 57.41546689573254], [82.38128517907195, 57.293154096393366], [83.50112533868582, 57.24914396211122], [84.6210498768728, 57.28984765523325], [85.73388017657373, 57.42172254035594], [86.83077133172014, 57.65083938137108], [87.9011452502533, 57.98226190865214], [88.93286732632714, 58.41926523659915], [89.91277243045704, 58.96250445440915], [90.82757402496111, 59.60934039619779], [91.66504628267613, 60.35357307212263]], {"i0": 0.06728843113742852, "spread": 58.80452972338006, "falloff": 0.3865466409292827}]], "disk": {"i0": 0.0, "n": 1.0, "c": 2.0, "mu": [75.31498293099231, 75.12755256576743], "roll": 0.6930598477528601, "rEff": 17.617917348573894, "axRatio": 0.6234475858890903}, "bulge": {"i0": 0.8454452727028173, "n": 7.5433467766800355, "c": 2.0, "mu": [75.43252489895167, 75.3148820144026], "roll": 2.145118568099327, "rEff": 3.258202472700894, "axRatio": 0.9487484967449242}, "bar": null}