{"spiral": [], "disk": {"i0": 0.14919320571237252, "n": 1.0, "c": 2.0, "mu": [114.15833116900235, 116.56172531764004], "roll": 1.5855152081316897, "rEff": 75.71998193555548, "axRatio": 0.7937846978407397}, "bulge": {"i0": 0.1870058417876864, "n": 1.0030043136045843, "c": 2.0, "mu": [114.23961021121566, 115.18318203223731], "roll": 0.13345877537117337, "rEff": 11.05396300856015, "axRatio": 0.3847169030344154}, "bar": null}