{"spiral": [[[[49.069871217616985, 31.39465009492305], [49.39732377318322, 31.8072971682828], [49.71770322957681, 32.22545953806511], [50.030903385044084, 32.64902581489693], [50.33681081060805, 33.077888640988824], [50.635304124163035, 33.5119443396598], [50.92625320727136, 33.95109255123854], [51.209518354335046, 34.39523585077647], [51.484949342888015, 34.84427934188792], [51.75238441206834, 35.29813021997342], [52.011649134425554, 35.7566972966862], [52.26255516396663, 36.219890475765226], [52.5048988406709, 36.687620168201946], [52.73845962850464, 37.15979663201618], [52.96299835969319, 37.63632921848198], [53.17825525424296, 38.117125502376176], [53.383947676976724, 38.60209026826701], [53.579767588601996, 39.09112431788775], [53.765378638262895, 39.584123054421504], [53.9404128365503, 40.080974787981084], [54.10446673502134, 40.58155869100717], [54.25709702525461, 41.08574231236531], [54.3978154532931, 41.59337853222454], [54.52608292712933, 42.10430180501446], [54.64130267066691, 42.61832349014532], [54.74281225475715, 43.1352260079805], [54.82987430695869, 43.65475547268882], [54.901665677333355, 44.17661233917413], [54.95726481543165, 44.70043944382327], [54.99563711011481, 45.22580660639696], [55.01561797029987, 45.75219066910911], [55.015893521676134, 46.27894945802074], [54.99497901373601, 46.805287627696785], [54.95119548311985, 47.33021167078485], [54.88264607987399, 47.85247053483012], [54.78719503370374, 48.37047735504271], [54.66245500111478, 48.88220702884462], [54.505793191999445, 49.385064356153066], [54.31437408337773, 49.87571969142243], [54.08526720546215, 50.349916380411926], [53.81566108343983, 50.802271604735225], [53.5032322063855, 51.22612585674093], [53.146703368639656, 51.613547880509074], [52.74655945066826, 51.95565305056791], [52.305751006056, 52.24338362849061], [51.8300581620173, 52.468741050341784], [51.327775563133976, 52.62615010482234], [50.808663688271466, 52.71339336646612], [50.28254920431821, 52.73168843101879], [49.758146360576035, 52.684955803127394]], {"i0": 0.15866116246578038, "spread": 0.011443941341261235, "falloff": 0.0911899223940989}], [[[46.039309333080105, 56.98468414369436], [45.60190747704409, 56.69021580191737], [45.176165265283046, 56.37912317699803], [44.76218210070324, 56.0525415337462], [44.3600339062815, 55.711489297628574], [43.96978407354765, 55.35688150649919], [43.591492087414025, 54.98954200108036], [43.22522040513203, 54.610214361466916], [42.87104004474047, 54.21957166574564], [42.52903524157749, 53.81822518254032], [42.199307456728526, 53.40673212515359], [41.881978964882265, 52.985602599587764], [41.577196207447294, 52.55530587775446], [41.285133067064095, 52.11627612407117], [41.00599419977333, 51.66891770068998], [40.740018548984935, 51.21361017597554], [40.48748316001876, 50.750713163387644], [40.24870741443309, 50.28057112510311], [40.02405780903964, 49.80351828794668], [39.81395341503726, 49.319883840268986], [39.6188721677417, 48.82999760970233], [39.4393581564553, 48.33419646647453], [39.27603010613455, 47.83283175961186], [39.12959126647018, 47.326278180275416], [39.00084094558293, 46.8149445661959], [38.890687936673835, 46.299287324444585], [38.800166078476835, 45.779827373846736], [38.73045213437039, 45.25717181034003], [38.682886034688615, 44.73204190315854], [38.658993227210914, 44.20530955849589], [38.66050830174731, 43.678045054441824], [38.689397981566835, 43.15157962148851], [38.74787968795725, 42.627587199645205], [38.83842867314354, 42.10819007793136], [38.96376153393555, 41.59609228455072], [39.126776167239434, 41.0947408395709], [39.33041811375192, 40.60850520664524], [39.57743368600594, 40.14284497837884], [39.869970396262985, 39.70440120707586], [40.2090135504864, 39.30090233038281], [40.59372707274746, 38.940748859824154], [41.02089407673873, 38.63219087802684], [41.48475233495234, 38.38219139952404], [41.977450520041124, 38.19531882674878], [42.49006167100981, 38.073119416473176], [43.01377606432565, 38.0142161553068], [43.540837411780636, 38.0150010672182], [44.065006974529034, 38.07055446792807], [44.58160506832976, 38.17546448657864], [45.08730404280598, 38.32439786474952]], {"i0": 0.023525243984026323, "spread": 0.7316546717789405, "falloff": 0.01}]], "disk": {"i0": 0.1256889606501811, "n": 1.0, "c": 2.0, "mu": [46.420665579787034, 46.669208836278116], "roll": 1.9912291533196171, "rEff": 14.87722258699141, "axRatio": 0.3484748563937763}, "bulge": {"i0": 1.241883381947021, "n": 1.8122755757114835, "c": 2.0, "mu": [46.46003321179156, 46.40223526084581], "roll": 1.588001284033515, "rEff": 2.2630185088953256, "axRatio": 0.8583140532439302}, "bar": null}