{"spiral": [[[[60.52545410467268, 89.78991534627252], [61.35265965972473, 88.66941389974576], [62.21973686745524, 87.57947419693903], [63.12565370212016, 86.52159662630062], [64.06932770572163, 85.497258621458], [65.04962774717137, 84.50791572677277], [66.06537541650252, 83.55500303773645], [67.11534599964, 82.63993698781998], [68.19826898085385, 81.76411745136622], [69.31282802022976, 80.92893013009578], [70.45766035273789, 80.13574918889375], [71.63135555358267, 79.38594010457241], [72.83245361208698, 78.68086268902414], [74.05944225147502, 78.02187424495555], [75.31075342550594, 77.41033280840922], [76.58475891805578, 76.84760042649734], [77.87976495900013, 76.33504641114459], [79.19400576242234, 75.87405049914618], [80.5256358793211, 75.46600583493122], [81.87272124327441, 75.11232167417], [83.23322877315705, 74.81442568226359], [84.60501438058154, 74.57376567079662], [85.9858092150431, 74.39181057489678], [87.37320396488293, 74.27005042356123], [88.7646310211221, 74.20999499036482], [90.15734430715025, 74.21317073052346], [91.54839658380237, 74.28111550891012], [92.93461406096903, 74.41537049854935], [94.31256819846048, 74.61746847661264], [95.67854466380994, 74.88891756250631], [97.02850956039156, 75.23117922944203], [98.35807325753491, 75.64563917950004], [99.66245248446668, 76.13356941365285], [100.93643181461367, 76.6960795713931], [102.17432632004204, 77.3340554022859], [103.36994803745257, 78.0480821225015], [104.51658000139872, 78.83835050857682], [105.60696294745662, 79.70454402410599], [106.63330130941293, 80.64570625097444], [107.58729665533552, 81.66008961970371], [108.4602178999084, 82.74498909613362], [109.24301798796373, 83.89656819468777], [109.92650556148384, 85.10968929506787], [110.50157664253439, 86.3777651880085], [110.95950501161619, 87.69265296495148], [111.29228076900189, 89.04461314268983], [111.4929756366148, 90.42235445376403], [111.55610328431744, 91.81317671031537], [111.47793669285441, 93.20321069835748], [111.25674550784227, 94.57773741371612]], {"i0": 0.029851999887782445, "spread": 7.922968656156232, "falloff": 0.01}], [[[109.73282551253065, 131.45127863900947], [108.8447641039501, 131.20351479474442], [107.9613263678055, 130.93974050242838], [107.08289926003162, 130.65973336618444], [106.2098894722577, 130.36326903225236], [105.34272466388143, 130.05012156883103], [104.4818547750723, 129.72006391726634], [103.62775342528244, 129.37286842487168], [102.78091940121307, 129.00830747108563], [101.94187823826535, 128.62615420020737], [101.11118389946603, 128.22618337575207], [100.28942055396837, 127.8081723733242], [99.4772044589957, 127.37190233130849], [98.67518594484062, 126.91715948080329], [97.88405150436836, 126.44373667927289], [97.10452598403583, 125.9514351749872], [96.33737487276886, 125.44006663273693], [95.58340668164257, 124.9094554547298], [94.8434754030426, 124.35944143399136], [94.11848303503652, 123.7898827819694], [93.40938214882546, 123.20065957512453], [92.71717847280969, 122.5916776701083], [92.04293345673392, 121.96287314009132], [91.3877667706316, 121.31421728849062], [90.75285868149517, 120.64572229884769], [90.13945223753316, 119.95744758144515], [89.54885517372871, 119.2495068768043], [88.98244143559755, 118.5220761746243], [88.44165219841429, 117.77540250197205], [87.92799623733298, 117.00981362546113], [87.4430494824417, 116.22572870062555], [86.98845356871041, 115.42366988234575], [86.56591316908666, 114.60427488623223], [86.17719187933623, 113.76831046019163], [85.82410640715521, 112.91668668520683], [85.50851881065194, 112.05047197966167], [85.23232653308891, 111.17090862794265], [84.99744999721172, 110.27942859780232], [84.80581755592999, 109.37766935317482], [84.65934765018797, 108.46748931521294], [84.55992810118718, 107.55098258418836], [84.50939256247507, 106.63049251379738], [84.50949427456719, 105.70862374241544], [84.56187739300167, 104.78825234330702], [84.66804628780292, 103.87253387026436], [84.8293333196035, 102.96490925904678], [85.04686566093413, 102.0691088068018], [85.32153172145767, 101.1891547963329], [85.65394761753466, 100.32936376356754], [86.04442385993477, 99.49434992474701]], {"i0": 0.03788348819258232, "spread": 17.171193421048205, "falloff": 0.01}]], "disk": {"i0": 0.10506239445126396, "n": 1.0, "c": 2.0, "mu": [98.19115243975287, 97.91238136512617], "roll": 2.3253896693791742, "rEff": 38.72402923891372, "axRatio": 0.5317726012232861}, "bulge": {"i0": 0.08802264871907976, "n": 3.8427723522291983, "c": 2.0, "mu": [96.46838852321625, 96.80238515345629], "roll": 0.3619328028099206, "rEff": 8.41529693098305, "axRatio": 0.09596111225799439}, "bar": {"i0": 0.0, "n": 0.24834127868437486, "c": 2.0478171739206186, "mu": [97.52927202481057, 97.32042958686259], "roll": 0.1106572496070171, "rEff": 5.282992582123561, "axRatio": 0.45007604700312887}}