{"disk": {"I": 0.13737321960180987, "Re": 16.788694292444962, "c": 2.0, "mux": 63.1769156053878, "muy": 62.171886772108486, "n": 1.0, "q": 0.8929975933778637, "roll": 3.1075400112214573}, "bulge": {"I": 0.8762318536368187, "Re": 1.3036436834743557, "c": 2.0, "mux": 63.00948489123957, "muy": 63.32372284283765, "n": 0.2, "q": 0.5458503262854207, "roll": 3.0100598092565956}, "bar": null, "spiral": []}