{"spiral": [], "disk": {"i0": 0.1801201885656105, "n": 1.0, "c": 2.0, "mu": [40.97920718089561, 39.67949655154055], "roll": 2.220452813518178, "rEff": 30.164637339277345, "axRatio": 0.7832394426066271}, "bulge": {"i0": 0.0, "n": 1.1866033774719154, "c": 2.0, "mu": [41.2124344940508, 40.18395247673155], "roll": 1.9858462915928288, "rEff": 5.475773481442264, "axRatio": 0.45304277351389055}, "bar": {"i0": 0.6500354877603765, "n": 0.751869084554441, "c": 1.8638017424097928, "mu": [41.07522332775969, 40.19791993592479], "roll": 3.132512594756943, "rEff": 2.4234747781251813, "axRatio": 0.32022932170559787}}