{"spiral": [[[[113.2872215880034, 116.15196785531643], [113.41765539953552, 115.52444822482134], [113.58085964052536, 114.9046426056009], [113.77629688268358, 114.29423355896053], [114.00342051581887, 113.69489255486157], [114.26166387456671, 113.1082882306435], [114.55042861397688, 112.53609217095573], [114.8690724619414, 111.97998216211366], [115.21689652021479, 111.44164282094681], [115.59313234808428, 110.92276346585628], [115.9969291412992, 110.42503309091894], [116.42734140792923, 109.95013232808667], [116.88331763499495, 109.49972234307683], [117.36369052457903, 109.07543071121528], [117.86716944222766, 108.67883446100512], [118.39233574811517, 108.31144065121025], [118.9376416568201, 107.97466505070513], [119.50141318258875, 107.66980970232521], [120.08185756269695, 107.39804034432795], [120.67707532003085, 107.16036481175371], [121.28507683423335, 106.95761360913416], [121.90380297114497, 106.79042381796395], [122.53114900505159, 106.659227361808], [123.16499079943813, 106.56424440454407], [123.80321202662034, 106.50548232547573], [124.44373113144334, 106.48274033468003], [125.08452678933445, 106.49561941060303], [125.72366076592564, 106.54353690284321], [126.35929732948414, 106.62574488497444], [126.98971866329578, 106.74135118630161], [127.61333603289299, 106.88934198477465], [128.22869674867673, 107.06860489340603], [128.8344872021923, 107.27795159925383], [129.42953242530618, 107.5161392913715], [130.01279273119496, 107.78189031064908], [130.58335803687478, 108.07390965278876], [131.14044046246713, 108.39090013266996], [131.68336575793705, 108.73157516762967], [132.21156403950042, 109.09466925213036], [132.72456024006638, 109.47894627833061], [133.22196459445175, 109.88320590854207], [133.70346340431016, 110.30628823296585], [134.16881025672066, 110.74707695294869], [134.617817812974, 111.20450132427122], [135.05035023535737, 111.67753707908102], [135.46631628209965, 112.16520652384827], [135.86566307231666, 112.66657798688256], [136.2483705032771, 113.18076476615309], [136.61444628649417, 113.70692370234327], [136.96392156261854, 114.24425348364548]], {"i0": 0.07033087658494265, "spread": 0.472470325554178, "falloff": 1.0496590650678104}], [[[130.2494796322433, 122.35472176431844], [130.38536090893797, 122.85736368100758], [130.5024301959261, 123.3647188096414], [130.6010540265079, 123.87598135954727], [130.68158575077962, 124.39040542524207], [130.7443651872437, 124.90729756157975], [130.78971865998474, 125.42601031346611], [130.8179593154901, 125.94593657324229], [130.829387639884, 126.46650465523636], [130.8242921175092, 126.98717399181093], [130.8029499869275, 127.5074313686562], [130.76562806182292, 128.02678762878574], [130.7125835928392, 128.54477478494374], [130.6440651527776, 129.06094348900476], [130.56031353234457, 129.5748608145665], [130.46156263720974, 130.08610831539738], [130.34804037969712, 130.59428032804735], [130.21996956033922, 131.09898249164252], [130.0775687358671, 131.59983046193366], [129.92105307112035, 132.09644880013707], [129.75063517299918, 132.58847001995676], [129.566525904899, 133.07553377876914], [129.3689351802932, 133.5572862008838], [129.1580727341242, 134.03337932267212], [128.934148870615, 134.50347065072185], [128.6973751859476, 134.9672228253991], [128.4479652640497, 135.42430338315413], [128.18613534348054, 135.87438461166096], [127.91210495315897, 136.31714349247497], [127.62609751435579, 136.7522617262361], [127.32834090619298, 137.17942583581015], [127.01906799154018, 137.59832734275162], [126.69851710010992, 138.00866301260325], [126.36693246529741, 138.41013516434714], [126.02456461124999, 138.80245203916593], [125.67167068661449, 139.1853282234004], [125.30851474143955, 139.5584851202354], [124.9353679438441, 139.92165146427556], [124.55250873328436, 140.27456387275927], [124.16022290753416, 140.6169674267049], [123.75880364095494, 140.94861627491886], [123.34855143215141, 141.26927425344297], [122.92977397956457, 141.57871551247317], [122.50278598452722, 141.87672514291344], [122.06790888174832, 142.1630997940904], [121.625470498271, 142.43764827443263], [121.17580464271767, 142.7001921268313], [120.71925062752946, 142.95056617053416], [120.25615272784394, 143.18861900178686], [119.78685958153707, 143.4142134458865]], {"i0": 0.0, "spread": 0.49910253380698844, "falloff": 1.0000146678929709}]], "disk": {"i0": 0.20310740976028782, "n": 1.0, "c": 2.0, "mu": [121.36168384748422, 121.20288094818997], "roll": 0.9780746732642571, "rEff": 55.43745893252442, "axRatio": 0.8813628438879397}, "bulge": {"i0": 0.14083978556439766, "n": 0.8721848403403408, "c": 2.0, "mu": [122.82298167960897, 120.41361366771068], "roll": 0.8814784486977213, "rEff": 5.674139302085199, "axRatio": 0.9976987915795351}, "bar": null}