{"spiral": [[[[98.37753868149301, 58.46367674862865], [97.91001203599575, 60.61598197453603], [97.29802914516253, 62.731844651085765], [96.55807861538226, 64.80649004309439], [95.70343228060132, 66.83662848215965], [94.74478647214191, 68.81981440754578], [93.69077624700788, 70.75403145441125], [92.54837565366758, 72.63741360214155], [91.32320492338869, 74.46804584802344], [90.01976474953884, 76.24380818060571], [88.64161418435887, 77.96223826237907], [87.19150545028236, 79.62039429210083], [85.67148612512351, 81.21470169574124], [84.08297748639842, 82.74076623201518], [82.42683757406849, 84.19313189377668], [80.70341921324223, 85.56495336168373], [78.91263866644022, 86.84753780479991], [77.05408319702342, 88.02968531000913], [75.12721398782719, 89.09671416336434], [73.13178414018837, 90.02898524574181], [71.06873730410028, 90.79962552232561], [68.94219674372967, 91.37100114082784], [66.76396505206485, 91.68946039423405], [64.56368360395005, 91.67881922506639], [62.409905028119844, 91.23844639816055], [60.440277188519616, 90.2685036767719], [58.85493641050568, 88.75222516055659], [57.80524681441177, 86.82431630728148], [57.29432412049221, 84.68657087055416], [57.23161574913493, 82.48746046256673], [57.518757601456876, 80.30511919340454], [58.07995962427798, 78.17607936032319], [58.86200561850105, 76.1175268949252], [59.828192666420065, 74.13849903101577], [60.95315508138024, 72.24508916258674], [62.219367423284105, 70.44300895565183], [63.61492151368997, 68.73910350897869], [65.1321386631935, 67.14259421777986], [66.76670236901765, 65.66654072427045], [68.51706612031266, 64.33004249907384], [70.38381663408927, 63.162047904387215], [72.36819513414484, 62.208578845375584], [74.46698817292676, 61.54744557945784], [76.6525642606136, 61.31857838268358], [78.79542553491645, 61.766543690846355], [80.49408657160274, 63.127667048841126], [81.30568752767891, 65.15477640067901], [81.31560335720623, 67.34953878049873], [80.78964652603119, 69.48492485586208], [79.8967589257852, 71.49641964323517]], {"i0": 0.014447049829226526, "spread": 0.5474563803040017, "falloff": 0.01}], [[[55.000408580095154, 101.15187340953914], [52.6871165083301, 99.93608947687984], [50.721128006740656, 98.21579005222391], [49.220854214207655, 96.07663765598515], [48.22393899427116, 93.65996678944722], [47.69306524498057, 91.09875419023028], [47.55901454344624, 88.4855000181463], [47.752701424877344, 85.87532497336095], [48.2168847199137, 83.29904835627116], [48.90723463788127, 80.77369308967059], [49.79013180465089, 78.30887107787025], [50.84013071316757, 75.91034757995243], [52.03788246805015, 73.58200613878843], [53.36859525966321, 71.32696013125046], [54.820931747292725, 69.14822061881378], [56.38622714061659, 67.04914249724116], [58.05793484802956, 65.03377455039362], [59.831231583448684, 63.107192763052346], [61.702732414275445, 61.275878409767884], [63.67027657301469, 59.548203612290905], [65.73274565728101, 57.935105608962694], [67.88986232945922, 56.45107238161486], [70.14187552038247, 55.1156401674951], [72.48892987884417, 53.9557435748068], [74.92964242694853, 53.00949874130187], [77.45769847315192, 52.33233807234983], [80.05345046565519, 52.00647258946803], [82.66342665915856, 52.15191502113855], [85.1576890566722, 52.92125597185676], [87.28922359516687, 54.42059310194319], [88.7871337251631, 56.55352364145879], [89.57091985096456, 59.04374700130421], [89.74727540651885, 61.65201154040541], [89.45868973891271, 64.25219082781807], [88.81559614079087, 66.78905880021424], [87.89336752056614, 69.23883137054196], [86.74246984517846, 71.59016120551401], [85.39696607344949, 73.83598548246326], [83.88001080308061, 75.96984682920015], [82.20721516348051, 77.98390184741858], [80.3886991068813, 79.86740275474268], [78.43037002286555, 81.6049793175544], [76.33481303080133, 83.17409617229039], [74.10223613540245, 84.54071953917827], [71.73245770951878, 85.6512771567903], [69.23111762215258, 86.41684931051601], [66.63186569089608, 86.68242612254107], [64.0745611229466, 86.18808819181943], [61.9686920618527, 84.67626615135602], [60.809163107795776, 82.35265499091423]], {"i0": 0.013384524103354615, "spread": 0.7817712160580772, "falloff": 0.01}]], "disk": {"i0": 0.2161672546871627, "n": 1.0, "c": 2.0, "mu": [72.84584018783382, 72.39858762322675], "roll": 0.880426402580577, "rEff": 25.48939607034093, "axRatio": 0.4137163304569586}, "bulge": {"i0": 0.21710625368467174, "n": 1.8048951035289145, "c": 2.0, "mu": [72.83560235187673, 72.21859839960264], "roll": 0.7573698820100327, "rEff": 4.580021339784336, "axRatio": 0.5060499759134022}, "bar": {"i0": 0.1378228764449519, "n": 0.5731617136322167, "c": 1.8796193566550743, "mu": [73.3779312263869, 71.85807413720431], "roll": 0.7012599507154773, "rEff": 5.664937868099492, "axRatio": 0.45017017572231594}}