{"spiral": [[[[43.83527683847492, 29.187757339589645], [44.25092141169795, 29.385954690114996], [44.66086491607054, 29.59568655616278], [45.06443420651234, 29.817432401399422], [45.46085877055667, 30.05170763044282], [45.8492528725322, 30.29906335302617], [46.22859423027023, 30.560084366218895], [46.59769871046707, 30.835384359185447], [46.95519061707454, 31.125596898855928], [47.29946843564367, 31.4313601415046], [47.62866649845718, 31.753292420080317], [47.94061420506255, 32.09195490191158], [48.232796476552885, 32.44779654194779], [48.50232244819473, 32.82107596609483], [48.74591429202808, 33.21175553291283], [48.95993429865462, 33.61936609931497], [49.140474322563705, 34.04284895127683], [49.28353332640829, 34.48039558078128], [49.38529908641823, 34.929325264475374], [49.44252213277964, 35.38605697123946], [49.45292476537199, 35.84623060963431], [49.415544206882025, 36.304998162228856], [49.330900038008174, 36.75744170016489], [49.20092397793951, 37.199015744165244], [49.02867594550404, 37.62589783396817], [48.817941999039085, 38.03517453140178], [48.57282741663716, 38.424858623449396], [48.297425858675, 38.79378435847443], [47.99559607061022, 39.14144275339083], [47.670839368341284, 39.46780727690532], [47.32625321356775, 39.77317932772074], [46.964533810654736, 40.05806501137408], [46.58800581465824, 40.32308365414635], [46.19866413195609, 40.56890337978896], [45.798218700947835, 40.79619766779422], [45.388137331712976, 41.00561722342994], [44.96968433253051, 41.19777255262732], [44.54395418980288, 41.37322376798449], [44.11190037832753, 41.532475120992466], [43.67435976621199, 41.67597250628771], [43.23207322105342, 41.80410273092444], [42.78570304401647, 41.917193726765895], [42.33584782054004, 42.01551514754481], [41.88305521757944, 42.09927896757767], [41.42783319753961, 42.168639812322695], [40.97066006829311, 42.223694820161846], [40.51199375212836, 42.2644828724416], [40.052280637318674, 42.29098304320923], [39.591964377022656, 42.30311211598175], [39.131495025531265, 42.30072099466674]], {"i0": 0.035340153395892145, "spread": 3.2669147771776053, "falloff": 0.14445678345819046}], [[[29.741272459139125, 46.3744453855797], [29.406718357397153, 46.14138414274409], [29.07890922397747, 45.89893022719543], [28.758539194677, 45.646731305209876], [28.446392697774492, 45.38442598849747], [28.143357600125047, 45.111649165294864], [27.850439821791465, 44.8280398952508], [27.56877918155917, 44.533252755022346], [27.29966592459905, 44.226973745531375], [27.044556879427446, 43.908942088692946], [26.80508945592527, 43.578979390468234], [26.583090645756762, 43.23702759948101], [26.38057684400143, 42.8831967508424], [26.19973878153896, 42.51782235546462], [26.04290452590359, 42.14153013691328], [25.912473129773055, 41.75530238772828], [25.810813255992024, 41.3605356992238], [25.740126285854164, 40.95907525514939], [25.70228261503938, 40.55320851403886], [25.69865161697424, 40.14560392250777], [25.72995580636054, 39.73919032795753], [25.796181959728315, 39.33698862992053], [25.896572240478022, 38.941922996363786], [26.0296986520745, 38.556646802889155], [26.193602663420997, 38.18341379929067], [26.385968158855107, 37.82401030817602], [26.604294499722112, 37.479747061322875], [26.846045084890306, 37.151496843074824], [27.10875921267024, 36.83975939119448], [27.39012584486272, 36.54473664701979], [27.688024556181308, 36.26640626983499], [28.000541622174666, 36.0045865384579], [28.325969160795967, 35.758989877764655], [28.66279387999739, 35.52926488646115], [29.009680264488207, 35.315028126443984], [29.36545146733662, 35.115887464035495], [29.729069943946556, 34.93145879084018], [30.099618989570768, 34.76137775304922], [30.47628575726199, 34.6053078374841], [30.85834596520784, 34.462945882056005], [31.245150283164847, 34.334025833803715], [31.636112264992917, 34.21832138045137], [32.030697630954656, 34.11564793066433], [32.4284146739949, 34.02586430811046], [32.82880555183503, 33.94887444826588], [33.23143822022802, 33.88462933870175], [33.63589875412804, 33.83312941882328], [34.041783786444874, 33.79442765071336], [34.44869276237705, 33.76863348807908], [34.856219653363276, 33.75591800620811]], {"i0": 0.06720237126873924, "spread": 2.497298418220963, "falloff": 0.3181748945137611}]], "disk": {"i0": 0.1146753293131929, "n": 1.0, "c": 2.0, "mu": [37.07755303058783, 37.51382708380866], "roll": 0.00755212279070788, "rEff": 11.85576251610697, "axRatio": 0.33463409095993984}, "bulge": {"i0": 0.4550999309868603, "n": 1.3934477610087619, "c": 2.0, "mu": [37.43313354697684, 37.66268059572063], "roll": 1.8040439620841, "rEff": 2.6355329338020983, "axRatio": 0.5988133877408669}, "bar": {"i0": 0.7528128364144089, "n": 0.22001106989473798, "c": 1.8453627428626238, "mu": [37.480460789837565, 37.544254845236], "roll": 1.9133770547953606, "rEff": 2.4621425832463895, "axRatio": 0.29938729102548384}}