{"disk": {"mux": 149.51054959843609, "muy": 145.51491763526323, "roll": 2.1535758059616006, "Re": 32.57066295360187, "q": 2.0716718248727632, "I": 0.005127635837652103, "n": 1.0, "c": 2.0}, "bulge": {"mux": 148.82347361313157, "muy": 145.21367894038556, "roll": 1.9103644374544433, "Re": 1.9332874476501507, "q": 0.8503908833928003, "I": 0.0, "n": 1.7911935408986626, "c": 2.0}, "bar": {"mux": 148.3682038713902, "muy": 145.6368069641248, "roll": 3.1414578663646355, "Re": 8.438485248791237, "q": 0.7715651588401315, "I": 0.03251814879141869, "n": 4.7268686494018946, "c": 2.6654866286172796}, "spiral": []}