{"spiral": [[[[60.12948945636537, 55.74373111635138], [60.963350012376985, 55.738385235482454], [61.79713514405199, 55.75082196546645], [62.630468546353505, 55.780953524177505], [63.46297620749675, 55.8287390578574], [64.2942818837725, 55.89418496598028], [65.12400246371196, 55.97734575425587], [65.95174308919056, 56.07832545008774], [66.7770918854782, 56.1972796303741], [67.599614128788, 56.33441812506245], [68.41884564767756, 56.49000847537116], [69.23428520560259, 56.66438025097087], [70.04538555006812, 56.85793034901607], [70.85154272432418, 57.07112942882343], [71.65208311641324, 57.3045296667944], [72.44624755467892, 57.55877404890353], [73.23317152733465, 57.83460745246987], [74.01186028230724, 58.13288979499758], [74.7811571072403, 58.45461153729251], [75.53970245544993, 58.8009117824775], [76.2858806620483, 59.17309908112297], [77.01774970477899, 59.57267470577464], [77.73294761642994, 60.00135742617492], [78.42856658465307, 60.46110730543028], [79.10098231035882, 60.95414303464294], [79.74562193366457, 61.4829414598718], [80.35664970788775, 62.05019673308837], [80.92654914479222, 62.65869563311634], [81.44559364008727, 63.3110288899087], [81.901249849137, 64.00900139486338], [82.27770118527471, 64.75254207552656], [82.55598185349257, 65.53793429581938], [82.71563389438131, 66.35553165417056], [82.73881715647387, 67.18807947920676], [82.61628339396324, 68.0118175625281], [82.35174501326243, 68.80155835388891], [81.96084309368901, 69.53718239067842], [81.46545345789795, 70.2071498203245], [80.8877259747767, 70.80779900862308], [80.24672115675227, 71.34060000015941], [79.55751816266967, 71.80955459436525], [78.83159275855014, 72.21950642746981], [78.07757033889791, 72.57525192335851], [77.30195061539352, 72.88114863339925], [76.50968632667286, 73.14098468504316], [75.70461310373217, 73.35797005449314], [74.889760179711, 73.53477727860097], [74.06757387282757, 73.67359675608124], [73.24007968567584, 73.77619096063647], [72.40900206145973, 73.84394112557874]], {"i0": 0.019909161067694234, "spread": 28.789203017479725, "falloff": 0.14053653083104767}]], "disk": {"i0": 0.27326027260057323, "n": 1.0, "c": 2.0, "mu": [67.49412621358825, 67.46113579427566], "roll": 1.430674919231938, "rEff": 19.463295636609462, "axRatio": 0.36867501893301996}, "bulge": {"i0": 1.7938196936992328, "n": 0.25940087804908357, "c": 2.0, "mu": [67.41319770361306, 66.78834848222512], "roll": 1.4844944882092626, "rEff": 2.7668100467850745, "axRatio": 0.9351012508755514}, "bar": null}