{"disk": {"I": 0.05235720535378716, "Re": 25.439570300254815, "c": 2.0, "mux": 99.0383421109971, "muy": 99.36004306582443, "n": 1.0, "q": 0.9901013302723936, "roll": 1.5799222330917695}, "bulge": {"I": 0.3736619296301651, "Re": 1.9689672232485316, "c": 2.0, "mux": 99.07805693239409, "muy": 98.92423818852383, "n": 2.0268609999595135, "q": 0.991662282247823, "roll": 2.2964133836400973}, "bar": null, "spiral": []}