{"spiral": [[[[22.623193746742942, 28.55269485765323], [22.981702337596076, 28.328799101871237], [23.35169326368645, 28.12443331032959], [23.731968728637618, 27.9399053531969], [24.121305997832106, 27.775350983066424], [24.51848662706522, 27.63074430291426], [24.922321930483243, 27.505913830597535], [25.331673608155796, 27.40056230263854], [25.74546910249988, 27.314288366161733], [26.162711806290762, 27.24660852719735], [26.582486640938377, 27.196978079887636], [27.003961756775933, 27.164810134860605], [27.426387191497646, 27.1494922381812], [27.84909130246732, 27.150400379571803], [28.27147569774397, 27.166910418444715], [28.693009268117994, 27.19840710843235], [29.11322179183272, 27.24429098843757], [29.53169746026437, 27.303983445222478], [29.94806856879466, 27.37693025564934], [30.36200952988262, 27.4626038969463], [30.773231300624044, 27.560504882975298], [31.18147626757907, 27.67016234842095], [31.586513597117197, 27.79113406656339], [31.988135036759637, 27.9230060532421], [32.386151137382825, 28.065391878909267], [32.78038785807075, 28.217931785851817], [33.17068351045316, 28.380291685719428], [33.55688599791387, 28.552162095358693], [33.93885030502038, 28.73325705478573], [34.31643619356031, 28.92331306019706], [34.68950606288328, 29.122088036030764], [35.05792293360776, 29.329360363809357], [35.42154851460744, 29.54492798014779], [35.780241313519724, 29.768607552710453], [36.13385475042079, 30.00023374015479], [36.48223523265424, 30.239658540064223], [36.82522014578053, 30.4867507274976], [37.1626357109433, 30.741395385739303], [37.49429465221797, 31.003493530028088], [37.81999360795927, 31.272961824439545], [38.13951020751397, 31.549732391005374], [38.45259971710298, 31.83375270908272], [38.75899113541443, 32.12498560077744], [39.05838258780823, 32.423409294853386], [39.35043582543551, 32.72901755578661], [39.634769577010466, 33.04181985534153], [39.91095142086171, 33.361841548548696], [40.17848773301188, 33.68912399077739], [40.436811109642456, 34.02372449104038], [40.68526443821268, 34.36571592770576]], {"i0": 0.20897348372035454, "spread": 10.547993802063747, "falloff": 0.626631880742471}], [[[53.59199866244548, 46.14032432286304], [53.32371735532989, 46.48103812744154], [53.034022141083746, 46.803736229388406], [52.72368467768852, 47.10663158923428], [52.39379863648831, 47.388107724276], [52.04575077666955, 47.64678936422304], [51.68116989339384, 47.881598605383104], [51.30185931932907, 48.09178967168843], [50.90972129650144, 48.2769589783311], [50.50668220406132, 48.43703136169932], [50.094626323199826, 48.57222688023353], [49.6753432029862, 48.683014662836534], [49.25049070243961, 48.77006067980922], [48.82157322647785, 48.83417538400152], [48.38993297384984, 48.87626552796192], [47.95675122315262, 48.897292688330246], [47.52305660693363, 48.89823951001947], [47.08973768990553, 48.880083588627386], [46.65755772979433, 48.84377824542399], [46.227170085634995, 48.79023913359152], [45.7991332540333, 48.72033553981494], [45.37392492245366, 48.634885315679725], [44.95195472597966, 48.53465251466357], [44.533575596393106, 48.42034697401506], [44.11909372308674, 48.29262524149729], [43.708777219127626, 48.152092385620804], [43.302863626606985, 47.999304346738185], [42.90156640938495, 47.83477057770695], [42.505080583603664, 47.658956796754275], [42.11358762868009, 47.472287728152196], [41.72725981164883, 47.27514974808473], [41.34626404584851, 47.06789338142982], [40.970765394417235, 46.85083561677462], [40.60093031988773, 46.62426202158772], [40.236929774478405, 46.38842864931184], [39.878942221733695, 46.14356373725872], [39.527156679349396, 45.88986919848915], [39.18177587585879, 45.62752191378181], [38.843019620874635, 45.356674831873], [38.511128500664164, 45.07745788787918], [38.18636802916283, 44.789978751862826], [37.869033411341974, 44.4943234222822], [37.55945511275249, 44.190556684289426], [37.25800548152389, 43.8787224606366], [36.96510674098156, 43.55884409681461], [36.68124077208822, 43.23092464440831], [36.40696124632353, 42.894947243925316], [36.14290887087927, 42.5508757698377], [35.88983079595824, 42.19865600341374], [35.64860565293542, 41.83821777217316]], {"i0": 0.0740554801839657, "spread": 4.93495401369881, "falloff": 0.32337877751320726}]], "disk": {"i0": 0.04197369055461775, "n": 1.0, "c": 2.0, "mu": [38.497555015015294, 38.152308211400374], "roll": 2.409766066449268, "rEff": 13.176996657700817, "axRatio": 0.4053982535860685}, "bulge": {"i0": 0.9677127185132312, "n": 2.167499567778074, "c": 2.0, "mu": [38.098145422208354, 37.903816925384916], "roll": 2.713640456478734, "rEff": 2.816694445734149, "axRatio": 0.9128096409017118}, "bar": null}