{"spiral": [[[[63.21181294574655, 100.73684041161114], [63.01689260063801, 100.31154380920611], [62.82955383132651, 99.88285385125234], [62.650023710664804, 99.4508358295192], [62.478535490322706, 99.0155633250742], [62.31532845055646, 98.57711887158325], [62.16064768841344, 98.1355946501769], [62.01474383617546, 97.69109321338422], [61.877872701362406, 97.2437282346542], [61.750294819139235, 96.79362527862055], [61.63227490779603, 96.34092258612299], [61.52408121777632, 95.88577186622665], [61.42598476491704, 95.42833908593349], [61.33825843894362, 94.96880524621047], [61.26117597907725, 94.50736713118386], [61.19501080977157, 94.04423801509776], [61.14003473129142, 93.57964830960712], [61.09651646206832, 93.11384613194352], [61.06472003255468, 92.64709777269707], [61.044903033814144, 92.17968804014882], [61.0373147279935, 91.71192045742178], [61.04219403267566, 91.24411728761602], [61.05976739607542, 90.77661936284731], [61.09024658572523, 90.3097856939354], [61.133826419001636, 89.84399283985496], [61.19068246956383, 89.37963401947087], [61.260968789191104, 88.91711795273599], [61.34481568914225, 88.45686742452163], [61.4423276289987, 87.99931757125492], [61.55358126311244, 87.54491389872213], [61.67862369550825, 87.09411004811939], [61.81747099252829, 86.6473653366079], [61.97010699912604, 86.20514210757277], [62.13648249883988, 85.76790293418709], [62.31651474964219, 85.33610772706706], [62.510087418186714, 84.9102108023607], [62.717050923863006, 84.49065797010613], [62.937223191999145, 84.07788370379286], [63.17039080331972, 83.67230845064556], [63.416310514993185, 83.27433613831384], [63.674711117521184, 82.88435192730701], [63.94529558281827, 82.50272025052341], [64.2277434514684, 82.12978317150377], [64.52171340242583, 81.76585908254177], [64.82684594616023, 81.411241753019], [65.14276618234044, 81.06619972777551], [65.4690865655237, 80.7309760655843], [65.80540962660876, 80.40578839928978], [66.15133060358932, 80.09082929215015], [66.50643994198005, 79.78626685957698]], {"i0": 0.1175810209350803, "spread": 0.4756079753470125, "falloff": 1.054694662549903}]], "disk": {"i0": 0.2273942236451686, "n": 1.0, "c": 2.0, "mu": [86.37016089115635, 85.87432578794579], "roll": 2.842735773586245, "rEff": 35.501536264059276, "axRatio": 0.549403779212311}, "bulge": {"i0": 0.12876154552390726, "n": 2.2532123321182906, "c": 2.0, "mu": [87.14690923623287, 85.85315760177254], "roll": 3.0596146413656578, "rEff": 5.528494297161132, "axRatio": 0.5050572228791906}, "bar": null}