{"spiral": [[[[30.00115668983434, 53.02030517440497], [29.96134820515569, 52.09809201728993], [29.99288172378357, 51.175557788594034], [30.09517285981839, 50.25816614303284], [30.26681066495091, 49.35118045061238], [30.505657027434104, 48.459524527973755], [30.808976930093685, 47.58768006764452], [31.173583130130574, 46.73962497761986], [31.595980068911842, 45.918810789414735], [32.07249529430027, 45.12817297421451], [32.59939104388859, 44.37016583919794], [33.172952765323345, 43.64681341332075], [33.78955456407897, 42.95976875589798], [34.445703660207606, 42.31037578166059], [35.13806700496547, 41.69972947805144], [35.86348350702722, 41.12873197830059], [36.618965120017364, 40.59814320803767], [37.40168957930199, 40.108625721712464], [38.20898700930824, 39.66078393262997], [39.03832205252277, 39.25519828502062], [39.88727264826488, 38.89245508655978], [40.75350613051401, 38.57317277219988], [41.63475291646016, 38.29802534672346], [42.528777708123705, 38.06776368173391], [43.43334780738823, 37.88323523781071], [44.34619782989501, 37.74540264242859], [45.26498977331194, 37.65536137582985], [46.18726702965194, 37.61435656873216], [47.11040050909462, 37.623798564468274], [48.03152455906838, 37.68527636812085], [48.94745981866815, 37.80056730114556], [49.854619601690324, 37.97163993628845], [50.748895973083066, 38.20064548122315], [51.62552169250269, 38.48988988336791], [52.47890523010689, 38.84177466542802], [53.30243929271899, 39.25868851169951], [54.08829074420627, 39.74282395546611], [54.827194580899445, 40.29588543963638], [55.508300614218264, 40.91865075052988], [56.11916090473132, 41.61035710989224], [56.645992477871346, 42.367923043110196], [57.074376454676035, 43.18510655061288], [57.39050481319742, 44.05183691479115], [57.58289739563379, 44.954077032893], [57.64420346789644, 45.874536039230854], [57.57246428925521, 46.794250306675515], [57.37131272846858, 47.69460320320605], [57.04905388820066, 48.55910402627815], [56.61706976225363, 49.37441550488343], [56.08815807376769, 50.13053919991928]], {"i0": 0.043811976760830616, "spread": 5.182279227890606, "falloff": 0.4486957309216483}], [[[62.02720675558413, 46.40427225424017], [61.98574568174635, 47.23800836726135], [61.86839945278459, 48.064498813010374], [61.678077950550176, 48.87730984848773], [61.418590711497025, 49.67077146301226], [61.09435850586706, 50.44007026195308], [60.71014236461754, 51.18125640072625], [60.27081572901881, 51.89118678240824], [59.78119060445305, 52.56742930690103], [59.245897261776115, 53.20814969035557], [58.669310348332885, 53.81199655297861], [58.05551160943327, 54.377994499237616], [57.40827940919821, 54.90545010188473], [56.73109661930796, 55.393872342946366], [56.027170288629364, 55.84290704240103], [55.29945830997557, 56.2522837588031], [54.55069982771434, 56.62177324580978], [53.783447321271865, 56.95115352786081], [53.000099182682405, 57.24018283444383], [52.202932239558564, 57.488577893684635], [51.394134122021484, 57.69599637027483], [50.57583568959488, 57.86202251144063], [49.75014396578496, 57.986155329943855], [48.91917620682266, 58.06779891017551], [48.085095878892105, 58.10625468626502], [47.250151447430135, 58.100715830734465], [46.416718993841954, 58.05026423732984], [45.58734975682378, 57.95387101806108], [44.76482371531988, 57.81040200745447], [43.9522102222496, 57.61863053023907], [43.152936358086336, 57.37726069537567], [42.370862904269, 57.084965773716235], [41.6103663732553, 56.74044777982491], [40.876422948532095, 56.34252606614945], [40.1746860011814, 55.89026412438106], [39.511542569960156, 55.38314396011036], [38.894125787824535, 54.821294729054635], [38.33025080612811, 54.205774336874526], [37.82823483027912, 53.53888677104314], [37.39656422002219, 52.82449307941243], [37.04339248757982, 52.068244612788185], [36.77589872933028, 51.27764680103237], [36.59959981713161, 50.46187115867219], [36.51776418932293, 49.63128759980849], [36.53108134891495, 48.79677830570274], [36.63767839572243, 47.9689762414485], [36.833466923114294, 47.15759733808142], [37.11270757771809, 46.37099037065758], [37.46864198175664, 45.61594385758911], [37.894065965544875, 44.897713273144014]], {"i0": 0.053208581102783585, "spread": 7.407359927356971, "falloff": 0.19290480394795373}]], "disk": {"i0": 0.20036453365161766, "n": 1.0, "c": 2.0, "mu": [47.098928955065, 46.706131512342786], "roll": 0.36167654838011354, "rEff": 23.764245466450838, "axRatio": 0.7802700767986077}, "bulge": {"i0": 1.4508955006004816, "n": 0.2249528396396529, "c": 2.0, "mu": [48.126219730067255, 47.21983015585661], "roll": 3.122081634767389, "rEff": 2.892103077037491, "axRatio": 0.9974447778925146}, "bar": null}