{"spiral": [[[[115.95653598062916, 100.63720157260163], [115.35711143059311, 101.57539662604314], [114.72319279659838, 102.49063323476122], [114.05459830271639, 103.38084820986617], [113.35123973360287, 104.24385324253831], [112.61314142527645, 105.07733434200574], [111.8404613949899, 105.87885386105317], [111.0335144719592, 106.64585580042524], [110.19279713261692, 107.37567514284396], [109.3190135363615, 108.0655519969929], [108.41310201546813, 108.71265130215504], [107.4762609930518, 109.31408873961809], [106.50997301986067, 109.86696328927489], [105.51602535126761, 110.36839654601029], [104.49652528876966, 110.8155784608825], [103.45390842529729, 111.20581861005263], [102.39093802616719, 111.53660145735377], [101.31069408314478, 111.80564342751084], [100.21655112765949, 112.01094904227241], [99.11214465186502, 112.1508629904039], [98.00132690442699, 112.22411490224216], [96.88811379553005, 112.22985385909388], [95.7766255123775, 112.16767027392656], [94.67102409116707, 112.03760371349152], [93.57545149093406, 111.84013634093458], [92.49397163067874, 111.57617281358804], [91.43051939884302, 111.24700849455685], [90.38885891130978, 110.85428860169556], [89.37255240508595, 110.39996134757867], [88.38494024891888, 109.88622820328926], [87.42913174512117, 109.31549419918821], [86.50800577020684, 108.69032073861823], [85.62421989220712, 108.01338284520303], [84.78022640695326, 107.2874321842593], [83.97829371948094, 106.51526666717824], [83.2205316181702, 105.69970700953441], [82.50891919591655, 104.84358029405038], [81.84533442196735, 103.94971039170018], [81.2315846252551, 103.02091501071719], [80.66943738955683, 102.0600091607098], [80.1606515685661, 101.06981492419072], [79.70700829232024, 100.05317761023258], [79.31034195023695, 99.01298862048104], [78.97257118986144, 97.95221568885052], [78.69572995119998, 96.87394157410718], [78.48199843664504, 95.7814128065239], [78.3337336524362, 94.67810074382578], [78.2534986683768, 93.56777800475801], [78.24408890097114, 92.45461434987457], [78.30855231606846, 91.34329726558873]], {"i0": 0.001, "spread": 0.5, "falloff": 1.0}], [[[80.86211247753626, 127.36849889848108], [80.55640035434797, 126.73587434706423], [80.25760152712385, 126.09995541178985], [79.96581931272554, 125.46078667620195], [79.68115966853217, 124.81841426286265], [79.40373132371599, 124.17288592393241], [79.13364591844102, 123.52425113918686], [78.87101815156831, 122.87256122217374], [78.61596593749564, 122.21786943528477], [78.36861057280423, 121.56023111459845], [78.12907691344549, 120.89970380544895], [77.89749356332429, 120.2363474098188], [77.67399307504326, 119.57022434667827], [77.45871216391016, 118.90139972669564], [77.2517919361009, 118.22994154271628], [77.05337813222785, 117.55592087775499], [76.86362138749436, 116.87941213234564], [76.68267750980283, 116.20049327337108], [76.51070777729957, 115.51924610676315], [76.34787925695545, 114.83575657675419], [76.19436514599421, 114.15011509476425], [76.0503451380412, 113.46241690133964], [75.91600581617207, 112.7727624651236], [75.79154107510999, 112.08125792329099], [75.67715257515673, 111.38801556860136], [75.57305023058173, 110.69315438888924], [75.47945273550171, 109.99680066570852], [75.39658813054423, 109.29908863984022], [75.32469441383243, 108.6001612525015], [75.2640202002187, 107.90017097253761], [75.21482543294408, 107.19928072143631], [75.17738215223103, 106.49766490990537], [75.15197532567218, 105.79551060203804], [75.13890374555044, 105.09301882572731], [75.13848099849895, 104.3904060511655], [75.15103651310348, 103.68790586303662], [75.17691669116263, 102.98577085655218], [75.2164861281853, 102.28427479283077], [75.27012892845148, 101.58371505571607], [75.33825011916612, 100.884415459868], [75.4212771670627, 100.186729469515], [75.51966159872893, 99.49104389864434], [75.63388072284698, 98.79778317737615], [75.76443944783918, 98.10741428616429], [75.91187218147064, 97.42045247998375], [76.07674478900775, 96.73746794984261], [76.2596565720353, 96.05909359937728], [76.46124220941371, 95.38603415144748], [76.68217357245062, 94.71907684470936], [76.92316128449482, 94.05910403437063]], {"i0": 0.001, "spread": 0.5, "falloff": 1.0}], [[[82.83349995372177, 57.26551154093704], [83.77578988847597, 57.41337421280019], [84.71191201244292, 57.59626654845237], [85.64059017136738, 57.81382537555651], [86.56057859290148, 58.065613308822584], [87.47066679148237, 58.351124022804214], [88.36968367031106, 58.669787969629276], [89.25650079377381, 59.020978395162025], [90.13003482832117, 59.404017511338786], [90.9892491718147, 59.81818269136138], [91.83315480994264, 60.262712567030306], [92.66081045308026, 60.73681292264891], [93.47132201780283, 61.23966229653821], [94.2638415242677, 61.77041721827846], [95.0375654841797, 62.328217026490606], [95.79173285451606, 62.91218822760642], [96.52562263008896, 63.52144837017914], [97.23855114373906, 64.15510942151757], [97.92986913772503, 64.81228064353454], [98.59895866326447, 65.49207097286227], [99.24522985774507, 66.19359091630474], [99.86811764269912, 66.91595397687497], [100.46707837770715, 67.65827762804547], [101.04158649938283, 68.4196838547837], [101.59113116777607, 69.19929927936559], [102.11521293741107, 69.99625488842253], [102.61334046487305, 70.80968537491238], [103.08502726088835, 71.63872810523033], [103.52978849132225, 72.48252171734902], [103.94713782883899, 73.34020435085668], [104.33658435509699, 74.21091150409607], [104.69762951227789, 75.09377350727226], [105.02976410255283, 75.98791259338735], [105.33246533484623, 76.89243954110614], [105.60519392008426, 77.80644985506326], [105.84739121940734, 78.72901943979683], [106.05847645424089, 79.65919971270438], [106.23784399417828, 80.59601209020391], [106.3848607473699, 81.53844176804631], [106.49886369057158, 82.48543070279737], [106.57915759219165, 83.43586968601379], [106.62501300312854, 84.38858938612078], [106.63566461815863, 85.3423502154307], [106.61031014753938, 86.29583086288552], [106.54810988570489, 87.24761531619886], [106.44818722574007, 88.19617818499769], [106.3096304468706, 89.13986812964328], [106.13149620269967, 90.07688920649622], [105.91281526386736, 91.00527996445054], [105.65260122519199, 91.92289018377882]], {"i0": 0.001, "spread": 0.5, "falloff": 1.0}]], "disk": {"i0": 0.18533333333333335, "n": 1.0, "c": 2.0, "mu": [89.05591671825172, 89.85853912742171], "roll": 2.4449383015834947, "rEff": 42.87096637261651, "axRatio": 0.9048682576310402}, "bulge": {"i0": 0.46799999999999997, "n": 1.8439999999999999, "c": 2.0, "mu": [89.06685443137296, 89.47303778667462], "roll": 2.4799464505189275, "rEff": 4.466192797378652, "axRatio": 0.5417129012354108}, "bar": {"i0": 0.325, "n": 0.8033333333333333, "c": 2.1016666666666666, "mu": [89.32624715136983, 90.20896719943065], "roll": 2.432308441436494, "rEff": 5.997294281501749, "axRatio": 0.3995365946354043}}