{"spiral": [[[[46.313642110748994, 37.850216872286985], [46.636387317699295, 38.00189780650698], [46.9558888456315, 38.16029787133536], [47.27208951759961, 38.32518919898177], [47.58493625680362, 38.49635905496281], [47.89437951896073, 38.6736081397422], [48.20037282599679, 38.856749122259885], [48.502872381474546, 39.045605367584436], [48.80183675241018, 39.24000982807056], [49.09722660534641, 39.439804072988856], [49.389004487030746, 39.64483743608295], [49.677134641956506, 39.854966264037834], [49.96158286052251, 40.07005325172961], [50.24231635274078, 40.289966852451805], [50.51930364334747, 40.514580753186124], [50.79251448491184, 40.74377340655197], [51.0619197861315, 40.97742761234267], [51.32749155296974, 41.21543014258824], [51.58920284068689, 41.45767140500128], [51.847027715120475, 41.7040451403582], [52.100941221829125, 41.954448149997006], [52.35091936192848, 42.2087800501415], [52.59693907360938, 42.466943050162804], [52.83897821848702, 42.72884175230341], [53.07701557203739, 42.99438297066958], [53.311030817481026, 43.26347556757918], [53.54100454256071, 43.5360303055866], [53.76691823872604, 43.81195971369436], [53.98875430230074, 44.091177966436554], [54.20649603725623, 44.37360077466204], [54.420127659264814, 44.65914528697921], [54.629634300736214, 44.94773000092485], [54.83500201657743, 45.23927468302036], [55.03621779044948, 45.53370029696869], [55.23326954130028, 45.83092893929299], [55.42614613000848, 46.13088378182545], [55.61483736595147, 46.43348902045822], [55.79933401336451, 46.73866982966306], [55.979627797351576, 47.04635232230272], [56.15571140943045, 47.35646351430413], [56.3275785125063, 47.668931293797215], [56.4952237451782, 47.983684394351066], [56.65864272530755, 48.300652371977705], [56.817832052750084, 48.61976558556657], [56.97278931122568, 48.94095518048635], [57.12351306923193, 49.2641530750482], [57.27000287999021, 49.58929194960076], [57.412259280368396, 49.91630523800249], [57.5502837887524, 50.24512712124773], [57.6840789018488, 50.575692523038754]], {"i0": 0.04194969645432233, "spread": 0.4988976745664675, "falloff": 0.9983085179946017}], [[[29.384826267911258, 39.987324385189304], [29.033556455045904, 39.82959170264498], [28.685602504152474, 39.664672495026885], [28.34104129308134, 39.49277699261225], [27.999945626220864, 39.31410294811282], [27.662384761288617, 39.128836949152465], [27.328424849867673, 38.937155570865734], [26.99812930659086, 38.73922639200742], [26.671559118954175, 38.53520889398882], [26.3487731074465, 38.325255259012074], [26.029828143886796, 38.10951108087545], [25.71477933442555, 37.88811599985921], [25.403680172525554, 37.66120427133161], [25.09658266632699, 37.42890527626962], [24.79353744405934, 37.1913439806602], [24.494593840567987, 36.94864134974606], [24.199799967536123, 36.70091472222919], [23.909202769584883, 36.448278148833005], [23.62284806810837, 36.19084269902279], [23.34078059443292, 35.928716739178846], [23.063044013668303, 35.6620061850836], [22.789680940428525, 35.390814731203996], [22.52073294745999, 35.11524405896404], [22.25624056807035, 34.83539402589737], [21.996243293159385, 34.551362837370135], [21.740779563554604, 34.26324720234639], [21.4898867582831, 33.97114247450679], [21.24360117934711, 33.675142779880694], [21.001958033510494, 33.37534113202016], [20.764991411572645, 33.0718295356489], [20.532734265549145, 32.764699079606345], [20.305218384155644, 32.4540400198364], [20.082474366960447, 32.13994185309754], [19.8645315975437, 31.822493382008055], [19.651418215982254, 31.50178277198944], [19.443161090949303, 31.177897600621353], [19.239785791716873, 30.850924899890334], [19.04131656031339, 30.52095119177167], [18.84777628409205, 30.18806251756338], [18.65918646892849, 29.852344461357987], [18.475567213277355, 29.513882168025194], [18.29693718328632, 29.172760356054795], [18.123313589158272, 28.82906332559474], [17.954712162938055, 28.48287496200642], [17.791147137892043, 28.1342787352487], [17.632631229637294, 27.783357695392297], [17.47917561913437, 27.430194464549725], [17.330789937712858, 27.074871225516834], [17.187482254188556, 26.717469707387846], [17.049259064227208, 26.358071168430502]], {"i0": 0.214951523308382, "spread": 0.5035052405242086, "falloff": 0.9877514545687103}]], "disk": {"i0": 0.11479394421104766, "n": 1.0, "c": 2.0, "mu": [38.266720848811325, 38.63826524313574], "roll": 2.8055626320454095, "rEff": 11.47433705300221, "axRatio": 0.5170584477198689}, "bulge": {"i0": 1.553561849755041, "n": 1.778012607790182, "c": 2.0, "mu": [38.299348703557236, 38.76151065106195], "roll": 0.9209708513634614, "rEff": 3.0568784588793716, "axRatio": 0.9496475195342401}, "bar": null}