{"spiral": [], "disk": {"i0": 0.21242523078229478, "n": 1.0, "c": 2.0, "mu": [52.47678269062066, 50.16539638501833], "roll": 2.757132756437265, "rEff": 36.82313318262308, "axRatio": 0.8715723327267936}, "bulge": {"i0": 0.0, "n": 1.4266201392560671, "c": 2.0, "mu": [51.94449573112463, 50.886620252245834], "roll": 3.0046405353712227, "rEff": 2.800844203265372, "axRatio": 0.8968528270572509}, "bar": {"i0": 0.10579298070294567, "n": 1.0263116324838943, "c": 1.7675193105149392, "mu": [51.35905465465489, 50.91425428714357], "roll": 0.15381399881630337, "rEff": 2.911260956981381, "axRatio": 0.3183109245089507}}