{"spiral": [[[[153.5479676097098, 169.60433085212716], [152.59191900778202, 169.37255133679486], [151.63966384486392, 169.12565040634254], [150.69151474916393, 168.86342431868], [149.74779778653647, 168.5856712657923], [148.80885288308738, 168.29219190078226], [147.87503424477703, 167.9827899052407], [146.9467107720582, 167.65727259841353], [146.02426646737817, 167.31545158950107], [145.10810083362998, 166.95714347440915], [144.19862926048626, 166.58217057774525], [143.2962833971536, 166.19036174123215], [142.40151150812812, 165.78155315878618], [141.51477881020816, 165.35558925889416], [140.63656778796397, 164.9123236342059], [139.76737848544528, 164.45162001813748], [138.9077287719307, 163.97335330787837], [138.0581545801065, 163.47741063308604], [137.21921011471332, 162.96369246873007], [136.3914680311853, 162.43211379093302], [135.57551958337243, 161.8826052736157], [134.77197474097235, 161.31511452408046], [133.98146227783536, 160.72960735523301], [133.2046298333758, 160.12606909199553], [132.44214395076327, 159.50450590966125], [131.69469009692563, 158.86494620199338], [130.96297267121741, 158.2074419773648], [130.24771501145662, 157.5320702816948], [129.54965940847268, 156.83893464808745], [128.86956714273464, 156.1281665741627], [128.2082185596891, 155.3999270299815], [127.56641320369364, 154.65440800161548], [126.94497003424209, 153.89183407832778], [126.34472775264746, 153.11246409524446], [125.76654527211821, 152.31659284765377], [125.21130237020498, 151.50455289932535], [124.67990056913636, 150.67671651410168], [124.17326429775856, 149.8334977494377], [123.69234239819959, 148.97535476162764], [123.23811005210261, 148.10279238700292], [122.81157121546333, 147.2163650814442], [122.41376166892705, 146.31668032396286], [122.04575281269227, 145.40440262008124], [121.70865636397605, 144.48025828054597], [121.40363015186966, 143.54504120306905], [121.13188525317044, 142.5996199557216], [120.89469477700382, 141.6449465568598], [120.69340469265622, 140.6820674806715], [120.52944721242014, 139.71213760645588], [120.40435740312796, 138.73643810186906]], {"i0": 0.02291145411326706, "spread": 0.7713597483774361, "falloff": 0.44085644245649236}], [[[118.43902804980159, 163.66761661361744], [117.36753659030208, 163.08838034446094], [116.32303006216728, 162.46179117052972], [115.3076151280387, 161.78907985080568], [114.32328869140649, 161.0716466327799], [113.37192302211545, 160.31104552895457], [112.4552538521688, 159.50896652015908], [111.57487166292591, 158.66721634099562], [110.73221623113896, 157.78769852208322], [109.9285743565836, 156.87239334202286], [109.16508056867016, 155.923338285205], [108.4427205097038, 154.94260951855716], [107.76233662273576, 153.9323048004157], [107.1246357321781, 152.89452812784], [106.5301980942799, 151.8313763235902], [105.97948750458099, 150.74492766726638], [105.47286207939901, 149.6372325910111], [105.010585371712, 148.5103063926434], [104.59283752856746, 147.3661238667133], [104.21972625129857, 146.20661571892623], [103.89129736945868, 145.0336666075752], [103.60754488717052, 143.84911464653078], [103.36842040286372, 142.65475220521574], [103.1738418390943, 141.45232784919438], [103.0237014485739, 140.243549278686], [102.91787308582396, 139.03008714036812], [102.85621875044428, 137.8135796069076], [102.83859441992021, 136.59563764024935], [102.86485519637132, 135.3778508758132], [102.93485979406411, 134.16179408593632], [103.0484743930951, 132.94903420185707], [103.20557587969766, 131.7411378937939], [103.4060544854043, 130.53967972846752], [103.64981582576712, 129.34625094277843], [103.93678232432791, 128.16246889144773], [104.26689398852668, 126.9899872453237], [104.64010848051733, 125.83050703552848], [105.05640039670435, 124.68578865770074], [105.51575963303922, 123.55766496751274], [106.01818866801892, 122.44805561610532], [106.56369853845223, 121.3589827874639], [107.15230321224371, 120.29258850907375], [107.78401197383224, 119.25115370802978], [108.45881932731888, 118.23711917278959], [109.17669178539778, 117.25310854519783], [109.93755074379774, 116.30195340133156], [110.74125043782985, 115.38672035927357], [111.5875497381822, 114.51073995730492], [112.47607627122618, 113.67763674079224], [113.40628106166967, 112.89135953038702]], {"i0": 0.03639312884728125, "spread": 130.5361241373541, "falloff": 0.20672022722155495}], [[[136.7998107255922, 91.07489341349353], [137.85608468358478, 91.61535496850115], [138.8863862230892, 92.20382160109554], [139.88861564230098, 92.83892176321211], [140.86080656472555, 93.51911546564175], [141.8011400127927, 94.24271416952675], [142.70795482002396, 95.0079024385147], [143.57975428585962, 95.81276054205308], [144.41520915770863, 96.65528722590898], [145.21315718087567, 97.53342193691499], [145.9725995794167, 98.44506589366047], [146.6926949151298, 99.38810152027423], [147.37275081769658, 100.36040989376276], [148.012214089947, 101.35988598545521], [148.61065967425262, 102.38445159541473], [149.16777892632894, 103.43206597954709], [149.68336758856722, 104.50073424969608], [150.15731379317336, 105.58851368673298], [150.5895863614794, 106.69351814674069], [150.98022360413276, 107.81392076325069], [151.32932277044674, 108.94795515708172], [151.63703024580127, 110.0939153627958], [151.903532554445, 111.250154670119], [152.12904819144026, 112.41508356251829], [152.31382028138816, 113.58716691568186], [152.45811004222935, 114.76492059765883], [152.56219101894493, 115.94690759119402], [152.6263440434347, 117.13173373824313], [152.65085287233137, 118.31804318736583], [152.63600045321482, 119.50451360703751], [152.58206577091255, 120.68985121202266], [152.48932122874794, 121.8727856358568], [152.35803052425842, 123.05206467010072], [152.18844698473282, 124.22644888024978], [151.98081233466456, 125.39470609885035], [151.73535587475106, 126.55560578834066], [151.45229406033206, 127.70791325927044], [151.13183047617116, 128.8503837237459], [150.77415621431297, 129.9817561591308], [150.37945067255714, 131.1007469531892], [149.94788280309038, 132.20604329918106], [149.4796128541418, 133.29629630775568], [148.9747946626491, 134.37011380232468], [148.4335785730624, 135.42605276684156], [147.8561150768231, 136.46261141842373], [147.24255928934747, 137.47822088567582], [146.59307640652395, 138.4712364850429], [145.90784831126354, 139.4399286056037], [145.18708153236048, 140.38247323862055], [144.43101679259115, 141.29694222425863]], {"i0": 0.009834770987617198, "spread": 39.52613050845667, "falloff": 0.01}]], "disk": {"i0": 0.15988317796011522, "n": 1.0, "c": 2.0, "mu": [126.95722097315554, 127.29273312506174], "roll": 1.1548232552468374, "rEff": 50.149018003568074, "axRatio": 0.8438793972691421}, "bulge": {"i0": 0.9885851356474146, "n": 0.2923558936085302, "c": 2.0, "mu": [126.0898310677852, 127.26791581132431], "roll": 0.8260162970465208, "rEff": 4.903954160673613, "axRatio": 0.8993412022653444}, "bar": null}