{"spiral": [[[[35.42835569147369, 30.600208852556385], [35.88028730110331, 30.378632569714476], [36.34060946681188, 30.1750623549494], [36.80870601130495, 29.99007036934467], [37.28391832997053, 29.82421281400655], [37.7655446499711, 29.678025873353725], [38.25283968270996, 29.552021357440175], [38.74501473246926, 29.446682083332853], [39.24123832123508, 29.362457049373585], [39.74063738392189, 29.299756470231586], [40.2422990799301, 29.258946755359172], [40.745273253554046, 29.24034552531988], [41.248575561305834, 29.24421677287307], [41.75119126426685, 29.27076628218712], [42.252079663306986, 29.32013742508285], [42.75017913150043, 29.39240745158836], [43.24441267504726, 29.487584386501588], [43.733693931536784, 29.60560463212304], [44.21693349422433, 29.746331360192464], [44.693045434591205, 29.90955375409794], [45.16095388400572, 30.094987136504095], [45.619599529754296, 30.302273989007237], [46.06794588161527, 30.53098584087247], [46.50498517257835, 30.780625975070734], [46.929743770884684, 31.050632873371615], [47.34128699933099, 31.34038429980122], [47.73872328043036, 31.649201904476254], [48.121207551584234, 31.97635621790669], [48.48794392056391, 32.321071900686455], [48.838187556992004, 32.68253311417137], [49.17124584009926, 33.05988888304823], [49.486478802898944, 33.452258331908425], [49.78329893102213, 33.85873569115192], [50.06117038680736, 34.27839498419159], [50.319607738765164, 34.71029432497779], [50.55817428102, 35.15347977255218], [50.77648002945421, 35.60698870594056], [50.97417947905989, 36.06985269826202], [51.15096920411123, 36.54109988235764], [51.30658537654312, 37.01975681186618], [51.440801271942924, 37.50484983094736], [51.55342482548454, 37.9954059731442], [51.64429629294671, 38.49045341519054], [51.71328606550693, 38.98902151521445], [51.76029268092823, 39.49014046704244], [51.78524106853789, 39.99284060347002], [51.7880810612122, 40.49615138176655], [51.768786204398914, 40.99910008463273], [51.72735289006611, 41.50071026962539], [51.66379984232045, 41.99999999999999]], {"i0": 0.029216681044490076, "spread": 9.500643635414614, "falloff": 0.01}], [[[59.403032276392956, 49.31219843545921], [58.9826511178469, 49.596597599842525], [58.556287489646735, 49.871946220318364], [58.12401832248407, 50.137926957675596], [57.68593141131617, 50.394211559773986], [57.24212641545603, 50.640460601845774], [56.79271594472101, 50.87632325368305], [56.33782673706863, 51.1014370818863], [55.87760093393916, 51.31542789582446], [55.41219745958045, 51.517909647339174], [54.9417935103338, 51.708484395916244], [54.4665861593653, 51.88674235283618], [53.98679408278785, 52.052262019171614], [53.502659410764906, 52.20461043544919], [53.01444970826792, 52.343343561891736], [52.522460086713636, 52.468006811530685], [52.02701544765687, 52.57813576010529], [51.52847285652247, 52.67325705961085], [51.02722404226326, 52.75288958462597], [50.52369801436263, 52.816545843142336], [50.01836378674539, 52.86373368540809], [49.5117331908892, 52.89395834653706], [49.00436375734164, 52.9067248595446], [48.4968616376018, 52.90154087619408], [47.989884532425506, 52.877919932574116], [47.48414458486269, 52.835385194584724], [46.980411190384004, 52.77347371557974], [46.479513668334576, 52.6917412335055], [45.98234373291325, 52.58976752818789], [45.4898576971787, 52.46716235111977], [45.003078338965864, 52.32357192905356], [44.52309635814452, 52.15868603105726], [44.05107135683255, 51.97224557515584], [43.58823228125225, 51.764050736687985], [43.13587727740597, 51.53396950836946], [42.69537293068305, 51.281946651090955], [42.268152885667114, 51.008012969545256], [41.85571587419865, 50.7122948480057], [41.45962321885337, 50.395023993944186], [41.08149592365224, 50.05654736352941], [40.72301151259874, 49.69733728692479], [40.3859008283246, 49.31800187873559], [40.07194505469521, 48.91929591466448], [39.78297327602119, 48.50213248657848], [39.520860928458106, 48.0675959249451], [39.28752953224231, 47.61695671380633], [39.08494811126601, 47.151689439793586], [38.9151367012456, 46.67349524795453], [38.78017230415097, 46.18433087499363], [38.68219753623606, 45.686447181959934]], {"i0": 0.08976621535034734, "spread": 16.597097833096846, "falloff": 0.46484915567592017}]], "disk": {"i0": 0.25798398425168656, "n": 1.0, "c": 2.0, "mu": [43.296346503895485, 40.73380562542968], "roll": 0.46999094540777125, "rEff": 21.335677613771296, "axRatio": 0.8482280184924581}, "bulge": {"i0": 0.22836873177707057, "n": 1.1956800116536046, "c": 2.0, "mu": [41.74848080334942, 42.11862288374409], "roll": 2.9948518335584207, "rEff": 4.611197232441128, "axRatio": 0.9812045934595}, "bar": null}