{"disk": {"I": 0.08498132171052825, "Re": 23.080194111660692, "c": 2.0, "mux": 133.99617312079732, "muy": 133.10208056552835, "n": 1.0, "q": 0.7157291022013643, "roll": 0.006322247626157296}, "bulge": {"I": 0.30164065543199564, "Re": 4.341473978379671, "c": 2.0, "mux": 136.0016285204408, "muy": 135.49783049893836, "n": 0.7836871551509005, "q": 0.4723722702642708, "roll": 1.761985162615336}, "bar": null, "spiral": [[[[147.37925288103014, 140.88974518729395], [147.31014276221705, 141.59169020433407], [147.22609105089674, 142.29200386656765], [147.12747078663048, 142.99041544541626], [147.01461789306262, 143.68666940709255], [146.8878345768551, 144.38052235552183], [146.74739230320057, 145.071740392406], [146.5935344068852, 145.76009681304103], [146.4264783891887, 146.44537007222502], [146.24641794375412, 147.12734196679776], [146.05352474850193, 147.80579599094077], [145.84795005545664, 148.48051582789023], [145.6298261064151, 149.15128394763912], [145.3992673985479, 149.8178802848843], [145.15637182154506, 150.48008097520204], [144.90122168531144, 151.13765713034363], [144.63388465556372, 151.79037363588577], [144.35441461322702, 152.4379879563155], [144.06285245250402, 153.0802489340951], [143.75922683182762, 153.71689557042998], [143.44355489157272, 154.3476557764185], [143.1158429523883, 154.97224508406669], [142.7760872083115, 155.59036530735744], [142.42427442944668, 156.2017031442357], [142.06038268994052, 156.80592871106498], [141.68438213828335, 157.40269400191258], [141.29623582863124, 157.99163126604773], [140.89590063384338, 158.57235129821075], [140.483328263377, 159.14444163785967], [140.0584664120328, 159.707464675836], [139.62126006876895, 160.2609556697113], [139.1716530184392, 160.8044206727114], [138.7095895733327, 161.33733438604855], [138.2350165756253, 161.859137950846], [137.74788571623336, 162.36923670362168], [137.2481562198388, 162.86699792945157], [136.73579794965818, 163.3517486594808], [136.21079498836065, 163.82277357490636], [135.6731497527717, 164.27931309813667], [135.12288769863568, 164.72056177408857], [134.56006266655712, 165.14566707046473], [133.9847629097984, 165.55372875515582], [133.39711782701747, 165.94379904100546], [132.79730539619067, 166.31488372164404], [132.1855602676338, 166.66594455459725], [131.56218242208575, 166.99590317576326], [130.9275462326948, 167.30364684751592], [130.28210968710937, 167.5880363443651], [129.62642342915927, 167.84791625709624], [128.96113917350434, 168.08212793930207]], {"I": 0.020165568473246052, "falloff": 0.14467919471312968, "spread": 1.311434265385999}]]}