{"disk": {"I": 0.12725806796428504, "Re": 30.973285171415398, "c": 2.0, "mux": 124.89805833613526, "muy": 124.42871239179021, "n": 1.0, "q": 0.6211011068610683, "roll": 0.05781541502182017}, "bulge": {"I": 0.0, "Re": 0.0, "c": 2.0, "mux": 125.19252568574916, "muy": 123.66755939846112, "n": 1.0, "q": 0.49861084701646874, "roll": 0.023860684875681076}, "bar": null, "spiral": []}