{"disk": {"I": 0.09012980370994535, "Re": 32.53992731568988, "c": 2.0, "mux": 113.1100263962606, "muy": 112.10382221223806, "n": 1.0, "q": 0.6741249731171944, "roll": 2.424282256919184}, "bulge": {"I": 0.40066466816475627, "Re": 0.0, "c": 2.0, "mux": 112.90978017472885, "muy": 111.29524738131062, "n": 1.0, "q": 0.5744323664874158, "roll": 2.9323095316321646}, "bar": {"I": 0.3000324909653497, "Re": 4.969706736447014, "c": 2.8615950931542318, "mux": 112.19133165825622, "muy": 112.58169201214581, "n": 0.7863789734535952, "q": 0.4067126471531671, "roll": 2.898824456675705}, "spiral": [[[[108.91207543449337, 101.39231532192971], [109.76942984493263, 101.04820737495618], [110.66042049917078, 100.80377620117382], [111.57217746465159, 100.65395763565802], [112.49415847297507, 100.59218325475901], [113.41806263903504, 100.61130653358309], [114.33752573832518, 100.70422350241078], [115.24775036395462, 100.86423168283784], [116.1451554013215, 101.08520262250428], [117.02707940613205, 101.36163702582677], [117.89154455989633, 101.68865320316519], [118.73707531202042, 102.0619418655728], [119.56256178631337, 102.47770704827673], [120.36715798156379, 102.93260419112197], [121.15020624091576, 103.42368103015434], [121.9111812353687, 103.9483238424071], [122.64964831741334, 104.504209863937], [123.36523241490495, 105.08926580772845], [124.05759464760223, 105.70163198594827], [124.72641460501764, 106.33963137391243], [125.3713767811166, 107.00174292437657], [125.99216006747172, 107.6865784755172], [126.58842950198813, 108.39286266136132], [127.15982968603741, 109.11941530243293], [127.70597944050738, 109.86513582599946], [128.22646738804178, 110.62898932607646], [128.72084823614676, 111.40999392758835], [129.18863960258892, 112.20720916449625], [129.62931927688024, 113.01972511942044], [130.04232285442217, 113.84665210330914], [130.42704171701556, 114.68711067954813], [130.78282136553483, 115.54022185897517], [131.10896014410153, 116.40509731133697], [131.40470842558216, 117.28082945710743], [131.66926836401285, 118.16648132296307], [131.9017943541167, 119.06107606495931], [132.10139438013647, 119.96358609150244], [132.26713247699976, 120.87292175069379], [132.3980325737372, 121.78791959241978], [132.49308403469917, 122.7073302747012], [132.55124925665024, 123.62980625833413], [132.5714737157702, 124.55388953286177], [132.55269887687885, 125.47799973696397], [132.49387836954747, 126.40042317816176], [132.39399778750493, 127.3193034242995], [132.25209836210936, 128.232634313968], [132.06730458346323, 129.1382564038659], [131.83885557329273, 130.03385801923773], [131.56613965435884, 130.91698214619504], [131.24873110777023, 131.78504037902394]], {"I": 0.3901255850589006, "falloff": 0.01, "spread": 0.0}], [[[106.57473839704403, 120.1017972084544], [106.14140550455747, 119.8816491212946], [105.71477229554213, 119.6487798618867], [105.29492890200758, 119.4038783687669], [104.88194561532555, 119.14757562461423], [104.47587720692191, 118.88045077851389], [104.07676639938524, 118.60303659265925], [103.684646661198, 118.31582427940864], [103.29954446184253, 118.01926779374936], [102.92148109536177, 117.7137876426806], [102.55047415791361, 117.39977426787807], [102.18653874721113, 117.07759105275488], [101.82968843782268, 116.74757699941445], [101.47993607537059, 116.41004911586143], [101.13729442402823, 116.06530454891906], [100.80177669488475, 115.71362249407798], [100.47339697732356, 115.35526590950698], [100.15217059124971, 114.9904830580601], [99.83811437455897, 114.6195088981016], [99.53124691747638, 114.24256634138182], [99.23158875319973, 113.85986739376904], [98.9391625124636, 113.47161419285364], [98.65399304822859, 113.07799995451937], [98.3761075355068, 112.67920983918998], [98.10553555038338, 112.27542174712104], [97.84230913151025, 111.86680705097575], [97.58646282670547, 111.45353127293875], [97.33803372676343, 111.03575471275437], [97.09706148810996, 110.61363303238315], [96.863588345627, 110.18731780220364], [96.63765911657642, 109.75695701325654], [96.419321196367, 109.32269555939551], [96.2086245466332, 108.88467569284134], [96.00562167591167, 108.44303745621724], [95.8103676130382, 107.9979190937851], [95.622919873231, 107.54945744429313], [95.44333841669541, 107.09778831755862], [95.2716855994664, 106.64304685664834], [95.10802611609607, 106.18536788727984], [94.95242693369187, 105.7248862558427], [94.80495721673098, 105.2617371572301], [94.66568824199517, 104.79605645347874], [94.53469330285986, 104.3279809840052], [94.41204760217443, 103.85764886807277], [94.2978281328207, 103.38519979989591], [94.19211354507141, 102.91077533666301], [94.09498399974062, 102.43451917950347], [94.0065210061626, 101.95657744732787], [93.92680724394178, 101.4770989431954], [93.85592636744909, 100.99623541272508]], {"I": 0.024777702688794884, "falloff": 0.4311947589081363, "spread": 1.422286356323556}]]}