{"spiral": [[[[82.27689203588662, 95.8344876759459], [81.2230631812763, 94.58579080380699], [80.31757512363077, 93.22538125247395], [79.55202625680772, 91.78139930470702], [78.91870893284094, 90.2746131484185], [78.41109478290218, 88.72088965370618], [78.02389347661502, 87.13282060595189], [77.75295954247204, 85.5208059223765], [77.5951556933174, 83.89379450687493], [77.54821253549095, 82.25980908296003], [77.6105963094351, 80.62633368974642], [77.78138459764925, 79.00061300368272], [78.06014493928926, 77.38989416616853], [78.44680896077543, 75.80162968645978], [78.94153337628136, 74.24365130754822], [79.544538555913, 72.72431761392507], [80.25591546482009, 71.25263145670377], [81.07539327587406, 69.83831636176029], [82.00206390368243, 68.49183399944556], [83.03406735720758, 67.22431853290428], [84.16825418684203, 66.04740046233735], [85.39985812640278, 64.97289609449915], [86.72223037018823, 64.01235311228652], [88.12670012889035, 63.17647025764442], [89.60262468060526, 62.47444687573956], [91.13766805134158, 61.913354964612815], [92.71830101184852, 61.49764527019312], [94.33045945712841, 61.22888515091813], [95.96025575619464, 61.10577810792796], [97.59462740414023, 61.12444974856085], [99.22183266980217, 61.278928469016535], [100.83175010526818, 61.56172132018283], [102.41598669801867, 61.96439010055054], [103.9678323556443, 62.47805915750823], [105.48211160264003, 63.093819385851745], [106.95498091264453, 63.80302091362599], [108.3837093146259, 64.59746504588247], [109.76646714116247, 65.46951454292815], [111.1021366852636, 66.41214299289535], [112.39015046582983, 67.41894191491699], [113.63035769208862, 68.48410057480456], [114.82291671639898, 69.60236967903707], [115.96821002898638, 70.76901680820106], [117.06677803879536, 71.97977881829598], [118.11926810234877, 73.23081453612876], [119.12639568886277, 74.5186597018739], [120.08891507651046, 75.84018521147613], [121.00759745733039, 77.19255911199673], [121.88321475605395, 78.57321245091656], [122.71652782949278, 79.97980881974942]], {"i0": 0.05588618258822766, "spread": 1.0429088650795715, "falloff": 0.3566053961947954}], [[[102.05147971566066, 85.05935505909696], [102.78006587810889, 86.62455861555357], [103.3860379653068, 88.24124922421221], [103.87298123786363, 89.89772487822844], [104.2437194140488, 91.58404391179613], [104.50032486176963, 93.2914788142643], [104.64415880928573, 95.01209736671619], [104.67592426481943, 96.73842926467805], [104.59572546880608, 98.4631883948754], [104.40313403629551, 100.17902960791989], [104.09726611254315, 101.87832523176627], [103.67687823255042, 103.5529517837825], [103.14049279184088, 105.19408240882026], [102.48656723872537, 106.79198656008865], [101.7137238433947, 108.33584645549193], [100.82105791526841, 109.81361088892154], [99.80853917031678, 111.21192145244356], [98.67750977287292, 112.51616282485858], [97.43125886621745, 113.71070273870359], [96.07561451629242, 114.77938859996371], [94.61944443007928, 115.70634193025613], [93.074914476369, 116.47702626186644], [91.45735060808238, 117.07946273421709], [89.78461558741147, 117.50536530434624], [88.07604591810679, 117.7509248738452], [86.35114412428047, 117.81703677413168], [84.62830623959509, 117.70892613941429], [82.9238353928514, 117.43530253187195], [81.25137312104489, 117.00728076262574], [79.62174263770429, 116.43730549261896], [78.04310533069902, 115.73824316854635], [76.52130206099572, 114.92271159734217], [75.06026727895986, 114.002645118328], [73.66243944405339, 112.98905435629835], [72.32912602871019, 111.89192797981062], [71.06080690347243, 110.72022816410912], [69.85737528074222, 109.48194195503032], [68.71832303242765, 108.18416188061555], [67.64287988473315, 106.83317839683407], [66.63011606530956, 105.43457360502829], [65.6790168416205, 103.99331035440035], [64.78853587674, 102.51381380119075], [63.957632859303004, 101.00004436188509], [63.18529958293762, 99.45556201552493], [62.470577617384855, 97.88358248252528], [61.812569904530946, 96.2870260669522], [61.210447996180555, 94.66856003538379], [60.66345619310282, 93.03063538394507], [60.17091349477625, 91.37551880772226], [59.732214023906906, 89.70532058159576]], {"i0": 0.027575573577743838, "spread": 0.6073224433245402, "falloff": 0.2530501434320568}]], "disk": {"i0": 0.19574549203945588, "n": 1.0, "c": 2.0, "mu": [91.00051372299772, 88.21186904047818], "roll": 1.6594989294357523, "rEff": 38.72851338964902, "axRatio": 0.5246570903831745}, "bulge": {"i0": 0.4619641522513532, "n": 0.6075670609487941, "c": 2.0, "mu": [90.69009459488434, 89.31184245594548], "roll": 1.8157747146328067, "rEff": 4.875159570437178, "axRatio": 0.8007990411619276}, "bar": {"i0": 0.06526564672413451, "n": 0.1680909319012953, "c": 2.6281498491932718, "mu": [90.69433952025939, 101.35546705315987], "roll": 3.1415926511921217, "rEff": 29.20811736058306, "axRatio": 0.3507842513710155}}