{"spiral": [[[[131.28169591210587, 94.01800563672715], [131.4192889666491, 95.61724027257715], [131.4791635416728, 97.22126934751886], [131.46197322539743, 98.82632632483406], [131.36841452484458, 100.42874871049355], [131.19921103487513, 102.02495870558985], [130.95510113078174, 103.61144224613516], [130.63682900888068, 105.18472671856621], [130.24513893897904, 106.74135753565166], [129.78077265276073, 108.27787367285973], [129.24446986995142, 109.7907822001969], [128.6369720580957, 111.27653179999778], [127.95902963166925, 112.73148523901887], [127.21141292277342, 114.15189076691799], [126.3949274003436, 115.53385244772595], [125.51043377729341, 116.87329950957644], [124.55887382760528, 118.16595492427331], [123.5413029309271, 119.40730363415528], [122.4589305669572, 120.59256113846726], [121.31317017114856, 121.71664358127154], [120.10569991328155, 122.77414106715942], [118.83853600659864, 123.75929672614544], [117.514120018417, 124.66599507522444], [116.13542120153497, 125.48776450110132], [114.70605391519395, 126.21780018169873], [113.2304085479689, 126.84901533493483], [111.71379172203666, 127.3741300679836], [110.16256778236806, 127.78580778018814], [108.58428864579668, 128.07684828893167], [106.98779343441656, 128.24044360432907], [105.38325400027517, 128.27049555730235], [103.78213943628886, 128.1619837549244], [102.1970744985066, 127.91135825033767], [100.6415760424387, 127.51691645549772], [99.12966902519837, 126.97911287395668], [97.6754071085924, 126.30074875684166], [96.29234647430928, 125.48700083345348], [94.99303698062626, 124.54527330507536], [93.78859558447975, 123.48488914419424], [92.68841158433139, 122.31666551614724], [91.70000673230673, 121.05243485953469], [90.8290446057143, 119.70457399450711], [90.079461320226, 118.28559101291096], [89.45367822498233, 116.80780013075717], [88.9528563925229, 115.28309503755744], [88.57715920462512, 113.72281616519713], [88.3259990270777, 112.13769836165609], [88.19825359031114, 110.5378820643637], [88.19244543263213, 108.93297156911346], [88.30688301628528, 107.33212663743073]], {"i0": 0.018889227135948858, "spread": 4.546641612176927, "falloff": 0.014984880939420221}]], "disk": {"i0": 0.22497783593701454, "n": 1.0, "c": 2.0, "mu": [105.1223795382315, 104.2593584466528], "roll": 1.014561789729065, "rEff": 52.73186198803333, "axRatio": 0.7410358848759033}, "bulge": {"i0": 0.34642596902236145, "n": 0.6499355566114637, "c": 2.0, "mu": [104.76486079410554, 104.7607681402033], "roll": 1.0905815718654122, "rEff": 5.834583480753682, "axRatio": 0.7410874427179757}, "bar": null}