{"spiral": [[[[93.40920600501535, 128.09987066844266], [92.2427095034653, 127.73574443376289], [91.08658015939588, 127.33994403789625], [89.94228407629333, 126.91114455389659], [88.81148970619276, 126.44792288194073], [87.69610308559677, 125.94875515078773], [86.59830956758752, 125.41201686822764], [85.52062303329025, 124.83598739992657], [84.46594348260642, 124.21886103822935], [83.43762360347041, 123.55876784608354], [82.43954422797194, 122.85380866969703], [81.47619725006135, 122.10211021065784], [80.55277223258976, 121.30190774188891], [79.67523904434957, 120.45166462092038], [78.8504130004452, 119.5502384908028], [78.08598078697179, 118.59710259480528], [77.39045562168921, 117.59262482869515], [76.77302106183856, 116.53839421875041], [76.24322034216556, 115.4375624467539], [75.81046099657196, 114.29513831832314], [75.48334197353142, 113.11814502345455], [75.26887331538524, 111.91554229158844], [75.17172847898337, 110.69784930277272], [75.19370802992289, 109.47648461990293], [75.33356313813972, 108.26293859149871], [75.58722634980612, 107.06795852980383], [75.94837297890591, 105.90091759803238], [76.40915352719591, 104.76946227322108], [76.9609285644191, 103.679437929754], [77.59488655290691, 102.63502460869964], [78.3024924148054, 101.63899259174846], [79.07576841391285, 100.69299928595109], [79.907438022572, 99.79787507073912], [80.7909717382951, 98.95387120703538], [81.72057012457013, 98.1608611348862], [82.69111108233726, 97.41849703293732], [83.69807986785113, 96.72632831852036], [84.73749345152045, 96.0838901131723], [85.80582581706781, 95.49076929854793], [86.89993746495661, 94.9466547081119], [88.0170102673275, 94.45137681259793], [89.15448751686584, 94.00494122620144], [90.31001819689381, 93.6075595866833], [91.4814039326023, 93.25968086574824], [92.66654658998006, 92.962025953525], [93.8633939055597, 92.71562842580505], [95.06987969997074, 92.52188477742709], [96.28385392848504, 92.38261813393841], [97.5029957165256, 92.30016063469525], [98.72469904508397, 92.27746144212517]], {"i0": 0.18659353970204012, "spread": 639.9026513064997, "falloff": 0.5207254670213807}]], "disk": {"i0": 0.02683168269122081, "n": 1.0, "c": 2.0, "mu": [99.60703435000207, 101.53410247165138], "roll": 0.137951595320324, "rEff": 29.9711853912806, "axRatio": 0.5689795269214009}, "bulge": {"i0": 0.16122889427322556, "n": 6.4872610363910255, "c": 2.0, "mu": [100.51724526856425, 101.70792601514455], "roll": 1.4497424321825543, "rEff": 5.435301978671072, "axRatio": 0.6623591631677243}, "bar": {"i0": 0.00826638166619108, "n": 9.99944988242783, "c": 6.503039203901168, "mu": [101.10335081367484, 103.09556493041933], "roll": 1.5849949073744447, "rEff": 7.055689635354803, "axRatio": 0.33832672983397477}}