{"spiral": [[[[101.89144983443784, 142.92913853757088], [102.1841810844062, 142.2238809390397], [102.50288648019642, 141.52997106801323], [102.84633490082412, 140.84796577374755], [103.21331620282088, 140.17832664532358], [103.60265126464232, 139.52142967629422], [104.01319958133031, 138.8775749961046], [104.44386471261811, 138.24699634573906], [104.89359790286419, 137.6298700711059], [105.36140018359765, 137.02632348862386], [105.84632324712035, 136.43644254230554], [106.3474693489243, 135.8602787212451], [106.86399046247078, 135.29785524258497], [107.39508687541995, 134.74917253003417], [107.9400053836056, 134.21421303414462], [108.49803720987221, 133.6929454496476], [109.06851574898074, 133.185328389465], [109.65081421730883, 132.69131357573485], [110.24434326805263, 132.21084860633414], [110.84854861723798, 131.74387935226835], [111.46290871304754, 131.29035203721614], [112.08693247174197, 130.85021504606215], [112.72015709497782, 130.4234205048124], [113.36214597730725, 130.00992566992377], [114.01248670809261, 129.60969416116347], [114.67078916785836, 129.22269706839657], [115.33668371663491, 128.84891395957726], [116.00981946952768, 128.48833381448804], [116.68986265289792, 128.14095590637916], [117.3764950333574, 127.80679065185188], [118.06941241059502, 127.48586044785533], [118.7683231640417, 127.17820051357911], [119.4729468424762, 126.88385975436344], [120.18301278470489, 126.60290166446538], [120.89825875838248, 126.3354052856264], [121.61842960277646, 126.08146623888416], [122.34327585975662, 125.84119784799418], [123.07255237540033, 125.6147323741864], [123.80601685224741, 125.40222238385282], [124.54342832925927, 125.20384227327962], [125.28454556277562, 125.0197899773213], [126.02912527701214, 124.8502888931508], [126.77692024661327, 124.69559005438697], [127.52767716608761, 124.55597459694664], [128.28113425115862, 124.4317565646317], [129.03701850452032, 124.32328611076584], [129.7950425622864, 124.23095316224337], [130.55490101660888, 124.15519162402971], [131.31626608262897, 124.09648421667343], [132.07878244254266, 124.05536805574529]], {"i0": 0.3250639259931609, "spread": 0.5108112511791607, "falloff": 0.9794787962131593}]], "disk": {"i0": 0.22509695832445162, "n": 1.0, "c": 2.0, "mu": [136.7491475907973, 135.86981352577058], "roll": 3.0759013273446754, "rEff": 31.367593107593894, "axRatio": 0.5751730746461949}, "bulge": {"i0": 0.17316020297095497, "n": 1.8120655453160845, "c": 2.0, "mu": [136.50847706982194, 135.0309598069374], "roll": 1.9515821801336775, "rEff": 4.526006936713419, "axRatio": 0.7675047030205571}, "bar": null}