{"spiral": [[[[152.6579912673034, 87.67549176669962], [153.7310926057888, 89.5358492500838], [154.7146139416963, 91.44508421047821], [155.60720517552284, 93.39848854131918], [156.407738374036, 95.39139307016363], [157.1152795952438, 97.41918011841318], [157.7290609007373, 99.47729064507872], [158.2484531673777, 101.56122632701279], [158.67294016889335, 103.66654695154371], [159.00209427829145, 105.78886348780996], [159.23555403522496, 107.92382715882744], [159.37300374799645, 110.06711477218734], [159.4141552503369, 112.21441048610252], [159.3587319103522, 114.36138409389774], [159.2064549940063, 116.5036658074642], [158.95703251950982, 118.6368174110361], [158.61015080449474, 120.75629954239919], [158.16546900892732, 122.8574347374405], [157.62261712273633, 124.93536575902027], [156.98119804423027, 126.98500860173336], [156.24079466465173, 129.00099946407195], [155.40098322886254, 130.97763487533092], [154.46135471433047, 132.90880412158685], [153.42154658850654, 134.78791313703513], [152.28128810843154, 136.60779919073553], [151.04046335875668, 138.3606360819622], [149.69919750922588, 140.03783034626764], [148.25797332990928, 141.62991032475762], [146.71778674710353, 143.12641227187072], [145.08035196577225, 144.51577134610838], [143.34836791435546, 145.78523097779353], [141.5258575702998, 146.92079226730482], [139.618588379714, 147.90723616338173], [137.63457294080519, 148.7282646589529], [135.584630894507, 149.36682077746124], [133.48296234288586, 149.80565480397533], [131.34763980810723, 150.0281954580782], [129.20087734565195, 150.0197451475464], [127.06890305555963, 149.76893670133376], [124.98127876574283, 149.26927092711844], [122.9696094833128, 148.52043886123167], [121.0657617543136, 147.52908922198213], [119.29990066331342, 146.3087920391938], [117.69875624804634, 144.87916757881763], [116.28447115998465, 143.2644001363221], [115.07418856823658, 141.49151329892243], [114.08031846717691, 139.58878376744602], [113.31127439494232, 137.58455031634463], [112.77243619629976, 135.50652042205098], [112.46713835714996, 133.3815608961]], {"i0": 0.015494272485284023, "spread": 2.4900147086624216, "falloff": 0.019349500326412007}], [[[101.5317988654627, 148.55735114117346], [100.75527609415138, 146.75266486353868], [100.08288520775407, 144.90663985456334], [99.51492985935933, 143.02584786560772], [99.05145757613438, 141.11661368159469], [98.69232133354745, 139.1850266063607], [98.437233112155, 137.236961188495], [98.2858094443474, 135.27810522248106], [98.23760923007022, 133.31399347622437], [98.29216422990383, 131.3500460041431], [98.4490026569306, 129.39161027563918], [98.70766621233254, 127.44400667256528], [99.06772076086962, 125.51257718214748], [99.52876063093741, 123.60273733201355], [100.09040625241477, 121.7200315792011], [100.75229451030253, 119.8701924688573], [101.51406078440085, 118.05920390662101], [102.3753111527282, 116.29336881673215], [103.3355826440925, 114.57938124904359], [104.3942887294439, 112.92440256473718], [105.5506464377586, 111.33614062405894], [106.80358062084665, 109.82292971545974], [108.1516000522056, 108.39380719333073], [109.59263943568203, 107.05858016298184], [111.1238613821166, 105.82787186167644], [112.74141360048618, 104.7131324805838], [114.44013986059907, 103.72659317036461], [116.21324998515634, 102.88113552550342], [118.05196554922459, 102.1900436730135], [119.94517489984348, 101.66660539481883], [121.87915261927526, 101.32353733548308], [123.83741997458861, 101.17223278990826], [125.80083474871633, 101.22187195611481], [127.74798766033703, 101.47848960678753], [129.65593718193264, 101.94414767673271], [131.5012364215196, 102.61638373319042], [133.2611171954859, 103.48807626734045], [134.91463571223377, 104.54778115727711], [136.44358423927844, 105.78047902555795], [137.83303744048143, 107.16857831555647], [139.0715009168491, 108.69298108817847], [140.15071961515255, 110.33404312260596], [141.06525530179994, 112.07232287363031], [141.81195041427875, 113.88908244586483], [142.3893741136453, 115.76655516777643], [142.7973135987372, 117.68802144136065], [143.03634333783165, 119.63774129562465], [143.10748298585773, 121.60078641032374], [143.01194222912366, 123.562803398728], [142.75094591288482, 125.50972841230582]], {"i0": 0.021507643265944912, "spread": 1.5338729251826946, "falloff": 0.01}]], "disk": {"i0": 0.10372014683409897, "n": 1.0, "c": 2.0, "mu": [127.14611687820212, 125.25378610853507], "roll": 1.2398079595217284, "rEff": 46.18600294332817, "axRatio": 0.47091723858004625}, "bulge": {"i0": 0.6219498153224974, "n": 0.7322883167026742, "c": 2.0, "mu": [126.69589578544853, 125.1559927668717], "roll": 1.2821690811788349, "rEff": 3.9489893311654276, "axRatio": 0.8001241013725525}, "bar": null}