{"spiral": [[[[81.54147085291815, 74.19967413094847], [81.67305501817033, 74.93815444632833], [81.74237330633679, 75.68503951602345], [81.74655312749233, 76.43510586491341], [81.68333368976216, 77.18249906868638], [81.55131995180042, 77.92083888687672], [81.35021745048537, 78.6434155267123], [81.08100263085879, 79.34346998714435], [80.74598567731601, 80.01452813048024], [80.34874064851198, 80.6507382139215], [79.89390720469122, 81.24715493533542], [79.38689843275763, 81.79992445672846], [78.83356791752351, 82.30635019137466], [78.23989009118898, 82.76484746593664], [77.61169385217984, 83.17481570819143], [76.95446901721712, 83.5364646105604], [76.27324673786784, 83.85062742753118], [75.57254307880606, 84.1185852501883], [74.85634993250241, 84.34191571892919], [74.12815743702525, 84.52237116896319], [73.39099469971266, 84.66178562832317], [72.6474790847458, 84.76200712746163], [71.89986754126657, 84.8248506822478], [71.15010601007847, 84.85206732490563], [70.39987477533828, 84.84532511466087], [69.65062883963057, 84.80619880390148], [68.90363314614646, 84.73616557431428], [68.15999288818168, 84.63660489880257], [67.42067935875218, 84.50880110820579], [66.6865518718209, 84.35394764600596], [65.9583762915546, 84.17315229749279], [65.23684067425837, 83.96744290546535], [64.52256847228169, 83.73777324285065], [63.816129693951815, 83.48502882976705], [63.11805035568304, 83.21003256194145], [62.42882051070689, 82.91355007344079], [61.74890109304767, 82.59629479509937], [61.07872977528175, 82.25893269479722], [60.41872600578024, 81.90208670436729], [59.769295361696734, 81.52634084641561], [59.13083333128899, 81.13224408334979], [58.50372861855728, 80.72031391247306], [57.88836604728355, 80.29103973445294], [57.285129127518665, 79.8448860223892], [56.69440233608882, 79.38229531855423], [56.11657315298312, 78.90369108534394], [55.5520338871862, 78.40948043598475], [55.00118331838199, 77.90005676945114], [54.46442817468339, 77.37580233291463], [53.94218446097574, 76.83709073379667]], {"i0": 0.02995689110918439, "spread": 0.0, "falloff": 0.01}], [[[59.0167594641161, 71.19272023296284], [58.74328871123753, 70.34153617301533], [58.53352625214634, 69.47247615266721], [58.39187236449363, 68.5897754105882], [58.32263841906093, 67.69848959127629], [58.329816364978015, 66.80457263307464], [58.41678326005464, 65.91489212353704], [58.585958459433606, 65.03714871760461], [58.83845320125192, 64.179671900554], [59.17377346895053, 63.35108406027019], [59.58964603169102, 62.55985783690734], [60.08202380460317, 61.81382840877598], [60.64528848192263, 61.119746025837024], [61.27261835386485, 60.48295034422922], [61.95644891769299, 59.907215942326744], [62.688940303711, 59.394772402704525], [63.46238039731859, 58.94646291130337], [64.2694837651533, 58.561985774066684], [65.10357833259161, 58.240164281450625], [65.95869394957606, 57.979204145044], [66.82957713623698, 57.77691498927669], [67.71165720052936, 57.630886965037114], [68.60098480992151, 57.53862320288299], [69.49415838892483, 57.49763386448283], [70.38824838456853, 57.50549931701055], [71.28072526991649, 57.559909819747425], [72.16939424687983, 57.658688090647075], [73.05233775074042, 57.799799837012564], [73.92786576267775, 57.98135610551848], [74.79447336124719, 58.201610270870326], [75.65080468234392, 58.45895166168444], [76.49562238875534, 58.75189720508139], [77.32778178055516, 59.07908201763096], [78.14620875817933, 59.439249545613045], [78.949880948504, 59.83124162859571], [79.73781140320003, 60.253988697486406], [80.50903437366463, 60.70650021063011], [81.2625927483557, 61.18785535028856], [81.99752681217358, 61.69719395027784], [82.71286404999327, 62.2337075861994], [83.40760977148197, 62.79663073092079], [84.08073838332436, 63.38523185588986], [84.73118518001326, 63.99880434013171], [85.35783856789145, 64.63665703198586], [85.95953268160831, 65.29810429296413], [86.53504040004162, 65.9824553384168], [87.08306682282128, 66.68900267651708], [87.60224333176865, 67.41700943692062], [88.09112243685219, 68.16569537592139], [88.54817369655788, 68.93422135001637]], {"i0": 0.09966912810709457, "spread": 41.65999960797312, "falloff": 0.3697651239856754}]], "disk": {"i0": 0.12532110811213887, "n": 1.0, "c": 2.0, "mu": [71.22110637822523, 72.52207701399553], "roll": 2.5454327458479913, "rEff": 27.42230197789753, "axRatio": 0.5946742313713224}, "bulge": {"i0": 0.8560897954195638, "n": 0.4286765346293485, "c": 2.0, "mu": [70.81330285193678, 71.78920966378614], "roll": 1.943146517297839, "rEff": 2.864123906307899, "axRatio": 0.5218475991252343}, "bar": null}