{"spiral": [[[[93.07690281763735, 78.8179534432808], [93.6099117507202, 78.45036172157583], [94.14809237162997, 78.09038498916172], [94.69155003337184, 77.7384265413234], [95.24039463856806, 77.39493006061882], [95.79474023046214, 77.06038509198294], [96.35470433650526, 76.73533344793466], [96.92040697041419, 76.42037673038571], [97.49196916322248, 76.11618519071824], [98.0695108451421, 75.82350820397816], [98.653147831298, 75.54318668572488], [99.24298756830834, 75.27616784814805], [99.83912316329422, 75.02352276455457], [100.44162502517761, 74.7864672899571], [101.05052917924586, 74.56638694394039], [101.6658209354044, 74.36486639716527], [102.28741206307564, 74.183724135316], [102.91510890031336, 74.02505263487777], [103.54856786440243, 73.89126378148067], [104.18723362910856, 73.78513800694968], [104.83025391081115, 73.70987320590316], [105.47636376305609, 73.66912516703424], [106.12373257505203, 73.6670239839208], [106.76977082433757, 73.70813980425774], [107.41090509312949, 73.79735672128048], [108.04235450733897, 73.93960022961545], [108.65798319510424, 74.13936493243312], [109.25035259793624, 74.40002981042998], [109.81111722783196, 74.72305159630646], [110.33183401895725, 75.10727317869146], [110.80505841967938, 75.54866881456239], [111.22537903731704, 76.04073428831607], [111.59000078491057, 76.5754260500567], [111.89870733785177, 77.14428508838293], [112.15334005051886, 77.73936399614995], [112.35708436616122, 78.3537709420001], [112.513809382692, 78.9818536703069], [112.62757690610425, 79.61914675251579], [112.70233139873616, 80.26220579665676], [112.74173299054246, 80.90841191983755], [112.74908651538354, 81.55578947039699], [112.72732789275354, 82.20285327959888], [112.67904121184333, 82.84848770915482], [112.60649000820938, 83.49185383965452], [112.51165327175045, 84.13231946103058], [112.39626116549951, 84.76940670286298], [112.26182804678466, 85.40275297374636], [112.10968184694529, 86.0320818076923], [111.94098963572027, 86.657181040249], [111.7567795771746, 87.27788639621437]], {"i0": 0.10700185264490189, "spread": 0.5149118838895664, "falloff": 0.9647460598615087}], [[[106.89741385417953, 108.47278076522541], [106.38304642395042, 108.922602946063], [105.8635438968403, 109.36648431497579], [105.33881765517219, 109.80417778890893], [104.80877262431635, 110.23541448564545], [104.27330692924053, 110.65990109326802], [103.7323115478755, 111.07731682937093], [103.18566997058933, 111.48730990886261], [102.63325788094532, 111.8894934250115], [102.07494287946007, 112.28344052501556], [101.51058428176593, 112.66867873220778], [100.94003303695685, 113.04468323250534], [100.3631318319334, 113.41086889578325], [99.77971547710904, 113.76658074690083], [99.18961171092023, 114.11108252358675], [98.59264262298555, 114.44354286626238], [97.9886269867917, 114.7630185602908], [97.37738392813574, 115.06843409934827], [96.7587385569245, 115.35855664381022], [96.13253049259177, 115.63196520973852], [95.49862666986705, 115.88701264753017], [94.85694050377998, 116.1217786666191], [94.20746054062054, 116.33401190683249], [93.55029330518562, 116.52105897681251], [92.88572740274674, 116.6797788384563], [92.21432931918181, 116.80644256934923], [91.53708589050437, 116.89662282909829], [90.85561357608414, 116.94508684803054], [90.17245794140587, 116.94572586599499], [89.49150075237168, 116.8915883745139], [88.81845987266382, 116.77513673657766], [88.16138032568747, 116.58890008793995], [87.53085361543901, 116.32668311093892], [86.93953114377507, 115.98527745937973], [86.400563312916, 115.56613903539295], [85.92518132616382, 115.07605281844147], [85.52047059936366, 114.52609579293514], [85.18850251163902, 113.92931484779925], [84.92705154618521, 113.29835758935945], [84.7311490276031, 112.64399769344088], [84.59460136081451, 111.974668902386], [84.5110486366499, 111.29663658541013], [84.47454503944934, 110.61441729424283], [84.47980270946547, 109.93121694027374], [84.5222435391202, 109.24929692894396], [84.59795809959623, 108.57025150152951], [84.70362839355688, 107.89520800497546], [84.83644310180074, 107.22496827553819], [84.99401815681898, 106.56010759611283], [85.17432734845362, 105.90104393127147]], {"i0": 0.023475941165224466, "spread": 0.4820627030909456, "falloff": 0.9831912699777707}]], "disk": {"i0": 0.23004091286308112, "n": 1.0, "c": 2.0, "mu": [97.25099559632046, 96.50177057620893], "roll": 0.9032271923752542, "rEff": 36.88977766544517, "axRatio": 0.398708583583402}, "bulge": {"i0": 0.1155598912913581, "n": 2.997673256812183, "c": 2.0, "mu": [97.06679300380256, 96.66124593986912], "roll": 0.8934468502891785, "rEff": 7.230874161398753, "axRatio": 0.19189998710425005}, "bar": null}