{"spiral": [], "disk": {"i0": 0.16297283027736567, "n": 1.0, "c": 2.0, "mu": [48.29697562608668, 47.12825522651218], "roll": 1.1490231736665002, "rEff": 15.52678838023252, "axRatio": 0.3469103207819026}, "bulge": {"i0": 0.8359769622143143, "n": 1.7010638731466607, "c": 2.0, "mu": [48.22674403372792, 47.17977240225895], "roll": 1.69405213539846, "rEff": 2.5389774778634675, "axRatio": 0.743667294788048}, "bar": null}