{"spiral": [], "disk": {"i0": 0.12196303689766774, "n": 1.0, "c": 2.0, "mu": [50.16075522466997, 48.33980867434382], "roll": 0.8063504268297705, "rEff": 16.93073009781549, "axRatio": 0.6008976088883214}, "bulge": {"i0": 0.737949286269219, "n": 0.9221973756150421, "c": 2.0, "mu": [49.84031344912091, 48.51719921899019], "roll": 0.7193440353618616, "rEff": 2.028294942251438, "axRatio": 0.9402904914691019}, "bar": {"i0": 0.0, "n": 0.510802145750004, "c": 2.0145031150267143, "mu": [49.47638458978624, 49.013868673634285], "roll": 0.8045047515319702, "rEff": 3.8701690147870056, "axRatio": 0.25274599600214737}}