{"spiral": [], "disk": {"i0": 0.21353068749038492, "n": 1.0, "c": 2.0, "mu": [88.27280139128428, 88.67037423379332], "roll": 0.08314193256680293, "rEff": 52.57237912545086, "axRatio": 0.6459868854418093}, "bulge": {"i0": 0.43102003914436565, "n": 0.9669763209579132, "c": 2.0, "mu": [89.14155875299066, 88.7488751446896], "roll": 2.7310233936246417, "rEff": 4.413410971491849, "axRatio": 0.7449507396394709}, "bar": null}