{"spiral": [[[[116.43482087920901, 119.5298981905755], [115.63929951303824, 120.46760665154979], [114.7936064449355, 121.36030347236272], [113.89734112493291, 122.20218293565743], [112.95073915521002, 122.98700235139479], [111.9548429975895, 123.70820245635876], [110.91166643885413, 124.35909687694955], [109.8243268161083, 124.93313440357953], [108.69711319864064, 125.42422412790025], [107.53545962615183, 125.82709536616093], [106.34580352983312, 126.13764664954515], [105.13533063753506, 126.35322838400636], [103.91163371939068, 126.47280876397043], [102.68233404129134, 126.49699351486123], [101.45472247980037, 126.427900757615], [100.2354688623275, 126.26892148177315], [99.03042772676334, 126.0244137247378], [97.84454523128983, 125.69938082106549], [96.6818534293473, 125.29917409468047], [95.54552834983078, 124.82924472548025], [94.43798674496415, 124.29495436551643], [93.36100009725187, 123.70144290079523], [92.31581037799627, 123.05354535374114], [91.3032379152089, 122.35574747468499], [90.3237764236962, 121.61216968156295], [89.37767353079059, 120.82657044705577], [88.46499713128071, 120.00236210833619], [87.58568896767387, 119.14263390337393], [86.73960726640442, 118.2501785874319], [85.92656032211652, 117.32752019387111], [85.14633278673448, 116.37694139842573], [84.39870619851835, 115.40050957939027], [83.6834750440127, 114.40010109748613], [83.00045941663932, 113.37742360633234], [82.34951513451146, 112.33403638695927], [81.7305420133811, 111.27136880964831], [81.14349085465409, 110.19073709613448], [80.58836960447927, 109.09335958750647], [80.06524905862942, 107.98037074598992], [79.5742684308174, 106.85283412655878], [79.11564106180327, 105.71175456277652], [78.68966052209356, 104.55808981982814], [78.29670735170734, 103.39276198079625], [77.9372566817016, 102.21666885514975], [77.61188699659759, 101.03069573231178], [77.32129032300664, 99.83572785417384], [77.06628416762055, 98.63266405388953], [76.84782557902035, 97.4224321121938], [76.66702777184237, 96.20600652811093], [76.52517982974194, 94.98442960426405]], {"i0": 0.0, "spread": 12242.311866650858, "falloff": 1.1631062624565498}], [[[68.78380618578505, 74.20787200630764], [69.30519646277392, 73.27664764149453], [69.86644923883216, 72.36890374583821], [70.46910458996645, 71.4881180812066], [71.11459580779102, 70.63824347353238], [71.8041624359305, 69.82374495528337], [72.5387368486311, 69.04961982737743], [73.31880264735952, 68.3213882797765], [74.14422732178114, 67.64503894050192], [75.01407863638083, 67.02691204107649], [75.9264439528762, 66.47350507803151], [76.87828257915906, 65.99119447778324], [77.86534930286642, 65.58588343257023], [78.88222683269139, 65.26260909147625], [79.92249089060095, 65.02516502809176], [80.97900405046373, 64.87580668030763], [82.04430101150209, 64.81509900331527], [83.11100243345726, 64.84193591338456], [84.17218857600201, 64.95372070617928], [85.22167983462276, 65.14666194427922], [86.25420016108909, 65.41612285770499], [87.26542820603126, 65.75696617448266], [88.25196024511513, 66.16385351775536], [89.21121597831102, 66.63147928180862], [90.14131595819063, 67.15473604752383], [91.04095236350113, 67.7288192889675], [91.90926694301264, 68.34928381323124], [92.74574333819726, 69.01206493871649], [93.55011633883349, 69.71347577890438], [94.32229779467998, 70.45018956649884], [95.06231744034476, 71.21921353497768], [95.77027631312865, 72.01785882796423], [96.4463103830142, 72.84370933367201], [97.09056221149004, 73.6945912031968], [97.70315875550168, 74.56854402537127], [98.28419374711481, 75.46379410817988], [98.83371336516237, 76.37872998018028], [99.3517041545209, 77.3118800145886], [99.83808233756167, 78.26189194892726], [100.29268380291016, 79.2275139922425], [100.71525415327794, 80.20757715681282], [101.1054382510529, 81.20097840504158], [101.4627687208865, 82.20666415118875], [101.78665285438925, 83.22361358965861], [102.07635731064819, 84.25082122365838], [102.33098991961407, 85.28727782310658], [102.54947776052845, 86.33194882727275], [102.73054050581999, 87.3837488917695], [102.87265777570475, 88.44151081200408], [102.97402893730278, 89.50394635935858]], {"i0": 0.21470204665805595, "spread": 9096.92305998471, "falloff": 0.6512407237966156}]], "disk": {"i0": 0.0, "n": 1.0, "c": 2.0, "mu": [91.86392111513406, 92.39858647503436], "roll": 1.888932144142682, "rEff": 34.52289230763141, "axRatio": 0.5694910872451368}, "bulge": {"i0": 0.5516631209417221, "n": 0.27575816711939777, "c": 2.0, "mu": [92.36654053520806, 91.74884001342559], "roll": 2.5461397320407153, "rEff": 6.458114078388306, "axRatio": 0.88860926660441}, "bar": null}