{"disk": {"mux": 42.89725050694816, "muy": 40.58800072931879, "roll": 2.339031793852944, "Re": 12.78747028867458, "q": 0.7913216492563786, "I": 0.11191822774562671, "n": 1.0, "c": 2.0}, "bulge": {"mux": 42.48147334090089, "muy": 39.822587815868545, "roll": 1.4700488797231912, "Re": 0.5850861556528609, "q": 0.7753605513929771, "I": 0.0, "n": 1.558583875302337, "c": 2.0}, "bar": {"mux": 42.38015922833822, "muy": 40.02135131818954, "roll": 3.1415899932834326, "Re": 2.158121107917587, "q": 0.011301301661753079, "I": 5.072936474439298, "n": 1.1419217025922954, "c": 2.0451002457653242}, "spiral": []}