{"spiral": [[[[74.55193371231557, 62.37190914703159], [75.34636266284404, 63.13933844787727], [76.06060913199238, 63.98160090425779], [76.65812762197424, 64.90974484239287], [77.07708290175499, 65.9298406813731], [77.22173458640964, 67.02102742545871], [76.9981609291009, 68.09694915008059], [76.41801009596959, 69.03155519801956], [75.59834787674356, 69.76858475765474], [74.64696835806666, 70.32795987442321], [73.6254726722964, 70.7473967341656], [72.56552431422841, 71.05807034317354], [71.48385295554172, 71.28236890481794], [70.3898438752911, 71.43611483853002], [69.28909324492074, 71.53067596988275], [68.18512636422551, 71.5744161132771], [67.08027511923578, 71.57363454104099], [65.97615205379721, 71.53317478095008], [64.87392008366795, 71.45682641628852], [63.77445319072059, 71.34759645408982], [62.678436215883075, 71.2078969012946], [61.586429241040406, 71.03967722416982], [60.49891067757185, 70.84451967175775], [59.416307198586, 70.62370897494141], [58.33901538429103, 70.37828394664152], [57.26741810421925, 70.10907601440623], [56.201897584753034, 69.81673808679331], [55.14284647624072, 69.50176610340755], [54.09067785518692, 69.16451489371713], [53.0458348779207, 68.8052094743159], [52.00880068649782, 68.42395256044524], [50.9801091264578, 68.02072880595266], [49.96035685535778, 67.59540608489013], [48.95021749796746, 67.14773396461933], [47.950458644790345, 66.67733937971452], [46.96196271090303, 66.1837193876146], [45.985752999912094, 65.66623076428318], [45.023026798025796, 65.12407607939889], [44.075198026257915, 64.5562857819206], [43.143953014088225, 63.961695749524985], [42.23132449654152, 63.338919761176385], [41.339791253340856, 62.686316553326556], [40.47241428494913, 62.001951785576466], [39.633025758097936, 61.283556870897456], [38.826494908299296, 60.52849044456996], [38.059106839312655, 59.73371666976794], [37.339106028440504, 58.89583298392966], [36.677473142505434, 58.01121930440461], [36.08900467739572, 57.07646236225888], [35.59368942266361, 56.08936467906253]], {"i0": 0.27606981837516686, "spread": 0.07407724991647363, "falloff": 0.9441475019594741}]], "disk": {"i0": 0.31904297598369874, "n": 1.0, "c": 2.0, "mu": [59.611142543844196, 61.38796499886291], "roll": 2.7766687666482572, "rEff": 20.403335964020542, "axRatio": 0.3517682100369723}, "bulge": null, "bar": null}