{"spiral": [[[[83.91635789804583, 88.14875601476041], [83.32163284889306, 88.91190874763207], [82.6782822506655, 89.63454881527942], [81.9896105258156, 90.31414265023281], [81.25896717065483, 90.94840131100304], [80.48974364707472, 91.53527923811203], [79.68536793936575, 92.072974965104], [78.84929667331812, 92.55993292056068], [77.98500483595592, 92.99484551789718], [77.0959732661518, 93.37665480474446], [76.18567420577732, 93.70455303373318], [75.25755530360004, 93.97798162481867], [74.31502254469099, 94.19662811215937], [73.36142263177018, 94.36042080422037], [72.40002536938457, 94.46952102398772], [71.43400659482026, 94.52431293536881], [70.46643216347327, 94.52539108890137], [69.50024343455065, 94.47354593044709], [68.5382446203172, 94.36974760532678], [67.58309226689464, 94.21512845159107], [66.63728703272152, 94.0109646110504], [65.7031678312519, 93.75865719379767], [64.7829083109875, 93.45971341667922], [63.87851556726669, 93.11572809970774], [62.99183091337638, 92.72836585590515], [62.124532493208456, 92.29934424996011], [61.27813948498418, 91.83041813925398], [60.45401763112504, 91.32336534780374], [59.65338582878085, 90.77997376500097], [58.877323522657406, 90.20202990863825], [58.12677866285613, 89.591308946699], [57.402576010882, 88.94956613596479], [56.70542560605683, 88.2785296073501], [56.03593123185233, 87.5798944076131], [55.39459874986832, 86.8553176938289], [54.7818441950605, 86.106414969305], [54.19800155233675, 85.33475724832228], [53.64333015317515, 84.54186903697777], [53.118021652654726, 83.7292270231656], [52.62220656179503, 82.89825937448424], [52.15596032345515, 82.05034555055195], [51.719308930819714, 81.18681654471531], [51.31223409607903, 80.308955479151], [50.93467798283012, 79.41799848562569], [50.586547520180126, 78.51513581204925], [50.26771832091897, 77.60151310440226], [49.97803822653619, 76.67823281869829], [49.717330504061756, 75.74635572555347], [49.48539671986884, 74.80690247570541], [49.282019315081726, 73.86085519953937]], {"i0": 0.02274803556805005, "spread": 17.908276628805055, "falloff": 0.014518353434702657}], [[[61.73041024934625, 75.16764922992152], [61.743588837041806, 74.0942194167358], [61.82208188613897, 73.02357792751083], [61.96482139109483, 71.95959124162201], [62.17062227476585, 70.9059808019674], [62.43819016790349, 69.86633564426842], [62.76612604946224, 68.84412363852836], [63.152928246307205, 67.84270105419252], [63.59699225913946, 66.86532022862711], [64.09660885648994, 65.91513517206634], [64.6499608594391, 64.99520498432281], [65.25511902949144, 64.10849499726514], [65.91003746772627, 63.257875594229155], [66.61254893350319, 62.44611869715512], [67.36036049405209, 61.67589195770186], [68.15104991817674, 60.94975074093736], [68.98206322487171, 60.27012805063333], [69.85071378692456, 59.639322613252155], [70.75418336668703, 59.05948541172564], [71.68952542297482, 58.53260503750203], [72.653670970835, 58.06049230458827], [73.64343719910735, 57.644764637172315], [74.6555389558265, 57.28683079957154], [75.68660309658571, 56.98787656846452], [76.73318556789906, 56.7488519605024], [77.79179096515206, 56.57046060128318], [78.85889417899425, 56.45315177095023], [79.93096362836, 56.397115569562246], [81.00448548641647, 56.40228152935977], [82.07598824324502, 56.46832086067103], [83.14206692267176, 56.594652364360314], [84.1994062828854, 56.78045188783075], [85.24480238026348, 57.0246650546721], [86.2751819587259, 57.32602287042049], [87.28761923578347, 57.6830597066868], [88.27934978300864, 58.094133097938595], [89.24778132872693, 58.55744475543097], [90.19050144362906, 59.07106220108701], [91.10528218409577, 59.632940459714625], [91.99008187300052, 60.24094330071261], [92.84304427294416, 60.89286359644643], [93.66249546549217, 61.58644244621007], [94.44693878246751, 62.319386802219576], [95.19504814792687, 63.089385418616175], [95.9056601849206, 63.89412302231926], [96.57776542282583, 64.73129267301476], [97.21049891128048, 65.59860633648533], [97.80313051361205, 66.49380374086377], [98.35505511351619, 67.41465961935302], [98.86578292897202, 68.35898946574619]], {"i0": 0.04181571159771331, "spread": 23.213364303941376, "falloff": 0.1300212073195884}]], "disk": {"i0": 0.21919830102242802, "n": 1.0, "c": 2.0, "mu": [77.52106783994685, 75.74555750254251], "roll": 0.15902626218021176, "rEff": 33.73171990525241, "axRatio": 0.9999572087421003}, "bulge": {"i0": 0.5744833627500288, "n": 0.6539746446832811, "c": 2.0, "mu": [77.83914819877101, 76.59500802569661], "roll": 1.7485487429270001, "rEff": 3.8415631324697586, "axRatio": 0.4756300682491801}, "bar": null}