{"spiral": [[[[92.82654465821749, 56.88130624862732], [93.34770249366032, 57.397734850534846], [93.8427877722193, 57.93920392381232], [94.30988382812902, 58.50499011828416], [94.74712746535127, 59.09414698833793], [95.15274914944433, 59.70550173314341], [95.5251143744953, 60.33766018912707], [95.8627637797908, 60.9890207834697], [96.16444937416892, 61.65779741378134], [96.42916431701597, 62.34205038159428], [96.65616413020251, 63.03972370372145], [96.84497793534557, 63.74868649390055], [96.99540920883769, 64.4667757601134], [97.10752649451797, 65.19183794868808], [97.18164533938945, 65.92176687433327], [97.218303325884, 66.6545362245753], [97.21823038943248, 67.38822550682079], [97.18231664181847, 68.1210389958743], [97.11157972018832, 68.85131784636103], [97.00713331998907, 69.57754599111105], [96.87015814079415, 70.29835074180887], [96.70187603696147, 71.01249914011316], [96.50352777936975, 71.71889111835165], [96.27635452081086, 72.41655044606411], [96.02158282845096, 73.10461430487649], [95.74041299541021, 73.78232217862053], [95.43401025839387, 74.44900458814072], [95.10349851434032, 75.10407205724586], [94.74995613127221, 75.747004573715], [94.37441347422525, 76.37734170975632], [93.97785180618094, 76.99467348908524], [93.5612032689063, 77.59863203037646], [93.1253516944509, 78.18888395600378], [92.67113404162794, 78.76512352734454], [92.19934229136933, 79.32706645042519], [91.71072566960868, 79.874444285673], [91.20599309620786, 80.40699939083979], [90.68581578368101, 80.92448032507657], [90.15082993056626, 81.42663764335492], [89.60163947184886, 81.91322001298964], [89.03881886346642, 82.38397058721381], [88.46291589022616, 82.83862357409447], [87.87445449700901, 83.27690094221944], [87.27393765244852, 83.69850920730123], [86.66185026285035, 84.1031362459969], [86.0386621624292, 84.49044808475122], [85.40483121444196, 84.8600856123067], [84.76080656695801, 85.21166116470516], [84.10703211733049, 85.54475493112751], [83.44395025150536, 85.858911127963]], {"i0": 0.021744122067501506, "spread": 2.5632332824603115, "falloff": 0.5061447427235056}]], "disk": {"i0": 0.18632958119742726, "n": 1.0, "c": 2.0, "mu": [74.98224921843102, 76.57546691571983], "roll": 0.6266170436714963, "rEff": 47.2554005260218, "axRatio": 0.7189600380537758}, "bulge": {"i0": 0.02389153061084747, "n": 2.2673665746147185, "c": 2.0, "mu": [75.87970346680846, 76.05755437957245], "roll": 0.3857042941494652, "rEff": 16.917792020505452, "axRatio": 0.19825449932490594}, "bar": null}