{"spiral": [], "disk": {"i0": 0.10610784223960552, "n": 1.0, "c": 2.0, "mu": [50.160758234858825, 48.33980925414574], "roll": 0.8063503771655582, "rEff": 16.94017106419895, "axRatio": 0.5324556805426136}, "bulge": {"i0": 0.15760839981993086, "n": 0.7352667878452623, "c": 2.0, "mu": [49.8403136542614, 48.517198667982015], "roll": 0.7193406964620014, "rEff": 2.0224193583151466, "axRatio": 0.9359156370341616}, "bar": {"i0": 0.0, "n": 0.4867232690196811, "c": 2.008075673826877, "mu": [49.47574907749012, 49.013263810006386], "roll": 0.8045037636401079, "rEff": 3.868408851949744, "axRatio": 0.2526307802487999}}