{"disk": {"I": 0.018139803300612992, "Re": 29.206548260835575, "c": 2.0, "mux": 44.81982890413377, "muy": 45.8856700733423, "n": 1.0, "q": 0.28792533298787976, "roll": 2.7210395362181163}, "bulge": null, "bar": null, "spiral": [[[[56.94700661207154, 59.639289792439676], [56.5980985850706, 59.62641852339732], [56.25021719965676, 59.59671466532473], [55.90410778118712, 59.55074229977023], [55.560433591039384, 59.48914109725493], [55.219772278016244, 59.412603477759745], [54.88261644964839, 59.321853614874136], [54.54937743264473, 59.217629127044155], [54.22039126182341, 59.10066586340447], [53.89592602594941, 58.97168584121081], [53.576189844241576, 58.831388144787], [53.26133892259492, 58.68044244800763], [52.95148529918809, 58.5194847526101], [52.64670403345564, 58.34911492567861], [52.34703970155596, 58.16989564407524], [52.052512146146015, 57.9823524018594], [51.76312148371402, 57.78697428952895], [51.478852409861524, 57.58421530906519], [51.199677863549304, 57.3744960387026], [50.92556212088366, 57.158205503994395], [50.65646339159978, 56.93570314831035], [50.392335988958074, 56.70732082484076], [50.13313213875357, 56.47336475490375], [49.87880348687797, 56.23411741510621], [49.62930235817845, 55.98983932919083], [49.384582812854916, 55.7407707502321], [49.14460154065847, 55.48713322598819], [48.90931862787833, 55.22913104523499], [48.678698227573655, 54.96695256647891], [48.45270915980407, 54.700771432628144], [48.23132546570011, 54.430747676610785], [48.01452693700061, 54.157028723826045], [47.80229964132193, 53.879750297477344], [47.59463646276218, 53.59903723288449], [47.39153767757204, 53.31500420664018], [47.19301158565816, 53.027756386030745], [46.99907522066862, 52.73739000366322], [46.809755164590776, 52.443992861661584], [46.625088497461626, 52.147644769177], [46.445123919357485, 51.84841791634623], [46.26992309097428, 51.54637718722107], [46.099562251639824, 51.241580413688126], [45.93413419116094, 50.93407857192535], [45.773750676225056, 50.62391592280466], [45.61854546654375, 50.31113009788737], [45.46867810533886, 49.99575213369847], [45.324338740791625, 49.677806459469195], [45.18575434215487, 49.357310848726996], [45.053196837145464, 49.03427635531617], [44.926993951273985, 48.70870727423725]], {"I": 0.07012017461717696, "falloff": 0.5401647200862381, "spread": 1.3366798113865284}], [[[34.083344846803314, 27.726566890401543], [34.385091721526095, 27.748231062798524], [34.685411923234994, 27.78469758949909], [34.983686092522525, 27.83525517199427], [35.27939160574817, 27.89915565556803], [35.572098053150576, 27.975636727868626], [35.861459758955, 28.06394030415713], [36.147206628647, 28.16332660598876], [36.429134348678915, 28.27308430580355], [36.70709468014394, 28.39253730408183], [36.980986331986514, 28.52104877040791], [37.25074669121919, 28.658023058893782], [37.51634453422941, 28.802906040734275], [37.77777373765614, 28.95518430818865], [38.035047941689086, 29.114383614193233], [38.2881960817799, 29.280066828923324], [38.53725868818099, 29.451831623721358], [38.78228484932244, 29.629308035088233], [39.02332973948641, 29.812156016006206], [39.26045261993923, 30.000063047145623], [39.493715233229125, 30.19274185462415], [39.7231805212626, 30.389928262124613], [39.94891160817354, 30.591379191697623], [40.17097099845132, 30.79687081825907], [40.38941994910537, 31.0061968764865], [40.60431798179357, 31.219167114726577], [40.8157225069072, 31.435605887981207], [41.023688536668146, 31.655350880706443], [41.22826846848391, 31.87825194957752], [41.4295119232659, 32.104170076247364], [41.627465626248835, 32.33297642036853], [41.82217332012993, 32.56455146369156], [42.01367570221237, 32.79878423659763], [42.20201037873791, 33.03557161907744], [42.38721183079344, 33.27481770883437], [42.56931138711978, 33.51643324986493], [42.748337199905905, 33.76033511548219], [42.924314220229355, 34.00644584033707], [43.09726417024113, 34.25469319653962], [43.26720550950981, 34.50500980947942], [43.43415339315282, 34.75733280939532], [43.598119619505134, 35.01160351515066], [43.75911256510815, 35.26776714703731], [43.917137104768614, 35.525772565745726], [44.072194514319264, 35.785572034922076], [44.22428235348346, 36.047121005007654], [44.373394326022336, 36.31037791621368], [44.51952011388714, 36.575304018727394], [44.662645181667344, 36.84186320834219], [44.80275054697693, 37.11002187583751]], {"I": 0.34080183337449416, "falloff": 2.41088626254855, "spread": 12.051406973880889}]]}