{"spiral": [[[[101.60846304524235, 71.30350274699765], [103.73221048195457, 71.85955412288949], [105.83212348152581, 72.49972691795529], [107.90385550517479, 73.22590392477761], [109.94255037271948, 74.04019501399122], [111.94272873660574, 74.94493820511055], [113.89815004736376, 75.94269159798014], [115.80164454689589, 77.03621024260265], [117.64490915529888, 78.22839891153892], [119.41826124898225, 79.52222702048697], [121.11034622900645, 80.92058510459658], [122.70779981212063, 82.42605268536884], [124.19487821298256, 84.04053500511397], [125.5530927570205, 85.76471230786173], [126.76092849978806, 87.59723577826433], [127.79379491704039, 89.53361242213958], [128.62444956574032, 91.56477479181945], [129.22422029774685, 93.6754692806824], [129.56533920166865, 95.84284544405932], [129.62444244133735, 98.03592716025685], [129.38669095293778, 100.2167597547776], [128.8492409000702, 102.34361503632775], [128.02256269763055, 104.37564947603656], [126.92888290825454, 106.27747413231376], [125.59841067821445, 108.02206976692179], [124.06491302947329, 109.59143458103706], [122.36204204862132, 110.975435497935], [120.52102876298864, 112.16980145143675], [118.56966153523463, 113.17404464084814], [116.53216303482769, 113.98971891028927], [114.42957818389324, 114.6191188324305], [112.28040335340098, 115.06436414289564], [110.1013110631842, 115.32676303883221], [107.90791748142671, 115.40634985378416], [105.71560440472571, 115.30151242260384], [103.54045821285514, 115.00864667964017], [101.40044358452418, 114.52179900351906], [99.31701075677178, 113.83229022219717], [97.31747000486384, 112.92838915782356], [95.43868963378367, 111.79529954868595], [93.73297810981232, 110.41626101300533], [92.2770829283405, 108.77698030652688], [91.18332080349849, 106.87877546783508], [90.60199503703832, 104.76915364352719], [90.68191196646826, 102.58484771736661], [91.47036307372058, 100.54664106273866], [92.85690655773924, 98.85493907363069], [94.65454805487472, 97.60489891602191], [96.69671036396761, 96.81111621384804], [98.86060261864002, 96.46324461832877]], {"i0": 0.03221013806337826, "spread": 0.5033150313566979, "falloff": 0.9438688362162762}], [[[85.6702564035495, 132.86321539729133], [83.87714822859347, 131.68628839088882], [82.13789060173889, 130.43118040331262], [80.45934739621491, 129.0959991668739], [78.84934794008188, 127.67895946261582], [77.31683680062082, 126.17850317488991], [75.8720319502633, 124.59347030641328], [74.52657917380766, 122.92333762268835], [73.2936801679325, 121.1685436896505], [72.18815653815324, 119.33091800479431], [71.22639138100162, 117.41422361230411], [70.4260673485656, 115.42480138957075], [69.8056034610681, 113.37226320610557], [69.38320061343313, 111.27011840796735], [69.17546309341537, 109.13614472306732], [69.1956901471789, 106.99226746396965], [69.452111619951, 104.86374809246547], [69.94649552535977, 102.77764994927131], [70.6735619443029, 100.7608130210797], [71.62142845569467, 98.83779726733064], [72.77296707537462, 97.02929128738887], [74.10766592741233, 95.35129478446262], [75.60351164936806, 93.81509279725796], [77.23853338653957, 92.42781540384156], [78.9918546052584, 91.19330004551459], [80.8442681743137, 90.11301718095561], [82.77843751754449, 89.18691173545655], [84.77884461754242, 88.41409773084803], [86.83158589981682, 87.79339979398164], [88.9240855668354, 87.32376379884126], [91.04476626054677, 87.0045688695513], [93.18269324805327, 86.83587305455998], [95.32719010576572, 86.8186210846204], [97.46740828766754, 86.9548376998242], [99.59181657771602, 87.2478249734049], [101.68755479220503, 87.70237589063423], [103.73956316823939, 88.32500567944153], [105.72934587650997, 89.12417810287492], [107.63314187911338, 90.11044441241597], [109.41914957936459, 91.29626432359852], [111.04331275094137, 92.69491348038468], [112.44324699376052, 94.31702995427285], [113.53111274831664, 96.16166925422374], [114.1913433510811, 98.19709195871751], [114.30052613183635, 100.33221129983986], [113.78660855046316, 102.40641511418048], [112.68873412556424, 104.2405823278798], [111.13788567978713, 105.7140866594133], [109.28275273024002, 106.78218170846706], [107.24550313855414, 107.44220950624991]], {"i0": 0.013830163217912028, "spread": 0.4941800466500317, "falloff": 0.9618356258753876}]], "disk": {"i0": 0.16253100390982375, "n": 1.0, "c": 2.0, "mu": [102.8128700983524, 101.4226086259498], "roll": 0.052374681220756246, "rEff": 38.92379907864218, "axRatio": 0.44355450440964705}, "bulge": {"i0": 0.37703004710242666, "n": 1.0112180988686925, "c": 2.0, "mu": [102.52453405252116, 101.23034726845958], "roll": 2.110236342205188, "rEff": 4.900931939813271, "axRatio": 0.9809514296732789}, "bar": {"i0": 0.07630718132085722, "n": 0.4776005941965485, "c": 1.9951798283973312, "mu": [102.53599554435746, 100.68172810754996], "roll": 2.16208770970008, "rEff": 4.6361535551677715, "axRatio": 0.3865835319686852}}