{"spiral": [[[[67.72046414315257, 74.83267076359347], [67.21446213373761, 73.99683149172162], [66.7553459225826, 73.13433544240631], [66.34252591439535, 72.2487374061006], [65.97549235286023, 71.34319657697567], [65.65380389637562, 70.42056704049317], [65.37707498852295, 69.48346584798134], [65.1449629113177, 68.53432482170768], [64.95715496006048, 67.57543027500886], [64.81335595454254, 66.6089535462067], [64.71327619613031, 65.63697438694506], [64.65661993859698, 64.66149866410245], [64.64307443239043, 63.684471437480944], [64.67229961083306, 62.70778620341875], [64.74391850269623, 61.73329090919051], [64.857508472523, 60.762791219134634], [65.01259340431528, 59.79805143358621], [65.20863695226903, 58.84079341279528], [65.44503698336037, 57.89269383163767], [65.72112132775584, 56.955380078295704], [66.03614493598624, 56.03042510666254], [66.38928851478055, 55.11934155140582], [66.77965867891808, 54.22357541310682], [67.20628961562053, 53.34449961484015], [67.66814621351645, 52.48340771863614], [68.16412856293599, 51.64150806905369], [68.69307769120279, 50.81991860104361], [69.25378235895232, 50.01966251148771], [69.84498671338403, 49.241664949199766], [70.4653985741878, 48.48675082995981], [71.11369811809261, 47.75564383327614], [71.78854672887708, 47.04896658724486], [72.48859579152546, 46.3672420060377], [73.21249522842001, 45.71089570181318], [73.95890160271293, 45.08025936424024], [74.72648564490258, 44.47557497663318], [75.51393909245628, 43.896999722478476], [76.31998076580959, 43.34461143113075], [77.14336183661368, 42.8184144106171], [77.98287027268726, 42.31834552403617], [78.83733447013383, 41.84428037572065], [79.7056261031356, 41.39603948959831], [80.58666223917776, 40.973394377450504], [81.47940677685907, 40.57607341458871], [82.38287127480085, 40.203767454128226], [83.29611523931125, 39.85613513184014], [84.21824594413225, 39.53280782461387], [85.14841785068037, 39.23339424162091], [86.08583169557599, 38.95748463735408], [87.02973330710806, 38.7046546455874]], {"i0": 0.08023104995762154, "spread": 5.209703660660455, "falloff": 0.5637164883426043}]], "disk": {"i0": 0.21739136221433542, "n": 1.0, "c": 2.0, "mu": [77.96072698364064, 75.44786646631674], "roll": 1.8043831124507375, "rEff": 41.853141381926655, "axRatio": 0.7570074524496064}, "bulge": {"i0": 0.36223161915647584, "n": 0.562005549872897, "c": 2.0, "mu": [77.87872239329091, 78.24418713187882], "roll": 1.785338781713727, "rEff": 5.496039279047669, "axRatio": 0.23044319773556848}, "bar": null}