{"disk": {"I": 0.14223178835378064, "Re": 26.23687757633236, "c": 2.0, "mux": 88.6135225066295, "muy": 88.49082471912135, "n": 1.0, "q": 0.6450255120236825, "roll": 0.044962589769494035}, "bulge": {"I": 0.0, "Re": 0.0, "c": 2.0, "mux": 89.23918521440366, "muy": 88.00198268800362, "n": 1.0, "q": 0.8543350575245054, "roll": 2.2975641171076364}, "bar": null, "spiral": []}