{"spiral": [[[[86.00993843043183, 96.93605314884913], [85.27371949599429, 96.8406222583017], [84.53991715415347, 96.72811080339534], [83.808969016943, 96.5983463271743], [83.0813295247563, 96.45115929270554], [82.35747084462241, 96.28638345169469], [81.63788383886173, 96.10385626214475], [80.92307910986266, 95.90341936234942], [80.21358812706923, 95.68491910958308], [79.50996444296919, 95.44820719316989], [78.81278500519144, 95.1931413330577], [78.1226515725009, 94.91958607679776], [77.44019224292364, 94.6274137098422], [76.7660631016916, 94.31650529608275], [76.1009499992494, 93.98675186893423], [75.4455704672898, 93.63805579564], [74.80067578261907, 93.27033234165279], [74.16705318812402, 92.88351146610675], [73.54552827953604, 92.47753988428094], [72.93696756662473, 92.05238343906663], [72.34228121480056, 91.60802982954425], [71.76242597358652, 91.14449175385492], [71.19840829258952, 90.66181053122104], [70.65128762405351, 90.1600602799028], [70.12217990356075, 89.63935273918267], [69.61226119367376, 89.09984283824872], [69.12277146319126, 88.5417351299396], [68.65501846205285, 87.96529122683614], [68.21038163081823, 87.3708383960606], [67.79031596002375, 86.75877949294792], [67.39635568026164, 86.12960443670895], [67.03011762254238, 85.48390345829166], [66.69330403189754, 84.82238237472791], [66.38770454762376, 84.14588016886553], [66.1151969748317, 83.45538917335536], [65.87774635993877, 82.75207816708058], [65.67740174655322, 82.0373186898546], [65.516289821032, 81.31271485247923], [65.39660446013795, 80.58013685937503], [65.32059096456277, 79.84175834917991], [65.29052350877997, 79.10009748273433], [65.30867407030506, 78.3580614436772], [65.37727084265049, 77.61899364584625], [65.49844392076878, 76.88672244735335], [65.67415592438137, 76.16560955079477], [65.90611525600796, 75.46059553842882], [66.1956699408257, 74.7772392124515], [66.54368051283784, 74.12174668995202], [66.95037118516963, 73.50098571648435], [67.41515944778277, 72.92248063690991]], {"i0": 0.02180753699208038, "spread": 6.310758206376392, "falloff": 0.01}], [[[42.47169524300226, 77.46557773468344], [42.92056591132608, 76.89456315461307], [43.37959375788536, 76.33168170787235], [43.848788325999095, 75.77724678442564], [44.32815292417298, 75.231581384371], [44.81768415531845, 74.6950184166268], [45.31737141410698, 74.16790100769435], [45.82719634925169, 73.6505828220937], [46.347132288135086, 73.14342839477794], [46.87714362064883, 72.64681347632667], [47.417185138502674, 72.16112539210594], [47.96720132610322, 71.68676341634857], [48.52712559839728, 71.22413916249504], [49.09687948083942, 70.77367699092292], [49.676371725529, 70.33581443585547], [50.26549735708675, 69.91100265309551], [50.86413664084344, 69.4997068905416], [51.47215396498629, 69.10240698357009], [52.08939662675809, 68.71959787790527], [52.71569351166738, 68.35179018258032], [53.3508536525533, 67.9995107562303], [53.9946646540101, 67.66330332972092], [54.64689096395263, 67.34372916948827], [55.307271972671785, 67.04136778516849], [55.97551991500052, 66.75681768644654], [56.65131754747573, 66.4906971940443], [57.334315567371334, 66.24364531010363], [58.02412973376552, 66.01632265387747], [58.72033764371043, 65.80941246857829], [59.42247510683496, 65.62362170560935], [60.13003205023211, 65.45968219225837], [60.842447871733626, 65.31835188818877], [61.55910614098796, 65.20041623551855], [62.27932852647684, 65.10668960486763], [63.0023677976046, 65.03801683705133], [63.7273997162775, 64.99527487460725], [64.45351358577304, 64.97937446991405], [65.17970116697074, 64.99126194414964], [65.90484359492882, 65.03192095328], [66.62769582930864, 65.1023741892255], [67.3468680402797, 65.20368490208165], [68.06080315554121, 65.33695806504844], [68.76774955724282, 65.50334090544705], [69.4657275957786, 65.7040223736916], [70.15248814496684, 65.94023088637081], [70.82546080808278, 66.21322930839298], [71.48168852125877, 66.52430554620756], [72.1177440751639, 66.87475616209008], [72.7296223201037, 67.26585882971474], [73.31259928402291, 67.69882677021005]], {"i0": 0.037376168443992025, "spread": 7.494602802378121, "falloff": 0.31594270253964096}], [[[92.55107366110865, 61.09870387461361], [92.54278970047885, 61.64864046224902], [92.52323249526398, 62.19829128667768], [92.4922151921323, 62.74741428011361], [92.44955098021663, 63.295754962900766], [92.39505348312495, 63.84304588009416], [92.32853719416912, 64.38900602051314], [92.24981795834199, 64.93334021876322], [92.15871350474877, 65.4757385412023], [92.05504403338612, 66.01587565696322], [91.93863286049665, 66.5534101947689], [91.80930712669122, 67.08798408784035], [91.66689857247356, 67.61922190807434], [91.51124438587154, 68.14673019176728], [91.34218812708268, 68.6700967592866], [91.15958073524934, 69.18889003133563], [90.9632816226242, 69.70265834486675], [90.75315986175403, 70.2109292716344], [90.52909547103108, 70.71320894364452], [90.2909808048027, 71.20898138867489], [90.03872205383988, 71.69770788054105], [89.77224086253175, 72.17882630829935], [89.49147606935995, 72.65175056894805], [89.19638557740872, 73.11586998844652], [88.88694836251305, 73.57054877537237], [88.56316662656273, 74.01512551226645], [88.22506810488622, 74.44891268869561], [87.8727085372402, 74.87119628022458], [87.50617431353682, 75.28123537671077], [87.12558530686864, 75.67826186298419], [86.73109790929722, 76.06148015366719], [86.3229082884747, 76.43006698330885], [85.90125588748211, 76.78317125159946], [85.46642719554612, 77.11991392214145], [85.01875982392863, 77.43938797197859], [84.55864693022143, 77.74065838760684], [84.08654204523559, 78.02276220211319], [83.6029643713873, 78.28470856706535], [83.10850463930498, 78.52547885280262], [82.6038316332406, 78.74402677146777], [82.0896995254055, 78.9392785198772], [81.56695619813728, 79.11013294440949], [81.0365527817324, 79.25546173941646], [80.49955470014427, 79.3741097056248], [79.95715459938828, 79.46489511912517], [79.41068764242829, 79.52661029888274], [78.86164979750956, 79.55802251843964], [78.31171993729352, 79.5578754962313], [77.76278682114938, 79.52489183572084], [77.21698237719757, 79.45777699855587]], {"i0": 0.02351327700484957, "spread": 7.6333058894638475,