{"disk": {"mux": 42.571274124734025, "muy": 39.624268933187444, "roll": 0.6221824866317425, "Re": 18.480085466500245, "q": 0.5339025383912429, "I": 0.02315771570246616, "n": 1.0, "c": 2.0}, "bulge": {"mux": 42.474565402736836, "muy": 39.730011125611064, "roll": 0.6864261223980246, "Re": 8.649545413511587, "q": 1.0995734071915204, "I": 0.045291530414782295, "n": 1.8004058188319136, "c": 2.0}, "bar": null, "spiral": []}