{"spiral": [], "disk": {"i0": 0.22204933277880265, "n": 1.0, "c": 2.0, "mu": [63.13387732844689, 63.73011216390395], "roll": 1.5570070844467299, "rEff": 44.59282621608456, "axRatio": 0.8678645836122911}, "bulge": {"i0": 2.1659410513676343, "n": 2.7808845145356904, "c": 2.0, "mu": [63.77128474225711, 63.75950552193172], "roll": 1.6392033812992601, "rEff": 1.1579456150575702, "axRatio": 0.9843403486307917}, "bar": null}