{"spiral": [[[[80.82653015703934, 60.81883916773869], [81.04259792282289, 61.4085347796191], [81.23994212742497, 62.00475835173528], [81.4186671647095, 62.60682611701644], [81.57886813936786, 63.21408611082735], [81.72062896135702, 63.82591420593981], [81.8440207467563, 64.44171027215873], [81.94910046853977, 65.06089445093835], [82.03590980984387, 65.68290352857993], [82.10447418004443, 66.30718738667979], [82.15480186163911, 66.93320550389281], [82.18688326188455, 67.56042347994186], [82.20069024993323, 68.18830954927299], [82.1961755650535, 68.81633104898121], [82.17327228809346, 69.44395080242667], [82.13189337320907, 70.07062337674036], [82.07193124359094, 70.69579116885788], [81.99325746162607, 71.31888027096207], [81.89572249164529, 71.93929606179088], [81.77915558306793, 72.55641846587172], [81.64336481313903, 73.16959681804158], [81.48813734258279, 73.77814426598312], [81.31323995513128, 74.38133163947025], [81.11841997391203, 74.97838071223235], [80.90340667521156, 75.5684567819647], [80.66791335441452, 76.15066049775103], [80.41164024117407, 76.72401887352306], [80.13427851288532, 77.28747544704657], [79.83551571763098, 77.83987957697282], [79.51504299108821, 78.37997492768159], [79.1725645347224, 78.90638727609411], [78.80780991154808, 79.41761190300979], [78.4205498023468, 79.91200101388583], [78.01061593423611, 80.38775188803342], [77.57792591843403, 80.84289679591957], [77.12251367548961, 81.27529615897943], [76.64456592448592, 81.682636953136], [76.14446479181417, 82.06243893914727], [75.62283586890373, 82.41207185701064], [75.08059993597827, 82.72878709575423], [74.51902505323545, 83.00976729906746], [73.93977389036138, 83.25219658086203], [73.34493932129644, 83.45335217580215], [72.73705999634677, 83.61071525600445], [72.11910756127308, 83.72209446742988], [71.49443917064058, 83.7857511983821], [70.86671326470776, 83.80051197546966], [70.23977277161285, 83.76585224292425], [69.61750649710368, 83.68193825449809], [69.00370442067263, 83.5496198788522]], {"i0": 0.06120335954615294, "spread": 0.5005585409216022, "falloff": 1.0021959660859294}], [[[68.80703268054135, 91.66054387879845], [67.8748315237028, 91.30642458671531], [66.9706584745362, 90.8858401063131], [66.09832608319662, 90.40264263042026], [65.2610088787074, 89.86100781378376], [64.46126077599, 89.26527599052773], [63.70106264770965, 88.61981746472861], [62.981888888354355, 87.92892654677081], [62.304783063014234, 87.19674454638633], [61.670434935621714, 86.42720897552206], [61.07925362079667, 85.62402469214364], [60.53143375920011, 84.79065228134672], [60.027013313472956, 83.93030925561963], [59.56592274608097, 83.04598028931944], [59.148026076791545, 82.14043347419543], [58.77315471016268, 81.21624033046709], [58.441135084065664, 80.27579796062359], [58.151811205309315, 79.32135227196925], [57.905063068926886, 78.35502161818724], [57.700821847041006, 77.37882053642984], [57.53908260773491, 76.39468350624543], [57.4199151992922, 75.40448885028096], [57.34347381633465, 74.41008305495376], [57.3100056512583, 73.41330592756123], [57.319858925865454, 72.4160171381819], [57.37349048678322, 71.42012483592805], [57.4714730170832, 70.42761718674464], [57.61450176075541, 69.44059786928112], [57.803400439097594, 68.46132679060224], [58.039125732354194, 67.49226755181468], [58.32276925123947, 66.53614350429095], [58.655555252737244, 65.59600456671242], [59.03883135534552, 64.67530727425134], [59.47404802320227, 63.77801068285325], [59.96272041373788, 62.908690514789654], [60.506363087078036, 62.07267284716875], [61.10638387592934, 61.2761858899643], [61.76391801061012, 60.526522577540064], [62.479578296418666, 59.8321956940561], [63.25309449766318, 59.20304844736259], [64.08282130408708, 58.65025497809625], [64.96512034543873, 58.18611025333146], [65.89368148336209, 57.82348260157911], [66.85894661685667, 57.57482104881555], [67.84790428885708, 57.45072403805186], [68.84454602363344, 57.45830377846064], [69.83110685976321, 57.599827219833216], [70.78985978826907, 57.87216874850158], [71.7049156139996, 58.26732684040826], [72.56346652108465, 58.773784545594786]], {"i0": 0.04095043014400848, "spread": 0.5046590061332376, "falloff": 1.0091675785365468}]], "disk": {"i0": 0.13738546290876386, "n": 1.0, "c": 2.0, "mu": [69.71801835736728, 70.82031066358269], "roll": 1.5550492644659182, "rEff": 31.20696520857143, "axRatio": 0.5658200436006798}, "bulge": {"i0": 0.6236717869787916, "n": 1.2956507394413352, "c": 2.0, "mu": [69.7267889585682, 69.13545688808611], "roll": 1.6702434215156097, "rEff": 2.9514148756755785, "axRatio": 0.8918321249164509}, "bar": {"i0": 0.07671476199417072, "n": 0.7450466750595429, "c": 2.0803355743822673, "mu": [69.77839492765558, 69.78192365807907], "roll": 1.5676858161353064, "rEff": 4.439262538255895, "axRatio": 0.19085067025434418}}