{"spiral": [], "disk": {"i0": 0.17160529665333737, "n": 1.0, "c": 2.0, "mu": [29.678478064891788, 29.06119342938705], "roll": 0.5166209553232282, "rEff": 17.84911899652093, "axRatio": 0.7034981117974412}, "bulge": {"i0": 0.7202824869027922, "n": 1.1037550801137865, "c": 2.0, "mu": [29.906911213547946, 29.05845446060374], "roll": 1.7793564650169884, "rEff": 3.183413470902502, "axRatio": 0.5143452113591365}, "bar": null}