{"spiral": [[[[101.89144456537338, 142.92913960797924], [102.18417607158233, 142.22388202941087], [102.50288170998351, 141.5299721820085], [102.84633036036162, 140.84796691410796], [103.21331188006653, 140.17832781401376], [103.60264714839363, 139.52143087463577], [104.01319566122497, 138.87757622489758], [104.4438609791174, 138.24699760537007], [104.89359434722394, 137.62987136164338], [105.36139679783079, 137.02632480989976], [105.84632002395354, 136.43644389398568], [106.34746628175174, 135.86028010288797], [106.8639875453064, 135.2978566536916], [107.39508410285, 134.7491739700889], [107.94000275074232, 134.2142145026489], [108.49803471230898, 133.69294694614743], [109.06851338275028, 133.1853299135737], [109.65081197884332, 132.69131512715074], [110.24434115414654, 132.2108501848551], [110.84854662501432, 131.7438809578043], [111.462906839926, 131.29035366979798], [112.08693071540996, 130.85021670584985], [112.72015545336363, 130.4234221921015], [113.36214444855575, 130.00992738515097], [114.0124852905431, 129.60969590491223], [114.67078786002364, 129.22269884140098], [115.33668251718274, 128.8489157627275], [116.00981837726319, 128.4883356488347], [116.6898616667476, 128.14095777313847], [117.37649415235418, 127.80679255241131], [118.06941163386394, 127.48586238377995], [118.76832249078703, 127.17820248661876], [119.47294627196841, 126.88386176646047], [120.18301231626857, 126.60290371776453], [120.89825839138425, 126.33540738248513], [121.61842933661278, 126.08146838188506], [122.34327569384189, 125.84120003995916], [123.07255230915376, 125.61473461819263], [123.80601688508033, 125.40222468325172], [124.54342846056053, 125.20384463171817], [125.2845457918958, 125.01979239876617], [126.0291256032467, 124.85029138191703], [126.77692066918277, 124.69559261517027], [127.52767768411505, 124.55597723486073], [128.28113486364387, 124.43175928525166], [129.0370192103092, 124.32328892017779], [129.79504336003458, 124.23095606710247], [130.55490190473827, 124.15519463162748], [131.3162670592746, 124.09648733501551], [132.07878350548918, 124.05537129364392]], {"i0": 0.2867273744107188, "spread": 0.5000206824150293, "falloff": 1.0360941089152398}]], "disk": {"i0": 0.21781521048158248, "n": 1.0, "c": 2.0, "mu": [136.74918757556387, 135.86981329182004], "roll": 3.075900834183911, "rEff": 31.381679196996572, "axRatio": 0.5473428188753439}, "bulge": {"i0": 0.18763409938208164, "n": 1.8112290222974454, "c": 2.0, "mu": [136.5084772896663, 135.0309607552068], "roll": 1.9515817082175126, "rEff": 4.527259011735086, "axRatio": 0.7597456681836104}, "bar": null}