{"spiral": [[[[82.27689213128134, 95.83448760387921], [81.2230632712893, 94.5857907348264], [80.31757520985211, 93.22538118466737], [79.55202634058269, 91.78139923691894], [78.91870901529084, 90.27461307995824], [78.41109486496605, 88.72088958417764], [78.02389355908969, 87.1328205351533], [77.75295962604406, 85.52080585024004], [77.59515577858785, 83.89379443343036], [77.54821262299328, 82.25980900831254], [77.61059639964758, 80.62633361406291], [77.78138469100335, 79.00061292718419], [78.06014503617385, 77.38989408912524], [78.44680906153768, 75.80162960918825], [78.94153348122482, 74.2436512304094], [79.5445386652923, 72.72431753732128], [80.25591557883301, 71.25263138107455], [81.07539339465099, 69.83831628757481], [82.00206402727463, 68.49183392719087], [83.03406748557502, 67.22431846306786], [84.16825431984361, 66.04740039538345], [85.39985826379177, 64.97289603083895], [86.72223051161647, 64.0123530522448], [88.1267002739234, 63.176470201426056], [89.60262482875046, 62.47444682340254], [91.13766820208562, 61.913354916052874], [92.71830116470004, 61.49764522514529], [94.33045961165868, 61.22888510897546], [95.96025591206939, 61.10577806857434], [97.5946275611377, 61.12444971121115], [99.22183282781816, 61.27892843305785], [100.83175026430875, 61.56172128501001], [102.41598685818546, 61.9643900655932], [103.96783251711643, 62.47805912224879], [105.48211176565502, 63.093819349834405], [106.95498107748178, 63.80302087645988], [108.38370948159216, 64.59746500723982], [109.76646731058071, 65.46951450253982], [111.10213685746484, 66.41214295054507], [112.3901506411472, 67.41894187043519], [113.6303578708532, 68.4841005280621], [114.82291689893752, 69.60236962993953], [115.96821021561975, 70.76901675668384], [117.06677822983823, 71.9797787643198], [118.11926829810903, 73.23081447967598], [119.1263958896422, 74.5186596429452], [120.08891528260541, 75.8401851500883], [121.00759766903221, 77.19255904818023], [121.8832149736498, 78.5732123847139], [122.7165280532665, 79.97980875121357]], {"i0": 0.041264408516533055, "spread": 1.214390567126902, "falloff": 0.15023833358883742}], [[[102.0514795894264, 85.05935511084816], [102.7800657557875, 86.62455866357092], [103.38603784603032, 88.24124926923896], [103.87298112088295, 89.89772492077684], [104.24371929871434, 91.58404395221196], [104.50032474751359, 93.29147885277006], [104.64415869560641, 95.01209740343951], [104.67592415126899, 96.73842929967088], [104.59572535498044, 98.46318842812589], [104.40313392182772, 100.17902963935994], [104.09726599709828, 101.87832526127521], [103.67687811582402, 103.55295181118859], [103.14049267355986, 105.19408243390082], [102.48656711865206, 106.79198658256901], [101.7137237213349, 108.33584647504587], [100.82105779108332, 109.81361090517319], [99.80853904393881, 111.21192146497425], [98.67750964432497, 112.51616283322063], [97.4312587356323, 113.71070274244396], [96.07561438392867, 114.77938859865851], [94.61944429632773, 115.7063419235566], [93.07491434174216, 116.47702624954923], [91.45735047318375, 117.07946271623132], [89.7846154528857, 117.50536528084419], [88.07604578457894, 117.75092484518686], [86.35114399229764, 117.81703674086167], [84.6283061095823, 117.70892610221551], [82.92383526508857, 117.4353024915095], [81.2513729956647, 117.00728071989168], [79.62174251470555, 116.4373054482881], [78.04310520996835, 115.73824312334443], [76.52130194233187, 114.92271155192832], [75.06026716209657, 114.00264507328671], [73.66243932867833, 112.98905431213898], [72.32912591448019, 111.89192793697113], [71.06080679002478, 110.72022812296217], [69.85737516770244, 109.48194191589009], [68.718322919415, 108.18416184374483], [67.64287977136398, 106.83317836245037], [66.63011595119929, 105.43457357330963], [65.67901672638457, 103.99331032549014], [64.78853575999402, 102.51381377520168], [63.957632740662646, 101.00004433890265], [63.18529946201787, 99.4555619956101], [62.47057749379918, 97.88358246571666], [61.81256977789027, 96.28702605326757], [61.21044786609236, 94.66856002482155], [60.663456059169775, 93.03063537648477], [60.17091335659509, 91.37551880332522], [59.73221388106727, 89.70532058020511]], {"i0": 0.020795653948840698, "spread": 0.6410379620760266, "falloff": 0.02797230357478521}]], "disk": {"i0": 0.20008395407287255, "n": 1.0, "c": 2.0, "mu": [91.00051436022653, 88.21188184329573], "roll": 1.6594990033038406, "rEff": 38.66821966904999, "axRatio": 0.5309335954908824}, "bulge": {"i0": 0.04273856497703739, "n": 0.15595599550825723, "c": 2.0, "mu": [90.69009449960353, 89.31184261274338], "roll": 1.8157748782285914, "rEff": 4.853249761690013, "axRatio": 0.8260281651693671}, "bar": {"i0": 0.051564001058387814, "n": 0.3686673549211821, "c": 3.1399268127498616, "mu": [90.69433902953438, 101.3554671198435], "roll": 3.1415926492017423, "rEff": 29.183616226411555, "axRatio": 0.3699565783647831}}