{"disk": {"I": 0.07918386306577951, "Re": 11.382543737594446, "c": 2.0, "mux": 42.57127446520428, "muy": 39.624269163806886, "n": 1.0, "q": 0.7940121342753247, "roll": 0.6221826602888987}, "bulge": {"I": 0.010030506196473162, "Re": 0.0, "c": 2.0, "mux": 42.474565437060626, "muy": 39.73001118816209, "n": 0.8421419832304626, "q": 0.24978055366202734, "roll": 0.6864258402527864}, "bar": null, "spiral": []}