{"disk": {"I": 0.08745592546671775, "Re": 35.694686943718466, "c": 2.0, "mux": 102.00853887061204, "muy": 102.13303690715382, "n": 1.0, "q": 0.5189110077622765, "roll": 0.14123987390079584}, "bulge": {"I": 1.6811189836633118, "Re": 3.0928685466143864, "c": 2.0, "mux": 101.82973636876231, "muy": 101.91309519362963, "n": 3.5266612593148743, "q": 0.035228268317533014, "roll": 1.4536119174890785}, "bar": {"I": 0.05251668404499675, "Re": 14.063859369519207, "c": 4.800896170910261, "mux": 100.43372303057858, "muy": 100.87472127729754, "n": 1.107696982843674, "q": 0.9267172978516918, "roll": 1.6150796311489977}, "spiral": [[[[110.83948671102506, 103.9445067715081], [110.82159434480711, 105.15478166185126], [110.74475551579371, 106.36275977364313], [110.61178549646401, 107.56586230558106], [110.42490780086771, 108.76178389399705], [110.18585443839218, 109.9483820266143], [109.8959426686438, 111.1235920171546], [109.55613449670061, 112.28535783535344], [109.16708363584407, 113.43157226672828], [108.72917365134447, 114.56002180432029], [108.24255038345929, 115.66833286067173], [107.70715146877959, 116.753916643044], [107.12273579324739, 117.8139105554277], [106.48891602163363, 118.8451144432078], [105.80519796257072, 119.84392053679319], [105.07103146604075, 120.80623677821956], [104.28587880264527, 121.72740460541242], [103.4493079467136, 122.60211460701215], [102.56111959070755, 123.42432725395717], [101.62151739224714, 124.18721173598169], [100.6313296033399, 124.883124180365], [99.59228471236803, 125.50365684541819], [98.50733110633428, 126.0398000899732], [97.38096848559044, 126.48226347691121], [96.21952745970707, 126.82199166772833], [95.03130219232708, 127.05087343144663], [93.82642919784303, 127.16257396581409], [92.6164391388101, 127.15333860930426], [91.41349830001269, 127.02256365733136], [90.22947355189949, 126.77295702806983], [89.07503443925633, 126.41022837928682], [87.9589945363715, 125.94240064137702], [86.88799744585812, 125.37893900293575], [85.86653229475704, 124.72990285056753], [84.89718202757389, 124.00526061028167], [83.9809867466743, 123.21442043414625], [83.11782663197572, 122.36596341727913], [82.30676645091728, 121.46753357592507], [81.54633669481227, 120.52583295028799], [80.83474802590236, 119.54667829971052], [80.17004670953652, 118.53508804052385], [79.55022257240647, 117.49537931818554], [78.97328099728293, 116.43126352949011], [78.43728878619041, 115.34593432067395], [77.9404016213809, 114.24214555558987], [77.48087889880081, 113.12227877496801], [77.05709011023322, 111.98840069002173], [76.66751571372154, 110.84231174858412], [76.31074453857771, 109.68558692990938], [75.98546911050758, 108.51960993361877]], {"I": 0.005398177986703451, "falloff": 0.01, "spread": 5.716959271017407}]]}