{"spiral": [[[[56.045866359853946, 46.47639070688], [56.969846238343855, 46.83359411741401], [57.867653434478214, 47.252376951740786], [58.73904256957765, 47.72374332254887], [59.58413804349459, 48.240817670244354], [60.4032063537771, 48.798233679626925], [61.19654140803226, 49.39172266483866], [61.96440627780132, 50.01783061144687], [62.70700377138187, 50.67371938387079], [63.42446189302646, 51.35702401343929], [64.116826961233, 52.06574807358911], [64.78406054916474, 52.79818539709192], [65.42603817357087, 53.5528603108339], [66.04254859934271, 54.32848106408877], [66.63329313798877, 55.1239027523269], [67.1978846034979, 55.93809710791031], [67.73584575014014, 56.770127246679145], [68.24660711314118, 57.619125942704684], [68.72950423390205, 58.4842763334961], [69.18377429751474, 59.36479418153417], [69.60855225126676, 60.25991096964068], [70.00286651975084, 61.16885720827491], [70.36563448855297, 62.09084539900321], [70.69565800506156, 63.02505214191271], [70.99161924411321, 63.97059890683413], [71.25207742031613, 64.92653102184278], [71.47546699856167, 65.89179447939601], [71.66009827207243, 66.86521024159525], [71.80416144111604, 67.84544586392572], [71.905735632187, 68.83098448327046], [71.96280462798819, 69.82009156898272], [71.97328139208477, 70.81078035776244], [71.93504369409679, 71.8007776218102], [71.84598315323308, 72.78749237181823], [71.70406965272028, 73.76799123943812], [71.50743213123212, 74.73898549725621], [71.25445503233696, 75.69683570710204], [70.94388708683407, 76.63758043547416], [70.57495574081324, 77.55699481415547], [70.14747691731388, 78.4506824457302], [69.66194683325035, 79.3142000154064], [69.11960149897256, 80.14320830474139], [68.52243140233303, 80.93363721209637], [67.87314411592621, 81.68184760431996], [67.17507538579231, 82.38477115274763], [66.43205770461543, 83.04001172471591], [65.64826208923135, 83.64589808808459], [64.8280318287399, 84.20148580568673], [63.9757259051831, 84.70651399890546], [63.095585444273595, 85.16132812672394]], {"i0": 0.08772356235742336, "spread": 1.1430957907230377, "falloff": 1.2689757421584043}]], "disk": {"i0": 0.25253024294246773, "n": 1.0, "c": 2.0, "mu": [53.39340490491949, 52.70017665595204], "roll": 2.267959968325999, "rEff": 26.632812235458026, "axRatio": 0.5412650107112942}, "bulge": {"i0": 0.20953220877320655, "n": 1.7948996375356288, "c": 2.0, "mu": [53.1459300927029, 52.67264776535438], "roll": 2.3020560586313543, "rEff": 5.677225204674443, "axRatio": 0.6039621682674688}, "bar": null}