{"disk": {"mux": 81.42119452240915, "muy": 82.17707342752875, "roll": 0.5891041064769338, "Re": 26.19012030590438, "q": 0.6150636747342291, "I": 0.11119713603912136, "n": 1.0, "c": 2.0}, "bulge": {"mux": 82.3091269556829, "muy": 81.79924259106512, "roll": 0.6092240976152818, "Re": 1.478937878309806, "q": 0.42118858308107404, "I": 0.8481664515302252, "n": 0.844851318894268, "c": 2.0}, "bar": null, "spiral": []}