{"spiral": [], "disk": {"i0": 0.2164340873505393, "n": 1.0, "c": 2.0, "mu": [127.98037360285376, 126.27335582284296], "roll": 0.11038274233129604, "rEff": 52.502895708223924, "axRatio": 0.6035713562472371}, "bulge": {"i0": 0.0, "n": 0.8023760726099324, "c": 2.0, "mu": [126.60433377997332, 125.74021841223892], "roll": 0.06890538496803193, "rEff": 50.362864441342346, "axRatio": 0.09588858098764345}, "bar": null}