{"spiral": [], "disk": {"i0": 0.254941228420735, "n": 1.0, "c": 2.0, "mu": [81.68757379825098, 83.83376263306887], "roll": 0.6437372279187937, "rEff": 31.404434973386355, "axRatio": 0.47499291974823116}, "bulge": {"i0": 1.1058244953641014, "n": 0.8965257841296346, "c": 2.0, "mu": [82.34649471301141, 82.61765630298142], "roll": 0.7539311704398172, "rEff": 3.1281917425079353, "axRatio": 0.9999999863580944}, "bar": null}