{"spiral": [[[[37.58905894559686, 44.85305349258138], [37.573393604159335, 43.94111167192444], [37.721740828091136, 43.041039226576025], [38.01813253208277, 42.17811014755035], [38.44099727563997, 41.369381582718944], [38.96807829365191, 40.62416225006489], [39.57933200399388, 39.94609320353555], [40.25796398032642, 39.33531580471269], [40.99039422377735, 38.790090966093544], [41.76579303669312, 38.30782629124331], [42.57553134720795, 37.88566622200096], [43.412685256680106, 37.52080616927962], [44.271632920156094, 37.21064597692281], [45.14774085910618, 36.952854551778], [46.03712420635042, 36.745387441246066], [46.936464106168074, 36.58648074149698], [47.84286791821888, 36.47463406750382], [48.753760988309054, 36.40858932310559], [49.66680151310631, 36.38730868051866], [50.57981221456437, 36.40995334616412], [51.490724182148114, 36.475863682176346], [52.39752944557748, 36.584540692257846], [53.29823972285438, 36.73562856079452], [54.19084943899233, 36.92889773243501], [55.07330160753745, 37.1642278734387], [55.943455567526534, 37.44158992587258], [56.79905592484025, 37.761026331757854], [57.6377023984087, 38.12262836138737], [58.45682066554736, 38.526509327101294], [59.25363477628328, 38.972772323652826], [60.02514229480365, 39.461471040018026], [60.76809408028714, 39.99256220069686], [61.47898151343908, 40.5658484030506], [62.15403502288446, 41.180910666882525], [62.78923879883289, 41.83703103689775], [63.38036742556564, 42.53310727473762], [63.92305037408737, 43.267564086803056], [64.41286938197764, 44.038268410298336], [64.84549108410691, 44.84245955864956], [65.2168324742395, 45.67670763920583], [65.52325001795278, 46.53691436005514], [65.76173564909612, 47.41836772349946], [65.93009656749919, 48.315855543563245], [66.02709341951402, 49.2238327928655], [66.0525150270251, 50.13662691912664], [66.00717744055234, 51.048656876879576], [65.89284823024435, 51.954638736283705], [65.71210967722942, 52.84975438088064], [65.46818303084756, 53.729768500735396], [65.16473846828058, 54.59108965819472]], {"i0": 0.029645892049803623, "spread": 2.6413503376310543, "falloff": 0.12317447599426233}], [[[51.12837632491095, 44.87816767892574], [51.6367720728949, 45.53906370574771], [51.99570731419315, 46.291382026655164], [52.178325799796276, 47.10455156249703], [52.17414746458967, 47.9380523951643], [51.993391295408195, 48.7520088582728], [51.661058959436915, 49.51706147391823], [51.20678480808772, 50.2169676060816], [50.65773434216986, 50.84556934501372], [50.03599941589018, 51.40261276361562], [49.35863023757818, 51.89066856481096], [48.63857336113771, 52.313358826528535], [47.8856887757779, 52.67446667464607], [47.10758627864604, 52.97753633592232], [46.31025119553082, 53.22572052853887], [45.498496715302885, 53.42174482307202], [44.67628839665493, 53.56792352876064], [43.84697839718617, 53.66619554178633], [43.01347694369922, 53.71816552538693], [42.17838034712917, 53.72514408109475], [41.34406890217171, 53.68818456957092], [40.51278388056033, 53.60811614043069], [39.68669000992881, 53.48557342356321], [38.86792789877061, 53.32102374850955], [38.05865952209172, 53.11479296414153], [37.26110890489698, 52.8670910547056], [36.477599380133974, 52.578038853497226], [35.71058814403723, 52.24769726125619], [34.96269819763451, 51.876100483882844], [34.23674707798263, 51.46329488486791], [33.535770992162895, 51.00938504962989], [32.863042039506226, 50.51458849612471], [32.222075152803654, 49.97930001479713], [31.61662029046028, 49.404165723327985], [31.05063446409906, 48.79016540374849], [30.528227750853326, 48.138699436648544], [30.053578026380332, 47.45167369807879], [29.630811365670084, 46.73157248052124], [29.263849379376886, 45.98150662552332], [28.956231147644765, 45.20522288525979], [28.710924938854337, 44.40706241434042], [28.5301515876822, 43.59186214259266], [28.415244463689284, 42.764802254297656], [28.36656836849479, 41.93121382163688], [28.383510828003214, 41.09636953780447], [28.464546501289306, 40.26528412923115], [28.607362569711167, 39.442548142867665], [28.809024013787212, 38.632210596884875], [29.06615471976524, 37.837715593580434], [29.375112963881435, 37.06188869025883]], {"i0": 0.026951935776326968, "spread": 4.6771473152580665, "falloff": 0.010061623591990034}]], "disk": {"i0": 0.15480890553534685, "n": 1.0, "c": 2.0, "mu": [46.105215008090454, 44.57627920597676], "roll": 2.9761886993871265, "rEff": 16.77170022758888, "axRatio": 0.6770611233435907}, "bulge": {"i0": 0.0640934565739206, "n": 1.4000223074612541, "c": 2.0, "mu": [46.303840664642884, 44.87233802390635], "roll": 2.3093099562906114, "rEff": 3.5960830991785055, "axRatio": 0.8276693685505556}, "bar": {"i0": 0.15046954075557042, "n": 2.052265386114188, "c": 2.2439408391535998, "mu": [46.28005890736907, 45.02255698449597], "roll": 1.898360847639162, "rEff": 7.148159571712944, "axRatio": 0.4993281028233974}}