{"disk": {"mux": 56.45338861455396, "muy": 55.89620481309403, "roll": 1.0228792006811924, "Re": 9.157575950660636, "I": 0.16858061061712487, "n": 1.0, "c": 2.0}, "bulge": {"mux": 56.50012839461251, "muy": 56.078847512124455, "roll": 2.767852711830065, "Re": 5.38983983746223, "q": 1.8330744794594658, "c": 2.0}, "bar": null, "spiral": []}