{"spiral": [[[[124.77731341128751, 120.9006497984453], [124.89516441556127, 119.91842374876744], [125.04852721889202, 118.94110864127323], [125.23591785823378, 117.96974003259174], [125.45592167674737, 117.00523131027707], [125.70719006894593, 116.04838814230213], [125.98843726827906, 115.09992095242906], [126.29843721457534, 114.16045573797325], [126.6360205257365, 113.2305434874516], [127.00007158864221, 112.31066840939948], [127.38952577773617, 111.40125514663153], [127.80336680506042, 110.50267512074254], [128.24062420231047, 109.61525212773678], [128.70037093316648, 108.73926728635594], [129.18172113261573, 107.87496342483297], [129.68382796905794, 107.02254897868251], [130.20588162419406, 106.18220146149989], [130.7471073854111, 105.35407056169683], [131.30676384522238, 104.53828091059965], [131.88414120221503, 103.73493456111143], [132.47855965801423, 102.94411321082369], [133.08936790501113, 102.16588019891158], [133.71594169961426, 101.40028230243085], [134.35768251615883, 100.64735135427408], [135.01401627664933, 99.90710570236104], [135.68439215194655, 99.17955152712514], [136.36828143003154, 98.4646840324104], [137.065176447437, 97.76248852298689], [137.77458957992573, 97.07294138046738], [138.49605228896976, 96.39601094793557], [139.22911422053178, 95.73165833254738], [139.97334235314344, 95.07983813421279], [140.728320192165, 94.4404991076934], [141.49364700760526, 93.81358476454308], [142.26893711275338, 93.1990339207324], [143.05381918128774, 92.59678119510046], [143.8479356005256, 92.00675746329108], [144.65094185861525, 91.42889027134233], [145.46250596391505, 90.86310421261071], [146.2823078942666, 90.30932127148655], [147.1100390747955, 89.76746113683463], [147.94540188238872, 89.2374414879362], [148.78810917532616, 88.71917825538742], [149.6378838466646, 88.21258585917083], [150.49445839999396, 87.71757742591684], [151.35757454622942, 87.23406498718256], [152.22698282045255, 86.7619596603773], [153.1024422173813, 86.30117181386545], [153.98371984474215, 85.85161121757363], [154.87059059322854, 85.41318718036618]], {"i0": 0.14272932557552176, "spread": 0.5073573836152802, "falloff": 0.9741098638251053}], [[[147.31493825829207, 127.94996628372556], [148.01066708841685, 128.260547120145], [148.69275861738996, 128.60003983231246], [149.36045788120498, 128.96703639993072], [150.01310405064265, 129.36018521323686], [150.65012022507455, 129.7781891235887], [151.27100449555294, 130.21980336906697], [151.87532210143237, 130.68383344240752], [152.46269853073338, 131.16913295012642], [153.03281343633395, 131.6746014976767], [153.58539525882293, 132.1991826250841], [154.12021646250736, 132.74186180951222], [154.63708930463775, 133.30166454548134], [155.13586206911472, 133.87765450893124], [155.61641570579383, 134.46893180828388], [156.0786608245718, 135.07463132316295], [156.5225350005113, 135.69392112981194], [156.94800035225344, 136.32600101110168], [157.35504136097876, 136.97010104810232], [157.74366290163445, 137.62548028979154], [158.11388846178002, 138.29142549702073], [158.46575852674576, 138.96724995690158], [158.79932911233564, 139.6522923634049], [159.11467042894358, 140.34591576041197], [159.4118656627773, 141.04750654321646], [159.69100986175224, 141.75647351477633], [159.95220891511894, 142.47224699312315], [160.1955786172714, 143.19427796666125], [160.42124380717883, 143.92203729395086], [160.6293375760769, 144.65501494516576], [160.8200005367854, 145.39271928232913], [160.9933801488242, 146.13467637570812], [161.14963009415294, 146.88042935390632], [161.28890969898438, 147.62953778550954], [161.41138339750498, 148.3815770899365], [161.51722023396601, 149.13613797586964], [161.60659339979532, 149.89282590514455], [161.67967980289131, 150.65126058066528], [161.73665966646254, 151.4110754567078], [161.77771615507515, 152.1719172702009], [161.8030350258019, 152.9334455916666], [161.81280430259088, 153.69533239471593], [161.80721397210112, 154.45726164276854], [161.78645569949745, 155.21892889224432], [161.75072256275405, 155.98004091100088], [161.70020880422436, 156.74031531143555], [161.63510959827573, 157.49948019717476], [161.5556208339469, 158.2572738227747], [161.46193891164407, 159.0134442657042], [161.35426055298353, 159.76774910995957]], {"i0": 0.0, "spread": 0.4998944943554368, "falloff": 1.000007585865027}]], "disk": {"i0": 0.18376901375885077, "n": 1.0, "c": 2.0, "mu": [136.7564602746691, 133.54848132093022], "roll": 0.8757138989234138, "rEff": 63.68257827362769, "axRatio": 0.8131664606947564}, "bulge": null, "bar": null}