{"spiral": [[[[87.44374448276079, 75.7425968970007], [88.35602644188864, 75.48617458842713], [89.2842272212944, 75.29526695805887], [90.22375428124941, 75.17164893963897], [91.16978936483746, 75.11688553484306], [92.11727703632893, 75.13226808587986], [93.06092932590973, 75.21874149628508], [93.99524975933359, 75.3768258090638], [94.91457937609714, 75.60653710294066], [95.81316594915522, 75.90731415614471], [96.68525548814354, 76.27795839642798], [97.52520240171637, 76.71659488912405], [98.32759181077843, 77.22066117221635], [99.08736502729107, 77.7869284897857], [99.79993778231665, 78.41155659967788], [100.46130089104187, 79.09017938429913], [101.06809481589268, 79.81801476577746], [101.61765273534076, 80.58998970087676], [102.10801058341822, 81.40086984744494], [102.53788627801543, 82.24538397506558], [102.90663331080519, 83.11833504165136], [103.21417561247931, 84.01469251139686], [103.4609310887059, 84.92966331879894], [103.64773066129338, 85.85874137832121], [103.77573841891756, 86.79773739724], [103.8463769689414, 87.74279189100423], [103.86126057972137, 88.6903747875554], [103.82213741713751, 89.63727500770503], [103.73084118518597, 90.5805830865497], [103.58925179372007, 91.51766941851646], [103.39926425544762, 92.44616017363208], [103.16276480275862, 93.363912429518], [102.88161315168013, 94.26898961763202], [102.55762987472738, 95.15963802287278], [102.19258793440066, 96.03426479463684], [101.78820754646773, 96.89141771741507], [101.34615366622451, 97.72976684131247], [100.86803551093337, 98.54808797067214], [100.35540764066273, 99.34524794371904], [99.80977221428007, 100.12019159823393], [99.23258211757006, 100.87193029876465], [98.62524472736773, 101.59953189392202], [97.98912612927151, 102.30211197518933], [97.32555564980888, 102.97882631631671], [96.63583059798243, 103.62886438339642], [95.92122113742722, 104.25144381847848], [95.18297523024015, 104.84580581307031], [94.42232360847808, 105.41121130094602], [93.64048473966491, 105.94693791239317], [92.83866975904623, 106.45227764461407]], {"i0": 1.2482752126436172, "spread": 1.3737219752657073, "falloff": 2.4684401384041115}], [[[80.77901569586503, 93.7985224335893], [79.4425553937009, 93.24706559145426], [78.21315982173903, 92.4860359833831], [77.11677699081794, 91.54319468873702], [76.17068610829813, 90.44940011403199], [75.38383845215573, 89.23580258028288], [74.75820477901134, 87.93158802148727], [74.29058402894842, 86.56260294512649], [73.97438136961502, 85.15081504659875], [73.80107374854293, 83.71436867780395], [73.76127982952873, 82.26797149575502], [73.84546995640302, 80.8234118865124], [74.04439713815597, 79.39008525553133], [74.34933227845275, 77.97546871905972], [74.75217148878826, 76.58552232766485], [75.2454646731405, 75.22501555078217], [75.82239857143821, 73.89778697877503], [76.47675555566748, 72.6069481479856], [77.20286129617715, 71.35504230495809], [77.99552905680206, 70.14416760103144], [78.85000499663374, 68.97607253766796], [79.76191677256803, 67.85222989404032], [80.72722648721849, 66.77389400437215], [81.74218831084004, 65.7421451386669], [82.80331070196233, 64.75792386962567], [83.90732294507929, 63.82205763244739], [85.05114563726808, 62.935281164585234], [86.2318647256668, 62.098252121434804], [87.4467087141076, 61.311562862757086], [88.69302868477746, 60.57574917948785], [89.9682808183361, 59.891296559399706], [91.27001114022498, 59.25864445826096], [92.5958422535541, 58.678188947900544], [93.94346185981088, 58.15028403595834], [95.3106128974957, 57.675241897685076], [96.69508515670721, 57.253332218368485], [98.09470825123675, 56.88478081366554], [99.50734584807043, 56.56976767303313], [100.93089106934036, 56.30842455574095], [102.36326299449445, 56.1008322547049], [103.80240419619909, 55.94701763958802], [105.24627925069329, 55.846950581033425], [106.69287416449023, 55.8005408551906], [108.14019665904159, 55.80763512466674], [109.58627725287151, 55.86801408785005], [111.02917107650059, 55.98138988479722], [112.46696034998189, 56.14740384331882], [113.89775744642209, 56.36562464317287], [115.31970845874707, 56.6355469674296], [116.73099718102138, 56.95659070064704]], {"i0": 0.04461430194090518, "spread": 3.372069735852663, "falloff": 0.3457647864668413}], [[[91.3199004087381, 95.90378089922383], [90.79445493454867, 96.58152688372334], [90.22822602601983, 97.22560619026905], [89.62491479509471, 97.83510263337637], [88.98787932219744, 98.40927179899529], [88.32019147173482, 98.94749950649992], [87.62468446043177, 99.44927229223804], [86.90399261162936, 99.91415662256304], [86.16058454751357, 100.34178451206625], [85.39679087273079, 100.73184388922618], [84.61482721632856, 101.08407251266767], [83.8168133360851, 101.3982545612329], [83.00478885332065, 101.67421924362588], [82.18072607534103, 101.91184092853943], [81.34654027430764, 102.11104040434809], [80.50409772288674, 102.27178695253417], [79.65522173492049, 102.39410097140944], [78.8016969212455, 102.47805692374048], [77.94527184490256, 102.52378640783965], [77.08766024299652, 102.53148117225211], [76.23054097382719, 102.50139591054507], [75.37555684486433, 102.4338506883771], [74.52431247851717, 102.32923287084704], [73.67837137625085, 102.1879984361261], [72.8392523464012, 102.01067258109398], [72.00842546514986, 101.79784954711657], [71.18730774223718, 101.55019161889132], [70.37725866179403, 101.26842727593818], [69.57957576464484, 100.95334850267561], [68.79549042835006, 100.60580729104366], [68.0261639883421, 100.22671139429367], [67.27268432563903, 99.81701941362034], [66.53606302551412, 99.37773531838826], [65.81723318677206, 98.90990251568098], [65.11704793801022, 98.41459759340309], [64.43627968838736, 97.89292386684559], [63.77562011885758, 97.34600485621876], [63.135680894423665, 96.77497781797842], [62.516995058931215, 96.18098744249832], [61.92001905648411, 95.5651798176946], [61.345135312000146, 94.928696742953], [60.792655291815954, 94.27267046094791], [60.26282296329781, 93.59821885809944], [59.755818567328, 92.90644116729861], [59.271762622016105, 92.19841419145641], [58.810720077768835, 91.4751890519285], [58.37270455055195, 90.73778845372847], [57.95768256749907, 89.98720444930184], [57.56557776772876, 89.22439667513045], [57.19627500772273, 88.45029102763237]], {"i0": 0.022216704496093875, "spread": 0.33244152215115724, "falloff": 0.059155184631829005}]], "disk": {"i0": 0.18207065978817166, "n": 1.0, "c": 2.0, "mu": [87.5277620212471, 88.1573166940987], "roll": 0.9307179997902553, "rEff": 35.76305724381012, "axRatio": 0.704480953406792}, "bulge": {"i0": 0.45786086696418526, "n": 1.3187775584428696, "c": 2.0, "mu": [87.08922086139394, 87.58780082447143], "roll": 1.6160780126701813, "rEff": 3.926125239122507, "axRatio": 0.7303755292682416}, "bar": null}