{"disk": {"I": 0.13790096018800618, "Re": 16.50901998139751, "c": 2.0, "mux": 63.12286815521602, "muy": 63.1733545141856, "n": 1.0, "q": 0.9176983906435198, "roll": 2.7593737314265323}, "bulge": {"I": 0.8992179291862357, "Re": 1.2930031233036339, "c": 2.0, "mux": 63.81381471599748, "muy": 63.23109962393099, "n": 0.2, "q": 0.4403505534475821, "roll": 0.09959498981470723}, "bar": null, "spiral": []}