{"spiral": [[[[110.9282662008281, 79.21520139751573], [112.0578727049276, 79.83486433317785], [113.16183247821807, 80.49913250304932], [114.23746263064767, 81.2083460252045], [115.28186591069556, 81.96277864210417], [116.29191148977785, 82.76261318033912], [117.26421626664514, 83.60791131861826], [118.19512775262591, 84.49857669009108], [119.08071006905375, 85.43431034868614], [119.91673513224785, 86.41455772338237], [120.6986817703813, 87.43844645442871], [121.42174626011672, 88.50471503177845], [122.08086850107263, 89.61163300962937], [122.6707786565305, 90.75691490349125], [123.1860692938599, 91.93763165696217], [123.62129759455289, 93.15012585009644], [123.97112065346403, 94.38993933624276], [124.23046391405198, 95.65176436097173], [124.39471825165862, 96.9294306364247], [124.45995537597463, 98.21594050798953], [124.42314500084473, 99.50356128839856], [124.28235214595605, 100.78397772612404], [124.03689090797417, 102.04849889302626], [123.68741353281936, 103.28830421238528], [123.2359211092149, 104.49470535076867], [122.68569330041517, 105.65939677882642], [122.04114660286767, 106.77466932672766], [121.30764049301783, 107.83356766077584], [120.4912561679035, 108.82998227075933], [119.5985727338497, 109.7586765644973], [118.63646157649715, 110.61525763072704], [117.61191318745425, 111.39610391222037], [116.53190391281281, 112.09826436580563], [115.40330437876071, 112.71934248415762], [114.23282742958526, 113.2573758928338], [113.02701134483947, 113.71071912657928], [111.79223357018085, 114.07793431109135], [110.53475076486593, 114.3576922010569], [109.26076224168735, 114.54868448147997], [107.97649557205355, 114.649547427741], [106.68831509672815, 114.65879691060307], [105.40285627756599, 114.57477534643067], [104.1271912687529, 114.39561267073455], [102.8690338034043, 114.11920609858116], [101.63699440746213, 113.74322798180582], [100.44089964019409, 113.26517861118838], [99.29219027482641, 112.68251312912636], [98.20440990727404, 111.99289135914958], [97.19378033628999, 111.1946290731086], [96.27981871512621, 110.28746931541508]], {"i0": 0.001, "spread": 0.5, "falloff": 1.0}], [[[136.96176757888557, 103.88157863925417], [136.51105892525777, 105.66132648770032], [135.9276212068932, 107.40208882377873], [135.215569075714, 109.09432440001069], [134.38018910019449, 110.729212207299], [133.4277344864073, 112.29879681410668], [132.36519923311968, 113.796073984875], [131.20009192533595, 115.21501848683512], [129.94022578415158, 116.55056175643183], [128.59353652450085, 117.79853049780544], [127.16793430506787, 118.9555583461672], [125.67119151940399, 120.01898198513327], [124.11086483042226, 120.98673125968438], [122.49424778201076, 121.85722050172541], [120.82834936461795, 122.62924599625775], [119.11989377526386, 123.30189254972197], [117.37533701184435, 123.87445059035637], [115.60089663693847, 124.34634414839948], [113.80259185845557, 124.71706938405028], [111.98629188728904, 124.9861429761781], [110.15777129951113, 125.15305957631004], [108.3227718149179, 125.21725762098549], [106.48707050435003, 125.17809303286124], [104.6565549637216, 125.03482072026164], [102.83730644474215, 124.78658429880865], [101.03569230436833, 124.43241514822573], [99.2584694032835, 123.97124282050837], [97.51290018710729, 123.40192001001896], [95.80688299840497, 122.7232668721294], [94.14909747798441, 121.93414153299106], [92.54916436557477, 121.0335462454118], [91.0178160367774, 120.02078179917847], [89.56706887501781, 118.89566623242808], [88.21037996365625, 117.65883684697963], [86.96275739153086, 116.31215530897981], [85.8407749379953, 114.8592309479588], [84.86241932734978, 113.30606204398505], [84.04667738013553, 111.66176215165092], [83.41276500162749, 109.93928325821554], [82.97893285826606, 108.15597425396008], [82.76087905038685, 106.33374699265276], [82.76995968764341, 104.49861480249301], [83.01156346841596, 102.6794768687027], [83.48409818257028, 100.9062543640269], [84.17892446969816, 99.20774854227243], [85.08127610352636, 97.60972841081669], [86.17187984379287, 96.13366681786408], [87.42881334108391, 94.79628570100708], [88.829179699103, 93.6098051080205], [90.35035250215502, 92.58264323706884]], {"i0": 0.001, "spread": 0.5, "falloff": 1.0}], [[[69.38840562969644, 80.72725674256992], [70.4173440587524, 80.56298273149191], [71.44885042901409, 80.41569300777849], [72.48267042228284, 80.28563436633547], [73.51853998404371, 80.1730616729645], [74.55618452743344, 80.07823843240021], [75.59531805126281, 80.00143739545551], [76.63564216146655, 79.9429412083447], [77.6768449835922, 79.90304310762701], [78.71859995289384, 79.88204766382272], [79.76056446542214, 79.88027157778188], [80.8023783712353, 79.89804453383883], [81.84366228899839, 79.93571011312912], [82.88401571608333, 79.99362677177136], [83.92301490496176, 80.07216888794913], [84.96021047206068, 80.17172788159792], [85.99512469863983, 80.29271341055878], [87.02724847652271, 80.43555464619669], [88.05603784360238, 80.6007016301616], [89.08091004212024, 80.78862671341871], [90.1012390234673, 80.99982607457312], [91.11635030469945, 81.23482131319581], [92.12551506761334, 81.49416110689185], [93.12794336662161, 81.7784229153243], [94.12277628634392, 82.08821470372516], [95.10907685794237, 82.42417664427269], [96.08581950119157, 82.7869827350443], [97.05187771412736, 83.17734224736125], [98.00600967019652, 83.59600087488187], [98.94684131350004, 84.04374140274487], [99.87284645276205, 84.52138363980748], [100.7823232544789, 85.02978324877367], [101.6733664080101, 85.56982895893734], [102.54383409798878, 86.14243743180026], [103.391308757213, 86.74854474863903], [104.21305041450928, 87.38909306135842], [105.0059413059577, 88.06501034485433], [105.766420343257, 88.77718033996585], [106.49040611359382, 89.52639859075525], [107.17320749418415, 90.313308848913], [107.80942198476667, 91.13831192755165], [108.39282398788177, 92.0014362674698], [108.91624928257514, 92.90215612260803], [109.37148900274407, 93.83913987132259], [109.74921807144403, 94.80990889271602], [110.03900066996732, 95.81038969579703], [110.22943888157336, 96.8343540515277], [110.30855538448783, 97.87277181194253], [110.26451245727166, 98.91315645387749], [110.08673949725271, 99.93906087442606]], {"i0": 0.001, "spread": 0.5, "falloff": 1.0}]], "disk": {"i0": 0.19700000000000004, "n": 1.0, "c": 2.0, "mu": [103.04754522835619, 102.88792729514398], "roll": 3.021549454905131, "rEff": 43.171657093073776, "axRatio": 0.7955130336062836}, "bulge": {"i0": 0.41600000000000004, "n": 2.1759999999999997, "c": 2.0, "mu": [103.94971602906168, 102.43202571158527], "roll": 2.386079440885423, "rEff": 4.069651450442999, "axRatio": 0.6567399475131946}, "bar": null}