{"spiral": [], "disk": {"i0": 0.1532696517025434, "n": 1.0, "c": 2.0, "mu": [41.26458591530758, 40.68379928635813], "roll": 0.5070618122510525, "rEff": 26.76669149586637, "axRatio": 0.8533791200942772}, "bulge": {"i0": 4.665458433525261, "n": 1.3906420835336266, "c": 2.0, "mu": [41.40315870337927, 40.64912754978179], "roll": 0.9805398152680131, "rEff": 1.2282834003464582, "axRatio": 0.9601239385858166}, "bar": null}