{"spiral": [[[[47.786712888501604, 49.101304840975445], [47.392287640258424, 49.74902387013327], [46.92668164430277, 50.347603147553976], [46.39481751626532, 50.88814572796965], [45.8031711378411, 51.362496351647465], [45.159701539242604, 51.76374538633603], [44.4735726216719, 52.08669187340375], [43.754694162451415, 52.32816179389165], [43.01316346062301, 52.487108132458964], [42.25871596498184, 52.564478727057526], [41.50028058205777, 52.56289907392592], [40.74569310881979, 52.48625358693148], [40.001572779233875, 52.33925104508002], [39.27333207532321, 52.1270374464764], [38.56527553322332, 51.85488889637061], [37.88074515438603, 51.52799131293806], [37.22228016031711, 51.151297737737735], [36.591770553844846, 50.72944717695736], [35.990593705590655, 50.26672812258868], [35.41972993024088, 49.767072202865435], [34.87985702941543, 49.2340667042628], [34.371425818516286, 48.670977886790006], [33.894719441858435, 48.08077962363237], [33.4498993660625, 47.46618385101411], [33.037040685433816, 46.82967069482682], [32.656158983554384, 46.17351706729034], [32.30723058921668, 45.49982313135164], [31.990207691656558, 44.81053640378447], [31.705029462434958, 44.10747349250168], [31.4516300705489, 43.39233958553916], [31.229944269240846, 42.66674587429427], [31.039911068857062, 41.93222511248632], [30.881475882668514, 41.1902455142173], [30.754591433780103, 40.44222318001625], [30.659217635303488, 39.68953321877899], [30.59532059782959, 38.93351970896934], [30.56287087388732, 38.175504617121824], [30.561841015975048, 37.416795765350024], [30.592202500415688, 36.658693914211156], [30.65392205240703, 35.90249900300257], [30.746957397250867, 35.14951556554181], [30.871252457857715, 34.401057317465856], [31.026732019651654, 33.65845088987657], [31.21329588982447, 32.92303866524256], [31.430812589103702, 32.19618065492645], [31.679112630611204, 31.47925534441371], [31.9579814616301, 30.773659423507034], [32.2671521698613, 30.08080631557082], [32.60629808522142, 29.402123423781028], [32.975025440136456, 28.739048024685193]], {"i0": 0.05338187146087759, "spread": 7.226030766298624, "falloff": 0.1749076946794948}], [[[40.33490618863928, 38.99290641262232], [40.41434020843051, 38.73027933262062], [40.50449216133465, 38.471135521164115], [40.6051435499647, 38.21588600567884], [40.71606767376953, 37.96492989021757], [40.83702843079576, 37.71865415831513], [40.967779325203296, 37.477433207568694], [41.10806269417628, 37.24162816077535], [41.257609166331235, 37.01158599786401], [41.41613736123103, 36.78763855284932], [41.583353836151765, 36.57010142013598], [41.7589532819965, 36.359272814445134], [41.94261896526568, 36.15543242796763], [42.13402340760616, 35.958840326988394], [42.332829288786535, 35.76973592775036], [42.5386905534836, 35.58833708800672], [42.75125369709174, 35.41483934612898], [42.970159201391965, 35.249415334350566], [43.19504308739755, 35.092214386430044], [43.42553855039815, 34.94336235348649], [43.661277641114914, 34.802961634710606], [43.90189295712018, 34.6710914229578], [44.147019310125536, 34.54780815872405], [44.396295337358815, 34.43314618015576], [44.64936502875039, 34.32711855199626], [44.90587914594178, 34.229718052215034], [45.16549651382395, 34.140918292416735], [45.42788517023086, 34.06067494638851], [45.69272336437086, 33.988927060420764], [45.95970039916042, 33.925598419519105], [46.22851731702182, 33.87059894458242], [46.49888743230854, 33.82382609764374], [46.770536716821674, 33.78516627439618], [47.04320404727729, 33.75449616600091], [47.31664132559652, 33.73168407487818], [47.59061348398457, 33.71659117215363], [47.86489838779422, 33.70907268702828], [48.139286649108364, 33.70897902112628], [48.413581364175045, 33.716156783090995], [48.687597787132944, 33.730449740923625], [48.96116295190415, 33.751699691321846], [49.23411525319593, 33.77974724682153], [49.506303996745054, 33.81443254278632], [49.77758892756195, 33.855595867285956], [50.047839744350696, 33.903078217631624], [50.31693560673079, 33.956721787857184], [50.58476464137367, 34.016370391798986], [50.851223451901106, 34.08186982659125], [51.11621663668405, 34.15306818145816], [51.379656317864175, 34.22981609663039]], {"i0": 0.04464092261310147, "spread": 0.5889588537388215, "falloff": 0.06921281192558208}], [[[40.24523462881541, 44.82902919323371], [39.91176984290031, 44.62981476231652], [39.592283815577986, 44.40885116095745], [39.286738138709175, 44.16896266004933], [38.99494728833037, 43.91250748388308], [38.71664037367365, 43.64146962009834], [38.45150007994575, 43.35753133166605], [38.199187214445296, 43.06213020638935], [37.959356100948895, 42.7565040899383], [37.73166411729356, 42.4417266136199], [37.51577746431517, 42.11873543922234], [37.311374501652395, 41.788354855674115], [37.11814751207074, 41.451313978158666], [36.935803454550765, 41.1082615056563], [36.76406407287117, 40.75977776853599], [36.60266560076591, 40.40638462909627], [36.45135822273172, 40.04855366941981], [36.30990539526747, 39.68671300457623], [36.17808309750239, 39.32125298502881], [36.0556790561505, 38.95253099595359], [35.94249197359998, 38.580875518031604], [35.838330777287474, 38.20658958048671], [35.74301390121812, 37.82995371131074], [35.65636860560779, 37.45122846935866], [35.57823033755574, 37.07065662666121], [35.5084421334119, 36.68846505695261], [35.446854062202874, 36.30486637618308], [35.393322708726735, 35.920060372552], [35.347710694230734, 35.53423525749487], [35.309886232557275, 35.14756876334274], [35.279722719364266, 34.760229109442875], [35.257098352093266, 34.37237585489971], [35.24189577847739, 33.98416065313673], [35.234001771293904, 33.59572792145422], [35.233306927471745, 33.20721543630959], [35.239705389537754, 32.8187548638865], [35.25309458767539, 32.43047223389779], [35.2733750007772, 32.04248836348676], [35.30044993498531, 31.654919237169413], [35.33422531831653, 31.267876347994658], [35.37460951021865, 30.881467004190227], [35.42151312476507, 30.49579460540979], [35.47484886660686, 30.110958891664794], [35.534531378598906, 29.727056168113393], [35.600477100305206, 29.344179508161677], [35.672604136575394, 28.96241893717583], [35.75083213546611, 28.581861598816833], [35.835082174849255, 28.202591905766912], [35.92527665712269, 27.824691676383154], [36.021339211448826, 27.448240258719434]], {"i0": 0.18651614602419017, "spread": 0.0, "falloff": 1.1233338862920486}]], "disk": {"i0": 0.17842921807166665, "n": 1.0, "c": 2.0, "mu": [42.35504005178049, 43.03646246208572], "roll": 1.9083032490861427, "rEff": 20.29444728770491, "axRatio": 0.9263042910958065}, "bulge": {"i0": 1.414028864143126, "n": 0.7171433087574052, "c": 2.0, "mu": [43.588657825594204, 43.69323971820322], "roll": 1.631185259881838, "rEff": 2.235296781050819, "axRatio": 0.9656251422129889}, "bar": null}