{"spiral": [[[[93.07690378873004, 78.81795794392187], [93.60991263028428, 78.45036616972178], [94.14809315971581, 78.09038938246174], [94.69155073000464, 77.73843087719466], [95.24039524375195, 77.39493433621806], [95.79474074418617, 77.06038930417438], [96.35470475875067, 76.73533759325187], [96.92040730116466, 76.42038080498762], [97.49196940247771, 76.11618919033714], [98.06951099293605, 75.8235121238592], [98.65314788772332, 75.54319052055422], [99.24298753354927, 75.27617159196853], [99.83912303767104, 75.02352641066591], [100.44162480920684, 74.78647083079832], [101.05052887372233, 74.56639037095167], [101.66582054151269, 74.3648697006263], [102.28741158254296, 74.18372730415979], [102.91510833561856, 74.02505565648036], [103.54856721906165, 73.89126664143184], [104.18723290806444, 73.78514068882052], [104.83025312095695, 73.70987569104095], [105.47636291392826, 73.66912743444526], [106.123731679715, 73.66702601034609], [106.76976990044486, 73.7081415646098], [107.41090416405945, 73.79735818967904], [108.04235360313731, 73.93960138129604], [108.65798235273084, 74.13936574670407], [109.25035186012015, 74.40003027449602], [109.81111663995036, 74.72305170911656], [110.33183362406304, 75.10727295332212], [110.80505825296062, 75.54866827770307], [111.22537912201304, 76.04073347660577], [111.59000113114689, 76.575425004627], [111.89870794433348, 77.14428384966455], [112.15334090781052, 77.73936260035782], [112.35708546013444, 78.35376941956096], [112.51381069728967, 78.98185204573345], [112.62757842518936, 79.61914504506363], [112.70233310715128, 80.26220402125968], [112.74173487461266, 80.90841008803626], [112.7490885630759, 81.55578759113986], [112.72733009364615, 82.20285135988456], [112.67904355700226, 82.84848575452843], [112.60649249002938, 83.49185185458246], [112.51165588379125, 84.13231744918124], [112.39626390233163, 84.76940466731607], [112.26183090385226, 85.40275091714943], [112.10968482044711, 86.03207973237834], [111.94099272250796, 86.65717894832542], [111.75678277466703, 87.27788428963113]], {"i0": 0.10988032591379843, "spread": 0.5061472698753573, "falloff": 0.9791933889220614}], [[[106.8974085008545, 108.47277455981411], [106.38304125360217, 108.92259684230855], [105.86353890811077, 109.36647831476664], [105.3388128467985, 109.80417189436291], [104.80876799512954, 110.23540869913283], [104.27330247816423, 110.65989541743772], [103.73230727392406, 111.07731126718066], [103.18566587286588, 111.48730446361405], [102.63325395863852, 111.88948810039052], [102.07493913184051, 112.28343532514015], [101.51058070818065, 112.66867366168356], [100.94002963682223, 113.0446782964913], [100.3631286047245, 113.41086410006906], [99.77971242234507, 113.7665760979996], [99.1896088281449, 114.11107802884514], [98.5926399117382, 114.44353853399335], [97.98862444656788, 114.76301439993374], [97.37738155833097, 115.06843012166303], [96.75873635675475, 115.3585528611137], [96.13252846098052, 115.63196163619332], [95.49862480528407, 115.88700929949809], [94.85693880400886, 116.12177556309332], [94.20745900242312, 116.33400906996273], [93.55029192381389, 116.52105643253684], [92.88572617123116, 116.67977661724225], [92.21432822729314, 116.80644070702353], [91.53708492324759, 116.8966213676885], [90.85561271155005, 116.94508583642964], [90.17245714781107, 116.94572536004655], [89.49149998426185, 116.89158843576716], [88.81845906671613, 116.77513742851113], [88.1613793975641, 116.58890146820923], [87.53085246064111, 116.32668521901124], [86.93952964619666, 115.98528030185686], [86.40056136218438, 115.56614257573777], [85.92517883814573, 115.07605697898799], [85.52046752935188, 114.52610047037867], [85.1884988539944, 113.92931993390614], [84.92704732371024, 113.29836298683577], [84.73114427839303, 112.6440033230616], [84.59459612790592, 111.97467470335621], [84.51104296178337, 111.29664251248344], [84.47453896009581, 110.61442331408549], [84.47979625784821, 109.93122302822024], [84.52223674226221, 109.24930306646552], [84.59795097980715, 108.5702576743776], [84.70362096905278, 107.89521420185956], [84.83643538731279, 107.22497448719368], [84.99401016413273, 106.56011381464172], [85.17431908686399, 105.90105014967226]], {"i0": 0.011202016527031575, "spread": 0.4871094062826584, "falloff": 0.9927705200058687}]], "disk": {"i0": 0.23471148171677972, "n": 1.0, "c": 2.0, "mu": [97.2509820873278, 96.50177356611228], "roll": 0.9032271941044183, "rEff": 36.870055253235, "axRatio": 0.39924482050899524}, "bulge": {"i0": 0.10895874348852146, "n": 2.989614988813767, "c": 2.0, "mu": [97.06679302308903, 96.66124699823152], "roll": 0.8934467497263949, "rEff": 7.232700761544021, "axRatio": 0.18366199710015707}, "bar": null}