{"disk": {"I": 0.12134820538523995, "Re": 12.653714472180212, "c": 2.0, "mux": 49.3058704083586, "muy": 47.146189351220045, "n": 1.0, "q": 0.8358796579746938, "roll": 0.3334350402188362}, "bulge": {"I": 14.522939230397201, "Re": 0.19676266746470267, "c": 2.0, "mux": 49.220408720188836, "muy": 46.57109236595346, "n": 1.6277670037804166, "q": 0.18743648240735708, "roll": 2.9368422320414482}, "bar": null, "spiral": [[[[46.87423296093886, 37.35256143158504], [47.73106112218754, 37.05239879897886], [48.61724454452419, 36.85529160047524], [49.52083118270009, 36.767864787401436], [50.428249019633014, 36.79385873615783], [51.325246269664035, 36.93345253786255], [52.19806134623343, 37.183109623177025], [53.03452008696629, 37.53601927221312], [53.82478490923749, 37.98298860825645], [54.56163621238777, 38.513505682162176], [55.240341824858305, 39.11670755607467], [55.858269582694184, 39.78209956506027], [56.41440399135704, 40.49999397534137], [56.908880313121124, 41.26171329212611], [57.342593193813215, 42.05962989266923], [57.71689559251326, 42.88710837678665], [58.03338114743913, 43.7383996907953], [58.29373431224878, 44.60851838360317], [58.49963152919505, 45.49312073290848], [58.652678998115015, 46.38839245334155], [58.75437580703372, 47.290949297919624], [58.80609420572402, 48.197750912168196], [58.80907124839844, 49.10602686145017], [58.76440788104682, 50.01321315677548], [58.6730728843496, 50.916897480321644], [58.535910035306394, 51.814771400616316], [58.35364752342327, 52.70458805620586], [58.12690913942946, 53.58412400553562], [57.85622711098244, 54.45114416219816], [57.54205673794687, 55.30336895194767], [57.184793210956094, 56.138443046319914], [56.784791203313354, 56.95390525924458], [56.34238802007254, 57.74715945925111], [55.85793126866656, 58.515446676304364], [55.33181217315279, 59.255818993614675], [54.76450576172613, 59.96511635007135], [54.15661916120209, 60.63994806421166], [53.50894905528468, 61.27668173762229], [52.82254888681134, 61.87144319281726], [52.09880545805141, 62.42013216146486], [51.339523044975756, 62.9184593748617], [50.54701086711067, 63.36201118154217], [49.72416676020445, 63.74634731675612], [48.87454648775141, 64.0671353438072], [48.00240504468451, 64.32032100804858], [47.11269478825428, 64.50232713287066], [46.2110067993265, 64.61026544947548], [45.303447756069836, 64.64213781568222], [44.39645475934891, 64.59699852040549], [43.49656308242809, 64.47505066835156]], {"I": 0.10189983675055819, "falloff": 2.1009989503788002, "spread": 0.2725267120143637}], [[[49.95307164308478, 57.22536697907809], [49.241596861389525, 57.59308155974747], [48.494707988397316, 57.88205250572204], [47.72000954123668, 58.08485775617265], [46.92689999920614, 58.19538561272299], [46.12627083280871, 58.20961023292912], [45.32987191556141, 58.12622618501935], [44.549434947640584, 57.946941122318634], [43.7957572752013, 57.67631442907281], [43.07797396189795, 57.32118618212289], [42.403164795293804, 56.889874269387406], [41.77631080864877, 56.39135534813433], [41.200511378604936, 55.83458975584549], [40.67733693875653, 55.228058096349834], [40.20721113246225, 54.57950172581623], [39.78975679906826, 53.895821048625784], [39.424077449875575, 53.1830780164425], [39.108970325315816, 52.44655789171694], [38.843079307207795, 51.690858608964305], [38.62500000590009, 50.91998804837971], [38.453349101825125, 50.1374583095653], [38.326808058768236, 49.346371783855176], [38.244148997987054, 48.54949720457338], [38.20424842642086, 47.74933569414675], [38.206092832305764, 46.94817772210989], [38.24877889471747, 46.1481522436153], [38.331510129821446, 45.35126935464225], [38.4535911348377, 44.559457723030846], [38.61442011655629, 43.77459791692181], [38.81348004742182, 42.99855259419815], [39.05032853440769, 42.23319435707685], [39.32458628210424, 41.480431918186945], [39.63592386208907, 40.7422350668432], [39.98404634543024, 40.020658754986776], [40.36867521197741, 39.31786642866804], [40.789526813232534, 38.63615249871823], [41.2462865439465, 37.97796354276424], [41.73857778820128, 37.34591745403447], [42.26592468292524, 36.742819258109456], [42.82770783861905, 36.171671710642784], [43.42311244943201, 35.635678064704194], [44.05106881995451, 35.138233599171684], [44.71018634813321, 34.6829017476255], [45.3986835362322, 34.27337016641772], [46.11431868835593, 33.91338215951849], [46.85432845652169, 33.60663997348569], [47.61538390730076, 33.356679038452036], [48.39357553594802, 33.166716527269244], [49.184438602780325, 33.03948341801627], [49.98302725825825, 32.97705557420464]], {"I": 0.03314038352823915, "falloff": 0.23708578167247743, "spread": 5.107698509943276}]]}