{"disk": {"I": 0.10017868943031547, "Re": 31.19511380072728, "c": 2.0, "mux": 113.61079774990249, "muy": 115.18399918033532, "n": 1.0, "q": 0.7846303819810914, "roll": 2.788515330626115}, "bulge": {"I": 0.22826801204983602, "Re": 6.911882648126515, "c": 2.0, "mux": 114.3757329451703, "muy": 115.30141907988161, "n": 0.34966337131925174, "q": 0.3496969625441711, "roll": 1.8325928035396375}, "bar": null, "spiral": []}