{"disk": {"I": 0.11296908317046248, "Re": 27.448211651626778, "c": 2.0, "mux": 104.7373190391897, "muy": 104.5025966673966, "n": 1.0, "q": 0.785940574398605, "roll": 0.1355176364068682}, "bulge": {"I": 0.0, "Re": 0.0, "c": 2.0, "mux": 106.27349317425737, "muy": 104.02388871507634, "n": 1.0, "q": 0.95485325557248, "roll": 2.419740490214962}, "bar": null, "spiral": [[[[82.73029676180043, 96.13158532594586], [83.40962965597755, 94.56561255793186], [84.16936519618011, 93.0370411838171], [85.0097135804225, 91.55127504176508], [85.93078747636153, 90.11417394947634], [86.9325333820117, 88.73211630153902], [88.01464272699661, 87.41205976890404], [89.17643837300268, 86.16159529255692], [90.41673217776102, 84.98898697878045], [91.73365014482833, 83.90318711537489], [93.1244239595099, 82.91381151058154], [94.5851522207632, 82.03105615192227], [96.11054218533214, 81.26553297143298], [97.69365378166314, 80.62800230183704], [99.32568124463512, 80.12898534460778], [100.99582124699519, 79.77825476774079], [102.69128418874972, 79.58422703380177], [104.39749987725764, 79.55331362335922], [106.0985438099009, 79.68932094281836], [107.7777659105188, 79.99300573300074], [109.41855102715363, 80.46188048307218], [111.00509970704033, 81.09031808669913], [112.5231077548467, 81.86993977045009], [113.96024965259437, 82.79020960049169], [115.30642238579743, 83.83912518448176], [116.55376080551008, 85.00389554350674], [117.69647458402208, 86.27152526373837], [118.7305726403307, 87.62926255339642], [119.65353716682087, 89.06490324113061], [120.4639946568664, 90.56696568013527], [121.16141393709376, 92.12476236448283], [121.74584616433269, 93.72839586395943], [122.21771108169835, 95.36870334906834], [122.57762739975239, 97.03716856466892], [122.82628204655144, 98.72581455314018], [122.96433209683684, 100.42708562512554], [122.99233355379187, 102.133723301214], [122.91069221254075, 103.83863814434439], [122.71963323774379, 105.53477738984218], [122.41918768865695, 107.2149868655944], [122.00919601389157, 108.8718647384894], [121.48933059969492, 110.49760407004162], [120.85914194545478, 112.08382106694899], [120.11813616508755, 113.62136652115468], [119.26589546717652, 115.10011970351086], [118.30225815751216, 116.5087677919555], [117.22758028480098, 117.83458114195464], [116.04310624664438, 119.0632073441396], [114.75147770139667, 120.17852745959037], [113.35740322836756, 121.16264772064844]], {"I": 0.0, "falloff": 2.3221141551623776, "spread": 5.622635430839083}], [[[103.79871592116933, 134.7064291116097], [102.89675306792246, 134.20836846221397], [102.01781008157602, 133.6707248868728], [101.16359933532063, 133.09459483018608], [100.33574457661746, 132.4811951110013], [99.53577346499138, 131.8318491452012], [98.76511254962506, 131.14797249336988], [98.0250846727023, 130.43105822137147], [97.31690868414469, 129.6826625366172], [96.64170128264425, 128.90439110416798], [96.00048074398526, 128.09788638085087], [95.39417226391414, 127.26481623367168], [94.82361462943904, 126.40686403675316], [94.28956793594169, 125.52572037452], [93.79272208439833, 124.62307642142746], [93.33370581960462, 123.70061902238214], [92.91309610272, 122.76002746407892], [92.5314276483393, 121.80297190638112], [92.18920249146352, 120.83111343358648], [91.88689948441281, 119.84610568740246], [91.62498365576245, 118.84959805622239], [91.4039153896475, 117.84324041722547], [91.22415940634183, 116.82868945946176], [91.08619354146639, 115.80761665693143], [90.99051733131148, 114.78171801154026], [90.93766041469149, 113.7527257480891], [90.9281907559115, 112.72242221950654], [90.96272267634099, 111.6926563737447], [91.04192464876235, 110.6653632470566], [91.16652675501936, 109.64258709080751], [91.3373276207463, 108.62650891390469], [91.55520050762794, 107.61947944097939], [91.82109804061537, 106.62405875953993], [92.13605473565148, 105.6430642587835], [92.50118602284988, 104.67962886792318], [92.91768174048073, 103.73727206029919], [93.38679098599616, 102.81998658832116], [93.9097935600958, 101.93234434751245], [94.48795076541911, 101.07962495579133], [95.12242466391832, 100.2679701317933], [95.81414964575093, 99.50456495117008], [96.56363301597479, 98.79784196083317], [97.3706525520274, 98.15769322931072], [98.23381070743261, 97.59565437914826], [99.14990361864088, 97.12498808511731], [100.11308264645689, 96.76053922910332], [101.11385206967256, 96.51816929224637], [102.1380867325854, 96.41354604502361], [103.16646002196266, 96.46015923711902], [104.17482769138714, 96.66675907831586]], {"I": 0.0, "falloff": 0.01, "spread": 0.0}]]}