{"disk": {"mux": 39.75874366924612, "muy": 38.53133320910006, "roll": 2.480103256970957, "Re": 10.132081203646228, "q": 1.0796900982559965, "I": 0.06466963815455544, "n": 1.0, "c": 2.0}, "bulge": {"mux": 40.063696657108835, "muy": 38.51354934246829, "roll": 0.07318132816066392, "Re": 4.283452219576826, "q": 0.3596373220118715, "I": 0.08896978666606023, "n": 1.3170156653182679, "c": 2.0}, "bar": {"mux": 39.78384292096368, "muy": 38.384109367046825, "roll": 2.2537598202177405, "Re": 0.38236868957318637, "q": 0.7236559486039108, "I": 1.2276236633443873, "n": 0.14874009096822294, "c": 1.8661386278676482}, "spiral": []}