{"spiral": [[[[63.9361467367429, 87.730275429267], [63.10828554438191, 87.24153560532376], [62.34041434345719, 86.66305910974054], [61.63992260239579, 86.00453941122454], [61.01118784137119, 85.27712803750174], [60.455696221808715, 84.49229062143341], [59.972553676963464, 83.66089602189706], [59.55915913392714, 82.79265540215273], [59.21185311374616, 81.89588584491732], [58.926442161692144, 80.97750420860844], [58.69857388784735, 80.04315128711946], [58.52397928457347, 79.09737075955113], [58.39861382986745, 78.14379654747677], [58.31872858694714, 77.18532490563022], [58.28089632062946, 76.22426196233889], [58.28201057926762, 75.26244528072931], [58.31926974001339, 74.30134168165586], [58.390153632674135, 73.3421248877114], [58.49239736208985, 72.38573669028675], [58.62396499912087, 71.43293497332137], [58.783024584207034, 70.48433139458001], [58.96792514389758, 69.54042098674053], [59.177175980321, 68.60160546745807], [59.40942824342407, 67.66821165538795], [59.66345866636941, 66.74050607346359], [59.93815527895196, 65.81870657612905], [60.23250489393956, 64.90299164545199], [60.545582158589944, 63.99350785559447], [60.87653997884792, 63.090375891365376], [61.22460113862451, 62.19369542139315], [61.589050956865414, 61.30354905986056], [61.9692308449921, 60.420005599750255], [62.36453264297948, 59.54312266186018], [62.774393631669845, 58.67294887275415], [63.19829212996442, 57.80952566199333], [63.635743600569654, 56.95288875006646], [64.0862971974751, 56.10306938433886], [64.54953269825288, 55.26009536892761], [65.02505777182665, 54.423991925541756], [65.51250553930487, 53.59478241521054], [66.01153239224936, 52.772488945164405], [66.5218160356339, 51.95713288074881], [67.04305372933372, 51.14873527850294], [67.57496070420942, 50.34731725372777], [68.11726873218895, 49.55290029347987], [68.66972483272474, 48.76550652402506], [69.2320901000891, 47.98515894024228], [69.80413863796932, 47.21188160320102], [70.38565658947905, 46.44569981109597], [70.97644125211869, 45.686640247856076]], {"i0": 0.041319157812820695, "spread": 20.038524454940056, "falloff": 0.3999027828625922}], [[[79.35866572405492, 73.39446621711915], [80.04139104413554, 72.90153608831947], [80.76156908046924, 72.46511405167723], [81.51380919554272, 72.08660957938145], [82.29330580427131, 71.7679951430352], [83.09542893868547, 71.5116356637033], [83.91544524568118, 71.32011245723605], [84.74832729435529, 71.19602294238037], [85.58864067508543, 71.14174775575411], [86.4305142186725, 71.15918942066942], [87.26770337433486, 71.24950177593516], [88.09375074191311, 71.41284430465568], [88.90223192925292, 71.64820462722287], [89.68705403726874, 71.95332932217006], [90.4427569807615, 72.32478512048574], [91.16476371506548, 72.75814387907903], [91.84953800365933, 73.24825652285024], [92.494632859287, 73.78956474000033], [93.09863882973843, 74.37639964214182], [93.66105933606191, 75.00323049768033], [94.18214649208807, 75.66484583937695], [94.66272720753628, 76.35646616784138], [95.10404067742006, 77.07379826524283], [95.50759896889413, 77.81304562339012], [95.87507487447179, 78.57088945722238], [96.20821629375564, 79.34445239747943], [96.50878381847309, 80.13125382805246], [96.77850726062819, 80.9291629238557], [97.0190568992057, 81.7363531212035], [97.23202573493523, 82.55126007063915], [97.41891972041576, 83.37254400259408], [97.58115359686423, 84.19905674717575], [97.7200505580534, 85.02981323290962], [97.83684442940047, 85.86396709721211], [97.93268342225538, 86.70078994609723], [98.00863480370974, 87.53965378484345], [98.06569002021149, 88.38001617332557], [98.10476996803439, 89.22140769384403], [98.1267302072127, 90.06342137219366], [98.13236599153042, 90.90570374104878], [98.12241703447575, 91.74794728460942], [98.09757197462564, 92.58988403780661], [98.05847251919627, 93.43128015669608], [98.00571726975001, 94.27193129993799], [97.93986523355228, 95.11165869494943], [97.86143903910768, 95.95030577757964], [97.77092787353354, 96.787735315459], [97.66879016242177, 97.62382693930492], [97.55545601109787, 98.45847502006909], [97.43132942640173, 99.29158683953256]], {"i0": 0.013331168279666858, "spread": 12.303047910136806, "falloff": 0.011446842949245566}]], "disk": {"i0": 0.2255383183448367, "n": 1.0, "c": 2.0, "mu": [77.44621784545176, 77.29732725432451], "roll": 2.40761424857029, "rEff": 36.5252894346051, "axRatio": 0.547603695696544}, "bulge": {"i0": 0.013762552288954117, "n": 0.25904387270718365, "c": 2.0, "mu": [77.1413372024925, 77.12655739473513], "roll": 2.6823107588283506, "rEff": 11.917711937604246, "axRatio": 0.2982221186987827}, "bar": null}