{"spiral": [], "disk": {"i0": 0.160543554195105, "n": 1.0, "c": 2.0, "mu": [39.34361273945985, 39.12496554147071], "roll": 0.5672922763882193, "rEff": 21.097429568334572, "axRatio": 0.7515553281517123}, "bulge": {"i0": 2.3708638554409, "n": 0.6974634622118865, "c": 2.0, "mu": [39.492772602629145, 38.89891718625816], "roll": 1.0422364821332992, "rEff": 1.5939406220979615, "axRatio": 0.9747065995742519}, "bar": {"i0": 0.0, "n": 0.14860307290386238, "c": 1.90882752956727, "mu": [39.49732284260333, 39.188194211817425], "roll": 0.670130378793787, "rEff": 3.6540733089925306, "axRatio": 0.6566635499038895}}