{"disk": {"I": 0.07231315513935767, "Re": 23.41006158872296, "c": 2.0, "mux": 75.77126865045892, "muy": 77.16465256075213, "n": 1.0, "q": 0.7709102059010804, "roll": 0.4024799458993318}, "bulge": {"I": 0.2201484472826381, "Re": 6.6642998585822175, "c": 2.0, "mux": 76.37080682138942, "muy": 76.92060214220228, "n": 0.5523884417292414, "q": 0.34264171224879253, "roll": 0.11578941495035162}, "bar": {"I": 1.9241147753435301, "Re": 1.986183080124422, "c": 2.033437074259906, "mux": 76.26403690567284, "muy": 77.39872301840954, "n": 0.9050095705946677, "q": 0.04496592414944946, "roll": 0.20374504823922904}, "spiral": [[[[81.14002942036176, 102.16138009863046], [79.79479845358098, 102.36070164049629], [78.43883605148818, 102.46396916298288], [77.07897748047112, 102.46587290746625], [75.72313296031807, 102.36182169492433], [74.38019911459513, 102.14828632018865], [73.05986266982084, 101.82314263968105], [71.77229260815486, 101.38596613419759], [70.52773972225754, 100.8382250799057], [69.33608694562989, 100.18332882541684], [68.20641101969852, 99.42651170424656], [67.14661803636645, 98.57456563996242], [66.16320016938451, 97.63546434949959], [65.26113382466158, 96.61793912831939], [64.44391083420435, 95.53106602130042], [63.71367316814981, 94.38391012988426], [63.071412497359155, 93.18525231495019], [62.51719740356053, 91.94340418911594], [62.05039920738531, 90.66610349117461], [61.66989759195693, 89.36047470688176], [61.374256498770194, 88.0330379699364], [61.16186764268142, 86.68975078755219], [61.03106332546906, 85.33607024099159], [60.98020244656684, 83.97702670997282], [61.00773438214409, 82.61730328182986], [61.11224529463713, 81.26131749692532], [61.29249085687043, 79.91330403107735], [61.54741860698923, 78.57739834982111], [61.876182300642775, 77.25772249397146], [62.27814976637559, 75.95847506528922], [62.75290485247343, 74.68402832863381], [63.30024300494559, 73.43903622027707], [63.920158687751936, 72.22855803789861], [64.61282100853758, 71.05820372247706], [65.37853118110525, 69.9343079019154], [66.21765126399322, 68.86414101476664], [67.13048711970958, 67.85616633232202], [68.11709853328249, 66.92035010786101], [69.17699451387352, 66.06852538245572], [70.30865114191087, 65.31479193995922], [71.50876532729386, 64.67589390312125], [72.77114319212144, 64.17143405465721], [74.08515406074986, 63.82364083695814], [75.43384135476536, 63.656211977930546], [76.79217973413365, 63.69164597294157], [78.12658688733201, 63.94678550683861], [79.39714540736426, 64.42743429920064], [80.56307083775485, 65.12449222125434], [81.58961954718696, 66.01428539019895], [82.45302191554826, 67.06335785246877]], {"I": 0.012439675393942392, "falloff": 0.46679960425419875, "spread": 5.089135298102011}], [[[54.13739358606628, 68.53902268576346], [54.98729776871522, 67.00111363361766], [55.90603416897097, 65.50331645528918], [56.89367211104877, 64.05004107157482], [57.95030371263573, 62.646144682320845], [59.07600213074222, 61.29701659559556], [60.27076348746026, 60.00867434938948], [61.5344263429068, 58.787871360056215], [62.86656053203953, 57.64221479489545], [64.26631472414738, 56.58028959028701], [65.73220947592999, 55.61177967393383], [67.26186050587253, 54.74756956126805], [68.8516170928232, 53.99979726401192], [70.49610578246046, 53.38181229378079], [72.18768518554599, 52.90797120574883], [73.91585000636479, 52.593183326967], [75.66667686984766, 52.45211466595151], [77.42247663268027, 52.49799274198449], [79.1618805887232, 52.74105666882979], [80.86058401132931, 53.1868698686235], [82.49283533121383, 53.83489992285829], [84.03348875269585, 54.677842255523956], [85.46015310720476, 55.70200213523939], [86.7548671363708, 56.888681364099156], [87.90491041170927, 58.216151819183054], [88.90270619960485, 59.66165985350871], [89.74506468205186, 61.20303241779453], [90.43211920075935, 62.81970626149367], [90.9662485979613, 64.4932140140819], [91.3511545160645, 66.20726589351003], [91.59115235833866, 67.94757969325963], [91.6906671900886, 69.70157968227423], [91.65389681535129, 71.45804251677028], [91.48459897805593, 73.20673222480035], [91.18596552521936, 74.93804095947989], [90.76055593339888, 76.64263590837258], [90.21027250932244, 78.31110236626446], [89.53636910543975, 79.93356567981839], [88.73949516510594, 81.49926846819601], [87.81978935211532, 82.99607300332443], [86.77705536222574, 84.40985179956235], [85.61108245386012, 85.72372466478106], [84.3222235681474, 86.9171057513172], [82.912426008816, 87.96456165722597], [81.38702850683909, 88.83460452540064], [79.75775470570164, 89.48886128139652], [78.04725135427292, 89.88272586107875], [76.29469854487014, 89.96957956525534], [74.55971881854391, 89.71092085168081], [72.91891772103855, 89.09154736765925]], {"I": 0.0036707732677126307, "falloff": 0.01, "spread": 4.485355707271155}]]}