{"spiral": [[[[101.60846304691427, 71.30350287807647], [103.73221048972651, 71.85955425050716], [105.83212349536649, 72.49972704289613], [107.90385552499977, 73.22590404783442], [109.94255039838515, 74.04019513596944], [111.94272876790099, 74.94493832683283], [113.89815008399871, 75.94269172029004], [115.8016445884874, 77.03621036636832], [117.64490920135145, 78.2283990376552], [119.41826129886392, 79.52222714987492], [121.11034628191824, 80.9205852381992], [122.70779986705935, 82.42605282413943], [124.19487826869567, 84.04053514999302], [125.55309281195736, 85.7647124597369], [126.76092855205174, 87.597235937905], [127.79379496435398, 89.53361259009829], [128.62444960545065, 91.5647749682959], [129.22422032690025, 93.67546946535948], [129.56533921719154, 95.84284563594404], [129.6244424403346, 98.03592735759001], [129.38669093306189, 100.21675995508762], [128.84924085984838, 102.3436152366649], [128.02256263662085, 104.37564967333441], [126.92888282697399, 106.27747432375082], [125.5984105778949, 108.02206995016402], [124.06491291175938, 109.59143475431742], [122.36204191531297, 110.97543566000684], [120.52102861586702, 112.16980160146238], [118.56966137597111, 113.1740447782755], [116.53216286495221, 113.9897190347434], [114.42957800479999, 114.61911894362888], [112.28040316637433, 115.06436424058569], [110.10131086943534, 115.32676312274661], [107.90791728213735, 115.40634992360779], [105.71560420109826, 115.30151247794964], [103.54045800617297, 115.00864672003013], [101.40044337622766, 114.52179902837048], [99.31701054856104, 113.83229023081834], [97.31746979884336, 112.928389149429], [95.43868943266999, 111.79529952246226], [93.73297791721988, 110.41626096829802], [92.27708274909784, 108.77698024330746], [91.18332064367357, 106.87877538770444], [90.60199490265911, 104.76915355122863], [90.68191185982256, 102.58484762101108], [91.47036299030519, 100.54664096980478], [92.85690648953062, 98.85493898643304], [94.65454799555341, 97.60489883258006], [96.69671031024686, 96.81111613070101], [98.86060256952817, 96.46324453171331]], {"i0": 0.041991700354966785, "spread": 0.5080896921873984, "falloff": 0.9635358845027852}], [[[85.67025649476331, 132.86321522489737], [83.87714831933033, 131.68628822334867], [82.1378906919792, 130.43118024033126], [80.45934748596756, 129.09599900814416], [78.84934802939169, 127.67895930781785], [77.31683688957712, 126.1785030236914], [75.87203203901086, 124.59347015847112], [74.52657926255938, 122.92333747765313], [73.29368025698392, 121.16854354717525], [72.18815662789734, 119.33091786454867], [71.22639147194195, 117.4142234739964], [70.42606744132317, 115.42480125297816], [69.80560355637671, 113.37226307111374], [69.38320071211541, 111.27011827461439], [69.17546319633371, 109.13614459158471], [69.19569025516039, 106.99226733480695], [69.45211173369584, 104.86374796628499], [69.94649564535123, 102.7776498269043], [70.67356207074438, 100.76081290344935], [71.62142858848999, 98.83779715535921], [72.7729672141543, 97.02929118191297], [74.10766607159323, 95.35129468617528], [75.60351179822514, 93.81509270668222], [77.23853353927417, 92.42781532133243], [78.9918547610521, 91.19329997127917], [80.84426833236517, 90.11301711508172], [82.77843767709062, 89.18691167794219], [84.77884477786787, 88.41409768162865], [86.83158606025522, 87.79339975295285], [88.92408572676487, 87.32376376587708], [91.04476641938139, 87.00456884451798], [93.18269340523314, 86.83587303732679], [95.32719026074368, 86.81862107506761], [97.46740843989463, 86.95483769784921], [99.59181672662349, 87.24782497892582], [101.68755493718196, 87.7023759035919], [103.73956330860383, 88.32500569979719], [105.72934601147087, 89.12417813060215], [107.63314200771906, 90.1104444474793], [109.41914970043537, 91.29626436590495], [111.04331286299161, 92.69491352968056], [112.443247094947, 94.31703000993448], [113.53111283654601, 96.16166931487827], [114.19134342460474, 98.19709202175413], [114.30052619065908, 100.33221136139304], [113.78660859770339, 102.40641517062352], [112.68873416653669, 104.24058237806324], [111.13788571935518, 105.7140867049665], [109.28275277141634, 106.78218175241167], [107.24550318263213, 107.44220955198084]], {"i0": 0.021722176549016287, "spread": 0.494580589965045, "falloff": 0.9674086049727799}]], "disk": {"i0": 0.15865975737448776, "n": 1.0, "c": 2.0, "mu": [102.81287358341872, 101.42260832235742], "roll": 0.05237461128689919, "rEff": 38.88175071137664, "axRatio": 0.4453899193801399}, "bulge": {"i0": 0.4098088956125163, "n": 1.018081695098689, "c": 2.0, "mu": [102.52420458693095, 101.23070267899283], "roll": 2.1272830946768875, "rEff": 4.931937642811126, "axRatio": 0.974813193561075}, "bar": {"i0": 0.08839473105658864, "n": 0.4853554903996686, "c": 1.9971283584673205, "mu": [102.53599326963287, 100.68172242027708], "roll": 2.162088022642389, "rEff": 4.636369522123798, "axRatio": 0.3882426814757024}}