{"spiral": [[[[123.06833503978518, 133.1184175953329], [122.59848829363122, 130.87524385392823], [122.32125837460265, 128.6002406071637], [122.24262372809274, 126.3097948805619], [122.36945816714147, 124.02156713289475], [122.70900411465863, 121.75519310264549], [123.26809330532963, 119.53286126761216], [124.05205260115089, 117.37965741039015], [125.06328730614652, 115.32349682613668], [126.29965430109898, 113.3944232043521], [127.75291809803261, 111.62310177799418], [129.40775590886633, 110.03853380060256], [131.24180296300023, 108.66535531927637], [133.22698265023553, 107.5213959027702], [135.33189774144276, 106.61621837856751], [137.5246370739083, 105.95103104823842], [139.77525508522754, 105.5198423375856], [142.05743687347226, 105.31134251561745], [144.34924830992802, 105.3109261019921], [146.63315456163804, 105.50244044218464], [148.89559066968172, 105.86948255823454], [151.1263351431876, 106.3962434941143], [153.31785466013602, 107.06798641346647], [155.4647093667829, 107.87126495030219], [157.56305373421796, 108.79397489002234], [159.61023692781598, 109.82530846487418], [161.60449220004696, 110.95565798710898], [163.54469997836767, 112.17649809292344], [165.4302093123669, 113.48026379519276], [167.26070429219948, 114.8602336738271], [169.03610456952737, 116.31042275318788], [170.75649147468218, 117.82548676302854], [172.42205324296128, 119.40063792995934], [174.03304446231454, 121.03157161674804], [175.58975609572187, 122.71440277521693], [177.09249336538906, 124.44561105051712], [178.5415594863144, 126.22199340615846], [179.93724375603912, 128.04062320834197], [181.27981289140246, 129.8988148420238], [182.56950478854262, 131.79409302641477], [183.80652409133734, 133.7241661315806], [184.99103911090447, 135.6869028857383], [186.1231797542659, 137.68031196020485], [187.2030362070657, 139.7025239953704], [188.2306581804162, 141.75177569739148], [189.20605457964103, 143.82639569434238], [190.12919349164014, 145.92479188340363], [191.0000024150803, 148.04544004410482], [191.8183686766621, 150.18687352887062], [192.58413999903473, 152.34767386257545]], {"i0": 0.0125770067668523, "spread": 11.042714385679817, "falloff": 0.04444698819965292}], [[[164.14107107425954, 140.2729656240132], [164.58462921928177, 142.45977220229454], [164.90237972652767, 144.66835001810338], [165.08877841233283, 146.89184437067703], [165.13765021062036, 149.1225718461477], [165.04221730500245, 151.35175436698896], [164.7951821253677, 153.56921359243086], [164.38889512113425, 155.76302928561552], [163.81564733314121, 157.91917805744887], [163.06813617558086, 160.02119090279643], [162.14015305604246, 162.04990147368963], [161.0275219885943, 163.9834003900857], [159.729263885133, 165.7973519650117], [158.24886104839737, 167.46583961035688], [156.59536371360707, 168.96284074237232], [154.78397429899277, 170.26425757355216], [152.83576357071186, 171.35017523758017], [150.77638622260105, 172.20680879431552], [148.6340143092925, 172.82760089760595], [146.43700206321674, 173.21319878726743], [144.2118500249593, 173.3704322585917], [141.98183951857922, 173.31070255293767], [139.76641618142017, 173.04824930297795], [137.58118101541066, 172.59863561658238], [135.43826291256153, 171.97760740142078], [133.34686610263532, 171.20033814264463], [131.31384930375413, 170.28099369721787], [129.34425711069045, 169.23252960952516], [127.44177046717125, 168.0666412058779], [125.60907059874607, 166.79380523342635], [123.84812429240844, 165.4233706540726], [122.16040341711665, 163.96367143250478], [120.5470520832995, 162.42214502842805], [119.00901339373614, 160.80544756979748], [117.54712564866243, 159.11956124128156], [116.16219580465469, 157.3698921751607], [114.85505619725323, 155.56135870998258], [113.62660908461491, 153.69847075340888], [112.47786243450226, 151.78540140781396], [111.409959502953, 149.82605222209162], [110.42420409050142, 147.82411348765663], [109.52208284445368, 145.7831210134104], [108.70528557332875, 143.7065107967635], [107.975724201157, 141.5976730060644], [107.33555068561638, 139.4600067019656], [106.78717392183428, 137.2969767586322], [106.3332753225419, 135.11217449800236], [105.97682236839, 132.90938361119467], [105.7210789217292, 130.69265298974003], [105.56961044397258, 128.46637808350712]], {"i0": 0.011718170223414254, "spread": 10.109291632621131, "falloff": 0.01}]], "disk": {"i0": 0.1759851810490781, "n": 1.0, "c": 2.0, "mu": [139.9306068983848, 138.79070518406968], "roll": 2.17254637435072, "rEff": 53.22854209667603, "axRatio": 0.7285640789820244}, "bulge": {"i0": 0.00657782883071337, "n": 1.8298407404496877, "c": 2.0, "mu": [139.94738212633038, 138.11264649889796], "roll": 1.835112646166082, "rEff": 62.086589347556625, "axRatio": 0.11799905513656582}, "bar": null}