{"spiral": [], "disk": {"i0": 0.1924988962320362, "n": 1.0, "c": 2.0, "mu": [37.63142431787103, 37.576201557820326], "roll": 0.5351822953100249, "rEff": 23.060137094216387, "axRatio": 0.777932384013086}, "bulge": {"i0": 3.2713604724733605, "n": 0.49331331624781505, "c": 2.0, "mu": [37.51222825690786, 37.917294750004906], "roll": 1.9408705198552534, "rEff": 1.6509798106480442, "axRatio": 0.9945756492349405}, "bar": null}