{"spiral": [], "disk": {"i0": 0.11697642302590018, "n": 1.0, "c": 2.0, "mu": [34.6480752633451, 34.120869404714576], "roll": 2.8751188489008865, "rEff": 21.622988421051183, "axRatio": 0.6727917135992527}, "bulge": {"i0": 0.6556684487832083, "n": 1.8600325071409782, "c": 2.0, "mu": [34.76955031129868, 34.19016265076591], "roll": 3.0250000400375887, "rEff": 3.623626656225506, "axRatio": 0.5522983251114244}, "bar": null}