{"spiral": [[[[54.20279240232771, 64.0915472355254], [53.687052687167984, 63.80222058935612], [53.18367446773153, 63.49187408886925], [52.69260185040414, 63.162392751442376], [52.213748757805014, 62.815384804030955], [51.747016275541306, 62.45223298483252], [51.29230387539728, 62.074135033533636], [50.849516666965215, 61.68213585539478], [50.41857005819512, 61.27715325913403], [49.9993927195626, 60.859998713893674], [49.59192843739986, 60.431394224667706], [49.19613724294617, 59.991986165357844], [48.811996074310585, 59.542356712883034], [48.439499143419816, 59.08303337918464], [48.07865812367877, 58.61449702697015], [47.72950223622996, 58.137188671512774], [47.392078287203844, 57.651515307053984], [47.06645069082708, 57.15785494788106], [46.752701501444896, 56.65656103645493], [46.45093046893057, 56.147966342479094], [46.161255126074686, 55.63238645425839], [45.88381091217192, 55.11012294634199], [45.61875133362147, 54.58146629393153], [45.36624815959358, 54.04669859391199], [45.126491648572475, 53.50609614399923], [44.89969079898739, 52.9599319250664], [44.6860736151604, 52.4084780264306], [44.485887376804136, 51.85200804981285], [44.299398897811315, 51.2907995242627], [44.12689475639366, 50.72513636145828], [43.9686814748205, 50.15531137811511], [43.82508562246008, 49.58162890962807], [43.69645381043854, 49.00440753615978], [43.58315254011486, 48.42398293895169], [43.48556786059497, 47.840710900330855], [43.404104782711556, 47.25497045533567], [43.33918638837337, 46.66716719566505], [43.291252565153584, 46.077736717289994], [43.26075828679854, 45.4871481910365], [43.24817135157359, 44.89590802023834], [43.253969482845136, 44.30456353063551], [43.278636691214224, 43.713706614721836], [43.32265879639396, 43.123977225585705], [43.38651801178504, 42.53606658409888], [43.47068650769209, 41.95071992896305], [43.57561889289812, 41.368738603235734], [43.70174359150336, 40.790981236175114], [43.849453144874985, 40.21836374945066], [44.019093538411745, 39.651857897504456], [44.2109527394649, 39.09248804912398]], {"i0": 0.018010535027839027, "spread": 11.136856009123239, "falloff": 0.01}], [[[65.14659286609253, 57.4959829507413], [65.56183262993105, 57.901080282117206], [65.96354470605236, 58.31959933709265], [66.35191528121133, 58.75053020063791], [66.72709762363964, 59.19299286193486], [67.08921347192891, 59.646213168184595], [67.43835461225154, 60.10950384890844], [67.77458446779833, 60.58224934395617], [68.09793960802926, 61.063893517598906], [68.40843113363015, 61.5539295843488], [68.70604592090245, 62.051891744388335], [68.99074772504645, 62.557348150330704], [69.2624781508874, 63.069894916543014], [69.52115750457736, 63.58915094824802], [69.76668554257343, 64.11475341660199], [69.99894213582208, 64.64635374270303], [70.21778786805409, 65.18361398149436], [70.42306458793522, 65.72620351802352], [70.61459593580595, 66.27379600531464], [70.79218786653911, 66.82606648653996], [70.95562919169527, 67.38268865497442], [71.10469216545145, 67.94333221438511], [71.2391331408587, 68.50766031039508], [71.35869332509229, 69.07532701057272], [71.46309966474801, 69.64597481785786], [71.55206589469974, 70.21923220872564], [71.62529378662886, 70.79471119471863], [71.6824746354896, 71.37200491349071], [71.72329102408962, 71.9506852639009], [71.74741890700253, 72.53030060888595], [71.7545300549208, 73.110373580065], [71.74429489874383, 73.6903990288351], [71.71638580878057, 74.26984218074274], [71.6704808375958, 74.84813706203633], [71.60626794480653, 75.42468527938126], [71.52344970786294, 75.9988552450046], [71.4217485040792, 76.56998194885529], [71.30091212572361, 77.13736738545568], [71.16071976191535, 77.70028174452867], [71.00098824908335, 78.2579654694605], [70.8215784572263, 78.80963227453918], [70.62240164446457, 79.35447318938614], [70.40342557849044, 79.89166166669224], [70.16468019801599, 80.42035974583706], [69.90626256788188, 80.93972521367645], [69.62834087915495, 81.4489196450828], [69.33115725557249, 81.94711714509612], [69.01502916076502, 82.43351355648525], [68.68034924844902, 82.90733584697756], [68.3275835644581, 83.36785135531976]], {"i0": 0.10027484211337802, "spread": 10.899304953247345, "falloff": 0.45430666375165774}], [[[50.37594487718203, 58.88685976775324], [50.11992019125552, 58.405931163039746], [49.87996136342553, 57.916789123341296], [49.656607657718276, 57.41984620562375], [49.45046438417798, 56.91552211206526], [49.26220862949999, 56.40425309157954], [49.09259542428942, 55.886502512789896], [48.94246424568307, 55.36277300002138], [48.81274566307471, 54.83362057805798], [48.704467800156486, 54.29967132827034], [48.618762090257526, 53.76164110649827], [48.55686752660747, 53.22035889624927], [48.520132222850755, 52.676794329925386], [48.51001058811662, 52.132089759759765], [48.52805376699092, 51.587596908177154], [48.575890227404166, 51.04491746103656], [48.655192591798986, 50.505945833983816], [48.76762622284488, 49.97291058644474], [48.91477511092125, 49.44840850082279], [49.098041914441445, 48.935422328567114], [49.31852237721268, 48.43731024960972], [49.576860426321744, 47.95775350594281], [49.87309883371967, 47.50065047383417], [50.206549515946286, 47.06995268650404], [50.57571338263994, 46.66945160342034], [50.97827723354591, 46.3025415175829], [51.41120177802155, 45.97199741283358], [51.87089309541587, 45.67980926207433], [52.35342816507722, 45.42710265408793], [52.85479307493895, 45.21415372325556], [53.37109474662953, 45.04048370637925], [53.8987204819133, 44.905004037904455], [54.434436756959606, 44.8061800831046], [54.97543257912641, 44.7421877793955], [55.51932028549037, 44.71104743976855], [56.064108408578385, 44.71072836555961], [56.60815934670538, 44.73922455610493], [57.15014125339705, 44.794605426536215], [57.68898023238729, 44.8750467585076], [58.22381626581593, 44.97884702475504], [58.75396443921827, 45.10443347737915], [59.27888186529105, 45.2503614458023], [59.79814005256547, 45.41530939374716], [60.311402150477164, 45.598071540116784], [60.81840439018869, 45.7975492719124], [61.31894104447718, 46.01274215622401], [61.81285228760176, 46.24273905696696], [62.300014418929344, 46.48670965953445], [62.7803319967144, 46.7438965646086], [63.25373150938409, 47.01360802709906]], {"i0": 0.12310593433759524, "spread": 18.84270972117182,