{"spiral": [[[[100.39941436874783, 109.83896306102847], [100.61385696914664, 108.39724299951722], [100.95584031746203, 106.98032166009024], [101.41916919431432, 105.59828500427189], [101.99677067193474, 104.25994368197078], [102.68097155296358, 102.97280274841728], [103.46375549279827, 101.74309077627706], [104.33698639644324, 100.57583492929507], [105.2925911943256, 99.47496721360663], [106.32270063355338, 98.44344809630822], [107.41975070801547, 97.48339604424372], [108.57654973684409, 96.5962144354509], [109.78631714255307, 95.78271011902143], [111.04270005700039, 95.04320029938985], [112.33977336270166, 94.37760626924171], [113.67202796496127, 93.78553381175962], [115.03435118538889, 93.26634092890731], [116.42200230805665, 92.81919402338704], [117.83058554998483, 92.44311387965247], [119.25602210389611, 92.13701283269718], [120.69452239992114, 91.89972445513145], [122.14255935546355, 91.73002697483207], [123.59684309303452, 91.62666149467783], [125.05429740334479, 91.58834593767443], [126.51203808370063, 91.6137855008725], [127.96735318108871, 91.70168027388485], [129.41768510698998, 91.8507305658194], [130.86061454585197, 92.05964038859739], [132.29384605956358, 92.32711946372982], [133.7151952765342, 92.6518840524559], [135.12257755181778, 93.03265685390399], [136.51399798702897, 93.46816617097777], [137.8875427041148, 93.95714450730776], [139.24137127368957, 94.49832672946803], [140.57371020842314, 95.09044790555566], [141.8828474382285, 95.73224091287318], [143.16712769296217, 96.42243389324544], [144.42494872544853, 97.15974762338718], [145.65475831357656, 97.94289285927961], [146.85505198579398, 98.77056770708377], [148.02437141858812, 99.64145506827282], [149.16130345805166, 100.55422020290501], [150.2644797193919, 101.50750845235731], [151.33257671980022, 102.49994316056888], [152.36431650139681, 103.53012383035791], [153.35846769803373, 104.59662455085946], [154.31384700211962, 105.69799272828587], [155.2293209825564, 106.83274815172548], [156.1038082046831, 107.99938242190574], [156.93628160033813, 109.19635876775001]], {"i0": 0.24869194836587163, "spread": 0.54820556760079, "falloff": 0.9882101714682311}], [[[128.96819758863714, 128.2240609510017], [128.34168645502558, 129.52877047106904], [127.6017250742576, 130.7727062041244], [126.75922881699964, 131.94967026220647], [125.82481157519376, 133.05512166802376], [124.80858664917241, 134.085921288553], [123.72004448635096, 135.04008498564303], [122.56799094933288, 135.91655864231709], [121.36053018451584, 136.71502179716725], [120.10507829301181, 137.43572170859932], [118.80839676989605, 138.07933659634904], [117.47663740663087, 138.6468651493771], [116.11539271564688, 139.13953870444533], [114.72974783026635, 139.55875241857345], [113.32433126038981, 139.90601201482966], [111.90336292182391, 140.1828930906718], [110.4706985771181, 140.39101043537408], [109.02987030934332, 140.53199524445859], [107.58412296518655, 140.6074785151865], [106.13644669496202, 140.6190792474373], [104.68960582654009, 140.5683963573472], [103.24616436666166, 140.45700344221794], [101.80850844107421, 140.28644572081424], [100.37886598407856, 140.05823862105777], [98.95932397119014, 139.77386760340792], [97.55184346855806, 139.4347889000406], [96.1582727452247, 139.04243092077357], [94.78035867112378, 138.59819613275928], [93.41975659707205, 138.10346326357134], [92.07803889085362, 137.55958971081387], [90.75670228299795, 136.96791406717466], [89.45717415553406, 136.32975868921267], [88.1808178932565, 135.6464322540044], [86.92893739994715, 134.91923225877522], [85.70278087194654, 134.14944742810394], [84.50354390985181, 133.33835999989358], [83.33237204043328, 132.48724786667435], [82.19036271358175, 131.59738655295249], [81.07856683294023, 130.6700510125444], [79.99798987281159, 129.70651723251183], [78.94959263154205, 128.70806363250102], [77.934291665583, 127.67597225031025], [76.95295944835645, 126.611529706166], [76.00642429311957, 125.51602794010071], [75.09547007892375, 124.39076471842009], [74.22083581641719, 123.23704390707316], [73.38321508879724, 122.05617551161873], [72.58325540196869, 120.84947548542222], [71.82155747674629, 119.61826530974584], [71.09867451473146, 118.36387135150899]], {"i0": 0.16923043739321597, "spread": 0.5244167036761297, "falloff": 0.9507701891118795}]], "disk": {"i0": 0.17124994761015264, "n": 1.0, "c": 2.0, "mu": [118.62729637282543, 117.64509509854469], "roll": 0.20413151413979308, "rEff": 52.50653663181211, "axRatio": 0.6558774077257954}, "bulge": {"i0": 0.0, "n": 2.3830780618118435, "c": 2.0, "mu": [118.06807690819406, 118.45298424743875], "roll": 2.398331915662077, "rEff": 5.8793443065811415, "axRatio": 0.5479497031889028}, "bar": {"i0": 0.3625803841379662, "n": 0.6473571029953643, "c": 2.2848451776600025, "mu": [117.53687060457912, 117.31129120721124], "roll": 2.353163572163742, "rEff": 7.526410260578984, "axRatio": 0.29311887121839786}}