{"disk": {"I": 0.04627771262907416, "Re": 23.971509481508132, "c": 2.0, "mux": 218.12288782391127, "muy": 216.82722079988673, "n": 1.0, "q": 0.6864511086553973, "roll": 0.34721091240309465}, "bulge": {"I": 9.808196716745158, "Re": 2.2631686542133176, "c": 2.0, "mux": 217.98582680803034, "muy": 217.3979307016403, "n": 0.765533947998151, "q": 0.0246518493620548, "roll": 2.923900128881943}, "bar": null, "spiral": []}