{"disk": {"mux": 40.9636506379294, "muy": 41.167747290065066, "roll": 0.3838793931009561, "Re": 11.53608712206856, "q": 0.8373725828279327, "I": 0.04241004154388759, "n": 1.0, "c": 2.0}, "bulge": {"mux": 41.00370801889095, "muy": 41.144570152856446, "roll": 2.332727323123353, "Re": 0.06081852443456479, "q": 1.0600150733503273, "I": 80.30203021032318, "n": 10.0, "c": 2.0}, "bar": null, "spiral": []}