{"disk": {"I": 0.11904850891902398, "Re": 17.228302264909505, "c": 2.0, "mux": 54.90321203874923, "muy": 57.529685008039365, "n": 1.0, "q": 0.5716170193320401, "roll": 0.7742805386347227}, "bulge": {"I": 0.10156831830219064, "Re": 4.494064183130573, "c": 2.0, "mux": 55.58343863441421, "muy": 55.60829540178135, "n": 2.730124845956316, "q": 0.6015213796286839, "roll": 0.4912336903228782}, "bar": null, "spiral": []}