{"spiral": [], "disk": {"i0": 0.12608868351299166, "n": 1.0, "c": 2.0, "mu": [33.46559591328539, 32.40183793877513], "roll": 2.3553436622011428, "rEff": 27.946908836943436, "axRatio": 0.989799041848172}, "bulge": {"i0": 0.34342997549105897, "n": 1.1536283308523947, "c": 2.0, "mu": [33.60973992780878, 32.558779298266685], "roll": 2.370556367050989, "rEff": 4.477785758853997, "axRatio": 0.42066801627338984}, "bar": null}