{"disk": {"I": 0.0725021938957767, "Re": 9.233024302107694, "c": 2.0, "mux": 40.38185182069496, "muy": 40.612728615846905, "n": 1.0, "q": 0.7597131312082185, "roll": 0.1674177997656934}, "bulge": {"I": 0.03098234845753481, "Re": 0.0, "c": 2.0, "mux": 41.00370801715894, "muy": 41.14457014586024, "n": 1.0, "q": 0.9229637408053473, "roll": 2.33272729220071}, "bar": null, "spiral": []}