{"spiral": [[[[62.33435623646988, 73.06625750541207], [61.83230361001598, 72.30251119261887], [61.41432454839256, 71.48962912011137], [61.07869792628318, 70.63937143221965], [60.822718239310454, 69.76179500622912], [60.643135311236286, 68.86542231622332], [60.536454843006844, 67.95745249796363], [60.49913285615129, 67.0439740441251], [60.52769436924335, 66.13015905761013], [60.618800372069494, 65.2204313753509], [60.76928072713135, 64.31860754278698], [60.97614529664818, 63.42801277605582], [61.236581596599734, 62.551575235054315], [61.54794444975497, 61.69190210504118], [61.90774117342394, 60.85134070148346], [62.313614546249866, 60.03202735700313], [62.763324952294646, 59.235926369290716], [63.25473255381331, 58.46486085091669], [63.78577999959222, 57.720536944228286], [64.35447596203146, 57.00456255539752], [64.95887966985622, 56.31846151260255], [65.59708653278804, 55.663683858270176], [66.26721492081244, 55.04161283420661], [66.96739414962914, 54.45356900496044], [67.69575372673953, 53.900811882222534], [68.4504139227567, 53.38453935570903], [69.22947774556333, 52.90588520158689], [70.03102440674428, 52.46591492119576], [70.85310437756884, 52.06562016072927], [71.69373613311808, 51.70591197148673], [72.55090467572067, 51.3876131876477], [73.42256191101538, 51.11145022017542], [74.3066289214715, 50.87804458941604], [75.20100014191165, 50.687904538406826], [76.1035493914858, 50.54141708207923], [77.0121376582577, 50.438840849140824], [77.92462246953815, 50.38030006292175], [78.83886861704605, 50.36577997715437], [79.75275994653845, 50.39512403885426], [80.66421187099255, 50.468032988675255], [81.57118423025419, 50.584066033432386], [82.47169410047255, 50.74264414338655], [83.36382815864526, 50.94305543565056], [84.24575422912123, 51.184462520468], [85.11573167965169, 51.46591160848546], [85.97212039146345, 51.78634311182282], [86.81338809830625, 52.14460342196155], [87.63811596312313, 52.5394575205761], [88.44500233847816, 52.969602069072266], [89.23286472889522, 53.433678632542666]], {"i0": 0.06855993369104617, "spread": 4.9864340823400255, "falloff": 0.13062910078289044}], [[[80.47625197660177, 66.5993318191136], [80.83325826372051, 67.40833286504775], [81.12719049353123, 68.24234561193019], [81.35937555578667, 69.09563119333724], [81.53142687776351, 69.96306023810172], [81.64513552258755, 70.84006081391189], [81.70238876546932, 71.72255911346228], [81.70511120590749, 72.60691896402801], [81.65522369117687, 73.48988385407648], [81.55461593577326, 74.36852348896662], [81.40512945107749, 75.24018577617866], [81.20854810506646, 76.1024544469936], [80.96659424770198, 76.9531121220645], [80.68092884382892, 77.79010842120243], [80.35315445659434, 78.61153263043069], [79.98482023231038, 79.4155904279269], [79.57742827052998, 80.20058419758598], [79.13244093486524, 80.96489650864352], [78.65128878484538, 81.70697639766271], [78.13537889807851, 82.42532814735176], [77.58610341235396, 83.11850231370101], [77.00484815743366, 83.78508880250948], [76.39300126927246, 84.42371184131362], [75.751961690247, 85.03302672952327], [75.08314745984565, 85.61171827926664], [74.38800369374017, 86.15850088131656], [73.66801013687001, 86.67212014397683], [72.92468816025197, 87.15135605789814], [72.15960705371154, 87.59502763607628], [71.37438944790343, 88.00199896421327], [70.57071568479594, 88.37118657509072], [69.75032694342075, 88.70156802762342], [68.91502692487818, 88.99219153193296], [68.0666819066504, 89.24218641515958], [67.20721899456875, 89.45077417184784], [66.33862243373257, 89.61727979171785], [65.46292788772129, 89.74114301027616], [64.58221465852884, 89.82192908914787], [63.69859589601079, 89.85933870843515], [62.81420693179097, 89.85321654774995], [61.93119196334244, 89.80355814976039], [61.051689402561195, 89.7105147032859], [60.17781628219435, 89.57439544943338], [59.3116521762837, 89.39566750410951], [58.45522312877383, 89.17495300033102], [57.61048609685649, 88.91302356634553], [56.77931439573493, 88.61079227803044], [55.963484583915374, 88.26930333241181], [55.164665156057836, 87.88971978214047], [54.384407318215935, 87.4733097422032]], {"i0": 0.05958325912804464, "spread": 8.621005610079463, "falloff": 0.1609499189955647}]], "disk": {"i0": 0.09071705651162658, "n": 1.0, "c": 2.0, "mu": [70.06441938317673, 68.86689836713819], "roll": 0.9916255016212575, "rEff": 32.35494936922715, "axRatio": 0.985903465270467}, "bulge": {"i0": 1.631885334110804, "n": 0.259056001510146, "c": 2.0, "mu": [70.44503224203056, 69.92958406782562], "roll": 2.0023839746980023, "rEff": 4.014009544138826, "axRatio": 0.9945110128960936}, "bar": {"i0": 0.0018171268451299882, "n": 0.5215970491309609, "c": 2.15914212471506, "mu": [71.22619619552293, 70.1640620881131], "roll": 3.1415926476185816, "rEff": 7.29938660381351, "axRatio": 0.19927077685174122}}