{"disk": {"I": 0.03248121582376711, "Re": 14.423424070713207, "c": 2.0, "mux": 48.31609848389084, "muy": 48.67222481441118, "n": 1.0, "q": 0.8084084678032215, "roll": 2.3939371060429173}, "bulge": {"I": 0.006504224120081289, "Re": 0.0, "c": 2.0, "mux": 49.85738169849402, "muy": 49.45420698945499, "n": 1.0, "q": 0.9232720820897318, "roll": 2.4398655871748867}, "bar": {"I": 0.9453609033242173, "Re": 1.2872709390548451, "c": 1.0818086819183586, "mux": 48.339001755519845, "muy": 48.912298905830106, "n": 0.9753142908372149, "q": 0.735310897428896, "roll": 2.3809380814652643}, "spiral": []}