{"disk": {"I": 0.05535921787405283, "Re": 21.42348126697346, "c": 2.0, "mux": 68.31730752177818, "muy": 69.06391960787639, "n": 1.0, "q": 0.7712811784121995, "roll": 1.5411748336238578}, "bulge": {"I": 0.0, "Re": 3.2512010348048186, "c": 2.0, "mux": 71.14096868839688, "muy": 69.11696398064223, "n": 1.0, "q": 0.8540827868511272, "roll": 2.023525876076799}, "bar": {"I": 0.8108254596082198, "Re": 3.7376517738293957, "c": 2.1506076629393385, "mux": 69.42700522863633, "muy": 69.4446330165203, "n": 3.9031332820994473, "q": 0.08909154020311166, "roll": 1.5743071004666194}, "spiral": [[[[55.59684481239474, 69.43256114399446], [55.593177666539724, 68.80561019834832], [55.63588566408322, 68.1801001155666], [55.72383785107833, 67.55932709779565], [55.85543675381414, 66.94631336768131], [56.02871532884877, 66.3437447206741], [56.241440501173614, 65.75393692859708], [56.491212950248986, 65.17882843724992], [56.7755557225872, 64.61999414869504], [57.0919875161255, 64.07867402391176], [57.4380793400251, 63.55581046333579], [57.8114953242805, 63.05208942247916], [58.210019683495105, 62.56798152058075], [58.631572368439755, 62.10378067514319], [59.074215980217176, 61.6596388596079], [59.53615627580327, 61.23559637793496], [60.01573821807319, 60.83160758860663], [60.51143911841965, 60.44756234047428], [61.02186004562908, 60.083303557064504], [61.54571635541865, 59.73864147538046], [62.08182794003416, 59.41336504831866], [62.629109599595516, 59.10725098610577], [63.18656179143672, 58.82007085978569], [63.75326190742771, 58.55159663166755], [64.32835615545815, 58.30160492030113], [64.9110520709296, 58.069880255066536], [65.50061165009295, 57.85621752911769], [66.09634507740655, 57.6604238201301], [66.69760500530508, 57.48231971489931], [67.30378133971496, 57.32174024676711], [67.91429648125255, 57.17853553221461], [68.52860097251309, 57.05257117482326], [69.14616950344606, 56.94372849004996], [69.76649722926237, 56.85190459228289], [70.38909635830558, 56.77701237598083], [71.01349297040184, 56.718980414814716], [71.63922402926605, 56.677752796269154], [72.26583455546398, 56.65328890382068], [72.89287492912955, 56.64556315433133], [73.51989829407216, 56.654564694306615], [74.14645803723968, 56.6802970551928], [74.77210531954424, 56.72277776492883], [75.39638663600405, 56.78203790956654], [76.01884138505729, 56.85812163605163], [76.63899942862851, 56.95108558418542], [77.25637862676318, 57.060998232277356], [77.87048233231499, 57.187939138067314], [78.48079683423725, 57.33199805218558], [79.08678874037496, 57.49327387786224], [79.6879022947087, 57.67187344580048]], {"I": 0.0038619199155557485, "falloff": 0.651403568344253, "spread": 1.7910355661031805}], [[[80.89680269398897, 66.01721688350571], [81.48376399163237, 66.81204174407802], [81.970890267529, 67.67159959502008], [82.34518288000882, 68.58588451324277], [82.596028959321, 69.54139969783557], [82.71680337448727, 70.52187264596277], [82.70595175614335, 71.50971990687114], [82.56711723850519, 72.48787507042772], [82.3082770909063, 73.44139633878028], [81.94027443365543, 74.35841701067675], [81.475273861999, 75.230354377982], [80.92552153567487, 76.05157616174047], [80.30254349868773, 76.81880794115003], [79.6167373389613, 77.53050326785862], [78.8772421342037, 78.18629578920036], [78.09197377595108, 78.78657276127878], [77.2677425390491, 79.33216544106764], [76.41040101409682, 79.8241347805668], [75.524993936414, 80.26362827913404], [74.61589635522269, 80.65178722744812], [73.68693511733865, 80.98968842806993], [72.74149308172662, 81.27830893814453], [71.7825975460243, 81.51850589605624], [70.81299515371148, 81.7110060694456], [69.8352156921373, 81.85640157440797], [68.85162704352767, 81.95514946559514], [67.86448329726419, 82.00757375501806], [66.87596775911068, 82.01386901021438], [65.88823234324893, 81.974105105321], [64.90343461440395, 81.8882330172565], [63.923773560737395, 81.7560918148748], [62.951525009446534, 81.57741723017438], [61.98907743491693, 81.35185243225646], [61.038968719873154, 81.0789618897484], [60.10392419829717, 80.75824949679883], [59.18689597236677, 80.3891824754912], [58.29110302405779, 79.97122293170726], [57.42007094108913, 79.50386930980046], [56.577669101925714, 78.98671029204587], [55.768141805051684, 78.41949379269602], [54.99612809518691, 77.80221340108743], [54.266662958595155, 77.13521362126676], [53.585150417779396, 76.41931314989533], [52.957297422429264, 75.65594184092086], [52.388997300464204, 74.84728173613267], [51.88615426494514, 73.99639595978188], [51.454447440817674, 73.10732272367991], [51.09904463453027, 72.1851077112125], [50.82429122415408, 71.23575001405267], [50.633414002322354, 70.26604719769631]], {"I": 0.010970723581839656, "falloff": 1.0338449942913235, "spread": 2.0556209963892083}]]}