{"spiral": [[[[123.06833484010622, 133.11841752161624], [122.5984881044855, 130.8752437837061], [122.32125819393174, 128.60024054153106], [122.24262355390124, 126.30979482029163], [122.36945799746776, 124.02156707846521], [122.70900394756053, 121.75519305424548], [123.26809313888963, 119.53286122513249], [124.05205243350532, 117.3796573734101], [125.06328713554187, 115.32349679391942], [126.29965412597173, 113.39442317586375], [127.7529179171015, 111.62310175196258], [129.40775572121137, 110.03853377562059], [131.24180276810114, 108.66535529393734], [133.22698244795077, 107.52139587580618], [135.33189753193275, 106.6162183489539], [137.52463685752753, 105.95103101524302], [139.77525486241677, 105.51984230076232], [142.0574366446737, 105.31134247476146], [144.34924807553224, 105.31092605707958], [146.63315432195785, 105.50244039331353], [148.89559042494616, 105.86948250557576], [151.12633489354684, 106.39624343787575], [153.31785440567162, 107.06798635386892], [155.46470910751864, 107.87126488756364], [157.56305347013074, 108.79397482434963], [159.61023665884485, 109.82530839645825], [161.6044919261004, 110.95565791612331], [163.54469969932904, 112.17649801952342], [165.430209028099, 113.48026371951688], [167.2607040025478, 114.86023359599791], [169.03610427432193, 116.31042267331294], [170.7564911737396, 117.82548668120225], [172.42205293608546, 119.40063784626368], [174.03304414929735, 121.03157153125385], [175.58975577634388, 122.71440268798486], [177.09249303941894, 124.44561096159815], [178.5415591535092, 126.22199331559457], [179.93724341614353, 128.0406231161664], [181.27981254414928, 129.89881474826154], [182.56950443365108, 131.79409293108247], [183.8065237285133, 133.72416603468665], [184.99103873983955, 135.68690278728255], [186.12317937463655, 137.68031186017853], [187.20303581853264, 139.70252389375568], [188.23065778262367, 141.75177559416073], [189.20605417221566, 143.8263955894579], [190.1291930741898, 145.9247917768164], [191.00000198719414, 148.0454399357543], [191.8183682379086, 150.18687341868312], [192.58413954896133, 152.3476737504633]], {"i0": 0.08124285663217558, "spread": 127.19732550165801, "falloff": 0.7314212728904953}], [[[164.1410741217718, 140.2729657783175], [164.58463217109096, 142.45977238852527], [164.9023825908667, 144.66835022930903], [165.08878119750324, 146.89184460082703], [165.13765292509564, 149.1225720901156], [165.04221995752619, 151.35175462058498], [164.79518472503779, 153.56921385248762], [164.38889767745835, 155.76302955013247], [163.8156498560369, 157.91917832579136], [163.06813867528606, 160.02119117594134], [162.1401555428927, 162.04990175448532], [161.02752447262452, 163.98340068346664], [159.72926637548233, 165.79735227806816], [158.248863552551, 167.46583995213925], [156.59536623659923, 168.9628411233212], [154.78397684277633, 170.2642580045359], [152.83576613393012, 171.35017572867136], [150.77638880089756, 172.20680935358607], [148.6340168961102, 172.82760153025308], [146.43700465085792, 173.2131994952691], [144.21185260562095, 173.3704330408886], [141.98184208515323, 173.3107034059793], [139.76641872797828, 173.04825022141867], [137.58118353740642, 172.5986365939578], [135.43826540683034, 171.9776084307057], [133.34686856727964, 171.20033921666598], [131.3138517379791, 170.28099480893192], [129.34425951463297, 169.2325307521869], [127.44177284174432, 168.06664237313268], [125.60907294550853, 166.79380641934895], [123.84812661346231, 165.42337185317336], [122.16040571502994, 163.96367263971666], [120.54705436105152, 162.4221462390842], [119.00901565468243, 160.80544877960486], [117.54712789651639, 159.1195624462957], [116.16219804348188, 157.36989337176172], [114.85505843147898, 155.56135989485745], [113.62661131904191, 153.69847192353873], [112.4778646743378, 151.78540256046747], [111.40996175384598, 149.82605335482714], [110.42420635858751, 147.82411459833165], [109.52208513641052, 145.78312210020138], [108.7052878964401, 143.7065118581981], [107.97572656338659, 141.59767404106623], [107.3355530956918, 139.4600077099161], [106.78717638934125, 137.29697773945256], [106.33327785802827, 135.11217545225932], [105.97682498347912, 132.9093845402367], [105.72108162924013, 130.69265389586934], [105.56961325804438, 128.46637897019642]], {"i0": 0.014721983935736241, "spread": 148.09646421856158, "falloff": 0.05032133568401926}]], "disk": {"i0": 0.09763640476576879, "n": 1.0, "c": 2.0, "mu": [139.93061189213765, 138.79071741956352], "roll": 2.172545909384765, "rEff": 42.88074595432455, "axRatio": 0.5973531068814999}, "bulge": {"i0": 0.3930455263588878, "n": 0.1576263586981514, "c": 2.0, "mu": [139.94738210274465, 138.11264495039077], "roll": 1.835112914743117, "rEff": 7.815289601335013, "axRatio": 0.5439226159635466}, "bar": null}