{"disk": {"mux": 48.810793979354514, "muy": 46.629707750991294, "roll": 1.1464841096069418, "Re": 17.174934643345686, "q": 0.4772476044766492, "I": 0.06519821645125423, "n": 1.0, "c": 2.0}, "bulge": {"mux": 48.78871196939447, "muy": 46.667065366186684, "roll": 3.0068300386877658, "Re": 0.7631887297534499, "q": 5.566686870554603, "I": 0.17691111267754328, "n": 3.6140453960134, "c": 2.0}, "bar": null, "spiral": []}