{"disk": {"mux": 71.09726784909367, "muy": 70.8116417338928, "roll": 1.6258987002585423, "Re": 23.809554327833528, "q": 0.42110347693120004, "I": 0.029464343151993606, "n": 1.0, "c": 2.0}, "bulge": {"mux": 70.97289647720928, "muy": 70.68089762186983, "roll": 1.5265471095282006, "Re": 3.241878774383436, "q": 0.7366756714842032, "I": 0.1386432658276128, "n": 1.0245001024897988, "c": 2.0}, "bar": null, "spiral": []}