{"spiral": [[[[79.86581620694491, 67.25096689307003], [81.28299816002296, 67.2594031475931], [82.66459569935387, 67.57120661899614], [83.9273228291679, 68.21105810655169], [84.98071184568394, 69.15657371802716], [85.76566625385485, 70.3353157625309], [86.27404088689234, 71.6581348492396], [86.53276143214798, 73.0522589766682], [86.57967031656179, 74.46993664382701], [86.45014698007904, 75.88279636905924], [86.17316150311778, 77.27449187755924], [85.77137432218817, 78.63555078577518], [85.2623214309782, 79.96032544070081], [84.65962961616603, 81.24527431962818], [83.97399770130713, 82.48799574452308], [83.21393257214814, 83.68667446431593], [82.38628941328346, 84.83975485918174], [81.49666843178593, 85.94573973623527], [80.54970981113092, 87.00305926669542], [79.54931760851431, 88.0099789540431], [78.49883472739336, 88.9645286924424], [77.40118508482811, 89.86444225701216], [76.25899512919895, 90.70710074186574], [75.0747044027402, 91.48947600084176], [73.8506735141028, 92.20807192787751], [72.58929738105765, 92.85886299514209], [71.2931317090787, 93.43723130810183], [69.96504114501657, 93.93790602900346], [68.6083779991099, 94.35491293240528], [67.22720015442431, 94.68154776035134], [65.826534470381, 94.91039558041486], [64.4126853848106, 95.03342968534909], [62.993574164438705, 95.04223634847364], [61.579068572905115, 94.92842121437003], [60.181223832712455, 94.68424877497644], [58.81431055349449, 94.30353145966339], [57.494477007149804, 93.78270302925401], [56.23892415501084, 93.12188655269976], [55.06460025157567, 92.32565115328941], [53.98663061571295, 91.40313998019674], [53.01687806692693, 90.36741627321891], [52.16303829633859, 89.23416318755264], [51.428473847654566, 88.02011266129581], [50.812707134072575, 86.74161923195174], [50.31230254339506, 85.4136463162732], [49.92184316822229, 84.04922645940326], [49.63479718163503, 82.65931154394367], [49.44418307747571, 81.25287667878395], [49.343026513170365, 79.83715384995588], [49.32464324296967, 78.4179086220952]], {"i0": 0.03414562444960403, "spread": 0.4687777945883566, "falloff": 1.0094089692683827}], [[[65.69965727897443, 88.75928721079926], [64.69574939640124, 88.26260143361664], [63.7721106072647, 87.62915806837184], [62.94985127797728, 86.86875396812619], [62.24507265629999, 85.99828022607599], [61.666666682850085, 85.039057148301], [61.21617676947939, 84.01338704444325], [60.88935650276431, 82.94174966349934], [60.67836867809679, 81.84131858628167], [60.57374331284003, 80.72564778999407], [60.56573513632651, 79.60503855345016], [60.6451020264977, 78.48715859150089], [60.80346813465027, 77.37766693924013], [61.03343554001025, 76.28074342265947], [61.32856234880324, 75.19950148530965], [61.68327963528648, 74.13629665460869], [62.09278731225929, 73.09295230433344], [62.55294920745691, 72.07092365137852], [63.060196475406215, 71.07141705113204], [63.61144259519196, 70.09547749739994], [64.20401029389014, 69.14405374464101], [64.83556942579806, 68.21804781428969], [65.50408433847898, 67.31835372310627], [66.20776915437841, 66.44588891098729], [66.94504946990969, 65.60162090085001], [67.7145290930923, 64.78659107192256], [68.51496057149333, 64.00193698661884], [69.34521834983092, 63.24891441115245], [70.2042734493802, 62.52891997644849], [71.09116854691757, 61.84351528936285], [72.00499226019446, 61.194453216836735], [72.94485129135062, 60.58370698280002], [73.90983883594129, 60.013502614594934], [74.89899730971615, 59.48635512141869], [75.91127296390079, 59.00510848349858], [76.94545933481373, 58.57297902687369], [78.0001257229658, 58.1936008462456], [79.07352607658541, 57.87107042926938], [80.16348294482596, 57.6099851753122], [81.26724096960722, 57.415466664033936], [82.38128548693417, 57.293153864001326], [83.50112564557428, 57.249143727662585], [84.62105018300612, 57.28984741707407], [85.73388048248626, 57.421722296530675], [86.83077163838087, 57.650839129649576], [87.90114555918879, 57.98226164661579], [88.93286763971771, 58.41926496180354], [89.9127727511619, 58.962504164622054], [90.82757435643023, 59.60934008967779], [91.66504662873416, 60.353572747871]], {"i0": 0.29697700181440195, "spread": 0.6098181640312248, "falloff": 1.0100685807154168}]], "disk": {"i0": 0.12178081000427293, "n": 1.0, "c": 2.0, "mu": [75.31498651815674, 75.12755254419308], "roll": 0.6930595150182592, "rEff": 17.662016661532643, "axRatio": 0.385388624516895}, "bulge": {"i0": 0.6792004213320711, "n": 2.659151256988146, "c": 2.0, "mu": [75.43252296617906, 75.31488083268178], "roll": 2.1451173382398765, "rEff": 3.2449463580335793, "axRatio": 0.9600182107011451}, "bar": null}