{"disk": {"I": 0.131355874413797, "Re": 11.64973983154723, "c": 2.0, "mux": 40.89338334611861, "muy": 40.254532939343314, "n": 1.0, "q": 0.8040030631223867, "roll": 2.189389524654288}, "bulge": {"I": 22.817914277355683, "Re": 0.0, "c": 2.0, "mux": 42.4814732146578, "muy": 39.82258779014931, "n": 1.0, "q": 0.8557056705149283, "roll": 1.4700495620442833}, "bar": {"I": 16.715549581109375, "Re": 0.5131268299816494, "c": 1.9916496503354957, "mux": 42.41698480639481, "muy": 40.33422213263732, "n": 0.9901690688673053, "q": 0.03159379454738624, "roll": 0.01772621264487695}, "spiral": []}