{"spiral": [[[[92.82654225318407, 56.88130883301916], [93.34770018743403, 57.39773730206163], [93.8427855698676, 57.93920624874047], [94.30988173416414, 58.50499232346597], [94.74712548362598, 59.09414908115354], [95.15274728306049, 59.70550372141778], [95.5251126257321, 60.337662081023474], [95.86276215005918, 60.98902258736468], [96.16444786399715, 61.65779913812735], [96.42916292606856, 62.34205203477878], [96.65616285733171, 63.03972529393071], [96.84497677867176, 63.74868802899716], [96.99540816585294, 64.46677724753383], [97.10752556220407, 65.19183939536536], [97.18164451434328, 65.9217682866466], [97.21830260444088, 66.65453760832571], [97.21822976778317, 67.38822686723168], [97.18231611611229, 68.12104033761108], [97.11157928662179, 68.85131917356695], [97.00713297487702, 69.57754730745339], [96.8701578806247, 70.29835205053175], [96.70187585843574, 71.01250044409343], [96.50352767942745, 71.71889242015433], [96.27635449664493, 72.41655174799597], [96.02158287751291, 73.10461560903633], [95.74041311540815, 73.78232348694507], [95.43401044728546, 74.44900590244609], [95.10349877032162, 75.10407337926445], [94.74995645276455, 75.74700590512842], [94.3744138598599, 76.37734305222423], [93.97785225478377, 76.99467484427105], [93.56120377948186, 77.59863339997], [93.12535226616684, 78.18888534174184], [92.67113467379978, 78.76512493102955], [92.19934298344604, 79.32706787394254], [91.71072642115861, 79.87444573100699], [91.20599390690577, 80.40700086008981], [90.68581665329539, 80.9244818204726], [90.15083085894709, 81.42663916727311], [89.6016404589161, 81.91322156796885], [89.03881990919827, 82.38397217597263], [88.46291699464773, 82.83862519954963], [87.87445566018062, 83.27690260750563], [87.27393887445355, 83.69851091579297], [86.66185154378235, 84.10313800133255], [86.03866350237784, 84.4904498908595], [85.40483261347762, 84.86008747343696], [84.76080802511432, 85.21166308546064], [84.10703363458387, 85.54475691650316], [83.44395182775187, 85.85891318338845]], {"i0": 0.24731219757060308, "spread": 0.6579373453159851, "falloff": 1.0422632709713622}]], "disk": {"i0": 0.23736529107565296, "n": 1.0, "c": 2.0, "mu": [74.98225265747266, 76.57544759557103], "roll": 0.6266172962939359, "rEff": 34.35189731689967, "axRatio": 0.5461884073474466}, "bulge": {"i0": 0.35274381431838003, "n": 2.262038865979165, "c": 2.0, "mu": [75.87970359483704, 76.05755443715277], "roll": 0.3857052018208171, "rEff": 4.4827503237668, "axRatio": 0.9999995443723415}, "bar": null}