{"disk": {"I": 0.026574303868507034, "Re": 12.449119014401445, "c": 2.0, "mux": 36.624022187973026, "muy": 37.09478159689945, "n": 1.0, "q": 0.8556463541092372, "roll": 2.0201572892606894}, "bulge": {"I": 0.5366608066613885, "Re": 2.352255015710665, "c": 2.0, "mux": 36.570011655505596, "muy": 37.33925956532893, "n": 4.137703673098234, "q": 0.3432002536085681, "roll": 2.9932690133997912}, "bar": {"I": 0.011737313811132532, "Re": 13.009298158407576, "c": 1.5794697586122834, "mux": 36.23567402253562, "muy": 37.546895821953484, "n": 0.8757028657901129, "q": 0.21366758799119154, "roll": 0.46131548613456363}, "spiral": []}