{"disk": {"I": 0.0432556597972614, "Re": 10.209356164171473, "c": 2.0, "mux": 34.73602996650383, "muy": 33.46209026869012, "n": 1.0, "q": 0.5762667633783964, "roll": 2.787100597558715}, "bulge": {"I": 0.022356383741581103, "Re": 13.847566601038249, "c": 2.0, "mux": 34.717385836864366, "muy": 33.49565099222146, "n": 4.729551845700718, "q": 0.6987011525437291, "roll": 0.06359405284242885}, "bar": null, "spiral": []}