{"spiral": [[[[75.25963411366155, 49.59541107403311], [76.01570003881973, 50.2969539801089], [76.74698873464659, 51.02428593433066], [77.45219310530209, 51.77693320690856], [78.12992363454903, 52.554408590056255], [78.77869769627164, 53.35620259296617], [79.39692817679153, 54.181772935296195], [79.98291142444798, 55.030531964715856], [80.53481460802422, 55.90183154783539], [81.0506626491777, 56.79494489184754], [81.52832503611732, 57.709044661616176], [81.96550301001132, 58.64317665462702], [82.35971789105494, 59.59622821075603], [82.70830168298625, 60.56689047758132], [83.00839159809824, 61.55361366528059], [83.25693080287557, 62.55455456635384], [83.45067851028952, 63.5675159759982], [83.58623351241027, 64.58987834311844], [83.66007628109112, 65.61852518147765], [83.6686356623233, 66.64976564091575], [83.60838659133952, 67.67926032601416], [83.47598458104939, 68.7019599413455], [83.26844020660769, 69.71207031067418], [82.98333161329334, 70.70306086471841], [82.61904475368017, 71.66773524000806], [82.17502022517719, 72.59837998153998], [81.65197450380998, 73.4869985258882], [81.0520562723087, 74.3256221633758], [80.37890026112653, 75.10667017940747], [79.63755459536422, 75.82331390841857], [78.83428129937131, 76.46979151001611], [77.97625629080602, 77.04162686285218], [77.07121523543455, 77.53572590596256], [76.12709810863834, 77.95034983458065], [75.15173750383856, 78.28498737587078], [74.15261879454968, 78.54016132188488], [73.13672152309415, 78.71720624962305], [72.11043655231809, 78.81804790180112], [71.07954494209548, 78.8450046112683], [70.04924172769496, 78.80062123692565], [69.024188922139, 78.68753842299726], [68.00858515269545, 78.5083951285063], [67.00624291880038, 78.26575991646817], [66.02066769547056, 77.96208573808306], [65.05513567599066, 77.5996832127384], [64.11276883147245, 77.18070818826324], [63.19660726182141, 76.70716034569976], [62.30967968231206, 76.18089062624406], [61.45507346664988, 75.60361624570882], [60.63600605930964, 74.97694303282896]], {"i0": 0.28927457029373504, "spread": 609.0247733581145, "falloff": 0.6435627181549053}]], "disk": {"i0": 0.0, "n": 1.0, "c": 2.0, "mu": [65.61222398478118, 64.90530895591891], "roll": 2.2924139358396993, "rEff": 29.094041621684408, "axRatio": 0.7255731438805244}, "bulge": {"i0": 0.32673513553023775, "n": 9.999992435802, "c": 2.0, "mu": [65.67300949059134, 65.27984369591456], "roll": 2.3233279715919593, "rEff": 3.1650456140141547, "axRatio": 0.8325005775840909}, "bar": null}