{"spiral": [], "disk": {"i0": 0.17476908227848545, "n": 1.0, "c": 2.0, "mu": [117.77893117108293, 116.35934303448325], "roll": 0.8213758459448594, "rEff": 67.29458246568785, "axRatio": 0.8097684576289149}, "bulge": {"i0": 0.6011631516696763, "n": 0.9658183898315466, "c": 2.0, "mu": [116.91121454649544, 116.59824611669168], "roll": 2.3713922284737765, "rEff": 4.777799832466363, "axRatio": 0.7909335201436034}, "bar": null}