{"spiral": [[[[60.52545412403628, 89.7899153501002], [61.35265967851315, 88.66941390336252], [62.21973688570277, 87.57947420034523], [63.125653719859585, 86.52159662949803], [64.06932772298428, 85.49725862444996], [65.04962776398715, 84.50791572956393], [66.06537543289949, 83.55500304033254], [67.11534601564482, 82.63993699022774], [68.19826899649146, 81.7641174535933], [69.31282803552351, 80.92893013215063], [70.45766036770935, 80.13574919078535], [71.63135556825193, 79.3859401063103], [72.8324536264724, 78.68086269061814], [74.05944226559359, 78.02187424641595], [75.31075343937292, 77.4103328097463], [76.58475893168492, 76.84760042772147], [77.87976497240386, 76.33504641226624], [79.19400577561152, 75.87405050017549], [80.5256358923053, 75.46600583587818], [81.87272125606175, 75.11232167504423], [83.23322878575452, 74.81442568307425], [84.60501439299483, 74.57376567155238], [85.9858092272769, 74.3918105756057], [87.37320397694066, 74.27005042423053], [88.76463103300644, 74.20999499100087], [90.15734431886276, 74.21317073113167], [91.54839659534387, 74.28111550949475], [92.93461407233983, 74.4153704991134], [94.31256820966041, 74.61746847715771], [95.67854467483843, 74.88891756303241], [97.028509571248, 75.23117922994733], [98.358073268219, 75.64563917998085], [99.66245249497864, 76.13356941410338], [100.93643182495478, 76.69607957180531], [102.17432633021511, 77.33405540264906], [103.36994804746261, 78.04808212280261], [104.51658001125374, 78.83835050880016], [105.60696295716853, 79.70454402423337], [106.63330131899852, 80.64570625098553], [107.58729666481774, 81.66008961957635], [108.46021790931748, 82.74498909584474], [109.24301799733854, 83.89656819421477], [109.92650557087298, 85.10968929439001], [110.50157665199697, 86.37776518710915], [110.95950502122221, 87.69265296382066], [111.29228077883215, 89.04461314132746], [111.4929756467598, 90.42235445218289], [111.55610329487519, 91.81317670854418], [111.47793670392807, 93.20321069644399], [111.256745519536, 94.57773741172932]], {"i0": 0.03077424579825542, "spread": 41.52230925845447, "falloff": 0.14032627788186755}], [[[109.73282549741641, 131.45127859811458], [108.84476408916322, 131.20351475519163], [107.96132635332721, 130.93974046420513], [107.08289924584308, 130.6597333292781], [106.20988945834027, 130.36326899665022], [105.34272465021647, 130.0501215345201], [104.48185476164119, 129.72006388423355], [103.62775341206684, 129.37286839310403], [102.78091938819468, 129.00830744056995], [101.94187822542561, 128.62615417093028], [101.11118388678673, 128.2261833477001], [100.28942054143116, 127.80817234648381], [99.47720444658242, 127.37190230566607], [98.67518593253303, 126.91715945634526], [97.88405149214812, 126.44373665598533], [97.10452597188463, 125.9514351528563], [96.33737486066835, 125.44006661174897], [95.58340666957422, 124.90945543487064], [94.84347539098778, 124.3594414152472], [94.11848302297655, 123.78988276432621], [93.40938213674129, 123.20065955856826], [92.71717846068202, 122.59167765462503], [92.04293344454298, 121.9628731256669], [91.38776675835746, 121.3142172751112], [90.75285866911713, 120.64572228649926], [90.13945222503, 119.9574475701138], [89.54885516107842, 119.24950686647595], [88.98244142277736, 118.52207616528513], [88.4416521854002, 117.77540249360803], [87.92799622409983, 117.00981361805812], [87.4430494689629, 116.22572869416933], [86.98845355495769, 115.42366987682185], [86.56591315502975, 114.60427488162578], [86.17719186494269, 113.7683104564872], [85.82410639239004, 112.9166866823883], [85.50851879547717, 112.05047197771174], [85.23232651746348, 111.17090862684273], [84.9974499810908, 110.2794285975319], [84.80581753926475, 109.3776693537111], [84.6593476329252, 108.46748931652998], [84.5599280832689, 107.5509825862563], [84.50939254383812, 106.63049251658158], [84.50949425514311, 105.70862374587533], [84.56187737271642, 104.78825234739465], [84.66804626657682, 103.87253387492312], [84.82933329735127, 102.96490926420938], [85.04686563756516, 102.06910881238841], [85.3215316968766, 101.18915480224874], [85.6539475916421, 100.32936376970045], [86.04442383262821, 99.49434993096412]], {"i0": 0.09064656167186365, "spread": 91.56115549180247, "falloff": 0.2734626964299025}]], "disk": {"i0": 0.0, "n": 1.0, "c": 2.0, "mu": [98.19115176448913, 97.91239152092676], "roll": 2.3253886162285085, "rEff": 38.66583381867702, "axRatio": 0.9999875362543164}, "bulge": {"i0": 0.08682058893888091, "n": 3.9453708609474067, "c": 2.0, "mu": [96.46838943347512, 96.80238529889208], "roll": 0.3619326343861991, "rEff": 8.402595563025034, "axRatio": 0.5213539584718172}, "bar": {"i0": 0.3337596048125237, "n": 0.7498449863017531, "c": 1.448509891560746, "mu": [97.52886745798533, 97.32047049279498], "roll": 0.11065865414500436, "rEff": 5.304161121892469, "axRatio": 0.20325303399141292}}