{"spiral": [[[[81.54146859820979, 74.19967352476459], [81.67305286407971, 74.93815383469051], [81.74237124691011, 75.68503890793123], [81.74655115586337, 76.4351052686076], [81.68333179816263, 77.18249849146618], [81.5513181316613, 77.92083833489751], [81.35021569264332, 78.6434150048051], [81.08100092585676, 79.34346949870073], [80.7459840157643, 80.01452767744172], [80.34873902145411, 80.65073779688957], [79.89390560391641, 81.24715455378849], [79.38689685101579, 81.79992410930859], [78.83356634862498, 82.30634987619361], [78.23988852999854, 82.76484718085692], [77.61169229453161, 83.17481545105368], [76.95446745978312, 83.5364643793459], [76.27324517800896, 83.85062722046337], [75.57254151442612, 84.11858506578389], [74.8563483619176, 84.34191555601363], [74.12815585885332, 84.522371026662], [73.3909931127837, 84.66178550604029], [72.64747748803117, 84.76200702485104], [71.89986593382477, 84.8248505991837], [71.15010439101287, 84.8520672614533], [70.39987314376572, 84.84532507105055], [69.650627194657, 84.80619878050516], [68.90363148684845, 84.73616557162548], [68.15999121359195, 84.63660491741956], [67.4206776678479, 84.50880114881726], [66.68655016351433, 84.35394770937927], [65.95837456468472, 84.17315238446393], [65.23683892758372, 83.96744301693099], [64.5225667044734, 83.73777337976111], [63.816127903587194, 83.48502899312041], [63.11804854123878, 83.2100327527787], [62.42881867055241, 82.91355029284146], [61.7488992254382, 82.59629504417767], [61.078727878350854, 82.25893297469818], [60.41872407753203, 81.90208701626355], [59.76929339999759, 81.52634119150387], [59.13083133385869, 81.13224446284711], [58.503726582959466, 80.72031432761322], [57.88836397091568, 80.29104018648206], [57.28512700760108, 79.84488651256123], [56.69440016965342, 79.38229584812585], [56.116570936861066, 78.90369165556871], [55.55203161799495, 78.40948104810603], [55.001180992511564, 77.90005742469461], [54.46442578828197, 77.3758030324795], [53.94218200993457, 76.83709147884545]], {"i0": 0.0, "spread": 0.0, "falloff": 0.9223417160932741}], [[[59.01676218159425, 71.19272029985463], [58.74329135066495, 70.3415362908561], [58.53352881590828, 69.47247631411307], [58.39187485564115, 68.5897756086397], [58.32264084138863, 67.69848981938883], [58.32981872305918, 66.80457288531717], [58.41678555920568, 65.9148923947859], [58.58596070558161, 65.03714900374442], [58.83845540069303, 64.17967219864238], [59.17377562801244, 63.35108436861562], [59.589648156344325, 62.55985815501882], [60.08202590009111, 61.81382873717145], [60.64529055248155, 61.11974636573688], [61.27262040258467, 60.48295069719378], [61.95645094652662, 59.90721630990605], [62.68894231360593, 59.394772786157354], [63.46238238842191, 58.94646331141256], [64.26948573704045, 58.56198619105028], [65.1035802844826, 58.24016471495104], [65.95869588051701, 57.97920459416883], [66.82957904524083, 57.77691545266823], [67.71165908667692, 57.63088744095161], [68.60098667242961, 57.53862368926865], [69.49416022718923, 57.49763435904929], [70.38825019818886, 57.50549981728778], [71.28072705870895, 57.5599103231332], [72.16939601088255, 57.65868859444423], [73.05233949021452, 57.799800338456976], [73.92786747810688, 57.98135660179997], [74.7944750533364, 58.2016107591474], [75.65080635202006, 58.458952139094485], [76.49562403716853, 58.75189766874754], [77.32778340908268, 59.07908246466611], [78.14621036843187, 59.43924997312246], [78.9498825423345, 59.83124203367826], [79.73781298271561, 60.25398907723546], [80.50903594124158, 60.70650056213436], [81.26259430665759, 61.18785567063338], [81.99752836417326, 61.69719423654754], [82.71286559899833, 62.23370783548083], [83.40761132116435, 62.796630940309264], [84.08073993775422, 63.385232022497476], [84.73118674369724, 63.99880446109919], [85.35784014581607, 64.63665710449864], [85.95953427928796, 65.29810431427381], [86.53504202357192, 65.98245530586928], [87.08306847893711, 66.68900258758846], [87.6022450279072, 67.41700928926322], [88.09112418121997, 68.1656951674215], [88.54817549820068, 68.93422107886612]], {"i0": 0.08436953141554084, "spread": 15.13723661198665, "falloff": 0.9507067564010667}]], "disk": {"i0": 0.14225659002515242, "n": 1.0, "c": 2.0, "mu": [71.22112727235636, 72.52207867914771], "roll": 2.545432123953362, "rEff": 46.165074066625166, "axRatio": 0.6680541757590729}, "bulge": {"i0": 5.546720288346833, "n": 1.218783974506058, "c": 2.0, "mu": [70.81330296889944, 71.78920953357527], "roll": 1.9431463414476478, "rEff": 0.48192916974586, "axRatio": 0.16318308153492903}, "bar": null}