{"disk": {"I": 0.09462285433428462, "Re": 28.093299520116116, "c": 2.0, "mux": 116.47888633512929, "muy": 115.06800616851719, "n": 1.0, "q": 0.9515152816466382, "roll": 1.1857771050489496}, "bulge": {"I": 0.20972854069885874, "Re": 3.5540197057862204, "c": 2.0, "mux": 116.10287697470662, "muy": 115.54487904164064, "n": 0.9964656357556889, "q": 0.8980503885400981, "roll": 2.2453135224205143}, "bar": null, "spiral": []}