{"spiral": [], "disk": {"i0": 0.1554819978146233, "n": 1.0, "c": 2.0, "mu": [34.661292823774154, 32.755358991753646], "roll": 0.15031273224685648, "rEff": 17.307664512520827, "axRatio": 0.41853446655678245}, "bulge": {"i0": 0.8771238040793585, "n": 0.2109256767387084, "c": 2.0, "mu": [34.81458308496131, 33.49088606292541], "roll": 0.057080783035894436, "rEff": 4.570298676784671, "axRatio": 0.31002243272337604}, "bar": null}