{"spiral": [[[[60.840775274590236, 67.97364364168644], [60.14344048558241, 68.7847724211052], [59.35773530518401, 69.51040782271072], [58.48407939449257, 70.12699283702257], [57.5289045099957, 70.60718902329094], [56.50784902646576, 70.92327592172421], [55.44711036721571, 71.05370083982739], [54.380233992781626, 70.99044911936178], [53.34054194335375, 70.7421894140885], [52.353793747781054, 70.33055668167924], [51.43535461875201, 69.78274782705734], [50.59166420415625, 69.12530483475034], [49.82330037454217, 68.38100857708807], [49.12768114565874, 67.56817336736968], [48.50084703910481, 66.7010930489895], [47.93846515097979, 65.79082282440578], [47.436333821235124, 64.84593482751332], [46.990605953434134, 63.873136051286224], [46.59786583904268, 62.87774072235032], [46.25513469096106, 61.86402150608882], [45.95984452081891, 60.835468414273286], [45.709800432073216, 59.79498001798188], [45.50314105983596, 58.745005790839606], [45.33830157157069, 57.68765333843576], [45.21398097094948, 56.62477039115082], [45.12911413842572, 55.55800863355337], [45.08284844989904, 54.488874449644605], [45.0745245625372, 53.41877028182941], [45.103660885745725, 52.3490293356831], [45.16994125811257, 51.2809456992189], [45.2732053844514, 50.215801491531664], [45.41344162486396, 49.154892353053185], [45.590781751682414, 48.09955239713353], [45.805497294417926, 47.05117963122673], [46.057997070615514, 46.01126281214292], [46.34882542585921, 44.981410699090596], [46.67866058860944, 43.96338471203521], [47.0483123409513, 42.959136067440944], [47.458717894832546, 41.97084852522166], [47.91093441169984, 41.000987923604484], [48.40612594241381, 40.05235961470215], [48.94554164831031, 39.12817465680447], [49.53048092731211, 38.23212499332924], [50.16223948151035, 37.36846656098046], [50.84202849893357, 36.54210690680064], [51.5708572773808, 35.75868987557986], [52.34936854981359, 35.02466357537889], [53.177616986634106, 34.34730872575997], [54.05478743212146, 33.73469309513015], [54.97886379242502, 33.195506888561255]], {"i0": 0.030576846911685517, "spread": 7.331895626212268, "falloff": 0.04996023348306956}]], "disk": {"i0": 0.18389471743060912, "n": 1.0, "c": 2.0, "mu": [58.3058705011864, 56.82287577937599], "roll": 1.6004942942891531, "rEff": 24.857708459192338, "axRatio": 0.582770428320793}, "bulge": null, "bar": {"i0": 0.40739701340774576, "n": 0.15008917699203497, "c": 3.0787133197982794, "mu": [57.71473637397819, 55.92714372763146], "roll": 1.6491728521239644, "rEff": 4.068630555258663, "axRatio": 0.2241624606379709}}