{"spiral": [], "disk": {"i0": 0.20996760245208376, "n": 1.0, "c": 2.0, "mu": [59.02382357538887, 57.262944209848946], "roll": 0.45861739473090773, "rEff": 44.99494229183658, "axRatio": 0.9160177305653532}, "bulge": {"i0": 0.20482839193261262, "n": 1.6511343133784706, "c": 2.0, "mu": [58.62080864783862, 57.53314958840535], "roll": 1.0725283342985712, "rEff": 4.185153000974156, "axRatio": 0.9747830749241799}, "bar": null}