{"disk": {"I": 0.043984955364074686, "Re": 20.69628155962657, "c": 2.0, "mux": 62.4386063336748, "muy": 61.09346405604104, "n": 1.0, "q": 0.5422122149080751, "roll": 0.42660591552953564}, "bulge": {"I": 0.04566266897972662, "Re": 9.27465675386137, "c": 2.0, "mux": 62.40219732279657, "muy": 61.33369946488135, "n": 2.871980041629172, "q": 0.9320894158235146, "roll": 2.560288171024582}, "bar": null, "spiral": []}