{"spiral": [[[[57.463650392311116, 66.74525900288985], [57.14203385507101, 66.73422284083553], [56.82091327984618, 66.71323497194368], [56.50060047926272, 66.6822742893753], [56.181408837061895, 66.64134131186125], [55.86365153604109, 66.59045821772567], [55.54763980225397, 66.52966863323716], [55.23368119954667, 66.45903718131012], [54.922078006687336, 66.37864880308834], [54.61312570634525, 66.28860787085155], [54.30711161116972, 66.18903711571913], [54.00431364742516, 66.08007639761115], [53.70499931143335, 65.96188134756291], [53.409424808630476, 65.83462191400169], [53.11783437952932, 65.69848084497042], [52.83045981213747, 65.55365213706696], [52.54752013542639, 65.40033948045254], [52.269221485038656, 65.23875472623679], [51.995757128898106, 65.06911639970134], [51.72730763833429, 64.89164827906541], [51.46404118869838, 64.70657805589505], [51.20611397257555, 64.51413608958667], [50.95367070859311, 64.31455426481946], [50.70684522917028, 64.10806495765772], [50.46576113136929, 63.89490011310509], [50.23053247616355, 63.67529043443251], [50.00126452283051, 63.44946468254486], [49.77805448671507, 63.217649082008194], [49.56099231021695, 62.980066829114854], [49.3501614384676, 62.736937696485136], [49.14563959273102, 62.48847772815146], [48.94749953604479, 62.23489901879409], [48.755809827022695, 61.97640957078777], [48.57063555899257, 61.713213222887305], [48.392039082772015, 61.44550964468884], [48.220080712451214, 61.17349439154281], [48.054819414400136, 60.89735901507741], [47.896313480563315, 60.617291225230794], [47.74462118778097, 60.33347510035954], [47.59980144551359, 60.046091342786454], [47.46191443490538, 59.755317577983476], [47.33102224263412, 59.461328696459844], [47.20718949347457, 59.16429723836255], [47.09048398596336, 58.864393821802636], [46.98097733601133, 58.561787617005834], [46.87874563379117, 58.256646869583484], [46.783870119689745, 57.94913947755263], [46.69643788570397, 57.639433628238436], [46.61654260919223, 57.327698502928754], [46.54428532657324, 57.01410505916499]], {"i0": 0.001, "spread": 0.5, "falloff": 1.0}]], "disk": null, "bulge": {"i0": 0.6466369394625282, "n": 2.9293405520170372, "c": 2.0, "mu": [51.37011341356085, 51.08906803831782], "roll": 1.7801640617492942, "rEff": 3.0672718128492935, "axRatio": 0.7526009817868653}, "bar": {"i0": 0.42760534898313435, "n": 1.3964965956778104, "c": 2.421943434994814, "mu": [51.044138497803765, 51.298304013290114], "roll": 1.1539694196864545, "rEff": 4.908689112447896, "axRatio": 0.268474858699234}}