{"disk": {"I": 0.0, "Re": 53.2172669055938, "c": 2.0, "mux": 79.63329410242804, "muy": 77.21521613275722, "n": 1.0, "q": 0.33277608244027257, "roll": 2.3665913758418777}, "bulge": {"I": 0.0954753556995203, "Re": 22.54757864407014, "c": 2.0, "mux": 79.52693013199844, "muy": 77.51038939600059, "n": 1.4978568090283817, "q": 0.5702258033545112, "roll": 2.351130910192761}, "bar": null, "spiral": []}