{"disk": {"I": 0.09054051040870789, "Re": 13.742628247973798, "c": 2.0, "mux": 49.54250955776813, "muy": 49.1921715908586, "n": 1.0, "q": 0.9292431203756791, "roll": 2.461482391968528}, "bulge": {"I": 0.0, "Re": 0.825487566812309, "c": 2.0, "mux": 49.8107161502846, "muy": 49.619676384069066, "n": 0.550975536383607, "q": 0.01, "roll": 2.259047590962564}, "bar": {"I": 4.269447271789723, "Re": 0.2934026823827379, "c": 1.9829436112191197, "mux": 49.553972088006034, "muy": 49.27610412882299, "n": 1.0690219613437817, "q": 0.6369496760019779, "roll": 1.9955058937163113}, "spiral": [[[[43.04027024127562, 45.320174861916676], [43.82775902845221, 43.81899313713759], [44.93593279520346, 42.536115154617264], [46.3039988411253, 41.534759081811025], [47.85799179970387, 40.856334180277756], [49.519897071359495, 40.518280082272156], [51.216164072298554, 40.516822933429225], [52.883073659490165, 40.832701568934986], [54.46856093958574, 41.437264038642326], [55.931562498188875, 42.29727716698572], [57.240226353226454, 43.37800031704485], [58.36993518130738, 44.64478547361912], [59.301626158873, 46.063672111662214], [60.02057682965095, 47.60139668417787], [60.51566938336186, 49.225123235976476], [60.779083218481986, 50.902105942614924], [60.8063429033662, 52.599433466555936], [60.596632984584375, 54.283969484755026], [60.153268200047314, 55.922576189616244], [59.48417787097019, 57.48267046444684], [58.60223913533833, 58.93310397987895], [57.52529617352757, 60.245279762611574], [56.27575017116806, 61.39433804617695], [54.8796987777893, 62.36019650126017], [53.36571859076195, 63.128243503575945], [51.763475971068324, 63.68956190075938], [50.10238299558662, 64.04067541293], [48.41047924258082, 64.1829141862614], [46.71364074326636, 64.12155417127221], [45.03513209881234, 63.864888944965166], [43.39545493444454, 63.423357761135534], [41.81241525876234, 62.808804287987506], [40.30132882345771, 62.03389545318298], [38.87529612439096, 61.11169804942379], [37.54549693195135, 60.055393103872696], [36.32147178806829, 58.87810118029914], [35.21137176802196, 57.592791649167964], [34.22216752598948, 56.212252115290724], [33.35981475327823, 54.74909840150165], [32.629376769807976, 53.2158095422283], [32.03510675947796, 51.62477557456959], [31.5804931303344, 49.98834843879818], [31.268271906731403, 48.31888806167607], [31.10041047607493, 46.62879690792674], [31.07806753187866, 44.93053715884202], [31.201534807003497, 43.23662545964452], [31.470167170491777, 41.55960110338091], [31.88230876073602, 39.91196479668265], [32.435223844817365, 38.30608692701969], [33.12504178254116, 36.75408657655786]], {"I": 0.09785011789714271, "falloff": 0.7281440439297678, "spread": 10.92408394092076}], [[[54.41249567258896, 47.78062651455383], [55.127073268217096, 49.50936669809023], [55.295683641757485, 51.372749861566724], [54.91188698688224, 53.20406961470846], [54.012188790038614, 54.844781877030734], [52.679438365724884, 56.15866097521362], [51.03388025889098, 57.051275562349524], [49.21099079724632, 57.48079760257437], [47.33762324421439, 57.45271338415905], [45.51784681489594, 57.004114553354], [43.830143044906784, 56.18772066245401], [42.33113805198904, 55.06107319177373], [41.06105378575188, 53.68110374939898], [40.04840725401096, 52.10226904572937], [39.31324692310928, 50.3765236550655], [38.868991038071755, 48.55400062309641], [38.723155197917514, 46.68374756726881], [38.877288046924505, 44.81413959001944], [39.32644235566864, 42.99274177922125], [40.05853710124647, 41.265514947107], [41.053988571371356, 39.67540685292255], [42.28594791150552, 38.260553071697636], [43.721334207645675, 37.05247276255747], [45.322612284510676, 36.074698466751784], [47.05002337310424, 35.34217273989932], [48.86384760790996, 34.86151359258195], [50.72631308836683, 34.632006415820435], [52.60292492138599, 34.647028979686034], [54.46317440623922, 34.895595686656506], [56.280725147449736, 35.363781636940814], [58.03323294449834, 36.03589434843709], [59.70195518713966, 36.895353754146285], [61.27127246483583, 37.925300591954844], [62.728204741555075, 39.108981152607946], [64.06196959901511, 40.42996273151003], [65.26360522294688, 41.87222914227345], [66.32566512597506, 43.420196426671154], [67.24198293547832, 45.05867941055715], [68.0075012784433, 46.772831696806406], [68.61815725443755, 48.54807559318139], [69.07081650369125, 50.37003407128941], [69.363248088128, 52.224473886461354], [69.49413243426122, 54.09726690349116], [69.46309451418466, 55.97437514143935], [69.27075406963775, 57.84186367448049], [68.91878413003715, 59.68594403589877], [68.40996851651312, 61.49304897044765], [67.7482487123894, 63.24993717927465], [66.93875072890334, 64.94382417121984], [65.98778359283565, 66.56253267398958]], {"I": 0.06432914357508934, "falloff": 0.7047960893839582, "spread": 0.045298382691972325}]]}