{"spiral": [[[[89.45127237872494, 51.835637663987804], [90.38786638894298, 52.54193132984956], [91.29565457122767, 53.284882076764674], [92.17287503334315, 54.06368601650562], [93.017774073689, 54.877438466673766], [93.82861160621614, 55.72513302155283], [94.6036665293259, 56.60566101520613], [95.3412419790466, 57.51781135585445], [96.03967041151851, 58.46027069007306], [96.69731846453887, 59.4316238486203], [97.31259155530726, 60.43035451334941], [97.88393818064532, 61.45484603425259], [98.40985389668474, 62.50338231640539], [98.8888849678968, 63.57414868725128], [99.31963168737593, 64.66523265059321], [99.70075138790517, 65.77462442280239], [100.03096117635386, 66.90021714768234], [100.30904044422711, 68.03980667771172], [100.53383322308487, 69.19109081123787], [100.70425047503349, 70.35166787105645], [100.8192724295721, 71.5190345101267], [100.87795110182536, 72.69058263048147], [100.87941315336666, 73.86359530334927], [100.82286328895775, 75.03524157841231], [100.70758841483205, 76.20257007850066], [100.53296282865807, 77.36250127805802], [100.29845475809722, 78.51181837754828], [100.00363462459381, 79.64715670061037], [99.64818547875748, 80.7649915662754], [99.23191613880537, 81.86162462440808], [98.75477766107193, 82.93316870133835], [98.21688389160396, 83.97553128060896], [97.61853698134149, 84.98439686490796], [96.96025890204166, 85.95520863176444], [96.24283016324146, 86.88315003589214], [95.46733710165326, 87.76312733762562], [94.6352292621083, 88.58975449091648], [93.74838849302307, 89.35734242557164], [92.8092113722721, 90.0598955525022], [91.8207063905393, 90.69111932551412], [90.786606817447, 91.2444439250793], [89.71149920357907, 91.71307054843653], [88.60096582030016, 92.09004828374196], [87.46173679303432, 92.36839086870096], [86.30184405213564, 92.54124335631636], [85.13076451269853, 92.60210817375604], [83.95953440821611, 92.54513740500042], [82.8008113737012, 92.36549245555413], [81.66885734206967, 92.05976300971707], [80.57941593000497, 91.62642476994533]], {"i0": 0.010768167609667855, "spread": 2.9580792079280243, "falloff": 0.01}]], "disk": {"i0": 0.35214505169739146, "n": 1.0, "c": 2.0, "mu": [80.87629578994755, 81.49140269611259], "roll": 1.5479986201068803, "rEff": 52.74120605820726, "axRatio": 0.9781418128259121}, "bulge": {"i0": 0.012552748487364266, "n": 1.6387211305198073, "c": 2.0, "mu": [81.3580395322669, 81.94018130532011], "roll": 1.9909162256196267, "rEff": 16.06719842479849, "axRatio": 0.9359677787360744}, "bar": null}