{"disk": {"mux": 86.91511779684569, "muy": 87.29801726829962, "roll": 0.026477927088482067, "Re": 24.866525892473266, "q": 0.7622934360385252, "I": 0.11263950559511113, "n": 1.0, "c": 2.0}, "bulge": {"mux": 86.49513877997343, "muy": 87.8051687164727, "roll": 1.5039497763686982, "Re": 4.814175347313366, "q": 0.8051229170316777, "I": 0.14625465657973635, "n": 0.920164685201062, "c": 2.0}, "bar": null, "spiral": []}