{"spiral": [[[[65.87836383880133, 48.040366065615956], [66.34691885334635, 47.94669433813416], [66.82029572484366, 47.88171002125099], [67.29688467316595, 47.84763006713165], [67.7746785486067, 47.84652644568518], [68.25127662373781, 47.880183343878834], [68.72393319194434, 47.94993998174319], [69.1896587422466, 48.05654157262604], [69.64537020674757, 48.20002739426947], [70.08807233311525, 48.379683228372194], [70.51504046690413, 48.5940734167708], [70.92397211742535, 48.84114869598959], [71.3130828813987, 49.11840758241111], [71.68113790277681, 49.4230791279156], [72.02742589811017, 49.75229614512838], [72.35169290378155, 50.10323756719515], [72.65405551342371, 50.47323073624354], [72.93491030940329, 50.85981440501639], [73.1948506508827, 51.260769104818415], [73.43459652450746, 51.67412358168028], [73.65493908176579, 52.09814555543231], [73.85669900706006, 52.5313234435191], [74.04069667731503, 52.97234383347093], [74.2077317396905, 53.42006784690565], [74.35856986646937, 53.87350828481609], [74.49393478196511, 54.331808564519655], [74.61450404172433, 54.794223889021126], [74.72090740265868, 55.2601047425307], [74.81372692374062, 55.728882611039026], [74.8934981748032, 56.200057729659285], [74.96071211241485, 56.673188619761376], [75.01581731582561, 57.14788317495111], [75.05922237290233, 57.623791069043826], [75.09129827608996, 58.100597280543184], [75.11238073646567, 58.57801655373907], [75.12277235818222, 59.05578864037151], [75.12274463869876, 59.53367418813282], [75.11253977504222, 60.01145116218931], [75.09237226679714, 60.48891170220781], [75.06243031231344, 60.965859331495984], [75.02287699776319, 61.4421064461993], [74.97385128048604, 61.917472021267166], [74.91546876772804, 62.39177947684562], [74.8478222907619, 62.86485465351334], [74.77098227290324, 63.336523847695915], [74.68499688664278, 63.80661185975353], [74.5898919925286, 64.27494000643092], [74.48567084788999, 64.74132404654267], [74.37231356896407, 65.20557196357359], [74.24977632426236, 65.66748154092424]], {"i0": 0.04141356298652547, "spread": 54.03633035054415, "falloff": 0.33828388239629775}], [[[83.82550217745214, 61.24320528464796], [83.59891336368939, 62.13904857699471], [83.35776040604534, 63.03108139766392], [83.10194019655744, 63.91901880414711], [82.8313210334996, 64.80255799364214], [82.54574093694838, 65.68137511807569], [82.24500564144543, 66.55512163789184], [81.92888622103376, 67.4234201069664], [81.59711629141889, 68.28585925311762], [81.2493887283301, 69.14198818888532], [80.88535182160228, 69.9913095354173], [80.50460477852887, 70.8332711908628], [80.10669246584219, 71.66725638684571], [79.69109926977222, 72.49257157842177], [79.25724193038691, 73.30843156259877], [78.80446119319033, 74.11394102562956], [78.33201211111188, 74.90807144428776], [77.83905284298173, 75.68963189286254], [77.32463183140231, 76.45723175848966], [76.78767337169288, 77.2092326274292], [76.22696183203675, 77.94368550448051], [75.64112531928795, 78.65824798621765], [75.0286206264102, 79.35007378599047], [74.38772332785203, 80.01566388004417], [73.71653080137678, 80.65066426199245], [73.01299346903056, 81.24958992554967], [72.27500384317214, 81.80544927985308], [71.50059962922398, 82.30924219635845], [70.68838441835562, 82.74932160875282], [69.83834351478956, 83.11067846557034], [68.9533111639475, 83.3744106791493], [68.04129522278113, 83.51808140680593], [67.11830024469366, 83.51830550275206], [66.20977140601254, 83.3568353963421], [65.34739367611475, 83.02872157911608], [64.56052115147187, 82.54663749015454], [63.86780606147345, 81.9365845325803], [63.27519264995964, 81.22856028764846], [62.77952378274552, 80.44933944985058], [62.37324668147462, 79.61982776547926], [62.047655003603786, 78.75534382399532], [61.79450851128246, 77.8668677080066], [61.60664233126172, 76.96228575326064], [61.478086997732746, 76.04735547832195], [61.40399284275125, 75.12639026141198], [61.38049718881715, 74.20273185324523], [61.404592481337524, 73.27907769594277], [61.47401692029553, 72.35771379373499], [61.587174122850705, 71.44068897936931], [61.74308322253785, 70.5299561986643]], {"i0": 0.0673432281041927, "spread": 15.704874385208306, "falloff": 0.7463714010007008}]], "disk": {"i0": 0.157723406476166, "n": 1.0, "c": 2.0, "mu": [67.85921384936229, 66.9711217877608], "roll": 1.3340227040057286, "rEff": 24.405430834758786, "axRatio": 0.36321678818266734}, "bulge": {"i0": 0.6553547147147504, "n": 0.33733920699510256, "c": 2.0, "mu": [67.69575630748274, 67.75078393690046], "roll": 0.86646109634128, "rEff": 2.7044074947553867, "axRatio": 0.7952991774711706}, "bar": {"i0": 0.0, "n": 0.5960073799073393, "c": 1.958328571435853, "mu": [67.81265098804546, 68.13696205149738], "roll": 0.9218008974136822, "rEff": 4.165638792798495, "axRatio": 0.3386832330465656}}