{"spiral": [], "disk": null, "bulge": {"i0": 0.4838305286662305, "n": 1.2746074880679616, "c": 2.0, "mu": [131.217954093971, 132.04825120803375], "roll": 0.6096721025825907, "rEff": 5.147102462608798, "axRatio": 0.5997548992795015}, "bar": {"i0": 0.11130331186006598, "n": 0.7866428421624142, "c": 1.8032647015718255, "mu": [130.86011385881238, 131.13197418984967], "roll": 2.1164514615278094, "rEff": 11.300781952925709, "axRatio": 0.2941085097487169}}