{"spiral": [[[[80.6980777775715, 97.201681944625], [79.7902766624689, 96.66948562534769], [78.91220032352038, 96.0895314985882], [78.06466359164352, 95.46577697789225], [77.24831943603176, 94.80170668036666], [76.46371298871533, 94.10041125056667], [75.71132010511302, 93.36465306129357], [74.9915750165673, 92.59692101019427], [74.30489021531315, 91.79947637860292], [73.65167074614766, 90.97439141843097], [73.03232441635159, 90.12358204220881], [72.4472689778085, 89.24883573696293], [71.89693701646829, 88.35183560617155], [71.38177906000259, 87.43418126644949], [70.9022652550509, 86.4974071792796], [70.45888585084654, 85.5429988787056], [70.052150642884, 84.57240745732796], [69.682587469516, 83.58706259096043], [69.35073981010265, 82.58838431265303], [69.05716350151438, 81.57779368678473], [68.80242256791234, 80.55672248080519], [68.58708414568487, 79.5266218844765], [68.41171248005712, 78.48897028279482], [68.27686197254805, 77.44528004853056], [68.18306926903539, 76.39710328368808], [68.13084439714919, 75.34603640644276], [68.1206609894768, 74.29372345240766], [68.15294566559017, 73.24185793825389], [68.22806669034831, 72.19218312398951], [68.3463220793126, 71.14649050854855], [68.50792737761738, 70.10661640786802], [68.71300340045865, 69.07443649217697], [68.96156427890611, 68.05185820722266], [69.25350620538956, 67.04081106833173], [69.58859730939545, 66.04323489793096], [69.96646911001125, 65.06106617231269], [70.3866099827745, 64.09622274648554], [70.84836103957518, 63.15058732951276], [71.35091475025014, 62.2259901777113], [71.89331653333352, 61.324191548717494], [72.47446942215015, 60.446864509969735], [73.09314176626496, 59.5955787061992], [73.74797778834976, 58.771785669481304], [74.43751067214744, 57.97680618783884], [75.16017774180338, 57.211820153355895], [75.9143372012086, 56.47785918527158], [76.69828584894661, 55.775802183775426], [77.51027717079438, 55.10637382810659], [78.34853923532043, 54.47014589920702], [79.21129187450136, 53.86754118836896]], {"i0": 0.0321039557773739, "spread": 1.7783762556145426, "falloff": 0.010513661731660701}]], "disk": {"i0": 0.2305254599598467, "n": 1.0, "c": 2.0, "mu": [89.99916855545437, 89.35124965323698], "roll": 2.1499689618093374, "rEff": 40.12787496791747, "axRatio": 0.5822423738815359}, "bulge": {"i0": 0.6239184188946058, "n": 0.5233065747273501, "c": 2.0, "mu": [89.64825529022508, 90.01767688282796], "roll": 2.63628912777757, "rEff": 4.046223302424255, "axRatio": 0.5773444503687978}, "bar": null}