{"spiral": [], "disk": {"i0": 0.20800083970487568, "n": 1.0, "c": 2.0, "mu": [54.77556538157259, 55.32938161578702], "roll": 2.331838205080409, "rEff": 16.809308434243597, "axRatio": 0.4940059357250256}, "bulge": {"i0": 0.8658033008358785, "n": 0.9308219787699036, "c": 2.0, "mu": [55.15858356787905, 54.77985741047871], "roll": 1.3348037974881262, "rEff": 3.4436259894087513, "axRatio": 0.9999959039764316}, "bar": null}