{"spiral": [[[[33.39916842253125, 62.032539173813504], [32.665408721425536, 60.509485270160624], [32.074648356079194, 58.925475463395], [31.632131098867596, 57.29383210262135], [31.34157320428805, 55.62840086202655], [31.20517056545794, 53.943322845377075], [31.223653303062235, 52.25283079716561], [31.39637544599497, 50.57108048832402], [31.721425477631982, 48.91202350461568], [32.1957434579767, 47.28932298497402], [32.81523172949756, 45.71630993349902], [33.574848256548606, 44.205974820332656], [34.468673896816085, 42.77098725956233], [35.4899470148813, 41.42373539118976], [36.63106050899234, 40.17637580596945], [37.88351764907606, 39.040884103232116], [39.2378441578209, 38.02909506935518], [40.68345514712134, 37.152719737546626], [42.20847724597099, 36.42332402397045], [43.79952932535879, 35.85225024008507], [45.44147051524092, 35.45045887456907], [47.11713285147994, 35.22826456554187], [48.807068715045695, 35.19493897991448], [50.48936064350855, 35.35815761881241], [52.13956101950701, 35.72328170474034], [53.73084646140753, 36.292495005407325], [55.23447617223627, 37.063860773536746], [56.620621239234104, 38.03042041691431], [57.859571705940766, 39.179505848718215], [58.92323239795594, 40.4924527268779], [59.786713368649075, 41.94485472527324], [60.42975351243686, 43.50738476069525], [60.83772989818256, 45.14706208216009], [61.0021083096219, 46.82872584996151], [60.920341600783864, 48.516438877127094], [60.59535767755601, 50.17459836009837], [60.034851341201204, 51.768638206375925], [59.25059727730513, 53.26531950674446], [58.25796015291896, 54.63268795478794], [57.07572435512961, 55.83982358859441], [55.726321404677634, 56.856533815414345], [54.23650010138471, 57.65316765427217], [52.63844727155006, 58.20077746853376], [50.971290684868244, 58.471932289011924], [49.282746484163724, 58.44257231103901], [47.63035659080274, 58.09529961924616], [46.08131847467729, 57.42423538549316], [44.709601001968096, 56.440806105133575], [43.58946469020382, 55.17860763465277], [42.78616754525064, 53.6946844081506]], {"i0": 0.2308733646024192, "spread": 20.474776190108454, "falloff": 0.5858016477608571}], [[[66.09824467541316, 32.32315567114041], [67.09355087729085, 33.916422138808265], [67.94526903951672, 35.590836775571276], [68.64552920381932, 37.33402028488529], [69.18781683103091, 39.132617122090785], [69.56707112066026, 40.9725012287057], [69.77973214825234, 42.83898707347967], [69.82374000583285, 44.7170307633255], [69.69849372891042, 46.59140810795248], [69.40478116662578, 48.446859902733934], [68.94469278499142, 50.26819869018961], [68.32153283013724, 52.0403752171543], [67.53974067608523, 53.7485062830169], [66.60483400327874, 55.37786848309874], [65.52338404572836, 56.91386452971071], [64.3030320660186, 58.34197066442484], [62.95255522369047, 59.647675497070395], [61.48198952358924, 60.81642294940377], [59.90281680352874, 61.833575339502076], [58.22822148134347, 62.68441756544329], [56.47341972953903, 63.35423024475502], [54.65605719782452, 63.82846859281682], [52.79665910939105, 64.09309396492257], [50.91909511825618, 64.13511369088015], [49.050988705666626, 63.94338646699879], [47.22395695929266, 63.509735210046195], [45.47351956323873, 62.8303634822519], [43.83848683546378, 61.90748395008874], [42.35966153999844, 60.750941496527254], [41.07780600429743, 59.37948659866263], [40.031040567951464, 57.82130257773189], [39.25208628564049, 56.113495262861385], [38.76591071152287, 54.30053183007187], [38.58826040468304, 52.43196159849916], [38.725270180411755, 50.55998540878491], [39.17397135221129, 48.73743982096422], [39.92325500795824, 47.016555052272054], [40.954759514402134, 45.44856346470653], [42.243198630384285, 44.0839949458182], [43.755733269202125, 42.97332002049473], [45.45005924086094, 42.16742235861921], [47.270979840413474, 41.71707996109194], [49.14556930671361, 41.67010936452701], [50.97806936779227, 42.06420865904207], [52.6479009791844, 42.913705437561354], [54.01686069366669, 44.19144574818584], [54.95038423967577, 45.81401583715801], [55.347652969880734, 47.64299376207503], [55.163753340782975, 49.50545761616445], [54.41243286614216, 51.21935150314975]], {"i0": 0.07079581907547983, "spread": 8.326115220202023, "falloff": 0.7415420620412592}]], "disk": {"i0": 0.009888911380535319, "n": 1.0, "c": 2.0, "mu": [49.53913263204121, 49.826669426183514], "roll": 0.8997643166600318, "rEff": 28.787438716001645, "axRatio": 0.9285182932982735}, "bulge": {"i0": 0.0, "n": 0.1536817407107595, "c": 2.0, "mu": [49.794376040139845, 49.273167832244326], "roll": 0.18281303449226535, "rEff": 4.22718865705267, "axRatio": 0.32427609320261347}, "bar": {"i0": 0.3724408520681699, "n": 0.917046632719499, "c": 1.9124369173625468, "mu": [49.75797699933188, 49.64244440497774], "roll": 0.39655552057173016, "rEff": 1.8873922722061443, "axRatio": 0.32710883266828783}}