{"disk": {"I": 0.07668156017807533, "Re": 27.123604038073722, "c": 2.0, "mux": 90.87965861066807, "muy": 86.29323556516043, "n": 1.0, "q": 0.8601028768167356, "roll": 1.2926801020118566}, "bulge": {"I": 0.0432020590759914, "Re": 19.940980237971424, "c": 2.0, "mux": 89.19145160577928, "muy": 113.61119940055394, "n": 0.2022056822003351, "q": 0.548657002161977, "roll": 1.8841825320104424}, "bar": {"I": 0.2510822421390273, "Re": 4.913537018664009, "c": 2.8124558175238263, "mux": 89.32443380789216, "muy": 89.13391792374244, "n": 0.7710230212631629, "q": 0.5038157753399988, "roll": 2.011355942383605}, "spiral": [[[[103.11539776240733, 109.95437690450214], [102.35447833723661, 110.04274541750573], [101.59140871513398, 110.11005794591533], [100.82675168674264, 110.15593448078523], [100.06109858417567, 110.17999892161352], [99.29507057435423, 110.18188018367985], [98.52931999521242, 110.16121343057853], [97.76453173169315, 110.1176414440142], [97.00142462813152, 110.05081614397453], [96.24075293251576, 109.9604002734018], [95.48330776712258, 109.84606926265994], [94.72991861764395, 109.70751328981522], [93.98145483234374, 109.54443955415915], [93.2388271203845, 109.35657478133089], [92.5029890363326, 109.143667979424], [91.77493843497604, 108.90549346612968], [91.05571887945578, 108.64185418883372], [90.3464209798389, 108.35258535863215], [89.6481836389803, 108.03755842176123], [88.9621951762775, 107.6966853907467], [88.28969429710261, 107.32992355852583], [87.63197087072942, 106.93728061827643], [86.99036647469855, 106.51882021100674], [86.36627465892403, 106.07466792260831], [85.7611408761979, 105.6050177492263], [85.17646202124254, 105.11013904915114], [84.61378551369694, 104.59038399591559], [84.0747078547577, 104.04619554472666], [83.56087258048981, 103.478115919572], [83.07396752949236, 102.88679562579125], [82.61572133556781, 102.27300298630396], [82.18789905081483, 101.63763419669833], [81.79229679802381, 100.98172388795456], [81.43073534569024, 100.30645618274244], [81.10505249230006, 99.61317622596657], [80.81709413979193, 98.90340216953874], [80.56870392751024, 98.17883758935191], [80.36171128719471, 97.44138431610453], [80.19791776476137, 96.69315566581582], [80.0790814339975, 95.93649006560399], [80.00689919756037, 95.17396508466351], [79.9829867288178, 94.40841189743833], [80.00885574794427, 93.64293023009698], [80.08588824182063, 92.880903866456], [80.21530711975916, 92.12601681732815], [80.39814263558193, 91.38227028030163], [80.63519368527317, 90.65400053010745], [80.92698278896664, 89.94589786976908], [81.2737031614905, 89.26302671937582], [81.67515573206204, 88.61084679304906]], {"I": 0.04241427759924015, "falloff": 0.4184610389917483, "spread": 2.488062272310009}], [[[64.82448371015737, 87.20290190083577], [65.21668673873633, 85.93907065428905], [65.67498540801927, 84.69768032520085], [66.1985047624057, 83.48235736670286], [66.78617413169572, 82.29672602433676], [67.4367250725474, 81.14440022960883], [68.14868927079317, 80.02897553886109], [68.92039632612253, 78.95402105598913], [69.74997134773244, 77.92307125798982], [70.63533230049627, 76.93961762289162], [71.5741870556959, 76.00709994069287], [72.56403011468026, 75.12889716850141], [73.60213899894138, 74.30831767436784], [74.68557032207327, 73.54858869719142], [75.81115559024992, 72.85284483619994], [76.97549680974686, 72.22411537070909], [78.17496202290782, 71.6653102043489], [79.40568093428723, 71.17920422274231], [80.66354084058848, 70.76841985727995], [81.94418313212506, 70.4354076581371], [83.2430006923448, 70.18242470011953], [84.55513658383285, 70.01151067715618], [85.87548447523082, 69.92446159084031], [87.19869132136235, 69.92280099827714], [88.51916287222573, 70.00774887397009], [89.83107262798777, 70.18018823784385], [91.12837489379976, 70.44062983269315], [92.40482259349895, 70.78917527538879], [93.65399048074433, 71.2254792699279], [94.86930432532449, 71.74871164253663], [96.04407654698196, 72.35752013631779], [97.17154861171085, 73.04999506426056], [98.24494029756889, 73.82363706322725], [99.25750567830829, 74.67532928511015], [100.20259537420338, 75.60131540218137], [101.07372429552076, 76.59718475972315], [101.86464377769184, 77.65786588128954], [102.5694167054077, 78.77762930772847], [103.18249397778193, 79.95010043481764], [103.69879050999741, 81.16828262145931], [104.11375892093227, 82.42459040125613], [104.42345914392699, 83.71089217215933], [104.62462242076046, 85.01856131082529], [104.71470848823729, 86.33853430107729], [104.69195521790974, 87.66137421905623], [104.55542049021139, 88.97733781014561], [104.30501662517844, 90.27644444545474], [103.94153821165692, 91.54854545942786], [103.4666846262641, 92.78339273720299], [102.88307887878766, 93.97070591923826]], {"I": 0.038762456705151487, "falloff": 0.5621175173780678, "spread": 5.890102241110905}], [[[83.31217345509978, 53.19625205344069], [84.37296934300726, 53.500737127936965], [85.42502920138158, 53.83415415723617], [86.46741752922162, 54.1966746755002], [87.49916668517047, 54.588447343916364], [88.51927628303271, 55.009595823905215], [89.52671264175376, 55.46021650500573], [90.52040830143056, 55.94037608148716], [91.49926161687588, 56.45010897114862], [92.46213644136958, 56.989414569895395], [93.40786191460539, 57.55825433611909], [94.3352323702058, 58.1565486994809], [95.2430073794268, 58.78417378926258], [96.12991194819298, 59.44095797691432], [96.9946368878825, 60.12667823086703], [97.83583937909357, 60.84105627903128], [98.65214375111567, 61.583754578401646], [99.44214250001353, 62.35437209075548], [100.20439756975213, 63.15243986487934], [100.9374419221263, 63.97741642722963], [101.63978142257163, 64.82868298490843], [102.30989706942158, 65.70553844437099], [102.94624759619411, 66.60719425378689], [103.54727247644162, 67.53276907517734], [104.11139536233001, 68.48128329613482], [104.6370279886666, 69.4516533910795], [105.1225745750827, 70.44268614330105], [105.56643676010391, 71.45307273890731], [105.96701910211719, 72.48138274581747], [106.32273518377565, 73.52605798851091], [106.63201435859439, 74.58540633003498], [106.89330918144258, 75.65759537049328], [107.10510356874215, 76.74064606917857], [107.2659217397796, 77.8324262945764], [107.37433799818416, 78.93064430250324], [107.42898742300335, 80.03284213786141], [107.42857755226595, 81.13638895079177], [107.37190116003491, 82.23847421184044], [107.25785025099717, 83.33610080565853], [107.08543142693587, 84.42607797703579], [106.85378281694805, 85.50501410061055], [106.56219281245552, 86.56930924326443], [106.21012090784482, 87.6151474932437], [105.79722102442996, 88.63848903921944], [105.32336778900816, 89.63506200446598], [104.78868635620282, 90.6003540763137], [104.19358650685227, 91.52960403025453], [103.53880193243664, 92.4177933368188], [102.82543583022644, 93.259638174915], [102.05501419439481, 94.04958237421693]], {"I": 0.0097801883344364, "falloff": 0.01, "spread": 2.3095442012331526}]]}