{"spiral": [[[[119.77285952354251, 78.04630095067203], [121.7859900049226, 78.81805322746368], [123.7662102501831, 79.67071252617826], [125.7103994563821, 80.60260944311305], [127.6155013326292, 81.61201169467432], [129.47851412231043, 82.6971342155116], [131.29647899342322, 83.85614738789232], [133.06646692538965, 85.08718330379654], [134.78556419118118, 86.38833996606671], [136.45085649893946, 87.75768332874881], [138.05941181829033, 89.19324706061161], [139.6082618798233, 90.69302988346588], [141.0943822995817, 92.25499028985931], [142.51467124599512, 93.87703838052616], [143.8659265341035, 95.55702447652313], [145.14482101129533, 97.29272405495388], [146.3478760781803, 99.08181841641438], [147.4714331916066, 100.92187032090581], [148.5116232166, 102.81029360839554], [149.464333558191, 104.74431555029183], [150.3251731125054, 106.72093033184086], [151.0894352847684, 108.73684164752646], [151.7520596495967, 110.78839186842504], [152.30759337814422, 112.87147463606956], [152.7501543729407, 114.98142699713344], [153.0733993656624, 117.11289644467819], [153.2705021566047, 119.25967745673604], [153.3341500720768, 121.41451162579035], [153.25657087515873, 123.56884556281369], [153.0296082023135, 125.71254222597426], [152.6448713377143, 127.83354531024017], [152.09399459663283, 129.91750486498833], [151.36905137190428, 131.94738795033254], [150.46317430411597, 133.90312408103136], [149.37142837776966, 135.76137315655532], [148.09195548765643, 137.49555015019172], [146.6273419333484, 139.07628113392133], [144.98604685664557, 140.4724664325112], [143.18359021940114, 141.65304279336138], [141.24310171231215, 142.58933721713535], [139.19487977281184, 143.2576295867337], [137.07486496320186, 143.64132791240112], [134.92231886385176, 143.7321795971537], [132.77730799697233, 143.53024420243804], [130.67863443220756, 143.04278306783092], [128.6626315959588, 142.28253578734672], [126.7629285615367, 141.26592326446345], [125.01105985191737, 140.01159581197612], [123.43772989426203, 138.5395757879231], [122.0745992014184, 136.87114683391366]], {"i0": 0.10763478106032941, "spread": 0.5056309100725609, "falloff": 0.9912968513524353}], [[[113.42951304718572, 101.44166134731503], [113.94394944700171, 101.5168600497613], [114.45700585220288, 101.60095970871976], [114.96852522404424, 101.69395182220794], [115.47835012931158, 101.79582498011176], [115.98632277737408, 101.90656492962621], [116.49228504963995, 102.02615464339446], [116.99607852109722, 102.15457438990671], [117.4975444736337, 102.29180180567293], [117.99652390084044, 102.43781196867383], [118.49285750402262, 102.59257747262959], [118.9863856791413, 102.75606850157166], [119.47694849441783, 102.92825290421503], [119.96438565833975, 103.1090962676449], [120.44853647780013, 103.29856198979115], [120.9292398061007, 103.4966113501802], [121.40633398054102, 103.70320357844408], [121.87965674930282, 103.91829592005536], [122.34904518732193, 104.14184369874951], [122.81433560081685, 104.373800375079], [123.27536342011747, 104.6141176005346], [123.73196308040997, 104.86274526665106], [124.18396788995658, 105.11963154846684], [124.63120988533967, 105.38472294172537], [125.07351967318442, 105.65796429311018], [125.51072625779678, 105.93929882281455], [125.9426568540617, 106.22866813866206], [126.36913668488323, 106.52601224094371], [126.78998876236327, 106.83126951706366], [127.20503365182593, 107.14437672499653], [127.61408921768866, 107.46526896445809], [128.016970350067, 107.79387963456902], [128.41348867089133, 108.13014037666163], [128.8034522181355, 108.47398100069356], [129.18666510666114, 108.8253293935728], [129.56292716396135, 109.18411140744792], [129.9320335389317, 109.55025072577445], [130.29377428158975, 109.92366870466373], [130.6479338914382, 110.30428418666727], [130.99429083192254, 110.69201328373889], [131.33261700817548, 111.0867691256411], [131.66267720495384, 111.48846156950269], [131.9842284813563, 111.896996865578], [132.29701951857757, 112.31227727349125], [132.60078991660424, 112.73420062235428], [132.8952694353769, 113.16265980708819], [133.18017717552323, 113.59754221202171], [133.4552206934208, 114.03872905140588], [133.72009504486164, 114.48609461471136], [133.97448175125797, 114.93950540255956]], {"i0": 0.1674453243117053, "spread": 0.5064255968422736, "falloff": 0.9840654261751203}], [[[167.8458002082152, 140.01173130052516], [167.25584703511464, 141.77726338916796], [166.58214083236217, 143.51255315966787], [165.82386557750067, 145.21257954975837], [164.98052123782557, 146.87203737861304], [164.05198472378584, 148.48535929597284], [163.0385729658723, 150.04675013769804], [161.94110560396751, 151.550235183049], [160.76096406420064, 152.98972322975658], [159.50014318561745, 154.35908452887315], [158.16129116807946, 155.65224246540257], [156.74773360018213, 156.86327650880727], [155.263477761205, 157.98653252229667], [153.7131944034202, 159.01673522169904], [152.10217571153777, 159.94909663207488], [150.4362700225109, 160.779414027406], [148.72179591094977, 161.50415119633718], [146.96544011217154, 162.1204979755952], [145.1741451753514, 162.62640471591305], [143.35499349061922, 163.02059044829534], [141.515094321238, 163.30252568791292], [139.66147974274972, 163.47239273472042], [137.80101411639833, 163.53102776161862], [135.9403201488626, 163.47984979157988], [134.08572296711108, 163.32078185448427], [132.24321217741007, 163.0561692732711], [130.41842072447363, 162.68869931029295], [128.61661857918938, 162.22132548507844], [126.84271884988561, 161.65719890771211], [125.10129378682001, 160.9996080681243], [123.39659825332232, 160.25192775848586], [121.73259848820022, 159.4175772147751], [120.11300431696276, 158.4999871445587], [118.54130332903885, 157.5025750457171], [117.02079588411652, 156.42872808849458], [115.55463011969458, 155.28179280039924], [114.1458363957324, 154.06507083382073], [112.79736082297245, 152.78182018689535], [111.51209768044363, 151.43526137022684], [110.29292064194743, 150.02858815545187], [109.14271279967491, 148.56498269543533], [108.06439550238089, 147.04763496766518], [107.06095601525779, 145.4797666586463], [106.13547395665587, 143.86465977730526], [105.29114636971711, 142.20569045932754], [104.53131113399864, 140.50636860020302], [103.85946819979625, 138.7703841282744], [103.27929781619932, 137.00166089127748], [102.79467449648011, 135.20441926310488], [102.40967488697503, 133.38324864719206]], {"i0": 0.19333209445876706, "spread": 0.5133995783125462, "falloff": 0.9601601771659576}]], "disk": {"i0": 0.07727717837788212, "n": 1.0, "c": 2.0, "mu": [128.39190232227966, 126.8122160002633], "roll": 2.4984629024983014, "rEff": 45.875441111537036, "axRatio": 0.8547301817635896}, "bulge": {"i0": 0.1353714104018002, "n": 2.605168937321283, "c": 2.0, "mu": [127.52826230340936, 127.87393790917551], "roll": 1.2351437910176335, "rEff": 6.088641603419698, "axRatio": 0.5380336475414235}, "bar": {"i0": 0.12190745620256618, "n": 0.6661905207130413, "c": 2.3179154694625215, "mu": [126.86732561739507, 126.8504950514428], "roll": 1.2351578163152452, "rEff": 9.296252379344669, "axRatio": 0.3754090419093445}}