{"disk": {"I": 0.1294578000305962, "Re": 28.468702765995914, "c": 2.0, "mux": 96.13989164759049, "muy": 95.51818174188489, "n": 1.0, "q": 0.7124058085072745, "roll": 0.06672559331262753}, "bulge": {"I": 0.17104548882792142, "Re": 6.256427863712511, "c": 2.0, "mux": 95.33431739238718, "muy": 94.65544466500072, "n": 0.5957193310720378, "q": 0.3389220643842679, "roll": 0.25558646980411187}, "bar": null, "spiral": []}