{"spiral": [], "disk": {"i0": 0.15668071574500034, "n": 1.0, "c": 2.0, "mu": [126.52344956856936, 127.31953468472057], "roll": 1.153874875888827, "rEff": 55.122617486193356, "axRatio": 0.6083004662490563}, "bulge": {"i0": 0.2520880493705827, "n": 1.83883486566354, "c": 2.0, "mu": [127.15681454194997, 127.07065035872115], "roll": 1.319067870969591, "rEff": 8.472426077250477, "axRatio": 0.7965630574732506}, "bar": null}