{"disk": {"mux": 102.95763597262592, "muy": 100.04091650895538, "roll": 2.3501728947502194, "Re": 34.19184090978729, "q": 0.4978429124562845, "I": 0.019624688082519087, "n": 1.0, "c": 2.0}, "bulge": {"mux": 102.77024512825109, "muy": 99.93058045098668, "roll": 2.364159808764927, "Re": 3.6246316993459424, "q": 0.9248265683015426, "I": 0.13544208044899542, "n": 1.214850145470553, "c": 2.0}, "bar": null, "spiral": []}