{"disk": {"I": 0.12930090312073417, "Re": 17.784043247429217, "c": 2.0, "mux": 62.76046278114253, "muy": 61.627467704652126, "n": 1.0, "q": 0.6030020659124056, "roll": 1.1956352578914387}, "bulge": {"I": 5.483206129550396, "Re": 4.240044469944573, "c": 2.0, "mux": 63.12178550112321, "muy": 61.77752514186699, "n": 0.4918049408317216, "q": 0.02038949282962265, "roll": 1.440063026283881}, "bar": null, "spiral": []}