{"disk": {"mux": 75.17914658689084, "muy": 75.52082209186507, "roll": 1.3395214743296942, "Re": 20.512764277555352, "q": 0.8381895898707181, "I": 0.09069430814305322, "n": 1.0, "c": 2.0}, "bulge": {"mux": 75.05495429536192, "muy": 75.17243726495974, "roll": 0.2511912266351086, "Re": 2.601358377884143, "q": 1.1826353257245232, "I": 0.1843634582702342, "n": 2.1158820235810567, "c": 2.0}, "bar": null, "spiral": []}