{"disk": {"I": 0.06893304675595259, "Re": 33.50288380655699, "c": 2.0, "mux": 126.90887889844039, "muy": 127.99027993035217, "n": 1.0, "q": 0.8737642245212662, "roll": 1.7913856502070786}, "bulge": {"I": 0.27780979539243167, "Re": 3.9839066326012165, "c": 2.0, "mux": 126.00597642210312, "muy": 125.77305231791111, "n": 0.999966457072569, "q": 0.8512933933773527, "roll": 1.7168529877977299}, "bar": null, "spiral": []}