{"spiral": [[[[77.27382269346354, 103.63054474245082], [76.0990010276506, 103.47358870341719], [74.93157141937253, 103.2688096990313], [73.77389553855176, 103.01465232246173], [72.6286080692435, 102.70951836753872], [71.49865344226315, 102.35178848981867], [70.38732443868649, 101.9398528624734], [69.2983011226029, 101.47215317995793], [68.23568759685276, 100.94723859791455], [67.20404277898454, 100.36383819724757], [66.20839980876913, 99.7209521320898], [65.2542668933489, 99.01796248485294], [64.34760069673588, 98.25476271319863], [63.49474229275352, 97.43190116426369], [62.70230605988198, 96.55072944236694], [61.977014673240724, 95.61354085490849], [61.32547942216829, 94.62367894005612], [60.75393456341084, 93.58559309015455], [60.26794609365865, 92.50481983397614], [59.872126232303415, 91.38787611238406], [59.569891013093255, 90.24206457199925], [59.36329612546415, 89.07520759788862], [59.25297463885523, 87.89534140045245], [59.238182244910575, 86.71040897890899], [59.316936757488115, 85.52798872593984], [59.48622456635575, 84.35508513691131], [59.74224086022441, 83.19799371671937], [60.080632589330754, 82.0622384986481], [60.49672064469815, 80.95257089443571], [60.985687141548496, 79.87301392590503], [61.54272226965794, 78.82693549381646], [62.163131483134244, 77.81713664824295], [62.84240757445445, 76.84594428725251], [63.5762738294893, 75.91530121941534], [64.36070466053086, 75.02684947913886], [65.19192947231481, 74.1820050007943], [66.06642451382059, 73.38202324715803], [66.98089637932108, 72.62805631191883], [67.9322598233538, 71.92120251277149], [68.91761168749018, 71.26254971571909], [69.93420203206992, 70.65321367937541], [70.97940298252342, 70.09437266050354], [72.05067532325754, 69.58729942399702], [73.14553245034388, 69.13339167539587], [74.26150090262821, 68.73420179529514], [75.3960762847469, 68.39146659134084], [76.54667294510583, 68.1071375780208], [77.7105652394399, 67.88341200651476], [78.88481756542987, 67.72276442873397], [80.06619957296253, 67.62797788482338]], {"i0": 0.15898139566896213, "spread": 0.551002157059959, "falloff": 0.9952263285368534}]], "disk": {"i0": 0.15309149590829177, "n": 1.0, "c": 2.0, "mu": [82.04642912366847, 79.84014871123877], "roll": 0.5080674609142761, "rEff": 26.437150545012255, "axRatio": 0.5502474617797609}, "bulge": {"i0": 0.10570490134899316, "n": 3.4109616796588123, "c": 2.0, "mu": [81.73332970428177, 80.67638655219068], "roll": 3.124219339831163, "rEff": 3.6834388196713874, "axRatio": 0.8767603559515705}, "bar": {"i0": 0.16369473891471897, "n": 1.0940576970839078, "c": 2.3111727293499826, "mu": [81.64411048003768, 80.62759115491956], "roll": 3.10200933827403, "rEff": 3.918943677100854, "axRatio": 0.4873179213200475}}