{"spiral": [[[[52.160899580947074, 40.69906005638489], [52.47061541078093, 40.30869048994035], [52.78781214004213, 39.92437487000872], [53.11239729100728, 39.546278760440245], [53.44429251048841, 39.17458313244564], [53.78343195245721, 38.809485386364656], [54.129760783973545, 38.45120048036248], [54.483233770511106, 38.09996217513537], [54.84381389973048, 37.756024403184774], [55.21147100409104, 37.41966277054921], [55.58618034256224, 37.09117619784067], [55.96792110021441, 36.7708887058218], [56.35667476171699, 36.45915134818971], [56.75242331085667, 36.15634429048958], [57.15514720311295, 35.86287902897156], [57.56482305227773, 35.57920073513652], [57.981420965138064, 35.30579070205893], [58.404901450921855, 35.04316885361925], [58.83521182468964, 34.7918962597754], [59.27228201744369, 34.552577575804186], [59.716019701471176, 34.32586329182764], [60.166304639160366, 34.11245163915048], [60.622982170522604, 33.91308995013753], [61.085855772210365, 33.72857520938897], [61.55467865384368, 33.559753466118224], [62.02914441258752, 33.407517703165254], [62.50887685071878, 33.27280368369236], [62.99341917946406, 33.15658323285478], [63.48222299201022, 33.059854373922455], [63.974637589165404, 32.98362775048466], [64.46990047260951, 32.92890885747873], [64.96713006406448, 32.89667580525517], [65.46532192242987, 32.88785268224863], [65.96334985422885, 32.90327907375052], [66.45997327581675, 32.94367691910293], [66.95385191193219, 33.00961658205784], [67.44356835741321, 33.1014846487617], [67.92765819925819, 33.21945639722165], [68.40464638520908, 33.36347593247388], [68.87308751190095, 33.53324653638908], [69.33160692007765, 33.728232832084785], [69.77893913970262, 33.94767504296539], [70.21396044489084, 34.19061418734671], [70.63571303106775, 34.45592579718921], [71.04341944455822, 34.74235893696706], [71.43648712414453, 35.04857705308871], [71.81450400003857, 35.3731974796435], [72.17722685998505, 35.71482711298526], [72.52456456342563, 36.07209263918372], [72.85655820741876, 36.44366456418125]], {"i0": 0.14841793097068834, "spread": 0.5316903239282913, "falloff": 1.1668585903640083}], [[[52.81298074365779, 57.30085110910577], [52.516651336657155, 57.81232580565141], [52.20675030898008, 58.31569401283435], [51.883685007669186, 58.81071670319921], [51.547786072950025, 59.29712268688537], [51.199318110747754, 59.77460458667969], [50.83848827706061, 60.24281450077813], [50.46545331956331, 60.70135917586992], [50.080325504612034, 61.14979452655633], [49.68317778513294, 61.587619337912535], [49.27404852542328, 62.014267979674095], [48.852946087886174, 62.42910194640494], [48.41985360232114, 62.831400021336314], [47.97473428138203, 63.22034684583391], [47.517537719847255, 63.59501966641292], [47.04820772661582, 63.95437303962966], [46.566692393779476, 64.29722131096503], [46.072957316180265, 64.62221877958828], [45.567003143638814, 64.92783764812023], [45.0488889766525, 65.21234420049964], [44.51876348438725, 65.47377424053742], [43.976905973841575, 65.70990977829885], [43.42377983378397, 65.91826043310422], [42.86010055152885, 66.09605517971333], [42.28691939018337, 66.24025296331025], [41.70572111275642, 66.3475841170433], [41.11852898514504, 66.41463754782257], [40.5280020809809, 66.43800931456843], [39.93749928469077, 66.41452317913063], [39.35107473039518, 66.3415191285266], [38.77336785670788, 66.21718036671547], [38.20936662404942, 66.04083867347953], [37.664058252100254, 65.81317801547362], [37.14202739132352, 65.53626603704728], [36.64709223513155, 65.21338885581268], [36.18206243666451, 64.84872765258106], [35.74865964455655, 64.44696170284236], [35.347587334588354, 64.01288906731092], [34.97869980839553, 63.55112807344358], [34.64121191007559, 63.06592279150101], [34.33390367709468, 62.561044317406314], [34.05529395695652, 62.039764250632615], [33.80377399965653, 61.50487442836769], [33.57770264726454, 60.95873154598455], [33.37546961585308, 60.40331179674333], [33.19553451885453, 59.840266446533015], [33.0364485683107, 59.270973487781745], [32.896864506451266, 58.696583247856786], [32.775538895716224, 58.11805741710146], [32.6713296880434, 57.536201796535735]], {"i0": 0.018051686462320374, "spread": 1.191619854511616, "falloff": 0.01}]], "disk": {"i0": 0.21034137433533603, "n": 1.0, "c": 2.0, "mu": [51.631640249687386, 50.419696694719605], "roll": 0.9925820762014615, "rEff": 17.999128044414807, "axRatio": 0.4736474523325258}, "bulge": {"i0": 0.739104795291563, "n": 1.6550717065677885, "c": 2.0, "mu": [51.699749111154034, 50.486928701715215], "roll": 1.1190650783936296, "rEff": 2.6505988584952407, "axRatio": 0.655196670150956}, "bar": null}