{"disk": {"I": 0.08750950613787502, "Re": 11.852025561733674, "c": 2.0, "mux": 36.74757676740519, "muy": 36.174015724795495, "n": 1.0, "q": 0.7360766083879731, "roll": 0.29253121042969127}, "bulge": {"I": 2.178146666692046, "Re": 0.6263303924482945, "c": 2.0, "mux": 37.501196704113376, "muy": 36.87225440648021, "n": 0.7469981676134766, "q": 0.6045490376153461, "roll": 0.2716454840741162}, "bar": null, "spiral": [[[[34.51085536259804, 36.81954431022819], [34.48824359731322, 36.49312302793621], [34.48727446134003, 36.165911820428065], [34.506449865702315, 35.83925449128015], [34.54445777038245, 35.5142442058862], [34.60014785553216, 35.191788439661046], [34.672508534261496, 34.872656364541655], [34.76064636065069, 34.55751374861911], [34.86376805559111, 34.246948931539094], [34.98116500297137, 33.94149236927033], [35.1121999262632, 33.641631497379024], [35.25629542163448, 33.34782214561736], [35.41292403857071, 33.06049737758137], [35.581599632904144, 32.78007437792659], [35.76186975653373, 32.506959832000355], [35.953308886270946, 32.241554115926036], [36.15551232903616, 31.98425452341722], [36.368090671399486, 31.735457688393375], [36.59066466863332, 31.495561312622613], [36.822860492622425, 31.264965270329558], [37.064305279881, 31.044072133734687], [37.31462294130491, 30.833287142750883], [37.57343021465911, 30.633017627258504], [37.84033295951403, 30.443671880844217], [38.11492271256752, 30.265657480278094], [38.3967735390179, 30.099379045366376], [38.68543923231846, 29.945235439281806], [38.98045092958536, 29.803616420111446], [39.281315222575884, 29.674898770458622], [39.58751285234063, 29.559441952884182], [39.89849807884538, 29.457583364369345], [40.21369881316988, 29.36963329156365], [40.53251758792269, 29.295869698256325], [40.854333420724906, 29.236533004931168], [41.17850459579769, 29.19182104439808], [41.50437235064104, 29.161884393831315], [41.831265410728165, 29.146822288765456], [42.15850526836882, 29.146679318123088], [42.485412055759866, 29.161443074888222], [42.81131082258036, 29.191042902480568], [43.135537998377046, 29.235349826124317], [43.457447804108504, 29.294177700943532], [43.7764183771182, 29.367285546801288], [44.091857390145336, 29.454380979682238], [44.403206976585864, 29.555124596183738], [44.70994781636613, 29.669135127522573], [45.011602287969616, 29.795995151661504], [45.307736643488724, 29.935257142921834], [45.59796221504165, 30.086449641916992], [45.88193570333183, 30.249083347332217]], {"I": 0.04799303068990655, "falloff": 0.521210492726169, "spread": 0.2187417276776862}], [[[42.68521162190172, 35.60471575188865], [42.7569696176039, 36.02200068941804], [42.80219623746922, 36.44299483396734], [42.821880981058854, 36.86595897112572], [42.81696278406733, 37.28935686838215], [42.7883184939006, 37.71181703507281], [42.73675764647183, 38.13209918687703], [42.6630214845324, 38.549065117411], [42.56778478487069, 38.96165344060741], [42.451659535614716, 39.368857588020184], [42.31519985268801, 39.7697064547934], [42.15890777843975, 40.163247139654004], [41.98323979251425, 40.54852929419822], [41.78861400665505, 40.924590673204385], [41.575418127831526, 41.290443556927634], [41.34401836941135, 41.64506179960854], [41.09476957625425, 41.98736835016925], [40.82802691134449, 42.316223199465774], [40.54415952911823, 42.630411844220745], [40.24356672992425, 42.92863453338111], [39.926697140077785, 43.20949679410701], [39.59407147132004, 43.47150203777652], [39.24630934750555, 43.71304743319321], [38.88416049247993, 43.93242470582113], [38.5085401793142, 44.127828054208564], [38.120568161121, 44.29737189757704], [37.721609255010925, 44.43912153978253], [37.31331229604861, 44.551139815030176], [36.89764241064439, 44.63155203448521], [36.47689976949144, 44.67862970776803], [36.05371678702818, 44.69089031803819], [35.63102599170376, 44.66720602460649], [35.211993382324316, 44.6069093680379], [34.79991737825872, 44.50988043673926], [34.398100734110216, 44.37659945225226], [34.00970998487131, 44.20815268202322], [33.637641386715394, 44.006187681722736], [33.284411863106854, 43.772823802020184], [32.952088043362465, 43.51053228438195], [32.6422581105333, 43.222004376987535], [32.356042900874755, 42.91002496809917], [32.094136971239685, 42.5773645568921], [31.856868127757807, 42.2266962505993], [31.644264644298293, 41.86053894711886], [31.456121866270976, 41.48122404533937], [31.292062845984752, 41.090881092025924], [31.15159028166064, 40.691437328315665], [31.034128967733263, 40.28462656021119], [30.939059187770617, 39.87200365592672], [30.86574212111861, 39.45496192259858]], {"I": 1.0208730062850697, "falloff": 3.6205596083576683, "spread": 0.43775311546202356}]]}