{"spiral": [], "disk": {"i0": 0.3708376810784976, "n": 1.0, "c": 2.0, "mu": [43.153161403904434, 42.22349658945268], "roll": 1.4282429729756052, "rEff": 28.084313140543024, "axRatio": 0.9999999990008649}, "bulge": null, "bar": null}