{"spiral": [[[[153.198645076031, 123.80083379936552], [155.4696522346436, 125.10535573774537], [157.59886404891003, 126.63043673635916], [159.5670790098468, 128.3583454265778], [161.35694397936186, 130.27041900620756], [162.95316668873988, 132.3469100393366], [164.34280879220182, 134.56698814935817], [165.51559517440342, 136.9089006993625], [166.46417694354682, 139.35027982308247], [167.18429414099668, 141.86856441525296], [167.67480098184586, 144.44148968334278], [167.93753934153105, 147.04758829287837], [167.9770705025572, 149.6666486596371], [167.80029540148337, 152.28008703516122], [167.41600571122612, 154.871207319181], [166.83441074094773, 157.42534128221067], [166.06667977751707, 159.92987784879116], [165.12452924309363, 162.37420080069336], [164.01987225336026, 164.74955915195505], [162.7645374624881, 167.04889455798218], [161.3700558904512, 169.26664703003576], [159.8475091368081, 171.39855564194275], [158.20742966453886, 173.4414660628698], [156.45974305620618, 175.39315241555948], [154.6137426184283, 177.2521574985992], [152.67808786883066, 179.01765287859598], [150.660819872855, 180.6893186519745], [148.56938783122973, 182.26724163916555], [146.41068262992218, 183.75183021330795], [144.1910741603636, 185.1437437516185], [141.91645012094696, 186.4438346858051], [139.59225470169358, 187.6531012515723], [137.22352608629492, 188.7726492194317], [134.81493210814043, 189.80366109719859], [132.37080366004088, 190.747371509261], [129.89516568327468, 191.60504764980956], [127.39176568079515, 192.37797388884957], [124.8640997998284, 193.0674397633711], [122.31543658466197, 193.67473071968124], [119.74883854163502, 194.20112108612184], [117.16718166021798, 194.64786884859723], [114.57317306443313, 195.01621188120424], [111.96936694337843, 195.30736534686756], [109.3581789215997, 195.52252003740506], [106.74189901327088, 195.6628414651758], [104.1227032946759, 195.729469553754], [101.50266441956065, 195.72351880409008], [98.88376109128009, 195.64607883626155], [96.26788659359852, 195.49821522563286], [93.65685646961248, 195.28097056688762]], {"i0": 0.028048541275425627, "spread": 14.282309793701435, "falloff": 0.25265895434801194}], [[[118.31173107095121, 142.30675558515114], [116.65403316523535, 141.0768295643381], [115.12331035374028, 139.69203494210635], [113.73216927999681, 138.1670524937379], [112.49157798403856, 136.51724873854587], [111.41067792254152, 134.7586545365937], [110.49659339579412, 132.9078337282066], [109.75428011616474, 130.98165553740392], [109.18644659252158, 128.9969957509381], [108.79356945907179, 126.97040036353818], [108.57400853135441, 124.9177489190294], [108.52421219832766, 122.85395209058207], [108.6389918519727, 120.79270990635231], [108.91183746524703, 118.7463457008997], [109.3352455750978, 116.72571917070096], [109.9010347340827, 114.74021220272462], [110.60063005540846, 112.79777473872696], [111.42530582975562, 110.90501503275411], [112.36638183976005, 109.06731865008456], [113.41537411709663, 107.28898243995167], [114.56410425772687, 105.57335256055053], [115.80477320716443, 103.92295865848644], [117.1300060246863, 102.33963904626465], [118.532873920055, 100.82465396732705], [120.00689918656995, 99.37878570765369], [121.54604778513796, 98.0024254706138], [123.14471342146355, 96.6956476758307], [124.79769612297977, 95.45827275581927], [126.50017759044539, 94.28991971980844], [128.24769500179744, 93.1900497948157], [130.03611446181785, 92.15800240680811], [131.86160492348165, 91.1930246615968], [133.72061312328492, 90.29429536073364], [135.60983987075093, 89.46094445472004], [137.5262178734162, 88.69206871021416], [139.46689118244856, 87.98674424848967], [141.42919626196638, 87.34403650922333], [143.41064464256334, 86.76300810149088], [145.4089070849927, 86.24272492591898], [147.42179916373038, 85.78226088541705], [149.4472681724744, 85.3807014465878], [151.48338124428503, 85.03714626670104], [153.5283145886859, 84.75071106330677], [155.5803437466391, 84.52052887134892], [157.63783477029946, 84.34575080623257], [159.69923624231384, 84.22554642996651], [161.76307205528224, 84.1591037996613], [163.82793487837003, 84.14562926298275], [165.8924802455988, 84.18434705349287], [167.9554212076025, 84.27449872947457]], {"i0": 0.019592548371404613, "spread": 12.510965406239364, "falloff": 0.09231027391327518}], [[[133.00514564526947, 162.03027650659988], [131.00912192705798, 162.36077121124046], [128.99786273886718, 162.58037856414416], [126.97767003687437, 162.69109210045664], [124.95444005911494, 162.6948884160653], [122.93372971150788, 162.59371877462573], [120.92081400135918, 162.38950777687933], [118.9207354210766, 162.08415740859238], [116.93834610391501, 161.67955522017735], [114.9783434586058, 161.17758571030382], [113.04529986771927, 160.58014421425293], [111.14368691260046, 159.88915275504178], [109.27789447550543, 159.10657741729173], [107.4522449715543, 158.2344468613273], [105.67100288086368, 157.27487161852025], [103.93837969014041, 156.2300638033808], [102.25853431261103, 155.10235685173214], [100.63556903986755, 153.89422485183104], [99.07352109035094, 152.60830098283586], [97.57634985855904, 151.24739451956117], [96.14792003764585, 149.81450581070592], [94.79198088548954, 148.31283859770613], [93.51214202565949, 146.74580902489214], [92.31184631972661, 145.1170506992312], [91.19434049867851, 143.43041521113372], [90.16264439917583, 141.68996761536675], [89.21951978868486, 139.89997651261288], [88.36743987620719, 138.06489855321715], [87.60856067202701, 136.1893574052607], [86.944695368222, 134.2781174752892], [86.37729285275529, 132.33605292491262], [85.90742133936824, 130.36811277044606], [85.53575789758396, 128.37928306395486], [85.26258441783263, 126.37454731379935], [85.08779024685886, 124.3588463947911], [85.01088143376509, 122.33703921443332], [85.03099621898467, 120.31386533993822], [85.14692613941949, 118.29391065909797], [85.3571419073414, 116.28157695949365], [85.65982307055995, 114.28105608289931], [86.0528903821421, 112.29630906682257], [86.5340397952238, 110.33105044069151], [87.10077704848717, 108.3887376202437], [87.75045190659277, 106.47256515399852], [88.48029125000818, 104.58546342066856], [89.28743036339519, 102.7301012714086], [90.16894193040643, 100.90889204690829], [91.12186239641443, 99.124002371077], [92.14321550284141, 97.37736313047805], [93.23003291942292, 95.67068208105933]], {"i0": 0.015585085396871267, "spread": 0.5584494772031839, "falloff": 0.01}]], "disk": {"i0": 0.1595003819970189, "n": 1.0, "c": 2.0, "mu": [134.49304258292085, 135.2374489491112], "roll": 1.6784742144820217, "rEff": 65.9223339898, "axRatio": 0.9999706448755024}, "bulge": null, "bar": {"i0": 0.018174284309979503, "n": 7.863629795711623, "c": 5.0575449022168195, "mu": [136.04164057219492, 135.33383011780256], "roll": 0.04920215727530878, "rEff": 11.967510691586835, "axRatio": 0.08411925252046384}}