{"spiral": [], "disk": {"i0": 0.1524973222983561, "n": 1.0, "c": 2.0, "mu": [79.87751601920428, 78.39743849581295], "roll": 2.328567688874457, "rEff": 39.51774181798742, "axRatio": 0.5542690024884398}, "bulge": {"i0": 0.3416629016700344, "n": 0.9067639859712161, "c": 2.0, "mu": [79.68549238171796, 78.35998101773257], "roll": 2.361635455895582, "rEff": 7.966779053908357, "axRatio": 0.5637159206688978}, "bar": null}