{"disk": {"I": 0.10880332814026744, "Re": 11.816562698009426, "c": 2.0, "mux": 54.48690801788866, "muy": 54.2231920583936, "n": 1.0, "q": 0.7726331106756954, "roll": 0.7615012938029221}, "bulge": {"I": 0.021575992369338912, "Re": 0.0, "c": 2.0, "mux": 55.08854711247416, "muy": 54.185348289026614, "n": 1.0, "q": 0.9092551692850568, "roll": 2.0007154310991684}, "bar": null, "spiral": []}