{"disk": {"mux": 43.870372692501405, "muy": 42.53217999669384, "roll": 1.4530811835572481, "Re": 13.172398853847653, "q": 0.6010444963217935, "I": 0.04877328714892855, "n": 1.0, "c": 2.0}, "bulge": {"mux": 43.969405231030684, "muy": 42.50246752825458, "roll": 1.1054424864510974, "Re": 0.26309529125158226, "q": 0.8120033571968954, "I": 2.6688365526651867, "n": 0.9817580917761626, "c": 2.0}, "bar": {"mux": 43.664553681061626, "muy": 42.402555406006634, "roll": 1.5708069977226597, "Re": 0.16500461426633753, "q": 0.8998555204694361, "I": 4.083930278191124, "n": 0.14857752093288928, "c": 2.521106984669215}, "spiral": []}