{"disk": {"I": 0.1804749086362515, "Re": 16.708892817761797, "c": 2.0, "mux": 68.80200498788557, "muy": 69.30768326984438, "n": 1.0, "q": 0.5082561125229068, "roll": 2.8941162482180394}, "bulge": {"I": 0.03656224331818932, "Re": 0.0, "c": 2.0, "mux": 69.18590545886482, "muy": 67.86189607877282, "n": 1.0, "q": 0.8197949786311629, "roll": 0.24304992891375618}, "bar": null, "spiral": []}