{"spiral": [], "disk": {"i0": 0.1826396685364945, "n": 1.0, "c": 2.0, "mu": [75.4828651262318, 75.53325368806799], "roll": 2.9720991937498553, "rEff": 42.02738379036468, "axRatio": 0.7459896390868552}, "bulge": {"i0": 0.8041205438164736, "n": 1.9746458156015896, "c": 2.0, "mu": [75.01734462710692, 75.96275764072027], "roll": 2.090450379777269, "rEff": 3.6049903708673052, "axRatio": 0.9781354247227835}, "bar": null}