{"spiral": [[[[27.710346223846066, 35.77826805474873], [27.42256938957674, 35.712013408567415], [27.139827483763344, 35.62679346953781], [26.86333036916419, 35.523085978137715], [26.59421014739729, 35.40150921592036], [26.33350078237607, 35.26280756976478], [26.08212193892964, 35.10783241710726], [25.84086794406783, 34.93751981663389], [25.61040221848151, 34.7528666723148], [25.39125698210802, 34.55490699301209], [25.183837596197545, 34.34468963417157], [24.98843061346966, 34.12325855297775], [24.805214480907583, 33.89163621064139], [24.634271853231997, 33.65081038125696], [24.475602592193987, 33.40172431954462], [24.329136701610555, 33.14527001940212], [24.194746642617684, 32.88228416158251], [24.072258658920266, 32.613546289126944], [23.96146290141651, 32.33977874585822], [23.862122266961343, 32.061647945984184], [23.773979958248095, 31.77976659742297], [23.696765833164985, 31.49469656373105], [23.63020164892298, 31.206952111656612], [23.574005324602464, 30.91700334928173], [23.527894350604043, 30.625279708685426], [23.491588469796138, 30.332173368669046], [23.464811746068477, 30.038042545837634], [23.4472941241366, 29.743214608224235], [23.4387725716783, 29.447988984585933], [23.43899188210699, 29.152639857103523], [23.44770520436528, 28.857418635196602], [23.46467435530653, 28.562556215212], [23.489669960799375, 28.268265035176828], [23.52247146333787, 27.974740936918664], [23.56286702713383, 27.682164848993885], [23.610653365589325, 27.390704304857113], [23.665635511352882, 27.10051481032135], [23.72762654498572, 26.81174107414761], [23.796447294997957, 26.524518114794137], [23.871926019357527, 26.23897225544298], [23.953898076220064, 25.955222018660177], [24.042205590085814, 25.673378930818412], [24.136697117924896, 25.393548245736035], [24.237227318887193, 25.115829595854148], [24.34365663005704, 24.840317578661796], [24.45585095023442, 24.567102285063843], [24.57368133298137, 24.296269775827234], [24.69702368978249, 24.027902511528037], [24.825758503812605, 23.762079740834732], [24.9597705545265, 23.49887785143523]], {"i0": 0.06669738817371072, "spread": 2.6212473695190863, "falloff": 0.3688660403272078}], [[[32.98709113010729, 26.659152114587044], [33.305279380284205, 26.661845787312824], [33.62221582502784, 26.69015316366176], [33.93581178405976, 26.744070309366332], [34.2439867408585, 26.823302275145853], [34.544725946946194, 26.927254537464112], [34.83613902637092, 27.05504268719419], [35.116513303363796, 27.20552021256142], [35.38435625380223, 27.377321537164647], [35.63842326230407, 27.568915378011972], [35.8777292584933, 27.778662481490137], [36.10154516261029, 28.004872002673203], [36.30938185565374, 28.245851963213475], [36.500965335404345, 28.499950891400022], [36.67620684893082, 28.76558944036621], [36.835171325314214, 29.04128216213861], [36.97804665075001, 29.325650539251253], [37.10511547685366, 29.617428847531947], [37.21673049593325, 29.91546454037606], [37.31329352937414, 30.218714729580668], [37.39523836987297, 30.526240099463852], [37.46301707343394, 30.83719731352207], [37.51708927402268, 31.15083070610946], [37.55791405493409, 31.466463819226846], [37.58594392477933, 31.783491159931543], [37.60162048822735, 32.10137041123755], [37.60537145647025, 32.41961522672321], [37.597608699596265, 32.737788666774755], [37.57872709692243, 33.05549728639622], [37.549103989281186, 33.37238585366419], [37.50909907782189, 33.688132660353105], [37.459054648147976, 34.00244537605414], [37.39929602552229, 34.315057394544326], [37.33013218954261, 34.62572462008393], [37.251856493589486, 34.93422264445951], [37.16474744824963, 35.24034426868344], [37.06906953836733, 35.54389732757525], [36.96507405180101, 35.84470277948929], [36.85299990371028, 36.142593028162125], [36.73307444564037, 36.43741044695084], [36.60551425153751, 36.72900608006004], [36.47052587621159, 37.01723849804012], [36.32830658326538, 37.301972788211096], [36.179045041234026, 37.58307966304697], [36.02292198770724, 37.86043467188114], [35.860110861957914, 38.13391750329693], [35.69077840710096, 38.403411367317744], [35.5150852432814, 38.66880244796481], [35.33318641350456, 38.92997941813213], [35.14523190374362, 39.186833009893654]], {"i0": 0.050916159259626254, "spread": 0.20370659419453724, "falloff": 0.01}]], "disk": {"i0": 0.1760503070478661, "n": 1.0, "c": 2.0, "mu": [30.845370983615602, 30.200529283892216], "roll": 1.190476728159548, "rEff": 17.089108106024344, "axRatio": 0.5537655071223336}, "bulge": {"i0": 3.736951549507977, "n": 0.16489750020853416, "c": 2.0, "mu": [31.1044622263201, 30.249917426611514], "roll": 0.9261207577598347, "rEff": 1.974899759545088, "axRatio": 0.9891272790517444}, "bar": null}