{"spiral": [[[[80.90333916339551, 59.865163160506036], [82.23473582302543, 59.948869056258474], [83.55679824529976, 60.12716261413831], [84.86298321596932, 60.39832828426881], [86.14697724520299, 60.7602957478047], [87.40270591186187, 61.21064758456687], [88.62434692690682, 61.74662700349458], [89.80634650684173, 62.36514675631209], [90.94343845403058, 63.06280020883144], [92.03066517206787, 63.835875369875914], [93.0633997076205, 64.68037247580797], [94.03736781500002, 65.59202550131963], [94.94866899302771, 66.56632772308568], [95.79379545371725, 67.59856121144418], [96.56964805050637, 68.68382988154748], [97.2735483196148, 69.81709551418955], [97.90324596017467, 70.99321597368404], [98.45692129562701, 72.20698471542696], [98.93318249080045, 73.45317060200301], [99.33105754123557, 74.72655703307676], [99.64998128024057, 76.02197944137113], [99.88977784930245, 77.33436030652572], [100.05063923826665, 78.65874097881441], [100.13310061881845, 79.99030977401952], [100.13801325376033, 81.32442597937272], [100.06651578746023, 82.65663959294953], [99.9200046920124, 83.9827067838054], [99.70010458594255, 85.29860120670502], [99.40863905659103, 86.60052142371119], [99.04760251599497, 87.88489477306376], [98.61913351327628, 89.14837808615914], [98.12548981904114, 90.38785568572685], [97.56902549614534, 91.60043510619332], [96.9521700815437, 92.78344096892617], [96.27740992559663, 93.93440742018922], [95.54727167091905, 95.0510695047394], [94.76430780250821, 96.13135380842], [93.93108416282362, 97.17336865941944], [93.05016929900644, 98.17539413431402], [92.12412549246892, 99.1358720745214], [91.15550131259168, 100.05339627581625], [90.14682553345762, 100.92670298472929], [89.10060225577138, 101.75466179704942], [88.01930708150968, 102.53626703323566], [86.90538419794464, 103.2706296385217], [85.76124423769437, 103.95696963790793], [84.58926279236292, 104.59460916064296], [83.39177946860504, 105.1829660360558], [82.17109738660893, 105.72154795257596], [80.9294830317291, 106.2099471640366]], {"i0": 0.1625442714632887, "spread": 330.02814367924935, "falloff": 0.4661679085463688}], [[[70.47094013507851, 84.95098989612922], [69.06866395997314, 84.45269403652303], [67.7430883767524, 83.77616039000127], [66.51388240503472, 82.93707952280592], [65.39766476546825, 81.95259538944669], [64.40797382165836, 80.8409276843036], [63.55527209280568, 79.62095490916248], [62.847015623694325, 78.31177720425458], [62.287802763426306, 76.93228704339982], [61.879601150148176, 75.50077726144711], [61.62203886789563, 74.03461085896322], [61.51273777149551, 72.5499680343727], [61.547664315169605, 71.06167569786741], [61.721475062724785, 69.58311566965197], [62.027838808767584, 68.12620126387905], [62.45972320488631, 66.70140842607712], [63.00963958962686, 65.31784667970716], [63.66984453130485, 63.98335612982518], [64.4325000629977, 62.70461886989083], [65.28979674319761, 61.48727565330636], [66.2340447405732, 60.336041183864936], [67.25773840622826, 59.25481355370346], [68.35359954429224, 58.246775119672186], [69.51460404922611, 57.31448343895134], [70.73399590861779, 56.45995183606084], [72.00529188838797, 55.6847198018025], [73.32227957100713, 54.98991383100808], [74.67901085890965, 54.376299515650366], [76.06979257498432, 53.84432581485816], [77.4891754010126, 53.394162440011065], [78.93194207844284, 53.025731263223264], [80.3930955492591, 52.73873259517446], [81.8678475180359, 52.532667107005054], [83.35160776646522, 52.406854091918945], [84.83997443702991, 52.36044668422277], [86.3287254129346, 52.392444581861845], [87.81381085825635, 52.50170474811656], [89.29134692347087, 52.68695051376273], [90.7576105934945, 52.94677943749778], [92.209035614191, 53.279670242862636], [93.64220942002915, 53.68398909848854], [95.05387096343999, 54.15799547286337], [96.44090933512052, 54.69984775753315], [97.80036305539798, 55.30760881950765], [99.12941991258315, 55.97925161199811], [100.42541721690594, 56.71266494662682], [101.68584234284944, 57.50565950061544], [102.90833343400911, 58.355974108606084], [104.09068014564065, 59.2612823672288], [105.23082431005808, 60.21919955763375]], {"i0": 11.961258199119253, "spread": 0.0, "falloff": 0.01}]], "disk": {"i0": 0.0, "n": 1.0, "c": 2.0, "mu": [76.5341921735282, 76.60161837699127], "roll": 0.7843407754764256, "rEff": 34.21159513419202, "axRatio": 0.9999998089996266}, "bulge": {"i0": 0.2851774678339892, "n": 2.4568022827883107, "c": 2.0, "mu": [77.01253551633803, 76.1957367173028], "roll": 0.6094116945922349, "rEff": 3.660753912835492, "axRatio": 0.15416300931676571}, "bar": null}