{"spiral": [[[[66.00000000000001, 73.28545343118627], [65.16759388790567, 73.43657261599765], [64.32236389102705, 73.47446652731509], [63.479102927542165, 73.40463407949413], [62.65015088006206, 73.23459023969104], [61.84535109551106, 72.97291446631966], [61.072273726884376, 72.62850741847805], [60.33656814462575, 72.2100851382483], [59.64234335906231, 71.72587965254478], [58.99251849098883, 71.18349310616935], [58.38911846220969, 70.58985398473337], [57.83351021084963, 69.95123488013347], [57.32658470518868, 69.27330346188354], [56.86889368999827, 68.56118845483556], [56.460750445297656, 67.81954972863424], [56.10230275038977, 67.05264644954572], [55.7935847194389, 66.26440025419713], [55.534552689071006, 65.4584521857743], [55.3251090666654, 64.63821311627564], [55.16511703509037, 63.80690788161193], [55.054408232832316, 62.96761356823203], [54.99278495082651, 62.123292440835456], [54.98001796748753, 61.27681995997168], [55.01584084788426, 60.43100825406814], [55.09994133383972, 59.58862530769459], [55.23195033003214, 58.752410024396504], [55.41142892951986, 57.92508322708078], [55.6378539112461, 57.10935458272149], [55.91060217107712, 56.307925386417], [56.22893460768643, 55.52348712052616], [56.59198006541755, 54.75871572419148], [56.99872002523832, 54.01626157230568], [57.447974817657425, 53.29873527357693], [57.93839219503928, 52.60868955533328], [58.46843911426598, 51.94859769677888], [59.03639755126453, 51.32082919737228], [59.64036505173574, 50.72762359052581], [60.27826054105077, 50.17106351926571], [60.947835655728184, 49.653048343769655], [61.64669154108576, 49.175269623056316], [62.3723007134798, 48.739189785489756], [63.12203324423091, 48.346025163404846], [63.89318622645422, 47.99673432456042], [64.68301526896886, 47.69201230482794], [65.48876665180008, 47.43229096427702], [66.30770878373471, 47.21774531681094], [67.13716171915871, 47.04830531299034], [67.97452369902166, 46.92367228766581], [68.81729394821588, 46.84333908191691], [69.66309125664223, 46.80661275445308]], {"i0": 0.002843622014049161, "spread": 0.17328930861152558, "falloff": 0.45453511503775007}]], "disk": {"i0": 0.1624638001227713, "n": 1.0, "c": 2.0, "mu": [65.7171751581912, 65.43862377571992], "roll": 1.2499268398154022, "rEff": 43.41955660429702, "axRatio": 0.9410834247388657}, "bulge": {"i0": 8.834225063759485, "n": 0.3735203552820775, "c": 2.0, "mu": [66.59492962849365, 65.38687140822319], "roll": 1.5381149506833118, "rEff": 0.4967843152230063, "axRatio": 0.3013345125886693}, "bar": null}