{"spiral": [], "disk": {"i0": 0.11956705418104324, "n": 1.0, "c": 2.0, "mu": [128.67462498755256, 127.17848039909933], "roll": 0.0762961092592998, "rEff": 57.5565539009274, "axRatio": 0.5470812759889906}, "bulge": null, "bar": {"i0": 0.38595240725366237, "n": 0.6094874574070902, "c": 1.9692655458447013, "mu": [129.6011762668327, 127.97163524280808], "roll": 3.141252555907316, "rEff": 9.034110107883162, "axRatio": 0.49731079483897916}}