{"spiral": [], "disk": {"i0": 0.3127072214802209, "n": 1.0, "c": 2.0, "mu": [44.36804439511765, 43.74227547696605], "roll": 1.8353130348642397, "rEff": 27.61046199081795, "axRatio": 0.6764196223049147}, "bulge": null, "bar": null}