{"disk": null, "bulge": {"I": 0.010807834225783183, "Re": 28.770844477339953, "c": 2.0, "mux": 60.92903052308653, "muy": 59.634582560286525, "n": 4.727425163646219, "q": 0.708673555129888, "roll": 3.1405621697597157}, "bar": null, "spiral": []}