{"disk": {"I": 0.09964271283066925, "Re": 25.20631656937725, "c": 2.0, "mux": 79.0697779603568, "muy": 80.95041655348636, "n": 1.0, "q": 0.9130497145902721, "roll": 1.8988818296966792}, "bulge": {"I": 0.0, "Re": 0.0, "c": 2.0, "mux": 79.88288381983756, "muy": 79.75452403213124, "n": 1.0, "q": 0.6622246441393795, "roll": 0.9385851531274644}, "bar": {"I": 2.592672911125617, "Re": 4.918321015062299, "c": 2.6513391668462085, "mux": 79.99323815901833, "muy": 79.7507806061592, "n": 2.946026576437364, "q": 0.01, "roll": 0.992507039201595}, "spiral": []}