{"disk": {"I": 0.08383245382206579, "Re": 30.42601231259751, "c": 2.0, "mux": 116.26171667705795, "muy": 117.61632172437139, "n": 1.0, "q": 0.7973363126787626, "roll": 1.7750632138773128}, "bulge": {"I": 0.38139208029860727, "Re": 2.766650579396737, "c": 2.0, "mux": 116.29934165308686, "muy": 116.12261276591354, "n": 0.6470716743813124, "q": 0.7719103608328819, "roll": 2.549871759771822}, "bar": null, "spiral": [[[[107.954062459259, 144.24724754458313], [107.07593755270463, 143.5878960045735], [106.21623244191454, 142.90470392467523], [105.37606340386772, 142.19762794338618], [104.55661194808768, 141.4666453432385], [103.75912975109654, 140.71175873951586], [102.98494380391357, 139.93300159040072], [102.23546172388757, 139.1304446582836], [101.51217715693919, 138.30420356752126], [100.81667517036166, 137.45444762342964], [100.1506374859958, 136.5814100668959], [99.5158473633942, 135.68539995742896], [98.91419387098324, 134.76681587992388], [98.34767520785503, 133.8261616696133], [97.8184006434482, 132.86406433216573], [97.32859053258166, 131.88129429942092], [96.88057373585659, 130.8787880920218], [96.4767816403893, 129.85767335467224], [96.11973783663973, 128.81929606858574], [95.81204238392246, 127.76524952558941], [95.55634950858273, 126.6974043512233], [95.3553375615863, 125.61793848560632], [95.21167015943591, 124.52936559320094], [95.12794769144668, 123.43455986970267], [95.10664885368853, 122.33677472867977], [95.1500626028412, 121.23965243832589], [95.26021192002437, 120.14722156771026], [95.43877199854171, 119.06387920989611], [95.68698679361435, 117.9943555246168], [96.0055891063947, 116.94365925600567], [96.39473023693846, 115.91700454008051], [96.85392546634458, 114.9197213700744], [97.38202096638189, 113.95715426236995], [97.97718614070658, 113.03455555414395], [98.63693299354411, 112.15698095584096], [99.35816128835323, 111.3291951653649], [100.13722547485214, 110.55559442306686], [100.97001715851718, 109.84015101093865], [101.8520556098229, 109.18638224714063], [102.77857859894593, 108.59734398044169], [103.74462657154734, 108.0756463890569], [104.74511455384217, 107.6234883352497], [105.77488781444451, 107.24270572673068], [106.82875887023312, 106.93482922843702], [107.90152464691717, 106.70114707283625], [108.98796334713897, 106.54276941740835], [110.08281078393118, 106.46069147679373], [111.18071560339492, 106.45585333368092], [112.27617195673598, 106.52919475545158], [113.36342677222191, 106.68170336460723]], {"I": 0.016606263873722948, "falloff": 0.24088623431458175, "spread": 0.5225433736549198}], [[[73.74610147958927, 121.3407125163218], [73.92770759016943, 119.40128532795991], [74.2242581606011, 117.47609243271738], [74.63705514512763, 115.57244751964444], [75.16661828899791, 113.69793722672422], [75.81261725336158, 111.86030877215877], [76.57382834011047, 110.067343350773], [77.4481202629877, 108.32672186124962], [78.43247122237909, 106.64589078403054], [79.52301678836874, 105.03193640157491], [80.71512544079279, 103.49147496930168], [82.00349622081447, 102.03056493056636], [83.38227135438923, 100.65464511577643], [84.84515600962769, 99.36850042287566], [86.38553757651013, 98.17625412830733], [87.99659784727868, 97.081384046416], [89.67141295825142, 96.08675843020532], [91.40303763422385, 95.19468683859293], [93.18457189689069, 94.40698111857925], [95.00920977556898, 93.72502202670475], [96.87027059170441, 93.14982767900466], [98.76121406160908, 92.68212080023237], [100.67564079674567, 92.32239254155706], [102.60727984078014, 92.07096134188276], [104.54996473830532, 91.92802587773869], [106.49759933571116, 91.89371156704021], [108.44411413066884, 91.96811034441295], [110.38341354423989, 92.15131352242679], [112.30931401277137, 92.44343749387072], [114.21547230098231, 92.84464180883053], [116.0953029292071, 93.35513875957336], [117.94188309621325, 93.97519298649752], [119.74784299312874, 94.70510871333171], [121.50523897808723, 95.54520093082522], [123.20540684052057, 96.49574502773169], [124.83879251972616, 97.55689682626476], [126.39475853392503, 98.72857147627779], [127.86136673351682, 100.01026496743384], [129.22514294347897, 101.40079601286446], [130.47083854196865, 102.89793906937734], [131.58122083930584, 104.49791270884758], [132.53695186600638, 106.1946852124893], [133.31665689683652, 107.9790692747045], [133.8973379842533, 109.83761474538619], [134.25533826582154, 111.75139298387377], [134.3680665826735, 113.6949143687179], [134.2165722551847, 115.63561103896552], [133.7887422917005, 117.53444521068208], [133.0824163963726, 119.34807369246167], [132.10735165975393, 121.03246603238526]], {"I": 0.008264630060283221, "falloff": 0.18565984226346705, "spread": 2.1846741275042745}]]}