{"spiral": [], "disk": {"i0": 0.1827546483484513, "n": 1.0, "c": 2.0, "mu": [75.48286670361122, 75.53326007365301], "roll": 2.972098025023349, "rEff": 42.00282418492166, "axRatio": 0.7435312406920186}, "bulge": {"i0": 0.7961694893541922, "n": 1.9837953394662537, "c": 2.0, "mu": [75.01734921468326, 75.96276067437024], "roll": 2.090435067063207, "rEff": 3.7056807369258458, "axRatio": 0.9669847063896494}, "bar": null}