{"disk": {"I": 0.054436322840846395, "Re": 38.63264800467337, "c": 2.0, "mux": 127.35657613914869, "muy": 129.60242315549635, "n": 1.0, "q": 0.7221001567545733, "roll": 2.8113761394336616}, "bulge": null, "bar": {"I": 0.5042194674698682, "Re": 8.0695823693303, "c": 1.3684017443530851, "mux": 128.42254689725587, "muy": 128.21116627307012, "n": 0.6441057693803566, "q": 0.20580125551736875, "roll": 2.9328121430852314}, "spiral": [[[[122.42031433389775, 107.59395405401239], [124.51259309287923, 106.58440804488114], [126.7511923777273, 105.96389345295545], [129.06449490480648, 105.7500049721052], [131.38095917419287, 105.93107201127279], [133.64092051250532, 106.47275308752381], [135.80177534720406, 107.3292089096884], [137.83696949710964, 108.45279597453387], [139.7320815046308, 109.7997583844104], [141.48068153420525, 111.33244658903062], [143.08109670423593, 113.0194956595324], [144.5342192954622, 114.83510517810157], [145.84213291648794, 116.75806273331821], [147.00729075002607, 118.77079928791088], [148.0320394638193, 120.85857594268148], [148.91835052456275, 123.0088166019453], [149.6676724939459, 125.21056889474916], [150.2808522626442, 127.45406697973968], [150.75809469256242, 129.73037036919385], [151.09894337771104, 132.031056218198], [151.30227349979, 134.34794614735407], [151.36629326861018, 136.67285170481932], [151.2885546149552, 138.9973249247605], [151.0659776515963, 141.3124022980499], [150.69489768380234, 143.6083322907408], [150.17114884730398, 145.8742790471843], [149.49020523320863, 148.0979992455948], [148.64740869929093, 150.26549700834667], [147.6383216186744, 152.36067584779502], [146.45924973839738, 154.3650300148371], [145.10797873066556, 156.25745264420948], [143.5847463460565, 158.01428331377386], [141.8934146564755, 159.60976059651898], [140.04270176414593, 161.017055360861], [138.04719197006017, 162.20998850446128], [135.9277300765646, 163.1653406021929], [133.71083031091172, 163.86536601901454], [131.42697980992773, 164.2998741648962], [129.10813049923095, 164.46724198674653], [126.78501692144766, 164.37405774518732], [124.48497717891193, 164.03359401085646], [122.23067874337315, 163.46366309734722], [120.03977147100191, 162.6844528877256], [117.9252275835632, 161.71674698117968], [115.8960539797819, 160.58068064887556], [113.95811823461987, 159.2950010469551], [112.1149285265638, 157.87671628594669], [110.368293950779, 156.34100584107642], [108.7188474101906, 154.70128689089563], [107.1664419354192, 152.96936178014013]], {"I": 0.003407024067129694, "falloff": 0.04146662582256364, "spread": 7.21295771372318}]]}