{"spiral": [], "disk": {"i0": 0.2068630783689632, "n": 1.0, "c": 2.0, "mu": [89.94946638522339, 88.64880004623096], "roll": 1.616743064239142, "rEff": 55.21119594668043, "axRatio": 0.8099472519099726}, "bulge": {"i0": 0.35713468506731044, "n": 1.8899305296945967, "c": 2.0, "mu": [90.04122708120511, 89.15182557537663], "roll": 1.688247197139737, "rEff": 5.122770639429555, "axRatio": 0.7141925387272894}, "bar": null}