{"disk": {"I": 0.2223953410809607, "Re": 9.55280778956816, "c": 2.0, "mux": 43.17774206961373, "muy": 43.61114806876007, "n": 1.0, "q": 0.9595599107908002, "roll": 3.0237883423049343}, "bulge": null, "bar": null, "spiral": []}