{"disk": {"I": 0.0657950350406328, "Re": 15.64284007915203, "c": 2.0, "mux": 54.61189555545989, "muy": 54.1874864360375, "n": 1.0, "q": 0.6600044387490501, "roll": 0.7238806203871233}, "bulge": {"I": 0.0348520106276064, "Re": 7.5566331587931215, "c": 2.0, "mux": 55.08854711247416, "muy": 54.185348289026614, "n": 7.339589634226713, "q": 0.5404408421688659, "roll": 2.0007154310991684}, "bar": null, "spiral": []}