{"disk": {"mux": 72.04513796221983, "muy": 71.31983955091903, "roll": 1.0459410891008558, "Re": 15.659566667983702, "q": 1.113101479897077, "I": 0.12008008319885283, "n": 1.0, "c": 2.0}, "bulge": {"mux": 72.40477596310866, "muy": 71.3436623191321, "roll": 0.6329743893185749, "Re": 8.062043777955688, "q": 0.3838839272675153, "I": 0.09486167130393032, "n": 1.2103033723483674, "c": 2.0}, "bar": {"mux": 72.7586246315463, "muy": 70.2966368733546, "roll": 1.5709098499122092, "Re": 2.268728409906879, "q": 0.5186743415507428, "I": 0.047049541297831426, "n": 0.1487373158657928, "c": 1.1310663151821503}, "spiral": []}