{"disk": {"I": 0.10292512456547866, "Re": 19.268080327075584, "c": 2.0, "mux": 75.1791334711287, "muy": 75.5208386920899, "n": 1.0, "q": 0.8462799527435686, "roll": 1.339520023545433}, "bulge": {"I": 7.355226297366451, "Re": 1.9849030020274037, "c": 2.0, "mux": 75.05629818612321, "muy": 75.18180884699845, "n": 0.2, "q": 0.06429595550732886, "roll": 1.577250523891942}, "bar": null, "spiral": []}