{"disk": {"mux": 99.34208642654647, "muy": 96.33900818995879, "roll": 2.1835032559269956, "Re": 17.80402671095328, "q": 0.6398885850225615, "I": 0.07080896468461555, "n": 1.0, "c": 2.0}, "bulge": {"mux": 99.35939705614727, "muy": 96.22759172307619, "roll": 0.6100516576652133, "Re": 3.1803442860509383, "q": 0.5681549512769964, "I": 0.19353376114193946, "n": 0.539312595891059, "c": 2.0}, "bar": null, "spiral": []}