{"spiral": [[[[98.91270827196242, 70.72007898113684], [99.20189289979497, 70.8768465289404], [99.48672734407816, 71.04138463525128], [99.76687332010127, 71.21378331815187], [100.04197841192102, 71.3941160040823], [100.3116772667506, 71.582437074997], [100.57559317391762, 71.77877937208002], [100.83334005554491, 71.98315171586238], [101.0845248849227, 72.19553651416679], [101.32875053389849, 72.41588753968654], [101.56561903252795, 72.64412796668832], [101.79473520328644, 72.88014876067297], [102.01571060933088, 73.1238075135275], [102.22816773310663, 73.37492781014643], [102.43174427999944, 73.63329919870633], [102.62609748354829, 73.89867781715236], [102.8109082763763, 74.17078770246229], [102.98588518606896, 74.44932277922885], [103.15076781898397, 74.73394949184954], [103.30532980785264, 75.02431001273557], [103.4493811205632, 75.32002593019908], [103.58276965611381, 75.62070229668804], [103.70538208665857, 75.92593190283951], [103.81714394053276, 76.23529963613923], [103.91801895448333, 76.54838678587222], [104.00800775484605, 76.86477516680668], [104.08714595125352, 77.18405095193941], [104.15550174462899, 77.5058081270969], [104.21317316073484, 77.82965150525348], [104.26028502287511, 78.15519926364526], [104.29698577347821, 78.48208499058545], [104.32344424484836, 78.80995924961408], [104.3398464664588, 79.13849068544465], [104.34639258126643, 79.46736670890654], [104.3432939277588, 79.79629380656338], [104.33077032908406, 80.12499752530096], [104.30904761653176, 80.4532221836078], [104.27835540227503, 80.7807303602104], [104.23892510589336, 81.1073022076091], [104.19098823094484, 81.43273463370707], [104.13477488157955, 81.75684038981998], [104.0705125046858, 82.07944709792588], [103.99842484016735, 82.40039624468194], [103.91873106026884, 82.71954216487164], [103.83164507828292, 83.03675103219372], [103.7373750071328, 83.3518998712807], [103.63612274900399, 83.66487560135539], [103.52808369840376, 83.9755741187684], [103.41344654228074, 84.28389942332844], [103.29239314239469, 84.58976279116567]], {"i0": 0.16278633665639278, "spread": 0.03765538416661013, "falloff": 1.8073757364879635}]], "disk": {"i0": 0.16003131572187557, "n": 1.0, "c": 2.0, "mu": [89.04687317067736, 90.15420020134977], "roll": 0.758712072043688, "rEff": 48.70381676577581, "axRatio": 0.571661983283617}, "bulge": {"i0": 0.5330193345437112, "n": 1.0476788373887305, "c": 2.0, "mu": [89.6648323379647, 89.44049209578537], "roll": 0.43939854549816837, "rEff": 2.823757396327873, "axRatio": 0.12762535891211388}, "bar": null}