{"spiral": [[[[85.98288781333538, 69.52994632666308], [87.32092691224415, 70.29785599217195], [88.5446346570179, 71.23748002786651], [89.63864286660342, 72.32550503596437], [90.59202378820547, 73.53875833640316], [91.39746977750991, 74.85496707805682], [92.05049390509045, 76.25314493625007], [92.54874040336139, 77.71371008137979], [92.89143803357156, 79.21843094947583], [93.0789964925239, 80.75027503654374], [93.11273059173962, 82.29321350727398], [92.99469228090163, 83.83201639889494], [92.727591270848, 85.35206079016689], [92.3147875899234, 86.83916675253641], [91.76034193868396, 88.27947191534366], [91.06911118208723, 89.65935375023493], [90.24687628307765, 90.96540802993701], [89.30048833664546, 92.1844912464563], [88.2380153654337, 93.30383303668084], [87.06886885843707, 94.31122090288108], [85.80388586476845, 95.19525307017918], [84.4553414587821, 95.94564617216375], [83.03686939402402, 96.55357361916587], [81.5632770754791, 97.01200022814785], [80.05025457517583, 97.3159721615319], [78.51399426248545, 97.46282159204131], [76.97075380547587, 97.45225433423393], [75.43640628279923, 97.28630509070746], [73.9260234790118, 96.96916501581723], [72.45353146196942, 96.50690491971888], [71.03146358262863, 95.90712994067655], [69.670819374804, 95.17860566483017], [68.38102281253059, 94.3308920474842], [67.1699628650505, 93.37401269487003], [66.04409428395009, 92.31817629894691], [65.00857619531993, 91.17355701652814], [64.06742893103896, 89.95013284998225], [63.2236938807869, 88.65757612075757], [62.479585737901374, 87.30518762597421], [61.836630586470484, 85.90186542561713], [61.29578643035729, 84.45609970994953], [60.85754506020535, 82.97598633891057], [60.52201559499914, 81.46925296210057], [60.28899089301322, 79.94329293015647], [60.15799843042728, 78.40520333806676], [60.12833736544573, 76.86182446014838], [60.19910345523998, 75.31977854166291], [60.36920335945514, 73.78550642846776], [60.63735970024951, 72.26530086854694], [61.002108090674824, 70.76533554422883]], {"i0": 0.005575292985841438, "spread": 36.36977596953088, "falloff": 0.029787731064130706}], [[[80.60042208529055, 88.82620465377137], [79.5054212001685, 89.10346780427932], [78.38234525534604, 89.22462491526879], [77.25321524275566, 89.1907418683534], [76.13858144632792, 89.00689626826426], [75.05671322527772, 88.68146342130737], [74.02311513489879, 88.22521563959712], [73.05037839617628, 87.65040383572074], [72.1483038451756, 86.96995061389782], [71.32420044432818, 86.19682280159722], [70.58326675111546, 85.34359652274978], [69.9289851522279, 84.42219274897457], [69.36348529567708, 83.44374596498655], [68.88785542833814, 82.4185670826997], [68.50239557619113, 81.35616734120455], [68.20681527783717, 80.26531779851567], [68.000382703282, 79.15412651732387], [67.88203322862601, 78.03012159381504], [67.8504452422931, 76.90033260925351], [67.90408998482326, 75.77136610237271], [68.04126107653262, 74.64947261400701], [68.26008830559645, 73.54060403456103], [68.55853935362576, 72.45046066815698], [68.9344124479808, 71.38452778549566], [69.3853224454602, 70.3481016165689], [69.90868254483186, 69.34630483041441], [70.50168365921107, 68.38409162826521], [71.1612734163885, 67.46624269056049], [71.88413675101854, 66.59735039820143], [72.66668006472463, 65.78179501559846], [73.50502090377393, 65.02371287606101], [74.39498499496439, 64.32695803649406], [75.33211224462066, 63.69505933241972], [76.31167291336445, 63.13117521259484], [77.32869462107467, 62.638049092364945], [78.37800014160601, 62.2179681763359], [79.45425515608295, 61.87272868326032], [80.55202433901039, 61.60361013557583], [81.6658334426556, 61.41136083374607], [82.7902345225753, 61.296195885460854], [83.91987118040505, 61.25780824833443], [85.04954073183731, 61.2953923104893], [86.17425052623813, 61.407678669618385], [87.28926619872745, 61.592978084499734], [88.39015033763818, 61.849232129607756], [89.4727908237853, 62.17406788918369], [90.53341880208869, 62.56485411553228], [91.56861688645535, 63.01875652097693], [92.5753186417726, 63.53279029704371], [93.55080069286741, 64.10386841798245]], {"i0": 0.01655034424699159, "spread": 17.352943289732252, "falloff": 0.02674243319604729}]], "disk": {"i0": 0.12232926956468633, "n": 1.0, "c": 2.0, "mu": [80.47211911456806, 81.39999334678416], "roll": 1.9738087864206435, "rEff": 65.3966962673253, "axRatio": 0.8506478527150666}, "bulge": {"i0": 0.0, "n": 1.616829416658986, "c": 2.0, "mu": [80.2057271592362, 80.15814313061216], "roll": 0.9651091180529798, "rEff": 2.479287678318889, "axRatio": 0.3192601041816278}, "bar": {"i0": 0.3478303131596621, "n": 8.32775163094122, "c": 0.8405782906392033, "mu": [80.15708469941029, 80.00225893623036], "roll": 1.0509077470613448, "rEff": 1.361672710230106, "axRatio": 0.03270925199488984}}