{"spiral": [[[[77.79424501470045, 90.12057549853], [77.51187293159286, 89.04201253068778], [77.4359192435908, 87.92956299479623], [77.55650659277461, 86.82081624021691], [77.85160530057591, 85.74499437828366], [78.29456264177684, 84.7208803799699], [78.85962107166588, 83.758510052351], [79.52448490815607, 82.86200614057971], [80.27087635682157, 82.03201167748284], [81.08416180352262, 81.26734067229602], [81.95269892144204, 80.5659726826119], [82.86719233918744, 79.9256113325933], [83.82015210679363, 79.34398156754287], [84.8054672545029, 78.8189786319887], [85.81807892060868, 78.34873572295582], [86.85373181343066, 77.93164837124115], [87.90878475446587, 77.56637671141125], [88.9800648881975, 77.2518372312476], [90.06475384491604, 76.98719024895809], [91.16029712632482, 76.77182639311741], [92.26433023609461, 76.6053537079551], [93.37461671353417, 76.48758607757512], [94.48899439874191, 76.41853312803252], [95.60532708543735, 76.39839143747113], [96.72145930186453, 76.42753665002797], [97.83517237413558, 76.50651588924657], [98.94414023434935, 76.63603963939033], [100.04588368405601, 76.81697199855988], [101.13772207852622, 77.05031784866416], [102.2167217009145, 77.33720503964577], [103.27964056170686, 77.67885910426992], [104.32287004959284, 78.07656733808818], [105.3423749733074, 78.53162831487039], [106.33363516991604, 79.0452821994973], [107.29159425724015, 79.61861680185261], [108.21062428895874, 80.25244461756826], [109.0845189960033, 80.94714780549307], [109.90653229468096, 81.70249200826005], [110.66948153100013, 82.51741699370413], [111.36593417535296, 83.3898225367347], [111.98848941869444, 84.31638051240031], [112.53014996091684, 85.29241511032498], [112.98475475453647, 86.31189620750571], [113.3474164490266, 87.36757976027982], [113.61488899420287, 88.4513013738363], [113.78579314658364, 89.55439136796211], [113.86065484185389, 90.66814617119816], [113.84175515952195, 91.78427688948646], [113.7328331033846, 92.89526737611874], [113.53870747369702, 93.99460417606221]], {"i0": 0.03088465130306815, "spread": 0.4599736930338695, "falloff": 0.9703564490013821}], [[[98.40713489523911, 84.07479848416801], [99.76432754862462, 85.0832678343018], [100.87905020508812, 86.35346912548812], [101.66163258104233, 87.85045620847606], [102.04438956986225, 89.49556265801935], [102.01504188740407, 91.18498171701572], [101.61728256636957, 92.82817878949284], [100.92054925370886, 94.36955177674864], [99.99239179496753, 95.78443901161862], [98.88739857811358, 97.06653133170846], [97.64663203156694, 98.21812373515793], [96.30041002897066, 99.24473841182207], [94.87126400369065, 100.15258358115153], [93.37625087639552, 100.94746892565553], [91.82860168571911, 101.63439930782668], [90.23886791018131, 102.2174662772537], [88.61572110134475, 102.69986161150263], [86.96652108069587, 103.08393412324345], [85.29773165004751, 103.37125565624841], [83.61523680634282, 103.56268261862927], [81.92459332678919, 103.65840884013933], [80.23124457571895, 103.65801005375081], [78.5407133923057, 103.56048278574085], [76.85878740521281, 103.36428231661992], [75.19170702190969, 103.06736636928756], [73.54636371576348, 102.66725387323149], [71.9305132298862, 102.16111178200033], [70.3530036826645, 101.54588775224909], [68.82401083537276, 100.81851217146779], [67.3552599164231, 99.97619839165841], [65.9601934228697, 99.01687197939754], [64.65401688317861, 97.9397523367754], [63.45352397490154, 96.74608380597304], [62.37658313298964, 95.43995840565015], [61.44118746959752, 94.02908770315004], [60.664061435621335, 92.52529128423932], [60.05898979403776, 90.94443441549431], [59.635229191225456, 89.30564047900127], [59.39645284474501, 87.62983821069085], [59.340556099961596, 85.93797400531638], [59.46034835892226, 84.24935282291506], [59.744853587078545, 82.58047963307632], [60.18080971827781, 80.94453643714324], [60.75402185472976, 79.35140705176389], [61.450386782699866, 77.80805235584516], [62.25655696964483, 76.31903989462475], [63.1603003396469, 74.88708850262393], [64.15064124074287, 73.51355241240286], [65.21786242569597, 72.19881649049553], [66.35342882424814, 70.94260183783663]], {"i0": 0.021774404337336916, "spread": 0.4933451242643411, "falloff": 0.9482426166791829}]], "disk": {"i0": 0.1580252589189576, "n": 1.0, "c": 2.0, "mu": [88.9329783273016, 87.07981582713913], "roll": 0.16411074172555665, "rEff": 34.66995188795769, "axRatio": 0.48709838023928564}, "bulge": {"i0": 0.4367505248594415, "n": 2.1066008843418187, "c": 2.0, "mu": [88.9820833013146, 88.65343104292123], "roll": 0.06974063212946399, "rEff": 3.544633087148596, "axRatio": 0.6544812821704967}, "bar": {"i0": 0.07403602545979643, "n": 0.9043378617912534, "c": 2.2756882747770013, "mu": [89.45649502492456, 88.36020765775743], "roll": 3.071057587574964, "rEff": 3.9467104411795257, "axRatio": 0.2666337648675643}}