{"spiral": [[[[78.77923972811114, 60.79045972085304], [79.46217345197827, 61.03268765959168], [80.13177987575949, 61.30963893239547], [80.78642288523115, 61.62031414144743], [81.42453838661392, 61.96366067088281], [82.04463557695956, 62.33857306653815], [82.64529886299704, 62.74389391526636], [83.22519027217417, 63.178415307206826], [83.78305219671091, 63.640880940541635], [84.31771031061085, 64.1299889037238], [84.82807650192582, 64.64439514491447], [85.31315166804289, 65.18271761332396], [85.77202823135772, 65.74354103268338], [86.20389224589105, 66.32542224432278], [86.60802498270128, 66.92689603692489], [86.9838039020842, 67.54648136307944], [87.33070294398063, 68.18268782977873], [87.6482920917696, 68.8340223417814], [87.93623619077418, 69.49899577326565], [88.19429302652729, 70.17612954473806], [88.42231069148268, 70.86396198822749], [88.62022428916474, 71.56105439399751], [88.78805204182825, 72.26599664542091], [88.92589088188355, 72.9774123649228], [89.03391161557505, 73.69396351091504], [89.11235375416585, 74.41435438432413], [89.16152010830635, 75.13733502065334], [89.18177123989314, 75.86170396056777], [89.17351986067187, 76.58631040710803], [89.13722525950966, 77.31005579062914], [89.07338783173239, 78.03189477394609], [88.98254377304227, 78.75083573752987], [88.86525999103608, 79.46594079214078], [88.7221292757404, 80.1763253687887], [88.5537657609521, 80.88115743867726], [88.36080069835948, 81.57965641563672], [88.1438785577898, 82.27109179242719], [87.90365345922852, 82.95478155964459], [87.64078593582161, 83.63009045308908], [87.35594002156314, 84.29642807175546], [87.04978065297982, 84.9532469038856], [86.72297137081556, 85.600040294931], [86.37617230517542, 86.23634038677893], [86.01003842591953, 86.86171605328889], [85.62521803908061, 87.4757708534935], [85.22235150963184, 88.07814102008705], [84.80207019097278, 88.66849349746451], [84.36499554175715, 89.24652404094108], [83.91173841162309, 89.81195538536], [83.44289847791094, 90.36453549001112]], {"i0": 0.13209054737720563, "spread": 510.94243966929497, "falloff": 0.4475186254103438}], [[[64.4954712174587, 80.89404637529559], [63.66328985886589, 80.69151475601764], [62.84576808270822, 80.43615944176086], [62.04613582294357, 80.12933821857074], [61.26750976039997, 79.77255408950394], [60.512888268721426, 79.36745898049233], [59.78514334939697, 78.91585627706762], [59.087010004406395, 78.41970159280007], [58.42107358676981, 77.88110125072569], [57.78975575646323, 77.30230806020707], [57.19529974141565, 76.68571409687863], [56.63975565299219, 76.0338403390418], [56.124966621280244, 75.34932317663534], [55.65255649377625, 74.63489797763025], [55.223919775418324, 73.89338006193653], [54.84021438197189, 73.12764358020132], [54.5023576376465, 72.34059891301979], [54.211025778743135, 71.53516928508277], [53.96665704752363, 70.71426732173158], [53.76945827936981, 69.88077226162511], [53.6194147252976, 69.03750848115911], [53.516302714966, 68.18722589174038], [53.459704665214204, 67.33258265037801], [53.449025876743185, 66.47613048833354], [53.48351254117234, 65.62030282607527], [53.56227039117334, 64.76740571135647], [53.684283470952764, 63.91961150505469], [53.848432566068055, 63.07895514543282], [54.05351290898672, 62.24733275270886], [54.29825085943698, 61.42650229080557], [54.581319339989086, 60.61808597859966], [54.90135188410874, 59.82357413818653], [55.25695522155529, 59.04433017722238], [55.6467203831467, 58.28159642326007], [56.069232352693824, 57.53650055495846], [56.52307832901497, 56.81006240755815], [57.00685468586172, 56.10320096252242], [57.51917273362635, 55.41674136513788], [58.058663395909235, 54.75142184248926], [58.62398091671126, 54.107900424657096], [59.21380571322359, 53.486761394010045], [59.82684648395607, 52.888521410995665], [60.461841675724656, 52.31363528070711], [61.11756040460395, 51.76250134000935], [61.792802917179614, 51.23546645643144], [62.4864006695544, 50.732830638979145], [63.19721609230272, 50.25485126854578], [63.92414210165103, 49.80174695993747], [64.66610140919482, 49.373701071448984], [65.42204567466399, 48.970864880938414]], {"i0": 0.14521107848163814, "spread": 0.05735997409637844, "falloff": 0.3173225660462288}]], "disk": {"i0": 0.0, "n": 1.0, "c": 2.0, "mu": [70.05035773162595, 70.5028727597896], "roll": 1.7423464475824781, "rEff": 26.099942614873672, "axRatio": 0.9999645277381918}, "bulge": {"i0": 0.6637223129178279, "n": 9.999938242700031, "c": 2.0, "mu": [70.4645313150161, 70.3029453830068], "roll": 0.32795082532223035, "rEff": 2.851781394492656, "axRatio": 0.6383330560348709}, "bar": null}