{"spiral": [[[[29.797662946345245, 55.80470195320236], [29.370260475248475, 55.52184524212624], [28.955374845684897, 55.22093412586297], [28.55431519573657, 54.90183315346108], [28.168448074662706, 54.564523981907755], [27.79918042531033, 54.20912423726605], [27.44793752753794, 53.8359047615744], [27.11613612564463, 53.445303730368686], [26.80515350452532, 53.03793602593576], [26.516293878068186, 52.61459635883001], [26.25075401714347, 52.176254971299706], [26.009590452536077, 51.72404534886496], [25.793690730900135, 51.25924413593968], [25.603751005546098, 50.78324428877038], [25.440261704658973, 50.297523251160776], [25.30350221502899, 49.80360845908642], [25.193544597983568, 49.30304267202996], [25.11026547323159, 48.797351473859116], [25.053364523791622, 48.288014837605985], [25.02238767412193, 47.77644402239747], [25.016752892244682, 47.263964395917924], [25.035776722036932, 46.75180416598593], [25.078699981763698, 46.24108853452755], [25.144711478594182, 45.73283848550064], [25.23296900846292, 45.2279732773266], [25.34261728197745, 44.727315698997764], [25.472802711514063, 44.23159922703324], [25.622685204696296, 43.74147634922737], [25.79144724177922, 43.25752746942555], [25.978300583149025, 42.78026995366856], [26.182490974468134, 42.310167009034615], [26.403301206261165, 41.84763619634303], [26.64005285449232, 41.393057465465276], [26.892106988389077, 40.94678066892036], [27.158864088592345, 40.509132558545055], [27.43976337569091, 40.08042330577223], [27.734281709972578, 39.66095261091565], [28.04193218805292, 39.251015484776424], [28.36226253142361, 38.85090779936813], [28.694853335253505, 38.46093171591298], [29.039316222855028, 38.081401109633916], [29.395291930304207, 37.71264712410273], [29.762448326266654, 37.35502400488412], [30.14047835229147, 37.00891538492899], [30.529097847133578, 36.67474122515413], [30.928043192545196, 36.352965655994396], [31.33706868416044, 36.044106023619605], [31.75594348478154, 35.74874352368226], [32.18444795134156, 35.46753591460759], [32.62236902950861, 35.201232952160616]], {"i0": 0.06240813242449092, "spread": 0.8856540958869755, "falloff": 0.20844686885436692}], [[[27.178166476655726, 33.227293933294334], [27.721430135717718, 32.768777980173624], [28.277400709982665, 32.32575552622246], [28.84567278127167, 31.89862707608448], [29.42586382417827, 31.487835545164202], [30.017610075579324, 31.093872430599742], [30.620562168076685, 30.717284710010148], [31.234380375110952, 30.35868265814428], [31.858729274935758, 30.018748797450613], [32.49327158621335, 29.698248242853126], [33.13766085192549, 29.398040739195313], [33.791532543557786, 29.119094753374107], [34.45449301338635, 28.862504037699434], [35.126105520291446, 28.629507155775137], [35.805872273564695, 28.421510522775264], [36.493211044828605, 28.240115558745913], [37.18742435080218, 28.08715053781873], [37.8876584443931, 27.964707588364202], [38.59284831244666, 27.875184908776497], [39.30164348842216, 27.821333406231872], [40.01230774264304, 27.80630520963286], [40.7225837686431, 27.833698149880245], [41.429512419035525, 27.9075842110149], [42.12919651676384, 28.032499452254232], [42.81650542957561, 28.213356230940555], [43.48473579359083, 28.455215484063462], [44.12528735516441, 28.76283378522823], [44.727491054537396, 29.13989970224044], [45.2788262636946, 29.587945183143084], [45.76580768880242, 30.105114981021707], [46.17565561457334, 30.68526759964825], [46.49840171793913, 31.318022693172782], [46.72859662612006, 31.990036337791434], [46.865824497277835, 32.68706491374553], [46.9139127749689, 33.395918373124985], [46.87942161028192, 34.105636151485584], [46.77013167077781, 34.807800727675236], [46.59393633641572, 35.496283609022974], [46.35820010767449, 36.16676128659678], [46.0694730187913, 36.81621767101924], [45.73342318086699, 37.442525659411324], [45.35488210736204, 38.04412653514965], [44.93793776378685, 38.619794370101914], [44.48604040624216, 39.16846418200578], [44.00210482926569, 39.68910367435476], [43.48860295386764, 40.18061204770481], [42.94764610264028, 40.641732820865045], [42.38105919970065, 41.070969923699884], [41.7904510225496, 41.466497308141946], [41.177286576930804, 41.826051898921904]], {"i0": 13.094559946931524, "spread": 0.12103420923913553, "falloff": 4.547620225393168}]], "disk": {"i0": 0.06697515507604163, "n": 1.0, "c": 2.0, "mu": [36.204519836229906, 38.56153632877216], "roll": 0.7846969142229705, "rEff": 34.74723068519992, "axRatio": 0.7462812786081547}, "bulge": {"i0": 0.4141395576644071, "n": 0.8254291791939591, "c": 2.0, "mu": [38.12211997666112, 37.46484058574399], "roll": 0.7026512534548406, "rEff": 12.835224320461768, "axRatio": 0.4733324985882875}, "bar": null}