{"disk": {"mux": 77.78182602219402, "muy": 76.94584942268514, "roll": 1.8953338824660206, "Re": 24.180454789132114, "q": 0.7301091358273238, "I": 0.13935048508359862, "n": 1.0, "c": 2.0}, "bulge": {"mux": 78.03424156654069, "muy": 78.18213458491402, "roll": 2.926725845720119, "Re": 0.9495618758654344, "q": 1.2287079534144194, "I": 0.46977004805092437, "n": 0.7799942250036755, "c": 2.0}, "bar": {"mux": 78.11228558014793, "muy": 77.85773435637314, "roll": 0.686316907650125, "Re": 12.218903889707372, "q": 0.010229563863177435, "I": 1.4233443701970852, "n": 0.5370062076903398, "c": 4.9123089387897805}, "spiral": []}