{"disk": {"I": 0.11197091397861605, "Re": 19.12987031275635, "c": 2.0, "mux": 62.49431819539731, "muy": 61.419765714463566, "n": 1.0, "q": 0.5931257988270737, "roll": 1.17954795412772}, "bulge": {"I": 0.3195753983120061, "Re": 4.772210848182502, "c": 2.0, "mux": 62.27972284205483, "muy": 62.205278330380004, "n": 0.8744256482870881, "q": 0.36093974256041655, "roll": 1.5791906537397145}, "bar": null, "spiral": []}