{"disk": {"I": 0.06786298906047339, "Re": 16.087172185790436, "c": 2.0, "mux": 33.59786097078169, "muy": 35.11360780774817, "n": 1.0, "q": 0.5418965158441658, "roll": 0.09590762624986149}, "bulge": {"I": 0.6380325566827786, "Re": 5.13269749767425, "c": 2.0, "mux": 33.77592979953, "muy": 32.949094119973125, "n": 0.6518816887726774, "q": 0.2266931469392376, "roll": 0.06806324878766558}, "bar": null, "spiral": []}