{"disk": {"I": 0.1326639444064132, "Re": 16.424615870431047, "c": 2.0, "mux": 57.730570942238344, "muy": 57.63401527965986, "n": 1.0, "q": 0.8965239599708008, "roll": 0.08628854382707944}, "bulge": {"I": 4.384519939837991, "Re": 0.6138903877707536, "c": 2.0, "mux": 57.90915041437317, "muy": 57.59070185159468, "n": 0.20288487991269766, "q": 0.4258312068764017, "roll": 3.0003299674547446}, "bar": null, "spiral": [[[[51.270275686299485, 51.706014643999296], [51.49579517308766, 51.14918432149255], [51.75145232088182, 50.60552986825907], [52.0362297631059, 50.07654594687333], [52.34908021791999, 49.56366389461768], [52.688922849406474, 49.068253515013566], [53.05464000728733, 48.59162333115593], [53.44507451796182, 48.135019484823495], [53.85902768276773, 47.69962346965393], [54.29525812129966, 47.2865488953578], [54.752481576608204, 46.896837491573514], [55.22937177409022, 46.53145457292847], [55.724562395536665, 46.19128419781152], [56.236650195072826, 45.87712426145748], [56.76419924468302, 45.589681765903215], [57.30574625547395, 45.32956850396581], [57.8598068786994, 45.09729737979452], [58.4248828505753, 44.89327956550801], [58.9994698091929, 44.71782265979163], [59.582065583508935, 44.5711299747079], [60.171178735004865, 44.453301029639185], [60.76533712398794, 44.3643332820225], [61.36309627512697, 44.30412507412435], [61.963047330060554, 44.27247972851107], [62.5638243985488, 44.26911068194476], [63.16411115004536, 44.293647515048406], [63.762646524590615, 44.34564270904255], [64.35822948063891, 44.42457894724584], [64.94972273691275, 44.52987677390041], [65.53605550243465, 44.66090242732032], [66.11622522246566, 44.816975676091594], [66.68929839465287, 44.99737750572858], [67.2544105331376, 45.20135752406693], [67.81076537214331, 45.428140978940206], [68.35763341086152, 45.676935305897324], [68.89434990526217, 45.946936147932824], [69.42031241168607, 46.237332811467844], [69.93497798237806, 46.54731314244104], [70.4378601072556, 46.876067823149455], [70.92852548513817, 47.22279410407929], [71.4065907000268, 47.586698995696906], [71.87171886555674, 47.967001952824965], [72.32361629148234, 48.362937089566174], [72.76202921591376, 48.77375496585792], [73.18674063787464, 49.19872398804869], [73.5975672763352, 49.63713146561546], [73.99435667518955, 50.08828436520082], [74.3769844670511, 50.55150980098285], [74.74535180347391, 51.02615529771086], [75.09938295519645, 51.51158886006345]], {"I": 0.0, "falloff": 2.000668325336668, "spread": 0.0}]]}