{"spiral": [[[[65.83906503412135, 49.81155287033895], [66.94556245740563, 49.58905875572338], [68.07308226731605, 49.544095801639344], [69.19153042472436, 49.69248600377569], [70.26598896248058, 50.03660342608122], [71.26420762616351, 50.56264697293522], [72.16362236099405, 51.244355883480615], [72.95370788256508, 52.05058012804258], [73.6337569680403, 52.95183147118257], [74.20901103100861, 53.9235224574059], [74.68739663287272, 54.94652166840341], [75.07749380143667, 56.0064300150287], [75.38750156079966, 57.092533758853605], [75.62481060317256, 58.19685043173379], [75.79589225763021, 59.313380230246686], [75.90633302426282, 60.43755448511877], [75.9609258108073, 61.56583980858976], [75.96377532256642, 62.69545618812189], [75.91839897890573, 63.82417582360282], [75.82781637410429, 64.95017850911965], [75.69462568052442, 66.07194655186298], [75.52106767660631, 67.18818745179331], [75.30907891753077, 68.29777620215287], [75.06033573047615, 69.39971156715644], [74.77629061049278, 70.4930823909551], [74.45820238624538, 71.57704115308549], [74.1071613076903, 72.65078278054922], [73.72411000412217, 73.71352727727509], [73.30986109154738, 74.76450511361341], [72.86511206647157, 75.80294458683838], [72.3904580132535, 76.82806055283392], [71.88640256231697, 77.83904406315878], [71.35336747250436, 78.83505253695408], [70.7917011624586, 79.81520016577814], [70.20168648304984, 80.77854829836235], [69.58354800382321, 81.72409558709347], [68.9374590829524, 82.65076770752087], [68.26354899459393, 83.55740648251212], [67.5619104086291, 84.44275826556141], [66.83260755038786, 85.30546146319813], [66.0756854145873, 86.14403311053772], [65.29118046899144, 86.95685446151516], [64.47913335998395, 87.74215562753487], [63.639604222695574, 88.4979994031602], [62.772691298914175, 89.22226457289916], [61.878553669021315, 89.91262921219966], [60.957438995936506, 90.5665548014395], [60.009717230281545, 91.18127239356762], [59.035921192555655, 91.75377263040687], [58.03679477914197, 92.28080208771355]], {"i0": 0.001, "spread": 0.5, "falloff": 1.0}], [[[65.39886005671592, 69.87558065063166], [64.51978045630827, 71.01756160387143], [63.523052616025936, 72.05826392070156], [62.40884623319822, 72.97174284422343], [61.179596842000535, 73.72262534226834], [59.845238682861066, 74.26371418546208], [58.43235519096336, 74.53728967596717], [56.99488672488292, 74.48737807205484], [55.61371914388419, 74.08711265212638], [54.37118869628305, 73.36243073382835], [53.317828724074616, 72.38165536966552], [52.46485988150122, 71.22138672887752], [51.79943476373725, 69.94364688993625], [51.30045297179616, 68.5918059316567], [50.946804872226934, 67.19464883446975], [50.720214502904994, 65.77120545991804], [50.6056876088283, 64.33430179237114], [50.59115627746438, 62.89285039163136], [50.66695301015181, 61.45327548060469], [50.82532339773887, 60.020400672586064], [51.060028134265245, 58.59801185971492], [51.366032843237704, 57.18922362809207], [51.739270370874905, 55.79672561322225], [52.17645923134332, 54.42295462221225], [52.67496440180822, 53.070220571181686], [53.232689672384865, 51.74080386516861], [53.84799328707588, 50.43703569930316], [54.51962047978283, 49.161369090189346], [55.24664782845365, 47.91644626351277], [56.028435090343166, 46.705166712935544], [56.86458052101446, 45.53075948583091], [57.754875536146685, 44.39686276607428], [58.69925398056962, 43.30761342100722], [59.697730140181285, 42.26774863535599], [60.750317874502024, 41.28272072779127], [61.85692079447304, 40.35882422473416], [63.017180330861706, 39.50333039784534], [64.23026523464371, 38.72461761161672], [65.49458382177686, 38.03227415158565], [66.80740194800869, 37.437132194209916], [68.16436087166561, 36.95116672457625], [69.55891822989494, 36.58716607830734], [70.98179131710755, 36.35806605846288], [72.42056381824962, 36.275867688751404], [73.85969567429518, 36.3501683175598], [75.28117864090127, 36.58653808683177], [76.66592312806283, 36.985192599676786], [77.99564846048146, 37.54047411794846], [79.25475233963824, 38.24141786485926], [80.43159687012164, 39.073236347099154]], {"i0": 0.001, "spread": 0.5, "falloff": 1.0}]], "disk": {"i0": 0.17521739130434788, "n": 1.0, "c": 2.0, "mu": [62.77847022842249, 63.028544196649065], "roll": 1.2232212437247423, "rEff": 20.258577838441752, "axRatio": 0.5012980629450732}, "bulge": {"i0": 0.82, "n": 2.257, "c": 2.0, "mu": [62.49237090651339, 62.507629519416724], "roll": 1.1659047830631033, "rEff": 3.718639229280988, "axRatio": 0.773264506015309}, "bar": {"i0": 0.395, "n": 1.2, "c": 2.2675, "mu": [62.251592020365095, 62.12145222459444], "roll": 1.162137956080881, "rEff": 5.136520203938529, "axRatio": 0.2215754209749633}}