{"spiral": [[[[67.357470202225, 55.57309143088845], [67.80586594588502, 55.58628165782887], [68.25385330258469, 55.609512010603396], [68.70118868639234, 55.643022187518184], [69.14760977321511, 55.6870631164219], [69.59283340373965, 55.741897164331014], [70.03655325979055, 55.80779824802386], [70.47843729340869, 55.88505181263444], [70.91812488903199, 55.97395463696211], [71.35522373987673, 56.0748144148742], [71.78930642453497, 56.187949050021835], [72.21990667435055, 56.313685587892856], [72.64651533307892, 56.452358692950945], [73.06857602317343, 56.60430856103678], [73.48548055389224, 56.76987813737434], [73.89656413392163, 56.94940948999513], [74.30110049000886, 57.14323916843386], [74.69829704074954, 57.351692360255704], [75.08729034076022, 57.57507564774107], [75.46714208646267, 57.81366816819213], [75.83683606925254, 58.06771100215466], [76.19527656549084, 58.33739466247324], [76.54128876291465, 58.62284464595342], [76.8736219219877, 58.92410514685337], [77.19095604337606, 59.2411212307835], [77.49191282418896, 59.5737200269306], [77.77507160520747, 59.92159181176013], [78.03899079817604, 60.28427219962162], [78.28223490780375, 60.66112697605976], [78.50340671959253, 61.05134133812777], [78.70118354155044, 61.45391535365899], [78.87435564654393, 61.86766723698022], [79.02186439365106, 62.29124551267723], [79.14283706944265, 62.723150319600386], [79.23661543553027, 63.161763089376215], [79.30277537685186, 63.605382797676484], [79.34113589577063, 64.05226614027461], [79.35175685027939, 64.50066851664471], [79.33492606821545, 64.94888271022873], [79.29113754296458, 65.39527261635953], [79.22106314665994, 65.83830016001916], [79.12552059597617, 66.27654447859356], [79.00544029942903, 66.70871333326258], [78.86183330641309, 67.13364742072827], [78.69576200280652, 67.55031871528173], [78.50831458889033, 67.95782418343674], [78.30058382557979, 68.35537621884313], [78.07365010039226, 68.7422910134949], [77.82856856026723, 69.11797587063842], [77.56635987533969, 69.48191623198625]], {"i0": 0.19772318987887375, "spread": 918.5598327953578, "falloff": 0.540558169291459}]], "disk": {"i0": 0.0, "n": 1.0, "c": 2.0, "mu": [68.40869690867676, 69.58635314603605], "roll": 0.4525964886214247, "rEff": 28.3953976317333, "axRatio": 0.7009492849151661}, "bulge": {"i0": 0.2714550486808216, "n": 9.999989510733466, "c": 2.0, "mu": [68.300054455136, 68.9451342167919], "roll": 0.16059048710559973, "rEff": 3.1585845499428316, "axRatio": 0.7146576488349743}, "bar": null}