{"spiral": [[[[47.606450812902665, 40.02984486342986], [48.45967884304939, 39.9129028240273], [49.3181040479706, 39.84373947535426], [50.1790397934171, 39.82202295897624], [51.03988452174955, 39.84719008502037], [51.898144814939705, 39.91847611577973], [52.75145173897631, 40.0349462688554], [53.59757073056056, 40.19552728405037], [54.43440562404079, 40.39903769584638], [55.25999762130906, 40.64421580084896], [56.07252009426566, 40.92974464778819], [56.870270116733664, 41.254273673412264], [57.65165754294791, 41.61643685628849], [58.41519235118203, 42.014867439517154], [59.159470832062716, 42.448209398004366], [59.88316107631207, 42.91512589673649], [60.58498808297072, 43.41430501441382], [61.26371870108078, 43.944463003498136], [61.918146516052005, 44.50434532839131], [62.54707671029499, 45.092725676681496], [63.14931085940042, 45.70840307883196], [63.723631568605974, 46.35019720021899], [64.26878680897518, 47.01694178788434], [64.78347377624338, 47.70747616077618], [65.26632206714937, 48.420634523313204], [65.71587594918888, 49.15523275242313], [66.1305754952368, 49.9100521512801], [66.50873636452738, 50.68381946666503], [66.84852806054012, 51.47518222298165], [67.14795058988204, 52.28267811455891], [67.40480963204729, 53.10469680715227], [67.61669065433676, 53.93943201056386], [67.78093296603377, 54.784821096684524], [67.89460562584694, 55.63846885647251], [67.95448862207078, 56.497551304913515], [67.95706511705303, 57.358694927863574], [67.89853418930974, 58.217826839051796], [67.7748588486294, 59.069992807695456], [67.58187138106925, 59.90914450280072], [67.31546678941764, 60.72790701109877], [66.9719227209571, 61.51735596547808], [66.54838433558211, 62.266863280207566], [66.04353271242923, 62.96410972708746], [65.45839922590439, 63.59539698744295], [64.79718800375296, 64.14638616183808], [64.06785201859697, 64.60329556686256], [63.282120056261704, 64.95439154738477], [62.45479335020943, 65.1913843800585], [61.60242224809457, 65.31027150929772], [60.74176144582178, 65.31136385552475]], {"i0": 0.0, "spread": 0.4984644544296235, "falloff": 1.0017742613221456}], [[[63.5003848625961, 72.34028910605412], [63.04734044338796, 72.2626568611763], [62.5970999939894, 72.170137433532], [62.15012433841206, 72.06294897823071], [61.70685923933159, 71.94132272908024], [61.26773555386613, 71.80550091436746], [60.833169607186754, 71.65573480130332], [60.403563760425314, 71.49228288530576], [59.97930715005721, 71.31540923539036], [59.56077657704542, 71.12538200287206], [59.148337525737226, 70.92247209708705], [58.74234529472166, 70.70695202899604], [58.34314622428616, 70.47909492139499], [57.95107900770486, 70.23917368296091], [57.56647607627867, 69.98746034246462], [57.18966505074897, 69.72422553914485], [56.82097025440641, 69.44973816542739], [56.46071428582642, 69.16426515884464], [56.109219651734556, 68.86807144111064], [55.76681046304086, 68.5614200039071], [55.43381419950977, 68.24457214293365], [55.110563550973914, 67.91778784426407], [54.79739834544624, 67.5813263300725], [54.494667576815196, 67.23544677440233], [54.202731547365666, 66.88040920395825], [53.92196414276997, 66.5164756040829], [53.65275525970614, 66.14391125628732], [53.39551340879481, 65.762986341235], [53.15066851794323, 65.37397785022493], [52.918674963296034, 64.97717185935787], [52.700014857042035, 64.57286623440791], [52.49520162203997, 64.16137385127924], [52.30478388302885, 63.74302643793406], [52.129349701759416, 63.318179169744745], [51.96953117708668, 62.887216182271914], [51.826009419967036, 62.450557205539326], [51.69951989299003, 62.008665572594865], [51.59085807179957, 61.56205791516512], [51.5008853336566, 61.111315930850566], [51.43053489812894, 60.657100690762825], [51.380817522294755, 60.200170051683976], [51.35282646929944, 59.7413998375571], [51.34774099781561, 59.28180954743531], [51.366827227230935, 58.82259340528028], [51.41143467578751, 58.365157539046905], [51.482986003429936, 57.911163876922465], [51.582956485720956, 57.46258083004598], [51.71283852001765, 57.02173977364863], [51.87408516003178, 56.591394429027844], [52.06802567371444, 56.17477713037368]], {"i0": 1.0796245349229778, "spread": 3.811416755734507, "falloff": 3.364939319342814}]], "disk": {"i0": 0.12509201495323244, "n": 1.0, "c": 2.0, "mu": [58.76251388680548, 57.785028698326144], "roll": 2.2446388442072984, "rEff": 24.44319481799529, "axRatio": 0.7130543649746521}, "bulge": {"i0": 0.0, "n": 1.3525208215347555, "c": 2.0, "mu": [58.91142397762192, 57.892621165460994], "roll": 0.7834088726521787, "rEff": 2.199797803004354, "axRatio": 0.9279140279268355}, "bar": null}