{"spiral": [], "disk": {"i0": 0.23855536415295941, "n": 1.0, "c": 2.0, "mu": [60.80544118866539, 61.07531980918315], "roll": 0.7694639592615238, "rEff": 32.95958472674307, "axRatio": 0.7964144013975988}, "bulge": {"i0": 1.4904251777044024, "n": 0.33316187492089405, "c": 2.0, "mu": [60.77321673248572, 60.86592780976719], "roll": 0.6578584495440187, "rEff": 2.6517226779451732, "axRatio": 0.9777159938845477}, "bar": null}