{"spiral": [[[[32.659993249463284, 45.74236991990299], [32.40596768504463, 45.57540379735199], [32.1569439475183, 45.401066343751445], [31.913261483175766, 45.21933879236628], [31.67527522082838, 45.03021385476854], [31.44335570719989, 44.833697498301035], [31.217889070480446, 44.62981088796298], [30.999276774017765, 44.418592489934596], [30.787935118262503, 44.20010032801002], [30.58429444604153, 43.97441437695601], [30.388798004081078, 43.74163906766157], [30.20190041341504, 43.501905868431294], [30.024065703258806, 43.255375894783775], [29.85576486778289, 43.00224248699284], [29.697472913710207, 42.742733680677325], [29.5496653794736, 42.47711448249982], [29.412814324018093, 42.20568885080457], [29.287383805512125, 41.92880127160847], [29.17382489659629, 41.64683781580794], [29.072570313000654, 41.36022656360418], [28.984028763742348, 41.06943729182792], [28.908579162835622, 40.774980335980224], [28.84656487023149, 40.47740456582229], [28.79828815141666, 40.177294448070796], [28.764005057099006, 39.87526621195674], [28.74392092433931, 39.571963179938884], [28.738186686484386, 39.26805037331853], [28.74689615068788, 38.96420854654634], [28.77008436162777, 38.661127839981184], [28.80772711811634, 38.35950126583409], [28.859741653353066, 38.06001825229541], [28.925988431987182, 37.76335846618426], [29.00627396399952, 37.47018611499893], [29.100354491220383, 37.18114489744193], [29.207940369920518, 36.89685373079165], [29.328700954231547, 36.61790333803668], [29.46226978029824, 36.34485373177891], [29.60824985858532, 36.078232589235505], [29.766218899347745, 35.81853447608202], [29.935734321091292, 35.56622084838858], [30.116337920601904, 35.32172074210574], [30.307560112943026, 35.08543204790406], [30.508923678758666, 34.857723265829414], [30.71994698186113, 34.63893563618728], [30.940146642026267, 34.42938555060021], [31.16903966510492, 34.22936715722393], [31.406145045245857, 34.03915508622321], [31.650984862315994, 33.859007234321], [31.903084902013685, 33.68916755960805], [32.161974827256344, 33.52986884931184]], {"i0": 0.1884665926667464, "spread": 85.5118104419538, "falloff": 0.6490943196174486}]], "disk": {"i0": 0.08188045215367448, "n": 1.0, "c": 2.0, "mu": [37.573117522028525, 35.6881956413738], "roll": 0.080968529687095, "rEff": 18.352315307740078, "axRatio": 0.7722586670528866}, "bulge": {"i0": 0.29018637773363076, "n": 6.536633588011393, "c": 2.0, "mu": [37.31344881256916, 35.97264364633962], "roll": 2.9610197905015876, "rEff": 3.066869026255971, "axRatio": 0.9999992040445242}, "bar": null}