{"disk": {"mux": 40.565932992371685, "muy": 38.461098089988326, "roll": 2.8433738003265243, "Re": 11.612564650054182, "q": 0.7987235524522138, "I": 0.14162158060512067, "n": 1.0, "c": 2.0}, "bulge": {"mux": 40.68054594083881, "muy": 38.26665882903989, "roll": 1.1365481116571956, "Re": 4.455487335641639, "q": 0.01, "I": 2.0796911791547497, "n": 3.3191628305278256, "c": 2.0}, "bar": null, "spiral": []}