{"spiral": [[[[89.03897527045473, 145.60964821551164], [89.08297434262131, 143.6365166419423], [89.27983069489231, 141.6726758508856], [89.61911611207726, 139.72831785855092], [90.09025956720123, 137.8115858998421], [90.68299746114212, 135.92885690652295], [91.38765332723212, 134.085053467455], [92.1952867789526, 132.28394240502942], [93.097750782998, 130.52839871083572], [94.08768946124638, 128.82062781830246], [95.15850038155885, 127.1623472145816], [96.30427784655517, 125.55493225006515], [97.519747958289, 123.99953226340523], [98.80020202397623, 122.49716312851265], [100.14143207346575, 121.04878168291448], [101.53967035676972, 119.65534670054556], [102.99153352412738, 118.31787028388263], [104.49397144837087, 117.03746289359931], [106.04422017355351, 115.81537472081963], [107.63975817382214, 114.65303574835386], [109.27826487360505, 113.55209664342871], [110.95758013736602, 112.51447253892285], [112.67566317129234, 111.54239184326069], [114.43054887241338, 110.63845240022277], [116.22029909088893, 109.8056876929086], [118.04294539444422, 109.04764628217146], [119.89641861092656, 108.36848836180002], [121.77845842206054, 107.77310416314089], [123.68649323057019, 107.26725987922418], [125.61747583441004, 106.85777764332305], [127.56765327410827, 106.55275627882801], [129.5322382701267, 106.36183788593256], [131.5049333303437, 106.29651893489218], [133.47723544635323, 106.37048728466658], [135.43742026138568, 106.59992580236081], [137.36908062252056, 107.00363451317442], [139.24911569693037, 107.60264708350523], [141.04524553226932, 108.41871686804541], [142.7136951239829, 109.47069157233662], [144.1988986789862, 110.76785171213584], [145.43843928776045, 112.30091068896651], [146.37544150311618, 114.03523806790415], [146.9744765906321, 115.91338119944562], [147.23061522347902, 117.8683966119212], [147.1654281725529, 119.83950303456294], [146.81503005189148, 121.78074477484562], [146.21892225600672, 123.66148896747697], [145.41353881436862, 125.4628475040164], [144.42984359293087, 127.17357352383725], [143.29315020007223, 128.78684927556145]], {"i0": 0.0603647687477726, "spread": 0.5229488738237487, "falloff": 0.9159282375411338}], [[[169.38229670570095, 85.80193627101039], [170.564191103328, 87.87933435033571], [171.5637676195816, 90.0503320133315], [172.37287674825302, 92.29927346551086], [172.98708320630422, 94.60908680895908], [173.40573554671664, 96.96225011221688], [173.63166259817814, 99.34170668036643], [173.67059148844993, 101.73159769328397], [173.53042159154782, 104.1177441207077], [173.22048311346805, 106.48787568510949], [172.7508736037503, 108.83165057601822], [172.13192170324785, 111.14052911351027], [171.3737904011049, 113.40756308868097], [170.48620820241402, 115.62714977613996], [169.4783052432568, 117.79478387171213], [168.35852883193252, 119.90682668846404], [167.13461525723633, 121.9603015997491], [165.81359908299464, 123.95271797391909], [164.40184581597995, 125.88192193508026], [162.90509792190514, 127.74597032869588], [161.32852746009883, 129.543023480613], [159.6767910877488, 131.2712522058945], [157.95408499260748, 132.92875467683345], [156.1641986181166, 134.51347896905008], [154.31056702413704, 136.02314723639176], [152.39632251053072, 137.45517742893384], [150.42434686293814, 138.80659818650065], [148.39732640197755, 140.07395192896837], [146.31781310585959, 141.25318014374412], [144.1882966610705, 142.33948322483943], [142.01129478555586, 143.3271448380871], [139.78947317979024, 144.20930721873643], [137.52581313606046, 144.9776787738188], [135.22385618977563, 145.62214825097803], [132.88807489962747, 146.13027038816688], [130.5244537721852, 146.48657695553902], [128.141426962316, 146.67165927516203], [125.75143176598701, 146.66098023341945], [123.37353173648309, 146.42345890600959], [121.03786062699874, 145.92018343000635], [118.79289721789696, 145.10454479553573], [116.71589908849901, 143.92738660277732], [114.92213240438704, 142.35433762288005], [113.55609229426221, 140.40017008945713], [112.74305586016817, 138.15926622168237], [112.52535982420737, 135.78444048499804], [112.854194734558, 133.42092611378206], [113.63820920180157, 131.1657820759577], [114.78763785658893, 129.07218207125976], [116.23086433024767, 127.16855483324258]], {"i0": 0.04900603605211111, "spread": 0.5281758742438275, "falloff": 0.9924574960040721}]], "disk": {"i0": 0.16260041304420186, "n": 1.0, "c": 2.0, "mu": [128.52588784365068, 127.48095810465023], "roll": 0.5684485802101349, "rEff": 42.619209972888235, "axRatio": 0.5396795802921756}, "bulge": {"i0": 0.17142422388562253, "n": 1.2993613279860305, "c": 2.0, "mu": [127.68862862622224, 127.26274321279679], "roll": 0.24050938428950144, "rEff": 5.348907428286392, "axRatio": 0.6702422297167704}, "bar": {"i0": 0.2680479640566299, "n": 0.6988418371118781, "c": 2.1531048336340226, "mu": [128.25951870881497, 126.5792778383055], "roll": 0.2686268547818416, "rEff": 7.795398864182327, "axRatio": 0.3471921298663578}}