{"spiral": [[[[119.77285961128435, 78.04630151221987], [121.78599009263141, 78.81805377394849], [123.76621033797443, 79.67071305876023], [125.71039954429601, 80.60260996289402], [127.61550142063746, 81.6120122026957], [129.47851421032314, 82.69713471275251], [131.2964790812945, 83.8561478752688], [133.0664670129242, 85.08718378216146], [134.7855642781389, 86.38834043621003], [136.45085658504019, 87.75768379139825], [138.05941190321775, 89.19324751643335], [139.6082619632287, 90.69303033306583], [141.09438238108677, 92.25499073378408], [142.51467132519434, 93.87703881926403], [143.86592661056613, 95.55702491050475], [145.14482108456664, 97.2927244845529], [146.34787614778264, 99.08181884194751], [147.47143325704008, 100.92187074263228], [148.51162327734266, 102.81029402651654], [149.46433361369856, 104.74431596494804], [150.32517316221146, 106.72093074311042], [151.089435328084, 108.73684205542051], [151.75205968591033, 110.78839227288294], [152.3075934068228, 112.87147503695222], [152.75015439333032, 114.98142739421442], [153.07339937709185, 117.1128968376335], [153.2705021583908, 119.25967784513107], [153.33415006353331, 121.41451200906481], [153.2565708556108, 123.56884594026465], [153.02960817111912, 125.7125425967376], [152.64487129429634, 127.8335456732729], [152.0939945405247, 129.91750521905496], [151.36905130281093, 131.9473882940005], [150.46317422199408, 133.90312441268532], [149.3714282829235, 135.76137347444137], [148.09195538084103, 137.49555045250682], [146.62734181586148, 139.0762814189585], [144.98604673037545, 140.47246669886283], [143.18359008679425, 141.65304304016195], [141.24310157623083, 142.5893374442977], [139.194879636281, 143.25762979511634], [137.0748648290851, 143.6413281038485], [134.92231873452687, 143.73217977439302], [132.77730787407287, 143.5302443688621], [130.67863431646424, 143.04278322722976], [128.6626314871313, 142.28253594365262], [126.76292845839319, 141.26592342154518], [125.011059752211, 140.01159597348885], [123.43772979464987, 138.53957595719237], [122.07459909726909, 136.87114701380793]], {"i0": 0.1154998628796642, "spread": 0.5314602150478869, "falloff": 0.8940300691565564}], [[[113.42951346248948, 101.44166211645164], [113.94394984949112, 101.5168607875045], [114.45700624234448, 101.60096041533559], [114.96852560229415, 101.69395249796005], [115.47835049611578, 101.7958256252607], [115.98632313316908, 101.90656554442872], [116.4922853948532, 102.026155228103], [116.99607885614762, 102.15457494476865], [117.49754479893201, 102.29180233093025], [117.99652421679015, 102.43781246456231], [118.49285781102057, 102.59257793937854], [118.98638597757818, 102.75606893940333], [119.47694878467884, 102.92825331334427], [119.96438594080568, 103.10909664827874], [120.44853675284782, 103.29856234212822], [120.92924007410387, 103.49661167441073], [121.40633424187112, 103.7032038747493], [121.87965700432997, 103.91829618860741], [122.34904543641586, 104.14184393971126], [122.81433584434745, 104.37380058860361], [123.27536365845627, 104.61411778676558], [123.73196331393044, 104.86274542572187], [124.18396811903601, 105.11963168050114], [124.63121011035936, 105.38472304683657], [125.07351989453149, 105.65796437140182], [125.5107264758647, 105.93929887437987], [125.94265706925194, 106.22866816358432], [126.36913689760611, 106.52601223929614], [126.7899889730394, 106.83126948890961], [127.20503386088767, 107.14437667038965], [127.61408942558143, 107.46526888344248], [128.01697055725032, 107.79387952717939], [128.41348887784102, 108.1301402429237], [128.8034524253448, 108.47398084062425], [129.18666531464285, 108.82532920718091], [129.56292737324898, 109.18411119473397], [129.932033750082, 109.55025048673177], [130.29377449518444, 109.92366843927887], [130.6479341080862, 110.30428389492046], [130.99429105226238, 110.69201296560506], [131.33261723287765, 111.08676878109048], [131.66267743472332, 111.4884611985019], [131.98422871693595, 111.89699646809117], [132.2970197607507, 112.31227684948125], [132.6007901661982, 112.73420017178408], [132.89526969326675, 113.16265932992256], [133.18017744263568, 113.5975417082291], [133.45522097073837, 114.03872852096059], [133.7200953334277, 114.48609405759603], [133.97448205218151, 114.93950481876784]], {"i0": 0.14316341851941147, "spread": 0.5061290381072259, "falloff": 0.9560903909058175}], [[[167.84579534008645, 140.0117297908583], [167.2558423875218, 141.77726200291772], [166.58213639059417, 143.51255190391535], [165.82386132629154, 145.21257843063722], [164.98051716139722, 146.87203640121047], [164.05198080591305, 148.48535846422928], [163.03856918997383, 150.04674945431137], [161.9411019532242, 151.5502346493897], [160.76096052170124, 152.98972284580117], [159.50013973452897, 154.35908429316336], [158.16128779183836, 155.6522423750383], [156.7477302826988, 156.8632765594792], [155.26347448707176, 157.98653270836334], [153.71319115811136, 159.01673553630948], [152.10217248158926, 159.94909706733324], [150.4362667956695, 160.77941457457425], [148.72179267628002, 161.50415184606342], [146.96543686011543, 162.12049871815688], [145.1741418977387, 162.62640554146088], [143.3549901806289, 163.0205913470857], [141.51509097331683, 163.30252665051663], [139.66147635249607, 163.47239375219993], [137.80101068042035, 163.53102882566895], [135.94031666462052, 163.47985089463106], [134.085719432753, 163.32078298976666], [132.24320859160886, 163.05617043484773], [130.4184170862703, 162.6887004930626], [128.6166148878474, 162.22132668475604], [126.84271510475804, 161.65720012079126], [125.10128998722956, 160.9996092918271], [123.396594398455, 160.25192899070467], [121.73259457700965, 159.41757845400883], [120.1130003480846, 158.49998838984752], [118.54129930071232, 157.50257629657548], [117.02079179411109, 156.42872934484564], [115.55462596523908, 155.2817940625087], [114.14583217344456, 154.06507210223108], [112.7973565287865, 152.7818214623599], [111.51209330953361, 151.43526265364065], [110.29291618864468, 150.0285894477795], [109.14270825737711, 148.56498399763154], [108.06439086345097, 147.04763628058623], [107.06095127091115, 145.47976798294837], [106.13546909683421, 143.86466111332493], [105.29114138294723, 142.20569180693866], [104.53130600723564, 140.50636995864335], [103.85946291825162, 138.77038549593385], [103.2792923631542, 137.00166226543672], [102.79466885308808, 135.20442063961335], [102.40966903205984, 133.38325002006874]], {"i0": 0.37541104986835677, "spread": 0.5366856664563296, "falloff": 0.9156910658726476}]], "disk": {"i0": 0.06063458683008306, "n": 1.0, "c": 2.0, "mu": [128.3918998556483, 126.81221017493732], "roll": 2.4984629595059933, "rEff": 45.87541556267545, "axRatio": 0.8547298995375446}, "bulge": {"i0": 0.1446093177570308, "n": 2.5809875346940707, "c": 2.0, "mu": [127.52826304358933, 127.87393623679837], "roll": 1.23514395465408, "rEff": 6.088639547828416, "axRatio": 0.5380369264509086}, "bar": {"i0": 0.2029046078413065, "n": 0.9685614974361764, "c": 2.2957431450421724, "mu": [126.86700288129208, 126.85035376575902], "roll": 1.2351614546751006, "rEff": 9.296901853718802, "axRatio": 0.37544476437143676}}