{"spiral": [[[[89.4512722116083, 51.83563828746147], [90.38786623789123, 52.5419319331599], [91.29565443611371, 53.28488266168471], [92.17287491393621, 54.06368658476744], [93.0177739696581, 54.877439019960214], [93.82861151713453, 55.725133561489535], [94.60366645467624, 56.60566154335385], [95.3412419182266, 57.51781187370187], [96.03967036384766, 58.4602711990302], [96.69731842926552, 59.4316243500126], [97.3125915316163, 60.43035500841246], [97.88393816766629, 61.45484652412767], [98.40985389350038, 62.503382802135754], [98.88888497355158, 63.57414916977938], [99.3196317008853, 64.66523313075864], [99.70075140826432, 65.77462490134079], [100.0309612025469, 66.90021762522504], [100.3090404752362, 68.0398071547863], [100.53383325789886, 69.19109128826955], [100.70425051265705, 70.3516683483702], [100.81927246903386, 71.51903498794994], [100.87795114218673, 72.690583108948], [100.87941319372962, 73.86359578250342], [100.822863328473, 75.03524205821412], [100.70758845270652, 76.20257055883177], [100.53296286416249, 77.36250175872814], [100.29845479057327, 78.51181885830299], [100.00363465346113, 79.64715718113932], [99.64818550352048, 80.76499204622199], [99.23191615905982, 81.86162510338023], [98.75477767651105, 82.93316917892089], [98.21688390202421, 83.97553175637765], [97.61853698664768, 84.98439733844579], [96.96025890225098, 85.9552091026805], [96.24283015848636, 86.88315050384351], [95.4673370921821, 87.76312780234286], [94.63522924828293, 88.58975495223324], [93.7483884753124, 89.3573428834591], [92.80921135123938, 90.05989600710845], [91.82070636682147, 90.6911197772091], [90.78660679172292, 91.24444437450427], [89.71149917652262, 91.71307099655743], [88.6009657925154, 92.09004873190464], [87.46173676496676, 92.36839131868278], [86.30184402395614, 92.5412438103686], [85.13076448415674, 92.6021086346278], [83.95953437846252, 92.54513787593021], [82.80081134108143, 92.36549294021528], [81.66885730390054, 92.05976351209989], [80.5794158823489, 91.62642529416213]], {"i0": 0.011264874614652101, "spread": 2.636268477392108, "falloff": 0.01}]], "disk": {"i0": 0.3617177240991194, "n": 1.0, "c": 2.0, "mu": [80.87631352517593, 81.491403702633], "roll": 1.5479961168043739, "rEff": 52.32392962387691, "axRatio": 0.9793433304784049}, "bulge": {"i0": 0.0, "n": 1.397328956880383, "c": 2.0, "mu": [81.35802670313328, 81.9402019814391], "roll": 1.9909187081433328, "rEff": 16.067177455014672, "axRatio": 0.9361303023256553}, "bar": null}