{"spiral": [], "disk": {"i0": 0.24086596117891707, "n": 1.0, "c": 2.0, "mu": [69.36034010492116, 68.75004185379498], "roll": 2.8624304431944685, "rEff": 27.54410431900344, "axRatio": 0.48781589165476463}, "bulge": {"i0": 0.41424915204822854, "n": 1.1792043740891807, "c": 2.0, "mu": [69.25866031571577, 68.81764236653959], "roll": 2.796932174177985, "rEff": 4.686187408132543, "axRatio": 0.9032006166314124}, "bar": null}