{"disk": {"I": 0.04992679583743261, "Re": 12.876909018217615, "c": 2.0, "mux": 43.870372826035556, "muy": 42.532179965085355, "n": 1.0, "q": 0.5992247718419027, "roll": 1.453081106758065}, "bulge": {"I": 6.702463677028958, "Re": 0.3344195618594457, "c": 2.0, "mux": 43.97603794790493, "muy": 42.52133565296729, "n": 1.5707466079677899, "q": 0.1748745629297984, "roll": 2.9354599359769367}, "bar": {"I": 4.5540729320461475, "Re": 0.508702677383796, "c": 10.0, "mux": 43.66455392061034, "muy": 42.402555421170916, "n": 0.2, "q": 0.9645261641311056, "roll": 1.5708070015941678}, "spiral": []}