{"spiral": [], "disk": {"i0": 0.18488959158939358, "n": 1.0, "c": 2.0, "mu": [86.4888929277729, 87.3360317783474], "roll": 1.2912408890945934, "rEff": 26.626641225833925, "axRatio": 0.4912748763884164}, "bulge": {"i0": 0.4974546729715755, "n": 1.8906865927930896, "c": 2.0, "mu": [86.74749368039394, 86.5151556638954], "roll": 1.2477072144246109, "rEff": 4.75767280563034, "axRatio": 0.7899426317329802}, "bar": null}