{"spiral": [[[[126.47434052893504, 120.01822193202436], [126.5836584456747, 121.01337743472922], [126.6284026705085, 122.01352527754129], [126.60940680982287, 123.01449785534354], [126.5274637757163, 124.01229465004954], [126.38335412616232, 125.00302627824878], [126.17787777209396, 125.98287207054216], [125.91188831657338, 126.94804964936354], [125.58632933859914, 127.89479563352933], [125.20227181421225, 128.81935705343082], [124.76095162940372, 129.7179933226699], [124.26380582885841, 130.58698867865644], [123.71250591173829, 131.42267487110834], [123.10898619308868, 132.22146354442285], [122.4554650696173, 132.97988724640624], [121.75445703420061, 133.69464734724377], [121.00877354344397, 134.36266645137232], [120.22151138565242, 134.98114224027626], [119.39602801407135, 135.5475992263839], [118.53590432925608, 136.05993474901203], [117.64489648576416, 136.51645578095165], [116.7268793041444, 136.9159037615076], [115.78578462223685, 137.2574656560407], [114.82553830105958, 137.5407706396503], [113.84999955327854, 137.76587302451182], [112.86290581460638, 137.93322313406418], [111.86782563002069, 138.04362861518948], [110.86812111330913, 138.09820911995496], [109.86692060976779, 138.0983473600796], [108.86710136684601, 138.0456393089731], [107.87128137684564, 137.94184588408353], [106.88181912966, 137.7888478897657], [105.90081979723027, 137.58860542620943], [104.93014632888215, 137.34312244162456], [103.97143402578568, 137.05441666271304], [103.02610732852389, 136.72449480038927], [102.09539776480534, 136.35533269160632], [101.18036221964202, 135.948859892967], [100.28190089886509, 135.5069481697184], [99.40077453760794, 135.03140330603347], [98.53762055948567, 134.52395968398065], [97.69296800952038, 133.98627711998816], [96.86725118068372, 133.41993950588085], [96.06082192024843, 132.82645486174525], [95.27396064941779, 132.20725646737299], [94.50688616250454, 131.56370479651875], [93.75976429024794, 130.89709002833104], [93.03271552063235, 130.20863495238078], [92.32582167726449, 129.49949812667938], [91.63913174969285, 128.7707771730874]], {"i0": 0.025288055401164168, "spread": 0.7215935009474561, "falloff": 0.01}], [[[111.8555028544243, 101.63760913415777], [113.49435346415656, 100.57272346643992], [115.27977569175901, 99.77762106567307], [117.16649834235629, 99.26714043422263], [119.10834659135969, 99.04316946459045], [121.06254898697509, 99.0959874446529], [122.99271762562564, 99.40733479269919], [124.87005714307708, 99.95398989086318], [126.67311977545678, 100.71086613627085], [128.38673501238944, 101.65319296555447], [130.00066897016907, 102.75779118378469], [131.5083521881998, 104.00365958556829], [132.9058219734073, 105.37211823785417], [134.19090734394646, 106.84670333473579], [135.36262981192635, 108.41294370560692], [136.42077628219607, 110.05809623750677], [137.36560130685197, 111.77088167401578], [138.1976233345362, 113.54124043930078], [138.91748801158246, 115.360115890656], [139.52587892300562, 117.21926600343929], [140.02346190195033, 119.11110150294908], [140.41085328693725, 121.02854729777121], [140.68860556345942, 122.96492388441784], [140.85720598959057, 124.9138456577425], [140.91708531859206, 126.8691335415747], [140.868634782425, 128.82473989249527], [140.71223021574292, 130.77468418217595], [140.448262668908, 132.71299849463622], [140.07717513557319, 134.6336823771618], [139.59950513443175, 136.53066705438613], [139.01593285658333, 138.39778944143788], [138.32733441653204, 140.22877676642634], [137.5348394359953, 142.01724290317532], [136.6398917477686, 143.75669768921804], [135.6443114443681, 145.44057051589243], [134.5503558543986, 147.06224927146272], [133.36077636699923, 148.61513524815373], [132.07886743344434, 150.09271385799454], [130.70850367369758, 151.48863994409768], [129.25416093736445, 152.79683517999135], [127.72091753618226, 154.0115936413898], [126.11443276142346, 155.1276903012273], [124.44090122054801, 156.14048617074286], [122.70698335825345, 157.04602329039102], [120.91971460960494, 157.84110302735306], [119.0863975735114, 158.52334206846854], [117.21448321399397, 159.09120225143798], [115.31144800848529, 159.54399250390918], [113.38467411561135, 159.88184352046892], [111.44133898283515, 160.10565796796115]], {"i0": 0.02154141211695159, "spread": 1.0453164380404383, "falloff": 0.027549948702040257}]], "disk": {"i0": 0.1764976436352473, "n": 1.0, "c": 2.0, "mu": [114.73535519611008, 115.91114667785796], "roll": 2.0139093557697874, "rEff": 49.7271655618735, "axRatio": 0.624515397473696}, "bulge": {"i0": 0.4195616651306048, "n": 1.2288951174008027, "c": 2.0, "mu": [116.54665465721358, 116.80641039666975], "roll": 2.0316126946087074, "rEff": 5.884964483953662, "axRatio": 0.9201368311863976}, "bar": null}