{"disk": {"I": 0.036599217099184594, "Re": 26.401415888363758, "c": 2.0, "mux": 79.56955023526329, "muy": 79.7367505172914, "n": 1.0, "q": 0.7268040289720361, "roll": 1.9360100433328817}, "bulge": {"I": 0.08591253011977483, "Re": 6.64554786572637, "c": 2.0, "mux": 80.9999997810362, "muy": 80.39999997422436, "n": 2.8554005261251665, "q": 0.490272473530651, "roll": 1.5950811266005849}, "bar": {"I": 0.4245664479213642, "Re": 0.908799162736198, "c": 1.967630527164849, "mux": 79.47388515048561, "muy": 80.09449892688207, "n": 0.8906731076328825, "q": 0.2705408329085386, "roll": 1.5575374209952575}, "spiral": [[[[80.6946534525941, 66.69097848088465], [81.88298500223787, 66.78789297778684], [83.06393263412045, 66.95196095721926], [84.23419361367311, 67.18014938016032], [85.39080211208415, 67.46973083462626], [86.53104063546152, 67.81825957508775], [87.6523665589277, 68.22354479662813], [88.75235041100248, 68.68362295999223], [89.82862314040752, 69.1967300481935], [90.8788301281666, 69.76127402010552], [91.90059016995139, 70.37580732094891], [92.89145804800098, 71.03899902133972], [93.84888965996134, 71.74960593698673], [94.77020899670202, 72.50644189490134], [95.6525765913135, 73.30834413886608], [96.49295942987663, 74.1541356995438], [97.28810275869637, 75.0425823979647], [98.03450478477399, 75.97234302617183], [98.72839599132682, 76.94191119871547], [99.36572571910872, 77.94954746783405], [99.94215981903784, 78.99320065918644], [100.45309453832319, 80.07041817971395], [100.89369324597048, 81.17824649413858], [101.25895385363306, 82.31312528071201], [101.54381535237707, 83.47078216587029], [101.74331096890727, 84.64613932259961], [101.85277206140731, 85.83324815528765], [101.86808007635268, 87.02527253886542], [101.78595338541307, 88.21454261825177], [101.60424278267014, 89.39269746583251], [101.32219713075293, 90.55092397621694], [100.9406541936097, 91.68028151351623], [100.46211611388355, 92.77208085654848], [99.89068618260396, 93.81826894251505], [99.23186989830201, 94.81176511550474], [98.49227031503533, 95.7467035079402], [97.67922595106899, 96.61855695912811], [96.80044371314003, 97.42414270978257], [95.86367031669502, 98.16153053921741], [94.87642921261215, 98.82988502686364], [93.84583272671938, 99.42927486729437], [92.77846565338899, 99.9604766374602], [91.6803286368837, 100.42479194484189], [90.55682674350899, 100.8238885564697], [89.41278913067623, 101.15966951402704], [88.25250796943294, 101.43416986100728], [87.07978760763386, 101.64947814519067], [85.89799763101666, 101.80767881546178], [84.71012568129608, 101.91081147775168], [83.51882754502022, 101.96084330431277]], {"I": 0.21794246152002122, "falloff": 4.704110251707105, "spread": 6.043748299899476}]]}