{"spiral": [[[[48.64139044427716, 52.94470359429526], [49.404864513080334, 52.286972680421165], [50.195621323538596, 51.662310548150884], [51.01254014331408, 51.072277808468876], [51.854443005712675, 50.51848203601323], [52.72008343930925, 50.002583527551764], [53.608133386355476, 49.52630048151026], [54.5171681133147, 49.09141334975878], [55.44564891009605, 48.69976802984365], [56.39190337524546, 48.3532774649864], [57.35410311024225, 48.053921090841925], [58.33023869652642, 47.803741415861886], [59.31809193032489, 47.6048368402561], [60.315205447589804, 47.459349616435794], [61.31885011662077, 47.36944763735586], [62.32599093201806, 47.3372985322547], [63.33325262560124, 47.36503438720599], [64.33688686282477, 47.45470535021924], [65.33274367665639, 47.60822050745532], [66.31625071759379, 47.82727484112175], [67.28240484183465, 48.11326192297736], [68.2257813680066, 48.4671733766775], [69.14056673880644, 48.88948812053799], [70.02061997939172, 49.38005691536073], [70.859566881485, 49.9379905239565], [71.65092799607942, 50.561562312759925], [72.38827730325659, 51.24813765053641], [73.06542330524606, 51.994142139080445], [73.67659923770417, 52.795077959341015], [74.21664544152223, 53.645592387481294], [74.68116595170494, 54.5395956097906], [75.0666437325721, 55.470417820865926], [75.37050443123529, 56.430989993265506], [75.59112578817307, 57.41403003632741], [75.7277971416873, 58.41221680374868], [75.78063918020945, 59.41833802068892], [75.75049722965949, 60.4254034390714], [75.63882186001942, 61.4267199734813], [75.44754900467912, 62.41593010514904], [75.17898904270997, 63.38701789730499], [74.83573125517782, 64.33428848169305], [74.42056736820783, 65.25232713450298], [73.93643587817799, 66.13594348429385], [73.3863876164126, 66.98010539647751], [72.77357250377335, 67.77986598750064], [72.1012475570732, 68.53028626994076], [71.37280682307787, 69.22635527870476], [70.59183493362049, 69.86290931187033], [69.76218732656298, 70.43455229286562], [68.8881017786618, 70.93558045455329]], {"i0": 0.08736481983810247, "spread": 0.5048305382396117, "falloff": 0.9500063817068934}]], "disk": {"i0": 0.15708830380361627, "n": 1.0, "c": 2.0, "mu": [63.581307060369696, 63.602486978085835], "roll": 0.8249064538547413, "rEff": 29.96769305212033, "axRatio": 0.5960016823553012}, "bulge": {"i0": 0.8334720666675869, "n": 1.289441193573097, "c": 2.0, "mu": [63.997646630984605, 63.570201287997435], "roll": 2.7548014627156774, "rEff": 3.3061001210981744, "axRatio": 0.7178676386131634}, "bar": null}