{"spiral": [], "disk": {"i0": 0.21339585534015737, "n": 1.0, "c": 2.0, "mu": [108.56829131131941, 107.7080852813385], "roll": 1.4666801352641745, "rEff": 53.54573009782477, "axRatio": 0.7183019310092971}, "bulge": {"i0": 0.1946233461597303, "n": 0.8230219241643176, "c": 2.0, "mu": [108.13960448883934, 108.28175169312195], "roll": 2.302329603436848, "rEff": 7.937637318539236, "axRatio": 0.9425313482866438}, "bar": null}