{"spiral": [], "disk": {"i0": 0.2538084965917793, "n": 1.0, "c": 2.0, "mu": [61.07338229157715, 58.85869146093212], "roll": 2.1823736421564415, "rEff": 29.59332175994437, "axRatio": 0.36892980746472187}, "bulge": null, "bar": null}