{"disk": {"mux": 60.77887885327907, "muy": 59.890143586272345, "roll": 2.4285994875780053, "Re": 15.078327430325293, "q": 0.9143251743710753, "I": 0.12584334872454928, "n": 1.0, "c": 2.0}, "bulge": {"mux": 60.69444801812981, "muy": 60.02135943206136, "roll": 1.1182854708810073, "Re": 0.26818565100946046, "q": 2.076273533053231, "I": 1.8715554200158706, "n": 0.14913290543509544, "c": 2.0}, "bar": null, "spiral": []}