{"spiral": [[[[102.58686052343296, 54.85942538971015], [102.56359352539474, 55.980246583215745], [102.51015324671656, 57.10003648235107], [102.42731225239442, 58.2180373838733], [102.31579440631589, 59.33354417468164], [102.17627503556443, 60.4458969104432], [102.00938142659915, 61.554473969990916], [101.81569354454805, 62.65868571936796], [101.59574488149724, 63.757968621143014], [101.35002336511133, 64.85177971733556], [101.07897226604283, 65.93959141726626], [100.7829910612505, 67.02088651757425], [100.46243621304119, 68.09515338316372], [100.11762183455517, 69.1618812145837], [99.74882021634733, 70.22055532535977], [99.35626219147264, 71.27065234811639], [98.94013732039022, 72.31163528187119], [98.50059387821382, 73.3429482839739], [98.0377386278994, 74.36401109783249], [97.55163636373544, 75.37421299115445], [97.04230921023455, 76.37290605786406], [96.50973566266335, 77.35939770879764], [95.95384935736753, 78.33294213967075], [95.37453756271123, 79.29273051550093], [94.77163939032596, 80.23787955145006], [94.14494373417591, 81.1674180831792], [93.49418696726848, 82.08027111686145], [92.81905045480859, 82.97524070293436], [92.11915799433238, 83.85098278896183], [91.39407337556969, 84.7059789531135], [90.64329838570356, 85.53850157948676], [89.86627179939954, 86.34657057404463], [89.06237024145015, 87.12789910051113], [88.23091237652541, 87.87982497794455], [87.37116881081613, 88.59922325579733], [86.48238163148363, 89.2823940202105], [85.56380007486533, 89.92491762495823], [84.61474311184577, 90.52146742856422], [83.63470693738199, 91.0655682139656], [82.62354730510623, 91.54928832460527], [81.58178596547707, 91.96285909396792], [80.51111966183211, 92.29423583789249], [79.41524735725, 92.5286710444255], [78.30115597673348, 92.64850062969843], [77.18094130121585, 92.63359578986454], [76.07390513116171, 92.46328053994242], [75.0078325056111, 92.12060160665305], [74.01730698172042, 91.59872978685557], [73.13742874345378, 90.90648885952402], [72.39504937818268, 90.0683171046337]], {"i0": 0.2084749716271184, "spread": 0.4838042997496187, "falloff": 0.99934750263175}]], "disk": {"i0": 0.126295409035187, "n": 1.0, "c": 2.0, "mu": [78.78645369571423, 77.39390397397044], "roll": 0.9342954945152807, "rEff": 22.536560062542414, "axRatio": 0.376030514712002}, "bulge": {"i0": 0.9632035228942355, "n": 1.71768504955817, "c": 2.0, "mu": [78.37895770878207, 77.50416818238553], "roll": 1.315047331923327, "rEff": 2.8395937870063577, "axRatio": 0.615271941520617}, "bar": {"i0": 0.005455493314102741, "n": 0.44045702337753273, "c": 2.530013597601775, "mu": [78.97937769046456, 78.42256392614038], "roll": 1.3218062397596866, "rEff": 7.939270591314612, "axRatio": 0.26386279061214823}}