{"disk": {"mux": 59.822721424183094, "muy": 70.22675011734326, "roll": 0.5513932312803678, "Re": 26.501680616019225, "q": 0.3756649968815345, "I": 0.1456059630636048, "n": 1.0, "c": 2.0}, "bulge": null, "bar": null, "spiral": []}