{"spiral": [], "disk": {"i0": 0.43049039346424584, "n": 1.0, "c": 2.0, "mu": [86.88140582749294, 87.73121969128489], "roll": 1.15148839989116, "rEff": 10.323544467253255, "axRatio": 0.38973829163509605}, "bulge": null, "bar": null}