{"spiral": [], "disk": {"i0": 0.1380869874320731, "n": 1.0, "c": 2.0, "mu": [66.43968093611065, 66.93672404179044], "roll": 1.4226269613570086, "rEff": 27.796463437139007, "axRatio": 0.7959105370850712}, "bulge": {"i0": 0.699569253441395, "n": 1.2101356400337777, "c": 2.0, "mu": [66.39068165818777, 66.65902711024296], "roll": 1.3419170401372933, "rEff": 4.97848087266102, "axRatio": 0.8523092123206489}, "bar": null}