{"spiral": [[[[140.19650750456182, 118.21117507005475], [141.26786301496583, 118.7280517304914], [142.31019438623534, 119.30118556852527], [143.3190617769458, 119.93133651760418], [144.28944271329954, 120.61924899220762], [145.2156458206122, 121.36554724628732], [146.09123430560942, 122.17059319356335], [146.90897468213382, 123.03429755942852], [147.66083483699865, 123.95587798955938], [148.33806523718422, 124.93356553903175], [148.93140465080918, 125.96427645091326], [149.43145063702514, 127.04329059170209], [149.82921582716347, 128.1640079813262], [150.11684576502373, 129.31787853913704], [150.28840616634741, 130.49459688612276], [150.340581394633, 131.68260485895354], [150.27310361909647, 132.8698523254302], [150.088785527511, 134.0446699605786], [149.79314650377768, 135.19656139736443], [149.39374440784854, 136.31675642538704], [148.89939010312165, 137.39845915115265], [148.3194097836352, 138.43682083959462], [147.66305815957256, 139.42872394828402], [146.93911614391678, 140.37247361956528], [146.15565752215034, 141.26747237656878], [145.31994624538942, 142.1139240635259], [144.43842259699372, 142.9125876038951], [143.51674306006052, 143.66458435924199], [142.55984819844025, 144.3712540338817], [141.57204163225427, 145.03405063952005], [140.55706989677242, 145.65446966358002], [139.51819761992618, 146.23399861070124], [138.45827539951148, 146.77408456745417], [137.3797995373669, 147.27611389911203], [136.28496375477346, 147.74140043311058], [135.17570351601987, 148.17117947558853], [134.05373378575177, 148.5666057601927], [132.92058108554997, 148.92875398338919], [131.77761068135501, 149.25862098796924], [130.6260496419056, 149.5571289410006], [129.46700642494102, 149.82512906240143], [128.30148754851166, 150.06340560197106], [127.13041182152281, 150.27267986504202], [125.95462253209861, 150.45361415764074], [124.77489792746047, 150.60681557126554], [123.59196026131674, 150.73283955850607], [122.40648364364353, 150.83219327816326], [121.21910088294, 150.90533869788834], [120.03040948547596, 150.95269545868138], [118.84097694457733, 150.97464350671376]], {"i0": 0.0, "spread": 0.5010149526343639, "falloff": 0.9942111776980977}]], "disk": {"i0": 0.1983379671538579, "n": 1.0, "c": 2.0, "mu": [126.92334472323562, 126.65461102249131], "roll": 3.028841152764425, "rEff": 66.74751266083229, "axRatio": 0.6355646610906572}, "bulge": {"i0": 3.7757650290968336, "n": 0.28575878461345977, "c": 2.0, "mu": [127.12885650957647, 126.73961772336344], "roll": 1.6733989675096668, "rEff": 1.4623062236323008, "axRatio": 0.9522605584202888}, "bar": null}