{"disk": {"I": 0.09871415600449093, "Re": 25.325827351428448, "c": 2.0, "mux": 79.42679702137265, "muy": 79.66092456608035, "n": 1.0, "q": 0.9237276861085678, "roll": 1.9761953846707012}, "bulge": {"I": 5.1781138776681885, "Re": 0.739969122793138, "c": 2.0, "mux": 79.88288381983756, "muy": 79.75452403213124, "n": 0.9581162702876395, "q": 0.010074864579299753, "roll": 0.9385851531274644}, "bar": {"I": 3.082563112616441, "Re": 4.070421495339262, "c": 2.396807170969024, "mux": 79.83190281595724, "muy": 79.9172340493819, "n": 1.4615208943612328, "q": 0.015294024508995934, "roll": 1.0509634074134797}, "spiral": []}