{"disk": {"mux": 62.43860610899634, "muy": 61.093464041242285, "roll": 0.42660571054899377, "Re": 19.31061437524573, "q": 0.577128779020263, "I": 0.05876731385861512, "n": 1.0, "c": 2.0}, "bulge": {"mux": 62.432709120286006, "muy": 61.34877714179143, "roll": 0.272069219952279, "Re": 3.549135579362108, "q": 1.5630003220583257, "I": 0.09953709163494098, "n": 2.4124294815149727, "c": 2.0}, "bar": null, "spiral": []}