{"spiral": [[[[38.49633605006353, 37.280552013224806], [38.72080850395653, 36.923811820570364], [38.96530324889498, 36.58049821846892], [39.23098148322686, 36.25332050664875], [39.51881691316572, 35.945478319319975], [39.829431060682204, 35.660665322830255], [40.16288144347537, 35.40299835043796], [40.51842580430536, 35.1768321337111], [40.89431753976649, 34.98643303534353], [41.28771624170518, 34.83552900193042], [41.69479444958553, 34.72682237492077], [42.111064043224275, 34.66160916521389], [42.53185028428779, 34.639638722770485], [42.95277133037773, 34.65925696808799], [43.370089673731414, 34.71776107927808], [43.780876740437414, 34.81183138492156], [44.18301217478078, 34.93792154729417], [44.575080145837255, 35.09254542827571], [44.9562245959, 35.27245266229461], [45.32600511284323, 35.47471431300624], [45.684273803092466, 35.69674761717964], [46.03107898530056, 35.936304925937264], [46.366593980556935, 36.191444652440246], [46.69106644178167, 36.46049535068998], [47.004783301538275, 36.742019185054744], [47.30804707654842, 37.034777928441414], [47.601160191827546, 37.33770278935138], [47.88441485226832, 37.64986836503355], [48.15808668934362, 37.970470519317104], [48.42243093799529, 38.2988077661965], [48.67768027966977, 38.634265679183535], [48.92404375684998, 38.97630385643231], [49.16170635079979, 39.32444501917359], [49.390828942896654, 39.67826587623967], [49.61154846722921, 40.037389444256725], [49.82397812097395, 40.40147856425651], [50.02820753819765, 40.770230399423475], [50.224302858018504, 41.14337173550054], [50.41230663353715, 41.520654935425], [50.59223753631232, 41.90185442375761], [50.764089814121334, 42.28676359513848], [50.92783245833641, 42.67519205498564], [51.08340803176276, 43.066963110473665], [51.2307310982913, 43.46191143555959], [51.36968618242264, 43.85988083530433], [51.50012516684927, 44.260722032143086], [51.621864011434624, 44.664290388214305], [51.73467864135365, 45.070443462913914], [51.83829980582288, 45.47903828013623], [51.9324066449052, 45.88992814175818]], {"i0": 0.0, "spread": 5.175825761183422, "falloff": 0.09903612143311497}], [[[70.02090838465467, 80.1085575757881], [69.35104454726962, 79.8951281402912], [68.6871938802237, 79.6636696125401], [68.02971673517027, 79.41468037946198], [67.37894048464726, 79.14866689211885], [66.73516074811909, 78.8661397098298], [66.09864290154798, 78.5676099444051], [65.46962380192255, 78.25358611363971], [64.84831366663262, 77.92457140070454], [64.23489805236339, 77.58106130615386], [63.629539886956614, 77.2235416717879], [63.032381515088, 76.8524870504807], [62.44354672569656, 76.46835939256981], [61.86314273630437, 76.07160701779367], [61.291262115532476, 75.66266384132744], [60.72798463064757, 75.24194882304622], [60.173379011773775, 74.80986561047455], [59.62750462845188, 74.3668023476736], [59.09041307768162, 73.91313162455378], [58.56214968535885, 73.44921054345625], [58.042754925210886, 72.97538088191179], [57.53226576139093, 72.49196933345662], [57.03071692215321, 71.99928780989366], [56.53814211345302, 71.49763379109626], [56.05457518226699, 70.98729071009662], [55.580051240407144, 70.468528363033], [55.114607760506985, 69.94160333516645], [54.65828565681453, 69.406759435556], [54.2111303644464, 68.864228134365], [53.77319293209942, 68.3142289976661], [53.34453114462924, 67.75697011592695], [52.925210693957865, 67.19264852295703], [52.51530641911877, 66.62145060311836], [52.114903639381644, 66.04355248528755], [51.72409960843616, 65.45912042278107], [51.34300512262167, 64.8683111593244], [50.971746322963, 64.27127228188166], [50.61046673924008, 63.668142562271655], [50.259329635592565, 63.059052290714575], [49.91852073202701, 62.44412360609803], [49.58825139562833, 61.82347083010455], [49.26876242176657, 61.19720081548928], [48.96032856100658, 60.565413323516665], [48.663263996414315, 59.9282014523737], [48.37792904376353, 59.28565214867979], [48.104738442896746, 58.63784684987547], [47.84417174618494, 57.98486232957953], [47.5967865108496, 57.32677185654], [47.363235302351484, 56.66364684011313], [47.144287974466735, 55.995559238576476]], {"i0": 0.4511550266621191, "spread": 0.0, "falloff": 0.3558039468827851}]], "disk": {"i0": 0.09720410048093446, "n": 1.0, "c": 2.0, "mu": [49.664178381967716, 50.86127890041054], "roll": 2.03252961637717, "rEff": 23.77257692494321, "axRatio": 0.26461242776158667}, "bulge": {"i0": 0.2640529699779264, "n": 0.9780269049876507, "c": 2.0, "mu": [48.44329494628775, 46.841039979799895], "roll": 1.6055573463001223, "rEff": 15.835291239750884, "axRatio": 0.5338321091016275}, "bar": null}