{"disk": {"I": 0.09392045719877251, "Re": 19.48744331327274, "c": 2.0, "mux": 74.32321155340475, "muy": 74.31213048015286, "n": 1.0, "q": 0.8343648677729664, "roll": 2.771668799758998}, "bulge": {"I": 0.21538347240148187, "Re": 3.963916832578533, "c": 2.0, "mux": 74.25677297393756, "muy": 74.08868564643898, "n": 1.1024489839040532, "q": 0.8313770950753515, "roll": 2.5150427415693257}, "bar": null, "spiral": []}