{"spiral": [[[[46.601530090173796, 55.31168259980248], [45.712343419286775, 55.33859503314559], [44.82512729760707, 55.27492280026277], [43.951558486626574, 55.1081544127114], [43.109353884370506, 54.823206871575906], [42.32548024186685, 54.404399106095646], [41.638504150974384, 53.84129038368817], [41.094905795473984, 53.139288233389884], [40.73385680484492, 52.328218366471546], [40.56853843062966, 51.45559895907632], [40.58365991912551, 50.5670929913002], [40.74955488037326, 49.693654457131366], [41.03587185912234, 48.85166242266475], [41.41742927037394, 48.0481271928623], [41.87493350565085, 47.28513870272633], [42.393949340921885, 46.5624928601037], [42.963663898596344, 45.87904016131812], [43.575880168199454, 45.233336488903944], [44.22428243279522, 44.62394481962907], [44.90391826034787, 44.049568081548436], [45.61083507282899, 43.50910183174942], [46.341823115222184, 43.00164982440817], [47.094231019955096, 42.52652338548547], [47.865831026983024, 42.08323476766678], [48.65471838576024, 41.671489423930794], [49.45923441285782, 41.291179574553524], [50.27790592565551, 40.94238019783061], [51.10939587840511, 40.62534797454677], [51.95246139719343, 40.34052345578662], [52.805916260805716, 40.088536606669216], [53.668595382054484, 39.870215853033386], [54.5393190782052, 39.68660072932637], [55.41685494557004, 39.5389581914573], [56.299874984797235, 39.4288025444546], [57.18690527514031, 39.35791868615161], [58.07626497608226, 39.32838787834162], [58.96599075840293, 39.34261437442327], [59.853742030657486, 39.403349678293445], [60.73668177144541, 39.51370859722336], [61.61132787672915, 39.677167074939945], [62.47337185547379, 39.89752535568016], [63.31746739353844, 40.17881101576572], [64.1370041471171, 40.525085478201866], [64.92390646728734, 40.94010863390817], [65.6685354011967, 41.42681915375698], [66.35981918747329, 41.98662160105266], [66.98576441154007, 42.618556571803296], [67.53445078429255, 43.318564579013255], [67.99543398682619, 44.079169932208266], [68.36121254002852, 44.88987366928189]], {"i0": 0.01028491089967377, "spread": 8.828801608398186, "falloff": 0.013329590837736587}], [[[49.5272561724253, 44.327074069103475], [50.350444693457995, 44.021767118343554], [51.19048543210598, 43.766472852927954], [52.044663423433725, 43.56347882474449], [52.91012965141844, 43.41594255808454], [53.78364551907424, 43.32804226914055], [54.66123924621801, 43.30517208060648], [55.5377096667448, 43.354171304805895], [56.4058842910741, 43.48354213776507], [57.25551251917579, 43.70352179338765], [58.07170561756667, 44.0256797610027], [58.83309290281355, 44.46136408317601], [59.51069768783515, 45.01800850167507], [60.07004264062117, 45.69301406339207], [60.47921971417652, 46.468156765427885], [60.720522605603136, 47.31091758334818], [60.79631041737027, 48.184547850908515], [60.724152407554776, 49.05879917772418], [60.527436857148885, 49.913943753712395], [60.228649815511744, 50.739179910826515], [59.846679954020686, 51.52949875306282], [59.396504654849494, 52.28315145467688], [58.88976022215074, 53.000060699715235], [58.33547000126889, 53.68092724322876], [57.74068120699488, 54.32675324465266], [57.11096061744782, 54.93859591859787], [56.45076397121893, 55.51744402527705], [55.7637075164268, 56.06415865158001], [55.05276777139382, 56.57944701398886], [54.32042972428851, 57.063852652001145], [53.56879824449074, 57.517753138037556], [52.799683278275026, 57.941360538550235], [52.014666378857875, 58.33472203614182], [51.2151540254413, 58.69771927244781], [50.40242175549611, 59.030065562981406], [49.57765219269299, 59.33130042917972], [48.74196945735889, 59.60078102397396], [47.89647211379907, 59.837670063758054], [47.042266696859436, 60.04091987979721], [46.18050394101899, 60.209252205062654], [45.31242011912276, 60.341133334162855], [44.43938639380361, 60.434744448998444], [43.5629698462282, 60.48794721761341], [42.685010873454544, 60.49824551374768], [41.80772298030694, 60.46274547778646], [40.933822461345024, 60.37811874621622], [40.06669670834598, 60.24057825057633], [39.21061978277806, 60.045883759785866], [38.37102005369925, 59.78940670796133], [37.55479229115428, 59.466301608324144]], {"i0": 0.003696353860938022, "spread": 5.085322504065255, "falloff": 0.010368273464157885}]], "disk": {"i0": 0.19821323985522404, "n": 1.0, "c": 2.0, "mu": [50.10055612362929, 50.06904779759061], "roll": 0.3547827598301452, "rEff": 23.862196679792287, "axRatio": 0.5252324292825695}, "bulge": {"i0": 2.609899775252985, "n": 0.2330934070778458, "c": 2.0, "mu": [50.053268889751855, 49.63182968019906], "roll": 0.9253308028555125, "rEff": 1.9452278407392203, "axRatio": 0.9906507868590969}, "bar": null}