{"spiral": [], "disk": {"i0": 0.18153406177680315, "n": 1.0, "c": 2.0, "mu": [86.48889093482622, 87.33603267891397], "roll": 1.2912408307792425, "rEff": 26.626643190881136, "axRatio": 0.49124776588682006}, "bulge": {"i0": 0.5122746906952508, "n": 1.893514352353884, "c": 2.0, "mu": [86.74749304190651, 86.51515711838313], "roll": 1.2477075851481751, "rEff": 4.757670897138504, "axRatio": 0.7899421497930292}, "bar": null}