{"spiral": [[[[58.53017135153387, 59.34138455194834], [58.07415729347965, 59.57022348250824], [57.610683280451525, 59.78354700000783], [57.140141193153575, 59.980788467297415], [56.66296249652537, 60.16138048134934], [56.17962024919203, 60.32475781450127], [55.690630949630695, 60.470360736701025], [55.19655616114409, 60.59763872203153], [54.698003851368284, 60.70605453271312], [54.195629380709846, 60.79508866263284], [53.69013607088145, 60.864244108865826], [53.18227528621722, 60.91305142491042], [52.672845964773614, 60.941073993931724], [52.1626935435059, 60.947913444394175], [51.65270823302174, 60.933215115031004], [51.143822613289686, 60.89667346318556], [50.63700854003112, 60.83803729929839], [50.13327337419276, 60.75711472413933], [49.63365557108746, 60.65377764315386], [49.139219691865826, 60.527965737158866], [48.65105092500424, 60.37968977847488], [48.170249229154436, 60.20903419870805], [47.69792322856412, 60.01615883750102], [47.23518400703302, 59.80129982839499], [46.78313895502133, 59.56476961092134], [46.342885825986, 59.306956089514344], [45.915507152231086, 59.02832099466838], [45.50206515788812, 58.72939753191534], [45.103597287825345, 58.41078743227735], [44.72111244773854, 58.073157540210076], [44.35558802378656, 57.717236091916604], [44.00796772212342, 57.34380884687681], [43.67916024032814, 56.95371524041455], [43.37003875659534, 56.547844723764555], [43.081441198547715, 56.12713345357419], [42.81417123344406, 55.69256148469945], [42.56899990479287, 55.24515061134061], [42.346667827193386, 54.78596299285718], [42.14788784097307, 54.31610069352929], [41.97334801946024, 53.83670626198311], [41.823714913850054, 53.34896447623251], [41.69963691123016, 52.854105386141555], [41.60174756868943, 52.3534087969085], [41.53066876780296, 51.8482103558571], [41.48701350603733, 51.33990943018277], [41.471388100376366, 50.82997899630462], [41.484393518554725, 50.319977800642725], [41.526625467382466, 49.81156509554475], [41.5986727462748, 49.30651829992024], [41.70111320478807, 48.806753973770995]], {"i0": 0.001, "spread": 0.5, "falloff": 1.0}], [[[40.495501342882974, 38.364594316788015], [41.00222555002323, 38.00568957734358], [41.527361362072995, 37.67431279721812], [42.06975755152928, 37.37202053567968], [42.628113651257294, 37.100343008658996], [43.200973346318555, 36.860764346701444], [43.786720544260476, 36.654700343820366], [44.38357883408657, 36.483474110909754], [44.98961499652543, 36.348290274111676], [45.602747109118035, 36.250208588808505], [46.22075759180491, 36.19011804757413], [46.84131126280746, 36.16871270853803], [47.461978145744204, 36.18647054016208], [48.08026040407226, 36.24363652464659], [48.69362243269155, 36.340211092781985], [49.299522844422384, 36.47594466857945], [49.89544689878614, 36.65033871314394], [50.47893786065326, 36.86265321794709], [51.0476258575313, 37.11192015739339], [51.59925301613515, 37.39696202429141], [52.131693970766776, 37.71641428279121], [52.64297120448554, 38.068750407910855], [53.13126506161747, 38.45230814496799], [53.594918614148135, 38.86531570307659], [54.032437843587495, 39.305916767523165], [54.442487797003, 39.772193442546104], [54.823885487998396, 40.262186484938496], [55.17559034891086, 40.7739124310523], [55.496693014555625, 41.30537743440854], [55.78640314874643, 41.85458780591202], [56.04403693075632, 42.41955737911673], [56.26900471527787, 42.99831191055772], [56.46079927820045, 43.58889077514132], [56.618984970462066, 44.18934623641512], [56.743188027658064, 44.797740569021805], [56.833088226741765, 45.41214129333035], [56.88841204363804, 46.030614757013495], [56.90892744687006, 46.65121827080137], [56.89444045936997, 47.27199098084143], [56.84479363456239, 47.89094364213318], [56.75986661926339, 48.5060474509988], [56.63957901527462, 49.115222102689074], [56.48389579938036, 49.71632326928139], [56.29283561632009, 50.307129746677845], [56.06648231494827, 50.88533060559489], [55.80500014731218, 51.44851280648997], [55.508653082286905, 51.994149909750426], [55.17782868228905, 52.51959273705489], [54.81306692952055, 53.02206311987247], [54.4150942350599, 53.49865220147992]], {"i0": 0.001, "spread": 0.5, "falloff": 1.0}]], "disk": {"i0": 0.22380952380952385, "n": 1.0, "c": 2.0, "mu": [49.07791578791365, 47.13365725427729], "roll": 1.078011762162012, "rEff": 22.132660589523454, "axRatio": 0.8965079156648648}, "bulge": {"i0": 0.8414285714285715, "n": 1.1035714285714286, "c": 2.0, "mu": [48.81747285026585, 47.32304424323581], "roll": 1.5701441334286168, "rEff": 2.7158408119493607, "axRatio": 0.9518795617957111}, "bar": {"i0": 0.11666666666666665, "n": 0.5766666666666668, "c": 1.9766666666666666, "mu": [48.57206283081841, 47.24184097945981], "roll": 0.3235497093944755, "rEff": 4.815489770524062, "axRatio": 0.35840838454755347}}