{"spiral": [], "disk": {"i0": 0.15539342485852733, "n": 1.0, "c": 2.0, "mu": [108.56833367380305, 107.70807742501732], "roll": 1.466681250954751, "rEff": 82.15764508979296, "axRatio": 0.9531007845984036}, "bulge": {"i0": 0.004609696135785174, "n": 10.0, "c": 2.0, "mu": [108.1396039202305, 108.28175105414412], "roll": 2.3023311312724757, "rEff": 29.22677711541139, "axRatio": 0.18810699147733928}, "bar": null}