{"disk": {"I": 0.11901799393326577, "Re": 29.00117544592584, "c": 2.0, "mux": 95.43277907789656, "muy": 93.38510974395004, "n": 1.0, "q": 0.7304079143556182, "roll": 3.0583684857294333}, "bulge": {"I": 0.18025139283175526, "Re": 9.247956264873201, "c": 2.0, "mux": 96.31629480020361, "muy": 102.35413721938576, "n": 0.2, "q": 0.4402348968782754, "roll": 3.0071879803470067}, "bar": null, "spiral": []}