{"spiral": [[[[52.16089918748645, 40.699063547655534], [52.47061503034053, 40.30869385246295], [52.78781177643239, 39.924378105152954], [53.11239694778223, 39.54628186949021], [53.44429219097309, 39.17458611659944], [53.78343165977104, 38.80948824673286], [54.129760521050876, 38.45120321796568], [54.4832335401194, 38.099964790900664], [54.84381370448634, 37.75602689794107], [55.211470846474874, 37.41966514502118], [55.5861802249317, 37.09117845264147], [55.9679210248173, 36.77089084144444], [56.35667473070351, 36.459153364996546], [56.75242332629209, 36.15634618870041], [57.15514726699039, 35.86288080864982], [57.5648231665321, 35.57920239617356], [57.98142113166129, 35.30579224415651], [58.40490167158031, 35.04317027626996], [58.8352121013443, 34.791897562241466], [59.27228235197355, 34.55257875709451], [59.71602009580146, 34.32586435067381], [60.1663050952956, 34.11245257398237], [60.62298269058639, 33.913090759059294], [61.08585635849257, 33.72857589015737], [61.55467930885575, 33.559754016124955], [62.029145139127024, 33.407518119426314], [62.50887765194349, 33.27280396284783], [62.99342005897461, 33.1565833711834], [63.48222395394037, 33.05985436737635], [63.974638638276645, 32.983627594749514], [64.46990161438478, 32.92890854806522], [64.96713130479422, 32.896675337626576], [65.46532326928025, 32.887852051987295], [65.96335131528058, 32.90327827676322], [66.45997486006308, 32.94367595185963], [66.95385362922283, 33.00961544185332], [67.44357021833693, 33.101483333982856], [67.92766021496048, 33.21945490759862], [68.40464856715062, 33.36347426929062], [68.87308987156928, 33.53324470262954], [69.3316094686743, 33.7282308324972], [69.77894188783092, 33.94767288403565], [70.21396340227064, 34.190611877182405], [70.63571620630033, 34.45592334532704], [71.04342284495625, 34.74235635412365], [71.43649075563431, 35.04857435087931], [71.81450786713204, 35.37319467029231], [72.17723096581325, 35.71482420904829], [72.52456890982087, 36.072089653299656], [72.85656279503092, 36.44366150885933]], {"i0": 0.5584887119246164, "spread": 0.9047091897903702, "falloff": 1.5791969385929225}], [[[52.8129806355189, 57.30085073327877], [52.51665123524397, 57.81232543702491], [52.20675021355016, 58.31569365124891], [51.883684917580005, 58.81071634851353], [51.54778598764273, 59.297122338976884], [51.199318029734236, 59.774604245444934], [50.83848819991342, 60.24281416613333], [50.46545324590763, 60.70135884775215], [50.08032543411905, 61.149794204924646], [49.683177717514624, 61.5876190227498], [49.27404846042795, 62.01426767098933], [48.85294602529495, 62.42910164423628], [48.419853541944754, 62.83139972575489], [47.974734223058036, 63.22034655694859], [47.51753766343724, 63.595019384376336], [47.04820767200243, 63.9543727646454], [46.566692340862964, 64.2972210432968], [46.07295726487412, 64.62221851957074], [45.5670030938636, 64.92783739617208], [45.048888928327486, 65.21234395713905], [44.518763437418485, 65.47377400639976], [43.97690592810503, 65.70990955415668], [43.423779789101836, 65.91826021988769], [42.86010050763721, 66.09605497852971], [42.28691934668901, 66.24025277545779], [41.705721069082145, 66.34758394401385], [41.118528940464536, 66.41463739128332], [40.52800203414934, 66.43800917631212], [39.9374992341832, 66.41452306098402], [39.351074674272674, 66.3415190322132], [38.77336779263478, 66.21718029368151], [38.20936654937938, 66.04083862471124], [37.66405816403205, 65.81317799134784], [37.14202728710126, 65.53626603725776], [36.647092112245126, 65.21338887939332], [36.18206229300547, 64.84872769801727], [35.74865947850206, 64.44696176823432], [35.347587145012135, 64.01288915054778], [34.978699594623734, 63.55112817235495], [34.6412116718119, 63.065922903969756], [34.33390341433641, 62.56104444144148], [34.05529366991545, 62.03976438440794], [33.803773688691884, 61.50487457023591], [33.57770231282985, 60.95873169447588], [33.375469258456164, 60.40331195055439], [33.19553413902847, 59.840266604511505], [33.03644816659363, 59.27097364890971], [32.89686408337259, 58.69658341123404], [32.77553845178781, 58.11805758193006], [32.67132922375402, 57.53620196210634]], {"i0": 0.01825229472275871, "spread": 1.9425939841569686, "falloff": 0.01}]], "disk": {"i0": 0.19176419512441326, "n": 1.0, "c": 2.0, "mu": [51.6316399812242, 50.41969343282383], "roll": 0.9925818652881306, "rEff": 18.016707323447058, "axRatio": 0.4974672738792999}, "bulge": {"i0": 0.7206634447332333, "n": 1.5329515347194598, "c": 2.0, "mu": [51.69974916310724, 50.48692862045094], "roll": 1.1190650678920406, "rEff": 2.6446630648988827, "axRatio": 0.6831678537238725}, "bar": null}