{"disk": {"I": 0.11522506319666985, "Re": 12.898651724995634, "c": 2.0, "mux": 61.66960511060398, "muy": 61.69927326328268, "n": 1.0, "q": 0.7138723912965664, "roll": 0.38552934445171694}, "bulge": {"I": 0.05699117767868665, "Re": 0.0, "c": 2.0, "mux": 62.40219732279657, "muy": 61.33369946488135, "n": 1.0, "q": 0.9468790027024026, "roll": 2.560288171024582}, "bar": null, "spiral": []}