{"disk": {"I": 0.08219685987604873, "Re": 28.916932900603204, "c": 2.0, "mux": 97.54604070890868, "muy": 99.46440134354994, "n": 1.0, "q": 0.8831903784598816, "roll": 0.07109636615815518}, "bulge": {"I": 0.03626766446720679, "Re": 0.0, "c": 2.0, "mux": 98.40432508029053, "muy": 96.59083957522245, "n": 1.0, "q": 0.619875621729184, "roll": 2.3849270021261457}, "bar": {"I": 0.1641412635063169, "Re": 6.722991514103154, "c": 3.095593122984608, "mux": 98.17648515515155, "muy": 97.94055625032306, "n": 1.657933317993655, "q": 0.2657544218405252, "roll": 2.3062060904154786}, "spiral": [[[[101.81997574984527, 121.31980527630235], [100.68347345055477, 121.20350356836578], [99.5554436903703, 121.02263159479868], [98.43949628736334, 120.77802919754829], [97.33913837414386, 120.47080735153084], [96.25775197188483, 120.10232304617647], [95.19857696656615, 119.67415206678596], [94.164699514919, 119.1880609342598], [93.15904564802221, 118.6459791482183], [92.18437963871267, 118.04997271424347], [91.24330656091107, 117.4022197442201], [90.3382783916453, 116.70498872194297], [89.47160297905252, 115.9606198422501], [88.64545521711514, 115.17150966926425], [87.8618898142807, 114.34009922817243], [87.12285510128679, 113.46886554829445], [86.43020739921687, 112.56031660685748], [85.78572553159553, 111.61698958803017], [85.19112513022338, 110.64145235799879], [84.6480724287616, 109.63630806679161], [84.1581972729309, 108.60420281065177], [83.72310508770524, 107.54783632446252], [83.34438753345177, 106.46997571602071], [83.02363154985974, 105.37347229830998], [82.76242642549292, 104.26128161810556], [82.56236843842947, 103.13648681271017], [82.42506248497666, 102.00232544410879], [82.35211994361002, 100.86221994855659], [82.34515180535846, 99.7198117855757], [82.40575583637025, 98.57899925147507], [82.53549622410094, 97.44397870618879], [82.73587380543826, 96.3192886098323], [83.00828460743571, 95.20985522764543], [83.35396410189888, 94.12103807272209], [83.77391437151685, 93.05867206623357], [84.2688114604028, 92.02910194510206], [84.83889074513255, 91.039202664442], [85.48380951191473, 90.09637752024186], [86.20248838126072, 89.20852376799496], [86.99293708042089, 88.38395417806095], [87.85207536501234, 87.63126313056809], [88.77556622326074, 86.95912859593581], [89.75768465661906, 86.3760477204202], [90.79124922961157, 85.89001412589448], [91.86764262010222, 85.50815843759906], [92.97693935965178, 85.23638704983269], [94.10814354283751, 85.079063202319], [95.24951925084626, 85.0387745316961], [96.38897735287034, 85.11622017144742], [97.51447059792507, 85.3102301896146]], {"I": 0.01076661110039964, "falloff": 0.01, "spread": 2.5391118461071436}], [[[67.10849495622243, 112.73040401128394], [67.10256242321674, 112.18509323617518], [67.10314435839506, 111.63975055744727], [67.1102972828708, 111.09445453791189], [67.1240782424948, 110.54928581765844], [67.14454479812153, 110.00432719416891], [67.17175501374882, 109.45966370558519], [67.20576744234569, 108.91538271727872], [67.24664110914752, 108.37157401177745], [67.29443549219975, 107.82832988220167], [67.3492104998943, 107.28574522925877], [67.41102644523997, 106.74391766192912], [67.47994401657641, 106.20294760192219], [67.55602424442411, 105.66293839199113], [67.63932846413633, 105.12399640818637], [67.72991827399662, 104.58623117612424], [67.82785548837536, 104.04975549133047], [67.93320208553291, 103.51468554370982], [68.04602014962529, 102.98114104617456], [68.16637180643716, 102.44924536746727], [68.29431915233238, 101.91912566914613], [68.42992417587806, 101.3909130467416], [68.57324867156164, 100.86474267500292], [68.72435414497899, 100.34075395718234], [68.88330170883678, 99.81909067820334], [69.05015196906668, 99.29990116157893], [69.2249649003082, 98.78333842986095], [69.40779970997575, 98.26956036836106], [69.59871469007943, 97.75872989182061], [69.79776705592846, 97.25101511363998], [70.00501277079827, 96.74658951721463], [70.22050635561274, 96.24563212879593], [70.44430068263398, 95.74832769127487], [70.67644675213997, 95.25486683809189], [70.91699345101307, 94.76544626644976], [71.16598729215785, 94.28026890879862], [71.4234721336313, 93.79954410147607], [71.68948887636475, 93.32348774920827], [71.9640751393519, 92.85232248401726], [72.24726491119236, 92.38627781689718], [72.53908817691483, 91.92559028041619], [72.83957051902016, 91.4705035602414], [73.14873269180147, 91.02126861327979], [73.46659016803653, 90.57814376998888], [73.79315265730192, 90.14139481810486], [74.12842359529623, 89.7112950648129], [74.47239960374726, 89.28812537412702], [74.82506992070917, 88.87217417598377], [75.18641580130272, 88.4637374433263], [75.5564098893199, 88.06311863316051]], {"I": 2.1421524757417525, "falloff": 2.8577481801123987, "spread": 0.2091839254010936}], [[[67.36560743567064, 86.06632612843282], [68.26731546632419, 84.36478108465734], [69.26617478113144, 82.71840648816801], [70.36171973648774, 81.13474554343182], [71.5528997264621, 79.62172938293304], [72.83797334732222, 78.18763163274915], [74.21439892190351, 76.8409977191447], [75.67872690173341, 75.59054521898051], [77.22650157288774, 74.44503287408503], [78.85218112214743, 73.41309811696884], [80.54908619281488, 72.50306607319088], [82.30938700940189, 71.72273684770681], [84.12413757769274, 71.07916198169627], [85.98336214288088, 70.57842454133585], [87.87619419812707, 70.22543953425192], [89.79106242053881, 70.02379137948574], [91.71591208228142, 69.97562266783537], [93.63844583593493, 70.08158348350032], [95.54636538865071, 70.34084403251089], [97.4275959129179, 70.75116637452034], [99.27047796177582, 71.30902505018264], [101.06391639760227, 72.00976232997513], [102.79748133408461, 72.84776213397404], [104.46146127462549, 73.81662724614662], [106.0468727374247, 74.90934669160853], [107.54543330941647, 76.11844329661541], [108.94950630797052, 77.43609475696913], [110.25202529078959, 78.85422448250475], [111.446405946796, 80.36456073293351], [112.5264518170368, 81.95866401534822], [113.48625915707038, 83.62792342052057], [114.32012531357171, 85.3635226545497], [115.02246443288013, 87.15637612660107], [115.58773427688286, 88.99703474383993], [116.01037852571157, 90.875560204883], [116.28479034551312, 92.7813657622259], [116.40530538346859, 94.70302090538111], [116.36623595664628, 96.62801762999929], [116.16196325627504, 98.54249758472062], [115.78711099054664, 100.43094357083275], [115.23683168539677, 102.27584732338904], [114.50724443516835, 104.05738063269918], [113.59606673836508, 105.75312130943009], [112.5034761530821, 107.33792081886115], [111.2332084957569, 108.78404346605842], [109.79383423716693, 110.06174420852008], [108.20004608043077, 111.14045297126206], [106.47365618004287, 111.99065261461126], [104.64390507166598, 112.58634128314054], [102.74672938745702, 112.90768769446011]], {"I": 0.009133367789185486, "falloff": 0.01, "spread": 5.034478311602846}]]}