{"spiral": [], "disk": {"i0": 0.2605610124317635, "n": 1.0, "c": 2.0, "mu": [78.17352490780749, 79.27165146015709], "roll": 1.7255029834271394, "rEff": 60.002176415822206, "axRatio": 0.8871035834255134}, "bulge": {"i0": 0.23885475696646483, "n": 2.8317438300947195, "c": 2.0, "mu": [76.61405601301894, 76.52927069202073], "roll": 1.8711593804960907, "rEff": 4.264819397321572, "axRatio": 0.784899077159556}, "bar": null}