{"spiral": [[[[58.940556814863776, 53.555889130318945], [58.47914395766459, 53.70716146539734], [58.014598831267925, 53.848522981044134], [57.547150941557405, 53.97996809984956], [57.07702561647362, 54.101490161716214], [56.60444439953441, 54.213080921240135], [56.12962547130346, 54.31473006397424], [55.652784098359945, 54.406424738784885], [55.17413311001268, 54.488149103414514], [54.693883403675386, 54.55988388035744], [54.212244480404145, 54.62160592000387], [53.72942501286449, 54.67328776800805], [53.24563344871287, 54.714897233836936], [52.76107865317455, 54.74639695730302], [52.275970595505655, 54.767743969946835], [51.7905210849933, 54.7788892480635], [51.30494456326012, 54.77977725413166], [50.81945896090344, 54.77034546338019], [50.33428662794507, 54.750523872224136], [49.84965534923537, 54.720234485331005], [49.36579945794186, 54.67939077808891], [48.88296106256838, 54.627897131369245], [48.40139140555821, 54.565648235792516], [47.921352374962964, 54.492528462817184], [47.44311819433349, 54.40841120069595], [46.966977320626455, 54.31315815406512], [46.493234585481865, 54.20661860705928], [46.022213621799644, 54.08862865158709], [45.554259625497465, 53.959010384842614], [45.089742511842545, 53.81757108364006], [44.62906053753611, 53.66410236793946], [44.17264447326662, 53.498379373077], [43.72096242833985, 53.32015995980604], [43.27452544894867, 53.129184004916915], [42.833894034916355, 52.925172834452106], [42.39968574805741, 52.70782888802798], [41.972584116459025, 52.476835740402024], [41.55334907541487, 52.23185865834012], [41.14282922332105, 51.97254594374187], [40.74197620836462, 51.698531415082996], [40.35186159143279, 51.40943851948161], [39.97369654069595, 51.10488676068828], [39.60885468201075, 50.784501391170046], [39.25889831920497, 50.44792766850912], [38.92560798820679, 50.09485143518673], [38.61101482139106, 49.7250283531089], [38.31743432316447, 49.33832478389942], [38.04749868627919, 48.93477395448518], [37.80418244776955, 48.514651440713884], [37.59081285033467, 48.07857364069612]], {"i0": 0.005889456182862624, "spread": 5.607070108140884, "falloff": 0.01}], [[[47.820127261284725, 33.95586051789046], [48.15709953509595, 34.127778428939166], [48.49021152449835, 34.307060940529695], [48.819203546785076, 34.49379544285503], [49.143798644405415, 34.68807160466337], [49.463700964702326, 34.88998088301922], [49.77859399840758, 35.09961589671494], [50.08813866990194, 35.31706963394471], [50.39197127450834, 35.54243445916729], [50.689701260911065, 35.77580087739126], [50.98090886350452, 36.01725600663085], [51.26514259503066, 36.26688170062509], [51.5419166217862, 36.524752254654075], [51.810708057300985, 36.790931617379776], [52.07095422950884, 37.06547002167679], [52.322050002029385, 37.34839993852774], [52.56334526253548, 37.63973125132587], [52.794142732304394, 37.939445545588825], [53.01369630230401, 38.24748941463716], [53.22121016126315, 38.563766698584864], [53.415839050473714, 38.88812960809733], [53.596690054414786, 39.220368742005206], [53.762826409538405, 39.56020209748798], [53.913273872146675, 39.907263296832234], [54.047030216186975, 40.26108942595839], [54.16307840491585, 40.62110908916398], [54.26040387114012, 40.98663152642919], [54.33801611703557, 41.35683788574657], [54.39497448505628, 41.73077594823288], [54.4304174527317, 42.10735970950627], [54.44359419808615, 42.48537515022581], [54.43389654578772, 42.86349321905452], [54.40088886172714, 43.24029046869552], [54.344333162439675, 43.61427696270967], [54.264206789631025, 43.983930113378236], [54.16071053527612, 44.3477322031384], [54.03426605731515, 44.70420868990393], [53.88550264027964, 45.05196417358497], [53.71523458730818, 45.38971317875337], [53.52443152598589, 45.716303627321516], [53.31418448749379, 46.030731867089045], [53.085670708061, 46.33214916125407], [52.84011976803064, 46.61986043398349], [52.5787830654185, 46.893316673673404], [52.30290789124086, 47.15210268702327], [52.01371667721839, 47.39592190533056], [51.71239141885654, 47.62457975587616], [51.40006287844196, 47.83796681094563], [51.077803939364415, 48.036042596862316], [50.746626387686014, 48.218820635193836]], {"i0": 5.937713479949482, "spread": 0.0, "falloff": 4.100592312254275}], [[[27.437601905419623, 49.10586030431648], [27.34236192172546, 48.69299979620252], [27.262691658863098, 48.276855505019995], [27.199084418930774, 47.85795633268994], [27.152003039906063, 47.43688064019425], [27.12187181299832, 47.01425487262199], [27.109068245800998, 46.59075093075123], [27.113914949347894, 46.16708220227891], [27.136671967904753, 45.74399822551526], [27.17752989075619, 45.32227803358179], [27.236604085856275, 44.902722308407064], [27.31393036616117, 44.48614455787115], [27.409462344094997, 44.07336160482707], [27.5230706487331, 43.66518373587607], [27.654544080631457, 43.26240489261828], [27.80359267027363, 42.86579329362841], [27.96985249874612, 42.47608285026288], [28.152892044680744, 42.093965686418876], [28.352219748152343, 41.72008599741285], [28.56729243667949, 41.355035394988484], [28.797524243019257, 40.9993497943894], [29.042295656197116, 40.65350781326944], [29.300962382685448, 40.31793057892223], [29.572863746936097, 39.99298278546215], [29.857330421339086, 39.67897480521654], [30.153691339804737, 39.37616564210131], [30.461279709516973, 39.08476651311513], [30.77943808891842, 38.80494485599944], [31.107522543680556, 38.536828582551394], [31.4449059260436, 38.280510422672535], [31.79098034602334, 38.03605223350038], [32.14515891739083, 37.80348917574172], [32.506876868122745, 37.58283368561705], [32.875592105601655, 37.37407919415084], [33.250785323631305, 37.17720356473351], [33.631959731778295, 36.99217223588512], [34.01864047927763, 36.81894106846331], [34.410373836958215, 36.6574589056274], [34.80672619132502, 36.507669860478345], [35.2072828959797, 36.3695153505762], [35.611647017460115, 36.24293590104825], [36.01943800490211, 36.12787273924636], [36.43029030613207, 36.02426920407782], [36.84385194706372, 35.93207199263979], [37.259783085899265, 35.85123226577576], [37.677754549209176, 35.78170663285578], [38.09744635309323, 35.723458034659984], [38.51854620901517, 35.67645654159386], [38.94074801099771, 35.640680083039285], [39.36375029786481, 35.6161151219722]], {"i0": 0.12714593713180805, "spread": 70.95309804725048, "falloff": 0.5563745866606212}]], "disk": {"i0": 0.1158741402531887, "n": 1.0, "c": 2.0, "mu": [44.037694003958705, 43.89306858395873], "roll": 3.017868677511379, "rEff": 19.467599808625383, "axRatio": 0.6365720151331656}, "bulge": {"i0": 0.3001001580603525, "n": 0.4912445703836214, "c": 2.0, "mu": [44.381061866838536, 43.87736008102282], "roll": 2.558514796927789, "rEff": 4.189495223081113, "axRatio": 0.28137465817024604}, "bar": null}