{"spiral": [[[[82.89393992764663, 75.50713136172222], [84.02639877224091, 74.874801962397], [85.18245525913458, 74.28671115888932], [86.35975782333635, 73.74238892855804], [87.55620365742642, 73.24153635693719], [88.7698846115497, 72.78402124475795], [89.99904197070343, 72.36987477724328], [91.24202766200976, 71.99928954649278], [92.49726996349314, 71.67261905560451], [93.7632421473607, 71.39037873605709], [95.03843273162884, 71.1532484401322], [96.32131616537599, 70.96207631122502], [97.61032285300622, 70.81788386530621], [98.9038074480551, 70.72187202275094], [100.20001432964462, 70.67542769287763], [101.49703912853957, 70.68013031182487], [102.79278511358893, 70.7377574396873], [104.08491321246233, 70.85028809891556], [105.37078447129664, 71.01990193813891], [106.6473939349738, 71.24897148317386], [107.91129538147412, 71.54004364150796], [109.15851726285153, 71.89580523657415], [110.38447186504139, 72.31902571038631], [111.58386248010964, 72.81246844442062], [112.75059764383076, 73.37876089260666], [113.87772753055405, 74.02021381852782], [114.95742512448786, 74.73858289482556], [115.98104246623284, 75.53477376188016], [116.93927686954493, 76.4085062072896], [117.8224781428934, 77.35797451175777], [118.62110927820609, 78.37956508508758], [119.32633668951182, 79.46770915113686], [119.93067790964177, 80.6149433032407], [120.42859318888084, 81.81221419789742], [120.81689726759711, 83.0494010630076], [121.09490311048144, 84.31596551832199], [121.26427993365371, 85.6016036796886], [121.32868149049153, 86.89678668432241], [121.2932453070034, 88.19312265622132], [121.16406757025815, 89.48352929803164], [120.9477320542797, 90.7622482032952], [120.65093461257577, 92.0247506888988], [120.28021300793354, 93.26758430754096], [119.84177178457104, 94.48819832443212], [119.34138297063592, 95.68477307086462], [118.78434207457231, 96.85606668069506], [118.17546143250277, 98.00128467083968], [117.51908693776817, 99.11997291394769], [116.81912806107864, 100.21193201192101], [116.07909430697684, 101.27715002070065]], {"i0": 0.30803556269539195, "spread": 2.2927294809162326, "falloff": 1.0620496531449433}], [[[92.39171917683481, 82.72728322102837], [92.81971968078861, 82.66296290779741], [93.24959128220692, 82.61264606044247], [93.6808835631727, 82.57647877770606], [94.11313797718005, 82.55464231202971], [94.54588159619131, 82.54735163673854], [94.9786208562978, 82.55485394563195], [95.41083519830077, 82.57742694754909], [95.84197052815655, 82.61537679769026], [96.27143245433652, 82.66903548125595], [96.69857929864514, 82.73875743386803], [97.12271492770795, 82.82491514893013], [97.54308151863442, 82.92789348719965], [97.95885245935177, 83.04808237338423], [98.36912569338226, 83.18586754650447], [98.77291795541282, 83.34161903623168], [99.16916050114285, 83.51567708210304], [99.55669710820213, 83.70833531636332], [99.93428528917744, 83.91982121432017], [100.30060178498424, 84.15027409962323], [100.65425344228811, 84.3997213814835], [100.99379446529726, 84.66805418611538], [101.31775070333923, 84.95500407715413], [101.62465104690921, 85.26012304765167], [101.91306515913166, 85.58276928099816], [102.1816457446893, 85.9221011672964], [102.42917252556165, 86.27708160295136], [102.65459429374238, 86.64649365907329], [102.85706509815198, 87.02896737565935], [103.03597096903559, 87.42301596373665], [103.19094459364281, 87.82707840429276], [103.32186685340328, 88.2395646269719], [103.42885577561668, 88.65889931677806], [103.51224489249141, 89.08356091980122], [103.57255395078988, 89.51211341801678], [103.61045527442656, 89.94322964200339], [103.62673889424498, 90.37570601740906], [103.62227899841668, 90.808469516671], [103.59800351115625, 91.2405781254883], [103.55486786010069, 91.67121635697222], [103.49383335197628, 92.09968732511119], [103.41585009707565, 92.52540270623338], [103.32184411108669, 92.94787166743174], [103.2127080533808, 93.36668956941313], [103.08929499868478, 93.78152700855233], [102.95241465119983, 94.19211955600848], [102.80283146093686, 94.59825839792377], [102.64126417799196, 94.99978196172724], [102.46838645733649, 95.39656853784635], [102.28482820290402, 95.78852985440902]], {"i0": 0.018721543877404944, "spread": 0.4423533530247014, "falloff": 0.9926007451737204}], [[[91.53220571712697, 96.56366795104093], [91.0377565632257, 96.94090935942147], [90.53182151649239, 97.30260533171405], [90.0154064528007, 97.64917766030896], [89.48939454065726, 97.98100679341641], [88.95456675794692, 98.29843426727045], [88.41161849559371, 98.60176528472098], [87.86117310028432, 98.89127126653717], [87.3037930073816, 99.16719227954478], [86.73998896392312, 99.42973929264627], [86.17022772876695, 99.67909624036409], [85.59493855122818, 99.91542189025334], [85.01451866452211, 100.13885152007656], [84.42933798101255, 100.34949841607515], [83.83974313778539, 100.54745520596873], [83.24606101181871, 100.73279504143406], [82.6486018009408, 100.90557264472498], [82.04766174883913, 101.06582523361303], [81.44352557829055, 101.21357333816059], [80.83646868550066, 101.3488215219025], [80.22675913962482, 101.47155901932126], [79.61465952439362, 101.58176030078705], [79.00042865302848, 101.67938557552141], [78.38432318301115, 101.76438124274273], [77.7665991534856, 101.83668030089416], [77.14751346494843, 101.89620272472419], [76.52732531830769, 101.9428558200336], [75.90629762812812, 101.97653456633253], [75.284698423044, 101.99712195775464], [74.66280224446415, 102.00448935359994], [74.04089155317556, 101.99849685035417], [73.41925815181045, 101.97899368821069], [72.79820462944642, 101.94581870632064], [72.17804583290133, 101.89880086230026], [71.55911036726418, 101.83775983313001], [70.94174212591959, 101.76250671627963], [70.3263018476696, 101.6728448517035], [69.71316869541833, 101.5685707872279], [69.10274184718018, 101.44947541170957], [68.49544208580447, 101.31534528207152], [67.89171336869497, 101.16596417177874], [67.29202435287195, 101.00111486930902], [66.6968698439373, 100.82058125546438], [66.10677212986703, 100.62415068766548], [65.52228215213884, 100.41161671731585], [64.94398045768392, 100.18278216252276], [64.37247786577738, 99.93746255245254], [63.80841577473937, 99.6754899509155], [63.25246602485289, 99.39671715501403], [62.70533022695343, 99.10102224943145]], {"i0": 0.13505872958626633, "spread": 0.060989990909918065, "falloff": 0.7561083202970137}]], "disk": {"i0": 0.22619808699497693, "n": 1.0, "c": 2.0, "mu": [88.1930275030372, 89.24164087863748], "roll": 0.3193591636364799, "rEff": 33.153925061987245, "axRatio": 0.49856244178998416}, "bulge": {"i0": 0.12598074095985182, "n": 3.6039225821612835, "c": 2.0, "mu": [89.00850515704495, 88.47886469553102], "roll": 0.04002961384544898, "rEff": 7.0738489426876585, "axRatio": 0.8983309958128344}, "bar": null}