{"disk": {"I": 0.13861338873477055, "Re": 23.98956197495879, "c": 2.0, "mux": 77.78182347180353, "muy": 76.94584723417458, "n": 1.0, "q": 0.7491990362471358, "roll": 1.8953336993270113}, "bulge": {"I": 4.4731018360454975, "Re": 0.0, "c": 2.0, "mux": 78.0342416770727, "muy": 78.18213448802682, "n": 0.5838373795158079, "q": 0.01, "roll": 2.926725051496592}, "bar": {"I": 4.234109134749035, "Re": 6.775635091871514, "c": 3.2422339466599883, "mux": 78.11228440108889, "muy": 77.85773605739325, "n": 1.0308376832385635, "q": 0.01, "roll": 0.6863162458088646}, "spiral": []}