{"disk": {"I": 0.09131508175933545, "Re": 22.921303316839413, "c": 2.0, "mux": 76.19685341189482, "muy": 75.7591504828627, "n": 1.0, "q": 0.9361082800884343, "roll": 1.0252176791029477}, "bulge": {"I": 0.35785246711266716, "Re": 5.161674570256087, "c": 2.0, "mux": 77.25263895720697, "muy": 76.7632493988574, "n": 0.8761141445165709, "q": 0.2624519920351874, "roll": 2.1215307688869554}, "bar": null, "spiral": [[[[80.92201183169378, 46.840164543513716], [82.15818818283596, 47.33080445019441], [83.37336615797435, 47.87135760227947], [84.565314943655, 48.461365005298966], [85.73177377444902, 49.100285603891535], [86.87045200575639, 49.78749180505092], [87.97902945217142, 50.52226448735281], [89.05515707002749, 51.30378747533091], [90.09645807258441, 52.131141464011066], [91.10052957678191, 53.003297386285034], [92.06494489136806, 53.91910922563739], [92.98725656716131, 54.87730628813647], [93.86500034143303, 55.876484964819625], [94.69570011819826, 56.915100032030765], [95.47687413525772, 57.99145556133699], [96.20604247531615, 59.10369553567207], [96.88073608165774, 60.24979430131653], [97.49850743741064, 61.42754701766086], [98.05694305982985, 62.63456030753892], [98.55367794550718, 63.86824335247129], [98.98641207742169, 65.12579972122182], [99.35292906864638, 66.40422026419623], [99.65111696719335, 67.70027745073897], [99.87899118570274, 69.01052155830513], [100.03471943896449, 70.33127915658402], [100.11664848424543, 71.6586543373412], [100.12333235477816, 72.98853313949013], [100.05356166671845, 74.31659158918349], [99.90639346665067, 75.63830771880718], [99.68118097910117, 76.94897784174248], [99.37760251928589, 78.24373724170032], [98.99568876530157, 79.5175852875094], [98.53584755005257, 80.7654148103487], [97.99888533958311, 81.98204539205152], [97.38602462239456, 83.16226001939219], [96.69891654646952, 84.30084437603995], [95.93964830310962, 85.39262788700952], [95.11074496611758, 86.43252551536834], [94.21516573477496, 87.41557925071996], [93.2562947875394, 88.33699823300482], [92.23792720808731, 89.19219652657299], [91.16425067953527, 89.97682769667841], [90.03982383529588, 90.68681553325895], [88.86955229571424, 91.31838050328085], [87.6586634978464, 91.86806177621729], [86.41268143693975, 92.33273493746788], [85.13740239040385, 92.70962577137503], [83.83887258703585, 92.99632073681876], [82.52336863459868, 93.1907749751373], [81.19738133046708, 93.29131886894251]], {"I": 0.02128205130889042, "falloff": 0.45333286017166485, "spread": 5.092944142354375}], [[[105.99075252497774, 90.92880886256074], [104.90832821445488, 92.03151347921977], [103.77366520813783, 93.08038457413271], [102.58897417907012, 94.07239705233827], [101.35667067591683, 95.00459904106623], [100.07937294777413, 95.87412410540654], [98.75989903792009, 96.6782029002439], [97.40126330172248, 97.4141741690919], [96.00667253512296, 98.07949503560457], [94.57952191610738, 98.67175057036145], [93.12339097058768, 99.18866265415775], [91.64203978068858, 99.62809820237563], [90.13940565321823, 99.98807686034884], [88.6196004563824, 100.26677832314627], [87.08690882515482, 100.46254948519712], [85.54578741209102, 100.57391166941449], [84.00086533830851, 100.59956823790088], [82.45694596573118, 100.53841293573477], [80.9190100755547, 100.38953937652128], [79.39222048692413, 100.152252132411], [77.88192809215123, 99.82607995412512], [76.39367921056757, 99.41079171163344], [74.93322407250893, 98.90641571906374], [73.50652612222711, 98.3132631745347], [72.11977168760251, 97.63195653212756], [70.77937936558614, 96.86346368478634], [69.49200823546893, 96.0091389055879], [68.2645637043403, 95.07077153108939], [67.10419940481648, 94.05064336092454], [66.01831310071317, 92.95159568042513], [65.01453398846634, 91.7771066135066], [64.10069813687213, 90.5313791729219], [63.28480808816005, 89.2194397904139], [62.57497191208202, 87.84724621686772], [61.97931635504679, 86.42180241427067], [61.50586830784054, 84.9512763151424], [61.16239885973069, 83.44511410973355], [60.95622500114635, 81.91414209028785], [60.89396592862233, 80.37064423478841], [60.98125420157455, 78.82840110706069], [61.222406858598916, 77.30267393938688], [61.62006786007151, 75.81011782489993], [62.174840177039634, 74.3686107232016], [62.884932171191544, 72.99699111146732], [63.74584676035175, 71.71470654596895], [64.75014124835951, 70.54138700810732], [65.88727923936005, 69.49636836058214], [67.14358370797419, 68.59819941809695], [68.5022837979178, 67.86416802415317], [69.94363051955632, 67.30987525819249]], {"I": 0.015352690040348177, "falloff": 0.1803837115532436, "spread": 1.0677231413080854}]]}