{"disk": {"I": 0.23478279373233707, "Re": 9.402340139299099, "c": 2.0, "mux": 42.860212522810095, "muy": 42.071379104882524, "n": 1.0, "q": 0.9578395794782033, "roll": 3.013977739633547}, "bulge": null, "bar": null, "spiral": []}