{"disk": {"mux": 62.760462957093715, "muy": 61.627467837349855, "roll": 1.1956353409786704, "Re": 17.78516683161011, "q": 0.6030346768841001, "I": 0.12927423350699116, "n": 1.0, "c": 2.0}, "bulge": {"mux": 63.12178536325384, "muy": 61.77752513811096, "roll": 1.4400629789818697, "Re": 4.2438361598473735, "q": 0.023021993507131938, "I": 4.845733935695303, "n": 0.49357916277326686, "c": 2.0}, "bar": null, "spiral": []}