{"disk": {"I": 0.13136552837037124, "Re": 25.6058299368253, "c": 2.0, "mux": 77.36375455258268, "muy": 77.20524069959868, "n": 1.0, "q": 0.6849990527641053, "roll": 1.6825136269812}, "bulge": {"I": 0.038164262556193526, "Re": 0.0, "c": 2.0, "mux": 78.0342416770727, "muy": 78.18213448802682, "n": 1.0, "q": 0.9692485908871631, "roll": 2.926725051496592}, "bar": {"I": 0.14735675449646465, "Re": 10.282758592978977, "c": 6.399476162458626, "mux": 77.01678506054964, "muy": 78.20405522233507, "n": 1.0084898880794106, "q": 0.20029008623309255, "roll": 0.7939621243992351}, "spiral": []}