{"disk": {"I": 0.033258530067411966, "Re": 19.352612493150776, "c": 2.0, "mux": 57.90417839746101, "muy": 57.79569520394513, "n": 1.0, "q": 0.8190533019628988, "roll": 1.4031408002666526}, "bulge": {"I": 0.26980147362996687, "Re": 1.4152056530507677, "c": 2.0, "mux": 57.99999999879709, "muy": 57.99999999676835, "n": 2.9573922023908117, "q": 0.6913357185138271, "roll": 1.1069166747387191}, "bar": {"I": 0.14975324828351697, "Re": 4.083841556262333, "c": 1.9743939173123646, "mux": 57.892808697321655, "muy": 57.17490940082145, "n": 1.5908633408421338, "q": 0.35785556272868846, "roll": 0.9189540815167199}, "spiral": [[[[57.303322338103996, 75.64916743146583], [56.8889869212146, 75.47244128656487], [56.47856745029022, 75.2868036131306], [56.07238791087014, 75.09206494122192], [55.670795413514625, 74.88803584325875], [55.274161740195815, 74.67452816611345], [54.88288491815082, 74.45135650528654], [54.49739079614329, 74.21833995412103], [54.1181345923514, 73.97530416321872], [53.74560237099817, 73.72208374567674], [53.38031239705187, 73.4585250640761], [53.022816303626385, 73.18448943235582], [52.6736999945547, 72.89985676135053], [52.333584189291294, 72.6045296684697], [52.00312450249073, 72.29843805970725], [51.68301093676417, 71.98154417530037], [51.37396665396444, 71.6538480663628], [51.0767458832365, 71.31539344108444], [50.792130821908685, 70.96627378282204], [50.52092739306443, 70.60663860102594], [50.26395974320448, 70.2366996290537], [50.02206339904588, 69.85673673780857], [49.79607705399142, 69.46710328799128], [49.586833025453906, 69.0682306101627], [49.39514651081778, 68.66063128099147], [49.22180386863513, 68.24490086809206], [49.06755025585468, 67.82171784605745], [48.93307704967912, 67.39184145207491], [48.81900956292763, 66.95610734601607], [48.72589560992707, 66.5154210665266], [48.654195486688664, 66.07074941860672], [48.604273884903805, 65.62311007794827], [48.576394166801876, 65.17355983297875], [48.570715291228396, 64.72318199269688], [48.5872915165116, 64.27307355186836], [48.62607482880695, 63.824332718224355], [48.68691987834435, 63.37804736815417], [48.76959106541049, 62.935284915557055], [48.87377131830181, 62.49708396561387], [48.99907205103774, 62.06444799690375], [49.14504378073818, 61.638341188025464], [49.31118691463514, 61.21968639148174], [49.49696227641912, 60.80936516842125], [49.70180101810332, 60.40821973764353], [49.925113646007794, 60.01705666243993], [50.16629796812859, 59.636652097652615], [50.42474583772801, 59.26775844326262], [50.69984861958638, 58.91111229622184], [50.991001337814915, 58.56744365600099], [51.29760547532425, 58.23748642014647]], {"I": 0.03715415779570619, "falloff": 1.1895799549089334, "spread": 0.6240296235756546}], [[[66.43442397106197, 49.8016540535239], [66.4422059707957, 49.943263026898016], [66.44800235122041, 50.08496715735721], [66.45180548350952, 50.22673877881786], [66.45360843799202, 50.36854993412835], [66.45340499080623, 50.51037239733699], [66.45118962906479, 50.65217769616997], [66.44695755451336, 50.79393713462277], [66.44070468567611, 50.9356218155662], [66.43242765847742, 51.07720266326962], [66.42212382535175, 51.21865044574022], [66.40979125285128, 51.35993579677993], [66.39542871777088, 51.5010292376606], [66.37903570181929, 51.641901198321406], [66.36061238486847, 51.78252203799119], [66.34015963682428, 51.922862065144656], [66.31767900816442, 52.06289155670048], [66.29317271919888, 52.20258077637502], [66.26664364810684, 52.341899992108296], [66.23809531782044, 52.48081949248183], [66.20753188181696, 52.619309602053406], [66.17495810889736, 52.757340695537216], [66.1403793670206, 52.89488321076254], [66.1038016062772, 53.03190766034819], [66.06523134107967, 53.168384642035015], [66.02467563165244, 53.30428484762266], [65.98214206490489, 53.43957907046036], [65.93763873477178, 53.574238211447046], [65.89117422210511, 53.70823328349819], [65.84275757420062, 53.84153541444049], [65.79239828404408, 53.97411584829942], [65.74010626935856, 54.10594594494602], [65.68589185153263, 54.23699717807118], [65.62976573451165, 54.36724113145865], [65.57173898372685, 54.49664949352671], [65.51182300513942, 54.62519405011039], [65.450029524472, 54.75284667545426], [65.38637056669964, 54.87957932138535], [65.320858435868, 55.00536400463331], [65.25350569530667, 55.1301727922617], [65.18432514830164, 55.25397778517081], [65.11332981929054, 55.376751099627384], [65.04053293564093, 55.4984648467701], [64.96594791007287, 55.619091110033594], [64.88958832378431, 55.73860192042445], [64.81146791033808, 55.8569692295737], [64.73160054037, 55.97416488047884], [64.65000020717696, 56.090160575835384], [64.56668101324729, 56.20492784384517], [64.48165715779669, 56.31843800136939]], {"I": 0.03093211684607944, "falloff": 0.28463311703272054, "spread": 0.4691221145805703}]]}