{"disk": {"I": 0.20423245064956225, "Re": 12.875622174300018, "c": 2.0, "mux": 42.43277067500117, "muy": 42.88296849281739, "n": 1.0, "q": 0.6874415319816992, "roll": 1.7433698561721809}, "bulge": null, "bar": null, "spiral": []}