{"spiral": [[[[82.43125353785516, 91.89306520853862], [81.88788410063684, 91.29886633822255], [81.40046452810857, 90.65794354338028], [80.97052962364413, 89.97709982158398], [80.59898494852004, 89.26269441820901], [80.28620667133274, 88.52065983909051], [80.03212386863201, 87.75651992540416], [79.83628725749399, 86.97540794576656], [79.69792735752179, 86.1820842195584], [79.61600432769717, 85.38095310563784], [79.58925115183379, 84.5760793604529], [79.61621141643023, 83.77120394812397], [79.69527260421054, 82.96975940942248], [79.82469559035435, 82.17488489121205], [80.00264085516733, 81.38944091463642], [80.22719180380248, 80.61602393471863], [80.49637549532456, 79.85698071438543], [80.80818102316641, 79.11442251233242], [81.16057574771202, 78.39023906422264], [81.5515195543404, 77.68611232138578], [81.97897729248851, 77.00352990329029], [82.44092953960504, 76.3437982139404], [82.93538182599782, 75.70805517361657], [83.46037245097682, 75.09728251839579], [84.01397901570977, 74.51231762641576], [84.59432379410741, 73.95386483457804], [85.1995780574338, 73.42250621939814], [85.82796546404529, 72.91871182056543], [86.47776461907046, 72.44284929580726], [87.14731090284516, 71.99519300190366], [87.83499766067906, 71.57593250293436], [88.53927683837598, 71.18518051441751], [89.2586591424819, 70.82298029472246], [89.99171379604003, 70.4893125010482], [90.73706795411626, 70.18410152993935], [91.49340583656421, 69.90722136496451], [92.25946763016923, 69.65850095527081], [93.03404820376022, 69.43772915191414], [93.81599567815223, 69.24465922654045], [94.60420988391846, 69.079013000024], [95.39764073770955, 68.94048460662538], [96.19528656275642, 68.82874391937077], [96.99619237566856, 68.74343966143027], [97.79944815769267, 68.68420222754726], [98.60418712590247, 68.6506462382485], [99.40958401841235, 68.64237284807572], [100.2148534021098, 68.6589718288664], [101.01924801318356, 68.70002344659585], [101.82205713662664, 68.76510014985234], [102.62260502971894, 68.85376808657553]], {"i0": 0.27877087970426134, "spread": 7.110144874422941, "falloff": 1.6591601267749492}], [[[102.07844948595971, 84.92601836874192], [102.71336749152577, 86.08804784978253], [103.23647690423573, 87.3045282656905], [103.64470097536865, 88.56423194026782], [103.93602349273051, 89.85599883045633], [104.10945645704147, 91.1688127473434], [104.16500472791559, 92.49187800148182], [104.10362559918393, 93.81469589839826], [103.92718173191346, 95.12713986129464], [103.63838646497186, 96.41952750339401], [103.2407411852337, 97.6826877304288], [102.73846510663121, 98.90802092382525], [102.13641842681756, 100.08755042662504], [101.44002034125141, 101.21396388963687], [100.65516376559573, 102.28064349484694], [99.7881288195777, 103.281684595405], [98.84549716348506, 104.21190285176789], [97.83406915759936, 105.0668304323917], [96.76078557689073, 105.84270227316864], [95.63265528201786, 106.53643369717423], [94.45668987309858, 107.1455908970055], [93.23984596659709, 107.66835586848167], [91.9889753705468, 108.10348736992039], [90.71078311247625, 108.45027938606236], [89.41179301006525, 108.70851842468728], [88.09832027346458, 108.87844078431381], [86.77645048992206, 108.96069072496394], [85.45202425927008, 108.95628026858239], [84.1306267141797, 108.86655116212906], [82.81758116592805, 108.69313935886488], [81.51794614859628, 108.43794222491776], [80.23651519074252, 108.1030885504774], [78.97781870810674, 107.69091134680066], [77.74612748636787, 107.20392333101825], [76.54545729593805, 106.6447949459216], [75.37957425403692, 106.01633472273022], [74.25200061832246, 105.32147177068622], [73.16602075788902, 104.56324016584264], [72.12468710513797, 103.74476500782711], [71.13082594315149, 102.86924991739578], [70.18704292349334, 101.9399657581527], [69.29572824983505, 100.96024037786998], [68.45906149478814, 99.93344918096948], [67.67901604160164, 98.86300636190612], [66.95736316698945, 97.7523566472049], [66.29567579841773, 96.60496741342561], [65.69533199354046, 95.42432106770156], [65.15751820042432, 94.21390759678683], [64.68323236407302, 92.9772172094274], [64.27328695184413, 91.71773301522249]], {"i0": 0.16358215854903357, "spread": 84.16542884717286, "falloff": 0.3879898703805911}], [[[101.35184772834793, 84.84391696386334], [102.14829575675859, 85.60798776821038], [102.88706607842235, 86.42798163511881], [103.56637981164535, 87.29788853928234], [104.18494324731327, 88.21200806370624], [104.74188315589797, 89.16494047461693], [105.2366919786772, 90.15157661694987], [105.66918105275435, 91.16708733340145], [106.03944038088557, 92.20691283436324], [106.34780375400237, 93.26675226365458], [106.59481827401673, 94.34255358505226], [106.78121751808196, 95.4305038386166], [106.90789774060704, 96.52701976932248], [106.97589663356821, 97.6287388046447], [106.98637426392767, 98.73251034429705], [106.94059588584744, 99.83538732250307], [106.83991638626674, 100.93461800338567], [106.68576617125764, 102.0276379756259], [106.4796383380659, 103.11206231875164], [106.22307700678572, 104.1856779201811], [105.91766670798364, 105.24643592898236], [105.56502273960761, 106.29244433860377], [105.16678241934261, 107.32196069653708], [104.7245971680618, 108.33338494270255], [104.24012536725162, 109.32525238238942], [103.71502593853928, 110.29622680168615], [103.15095259740387, 111.24509373543134], [102.54954873611771, 112.170753898098], [101.91244289325638, 113.07221678873933], [101.24124476903992, 113.94859448021516], [100.53754174731276, 114.79909560270329], [99.80289588661749, 115.62301952966496], [99.03884134370082, 116.41975077477936], [98.24688219514091, 117.18875360394614], [97.428490623145, 117.9295668682859], [96.58510543381652, 118.64179906010352], [95.71813087742794, 119.32512359325986], [94.82893574196454, 119.97927430765843], [93.91885269244042, 120.60404119680207], [92.98917783078069, 121.19926635511018], [92.04117045203625, 121.76484014170371], [91.07605297502808, 122.300697555427], [90.09501102629171, 122.80681481615495], [89.09919365864833, 123.28320614567697], [88.0897136867077, 123.72992074160629], [87.06764812327012, 124.14703993710661], [86.0340387021963, 124.53467453878854], [84.98989247392471, 124.89296233549705], [83.93618246226701, 125.2220657696232], [82.87384837127996, 125.52216976340534]], {"i0": 0.0, "spread": 0.0, "falloff": 3.3307899935389984}]], "disk": {"i0": 0.0, "n": 1.0, "c": 2.0, "mu": [89.86795735361069, 89.43512255025594], "roll": 1.1384709244822855, "rEff": 38.68228625604516, "axRatio": 0.999999983214945}, "bulge": {"i0": 0.027705340549645675, "n": 1.7433481824213184, "c": 2.0, "mu": [88.09063720703125, 65.0491943359375], "roll": 2.5865969262512065, "rEff": 30.85164067430843, "axRatio": 0.5052105078333435}, "bar": {"i0": 0.024053971073836854, "n": 6.111566407474029, "c": 3.142033080604269, "mu": [90.89298420398568, 89.57101107788174], "roll": 0.39777085615163366, "rEff": 6.992198911470072, "axRatio": 0.39025629842217996}}