{"spiral": [[[[38.111964179338976, 52.605999106848664], [38.40953056990618, 51.58897617309885], [38.73608233465124, 50.58088759568414], [39.09192788710514, 49.582764785313685], [39.477449956638225, 48.595726925798644], [39.8931086934549, 47.620999415191264], [40.33944495019904, 46.65993558242925], [40.81708352425938, 45.71404251295359], [41.32673600886358, 44.78501201814467], [41.86920269251043, 43.874758034333205], [42.445372625647536, 42.98546204223489], [43.056220479134936, 42.119628443081105], [43.70279806742965, 41.28015220378856], [44.38621726431035, 40.4704014052605], [45.10761931877369, 39.694317458727994], [45.86812303403086, 38.95653536214386], [46.66874062570823, 38.26252483772297], [47.510245127103424, 37.61874937438002], [48.39296718532548, 37.03283210693724], [49.3164934584357, 36.5137020332737], [50.27923788090494, 36.07166754839847], [51.27787055790944, 35.71832449075165], [52.30663376537421, 35.466159679460645], [53.35666923060185, 35.327687499883055], [54.4156210442336, 35.314020436645485], [55.467889072264555, 35.43299840552342], [56.49582576205286, 35.68736461551476], [57.481775476912816, 36.07373619011617], [58.4103274022296, 36.582930206605994], [59.26994942663116, 37.20155745150059], [60.05352628732857, 37.914186768124594], [60.75791640988931, 38.70529088419604], [61.38298900473476, 39.56054098755819], [61.93058472024448, 40.46742515290229], [62.4036491818153, 41.41537883884727], [62.80561091375101, 42.39564264035314], [63.139978695884075, 43.401005538399126], [63.410102354282095, 44.425525452941784], [63.61904289037028, 45.464270687259294], [63.769510475085326, 46.513097726596186], [63.86384186168881, 47.56846675562962], [63.90399891062052, 48.62729025707038], [63.89157690291873, 49.68680812264584], [63.82781581034492, 50.744482567529474], [63.71361045139714, 51.79790660785575], [63.54951709788156, 52.84472036155421], [63.33575503704249, 53.88252968148095], [63.0722021324776, 54.90882146387864], [62.758383780637836, 55.92086924667962], [62.39345503080448, 56.915621221226814]], {"i0": 0.001, "spread": 0.5, "falloff": 1.0}], [[[73.42765985884002, 55.74452455875298], [73.0232268349666, 56.33885743283271], [72.60870863409423, 56.926200098431465], [72.18385076318717, 57.506106586152974], [71.74838561774474, 58.078089735546406], [71.30203210842927, 58.64161602802218], [70.84449542869012, 59.196099634919264], [70.37546703095235, 59.740895546602026], [69.89462490359908, 60.275291625293235], [69.40163427346519, 60.79849938984398], [68.89614890764493, 61.309643335986785], [68.37781324392672, 61.80774852148887], [67.84626566941822, 62.29172616689001], [67.30114337438552, 62.76035695399979], [66.74208936301466, 63.21227172099501], [66.16876240366031, 63.64592926148905], [65.58085096913996, 64.05959100196863], [64.97809255891259, 64.45129251398015], [64.3603002296654, 64.81881211019633], [63.727398668423064, 65.15963736590138], [63.07947269664523, 65.4709313494733], [62.41683156860415, 65.74950188737414], [61.740092599277844, 65.99177950331189], [61.05028703636884, 66.19381299395619], [60.34898895798818, 66.35129586018876], [59.638463167739765, 66.4596415098441], [58.921819453083614, 66.51412854783796], [58.20314764104498, 66.51013626533802], [57.48759260390353, 66.4434795904925], [56.78131715991993, 66.31082766279508], [56.091305004911504, 66.11015167350283], [55.42498656053316, 65.84110832232652], [54.78972724762735, 65.50524978868229], [54.1922779156164, 65.10598191812308], [53.63831490990294, 64.64826657825803], [53.132170420498305, 64.13814605387492], [52.676786197882564, 63.5822125133781], [52.273854932975, 62.98713601358199], [51.92407605802385, 62.35931808929139], [51.62745214279753, 61.70468673332688], [51.383573845646346, 61.02861419615613], [51.19186793457177, 60.33592582281102], [51.05180394349515, 59.63097002364033], [50.963068270956484, 58.91772874121076], [50.9257221014639, 58.199959578611306], [50.94036501278968, 57.48137395281396], [51.00833348803617, 56.76587275189169], [51.13197787410017, 56.057889749387705], [51.31509152791747, 55.362953402162496], [51.56363080101464, 54.688726275331554]], {"i0": 0.001, "spread": 0.5, "falloff": 1.0}]], "disk": {"i0": 0.22409090909090912, "n": 1.0, "c": 2.0, "mu": [54.333361511962345, 53.39027341887643], "roll": 2.95547090946865, "rEff": 16.44939445205046, "axRatio": 0.5676258302398339}, "bulge": {"i0": 0.858, "n": 1.008, "c": 2.0, "mu": [54.21247591938746, 53.00226136615399], "roll": 1.9249409980878018, "rEff": 2.796911906129072, "axRatio": 0.9689415785323008}, "bar": null}