{"spiral": [[[[43.64709347474736, 42.26301695234685], [44.1484204557521, 41.89823080512372], [44.66636269004853, 41.55745160297712], [45.20010554653953, 41.241999833247185], [45.748740488061664, 40.95323131151796], [46.3112523750243, 40.692532456304946], [46.88650602303948, 40.4613131665012], [47.473232306074124, 40.26099683157307], [48.07001423496041, 40.09300698940144], [48.675273616387145, 39.9587501668907], [49.2872590884909, 39.85959451275122], [49.904036537299845, 39.79684397860945], [50.523483090663134, 39.77170804226064], [51.14328603380335, 39.78526730739168], [51.760948045906765, 39.83843575560655], [52.373800074205114, 39.9319209535893], [52.97902288051387, 40.06618406993812], [53.57367780118782, 40.24140207351979], [54.154746538483835, 40.457434843406325], [54.719178916525706, 40.71380002814133], [55.26394658621355, 41.00965824739005], [55.7860998060766, 41.34381059691866], [56.28282382753815, 41.7147094354777], [56.75149121229056, 42.12048222529574], [57.1897066799065, 42.55896694781774], [57.59534179762817, 43.02775654004291], [57.9665578578551, 43.52424906901845], [58.301816467332216, 44.04570007694064], [58.59987848473986, 44.58927369944396], [58.85979284192607, 45.15208968880736], [59.080877367066066, 45.73126423066641], [59.26269397529493, 46.323943272377896], [59.40502055615131, 46.92732785606591], [59.5078216349382, 47.53869158425132], [59.571219514440514, 48.155390800286256], [59.59546719380016, 48.77486834134668], [59.58092396926441, 49.39465184132347], [59.52803428829679, 50.01234756301038], [59.43731017118845, 50.625630663364944], [59.30931733488875, 51.23223267585023], [59.14466504781043, 51.82992685843996], [58.94399970157336, 52.41651192503371], [58.70800209490213, 52.98979456578964], [58.43738847610173, 53.547571078292755], [58.13291547513203, 54.08760838454936], [57.795389167050075, 54.60762470653227], [57.42567863867552, 55.1052702251944], [57.02473457210769, 55.57810816707492], [56.593613498377145, 56.02359696821981], [56.13350849462657, 56.43907447644958]], {"i0": 0.0, "spread": 0.0376951627811665, "falloff": 0.6199576556014248}]], "disk": {"i0": 0.2152015506301073, "n": 1.0, "c": 2.0, "mu": [51.87336658646755, 50.504555702549425], "roll": 1.0321637432336588, "rEff": 33.263341615035074, "axRatio": 0.8783435008308526}, "bulge": {"i0": 0.27150701365690516, "n": 1.2572207067277041, "c": 2.0, "mu": [51.954319645264086, 50.664698490297], "roll": 2.074303942272948, "rEff": 2.8182418186491356, "axRatio": 0.9305130368664325}, "bar": null}