{"spiral": [], "disk": {"i0": 0.12050409077233219, "n": 1.0, "c": 2.0, "mu": [128.67463155514088, 127.1784754008018], "roll": 0.0762960187483486, "rEff": 57.554176363626546, "axRatio": 0.5549061883873126}, "bulge": null, "bar": {"i0": 0.33452223424910754, "n": 0.5340106742004034, "c": 1.9820035344118911, "mu": [129.60117671525998, 127.97163524492277], "roll": 3.141252559119382, "rEff": 9.046555434161204, "axRatio": 0.4702490013481831}}