{"disk": {"mux": 43.13488306133719, "muy": 42.03995170308787, "roll": 0.9513327181907304, "Re": 10.883728270604863, "q": 1.0144854931531686, "I": 0.1893519957243417, "n": 1.0, "c": 2.0}, "bulge": null, "bar": null, "spiral": []}