{"spiral": [[[[72.44187283687485, 59.23555640843108], [73.94659662500926, 59.742230589587265], [75.3467472504403, 60.49177953777054], [76.62060078412215, 61.44077387680019], [77.75707700148364, 62.550953014065044], [78.75155747468384, 63.790169079962084], [79.60299799335301, 65.13185135039434], [80.31213825498934, 66.5539911065232], [80.88046091008098, 68.03810207398487], [81.30961739954982, 69.56831524474751], [81.6011339802738, 71.13063699177162], [81.75628576527772, 72.7123527216182], [81.77607527562233, 74.30154737995866], [81.66128180539862, 75.8867167875962], [81.41256566910832, 77.456450918084], [81.03062167656472, 78.99917857811076], [80.51638143490875, 80.50297156731179], [79.87126526396304, 81.95541500655123], [79.09748157448331, 83.34355867608852], [78.19836396049953, 84.65397065992833], [77.17872372991933, 85.87291697391355], [76.04517923907527, 86.98668573841164], [74.80640693005732, 87.98205839679953], [73.47324933143804, 88.84690234090439], [72.05862118680324, 89.57082332886972], [70.57718239195802, 90.14578348976111], [69.04479327605547, 90.56657713045637], [67.47782014662889, 90.83107369138548], [65.89239663066007, 90.94018425752003], [64.30375315181045, 90.89756885924707], [62.72570129864197, 90.7091534729607], [61.17031496647454, 90.38255106119945], [59.64780476731058, 89.92647732522866], [58.16655047793814, 89.35022810876484], [56.7332426004784, 88.66325509330332], [55.35308525515242, 87.8748499178681], [54.0300220286164, 86.99392897085397], [52.766958398796376, 86.02890196598054], [51.565965188823895, 84.9876048334061], [50.42845572305495, 83.87727875204189], [49.355334857271195, 82.70458026063201], [48.347121216301, 81.47561084152628], [47.404045587215045, 80.19595757738172], [46.52612896829182, 78.87073907051968], [45.71324375262776, 77.50465279977789], [44.96516120217901, 76.10202152862983], [44.28158792446102, 74.66683736432145], [43.66219361006078, 73.20280275254082], [43.10663186217738, 71.71336812641847], [42.614555578847366, 70.20176619327111]], {"i0": 0.1099524267395456, "spread": 0.012747965982986715, "falloff": 0.01}], [[[54.29592153679401, 62.10179035059471], [54.34458863794679, 60.68815208004604], [54.481315281297825, 59.280297550973], [54.705290562477614, 57.88366399511443], [55.01569933384265, 56.503666280585314], [55.41167112973854, 55.14574629063723], [55.892223128563025, 53.815408094370504], [56.45619773515277, 52.51823840331133], [57.10219581683744, 51.25991122564096], [57.82850731348289, 50.04617528991253], [58.6330418218023, 48.88282279182874], [59.51326274871369, 47.77563840974386], [60.46612960040505, 46.73032841504003], [61.48805372584394, 45.752431101358034], [62.57487311973924, 44.84721160617832], [63.72185147817009, 44.01954631222572], [64.92370540202393, 43.27380405768135], [66.17466146025795, 42.61373293091286], [67.46854194313553, 42.042362033540215], [68.79887498512518, 41.5619269535261], [70.15902188650918, 41.17382572688104], [71.54231248657335, 40.87860903852437], [72.9421787395363, 40.67600482361568], [74.3522773309957, 40.56497395765012], [75.76659403772611, 40.54379095129109], [77.17952512766821, 40.610141910768206], [78.58593389153356, 40.76123157278838], [79.98118289644005, 40.99389184686046], [81.36114446325018, 41.304685640592076], [82.72219304752502, 41.69000145780577], [84.06118369151328, 42.14613599711954], [85.37542066904476, 42.66936350943532], [86.66262000932694, 43.25599187927497], [87.92086897420583, 43.90240623701778], [89.14858487550639, 44.605101423530186], [90.34447496847702, 45.36070487336714], [91.50749859450451, 46.16599153508659], [92.63683228068687, 47.01789236595733], [93.73183815392919, 47.91349778572607], [94.79203577079122, 48.850057286709465], [95.81707728633758, 49.82497619983865], [96.80672577732841, 50.83581043610154], [97.76083646516395, 51.880259850104025], [98.67934055963585, 52.956160737387194], [99.56223143293502, 54.061477850603715], [100.40955284507443, 55.19429622687058], [101.22138895844975, 56.35281303905987], [101.99785590188097, 57.535329621886895], [102.73909466931171, 58.74024377571009], [103.44526516389044, 59.966042418672906]], {"i0": 0.05774611250185051, "spread": 10.067594979397438, "falloff": 0.4675588586626133}]], "disk": {"i0": 0.2768804379154062, "n": 1.0, "c": 2.0, "mu": [69.84380306168322, 68.72474046129484], "roll": 2.0795666677066427, "rEff": 38.01744908971452, "axRatio": 0.8337148971812258}, "bulge": {"i0": 0.11040805807448693, "n": 0.5336191098768923, "c": 2.0, "mu": [69.63945967076013, 69.59640026046948], "roll": 1.8855773744320636, "rEff": 11.175557478609099, "axRatio": 0.838133959318754}, "bar": null}