{"disk": {"I": 0.07460157742619217, "Re": 19.23449201163384, "c": 2.0, "mux": 63.159653984324386, "muy": 62.41516662807152, "n": 1.0, "q": 0.7767986426859969, "roll": 2.3818148777142762}, "bulge": {"I": 1.142836755393668, "Re": 2.206342090106131, "c": 2.0, "mux": 63.47783817565805, "muy": 62.84304799688551, "n": 4.513181942765362, "q": 0.12758290400721406, "roll": 1.057786713199586}, "bar": null, "spiral": [[[[66.98435967068279, 55.60399139149996], [67.96473520527387, 55.95934283541219], [68.90670428757589, 56.406766202227836], [69.80393635546142, 56.93830377213796], [70.65105274901336, 57.546580462211644], [71.44335815251101, 58.224736573799696], [72.17664010676681, 58.96633471133096], [72.84702337318197, 59.76525560096203], [73.45086864700302, 60.61559081192109], [73.98470806523592, 61.511536681743166], [74.44521257173116, 62.447292007822696], [74.82918828484416, 63.4169616122874], [75.1336004699316, 64.41446829289812], [75.35562447052085, 65.43347665981656], [75.49272287970861, 66.46733368035537], [75.54274720213381, 67.50903211911087], [75.50406017375974, 68.55120406582053], [75.37567183166529, 69.58615186178962], [75.15737868887503, 70.60592238874519], [74.84989172052296, 71.60242739343585], [74.45493637477597, 72.56760721656728], [73.97530777684439, 73.49362853961814], [73.41486759867637, 74.37309991125812], [72.77847584633506, 75.19928373417544], [72.0718599658122, 75.96628187086844], [71.30143307008206, 76.66917496687662], [70.47408032349388, 77.30410251741331], [69.59693577989529, 77.86827981660953], [68.67717079830769, 78.35995686447899], [67.72181044063151, 78.77833099649705], [66.73758772448261, 79.12342841813843], [65.73083906105252, 79.39597002082957], [64.70743893539985, 79.5972347124322], [63.67276847765426, 79.72893011371868], [62.631710956109806, 79.79307689995753], [61.58866701959278, 79.79190992446794], [60.54758321349038, 79.72779687623945], [59.51198841257304, 79.60317363595576], [58.485034069235844, 79.42049457928994], [57.46953531243725, 79.18219567893344], [56.46801090685956, 78.89066819668591], [55.482720831232065, 78.54824090290565], [54.51570078889241, 78.15716900670964], [53.568793360440026, 77.71962826619242], [52.64367575321162, 77.237713020672], [51.7418842781582, 76.713437144928], [50.864835764323374, 76.14873713731527], [50.013846170448254, 75.54547673611773], [49.19014666392865, 74.90545260369557], [48.39489742952621, 74.23040073321813]], {"I": 0.010409449961111048, "falloff": 0.1842949223107804, "spread": 0.2629632517008681}]]}