{"spiral": [], "disk": {"i0": 0.17026708975421556, "n": 1.0, "c": 2.0, "mu": [102.88595727467809, 100.94712962432207], "roll": 2.3546547604731956, "rEff": 13.09064625222566, "axRatio": 0.40617609195563287}, "bulge": {"i0": 0.32617863322007573, "n": 1.7296674536756738, "c": 2.0, "mu": [102.98707713979955, 101.22803157029699], "roll": 2.0555966361487616, "rEff": 3.7139897753445643, "axRatio": 0.9157742510643069}, "bar": null}