{"disk": {"mux": 96.13989196586684, "muy": 95.51818153256872, "roll": 0.06672564756888483, "Re": 28.465630561258838, "q": 0.7122628493295798, "I": 0.12952205490005073, "n": 1.0, "c": 2.0}, "bulge": {"mux": 95.3343173864183, "muy": 94.65544465114017, "roll": 0.25558647067751983, "Re": 6.213801973632244, "q": 0.3410091847982965, "I": 0.17225004759240312, "n": 0.5876535066854792, "c": 2.0}, "bar": null, "spiral": []}