{"spiral": [[[[106.70294064210078, 91.34405551152858], [106.98586654073924, 91.90011868576568], [107.23453510450602, 92.47231837645963], [107.44735743592821, 93.05879167110963], [107.62293419471798, 93.65746813173521], [107.76010425623502, 94.26609149611579], [107.85798870980041, 94.88225302649543], [107.9160262950955, 95.50343542633557], [107.93399681520629, 96.1270649284015], [107.9120300809591, 96.75056804299933], [107.85059940241185, 97.37142878640879], [107.75050028950955, 97.98724214579407], [107.61281654197663, 98.5957600924553], [107.43887702475368, 99.19492749725838], [107.23020697843569, 99.78290659733898], [106.9884776849368, 100.35808994888], [106.71545780950056, 100.91910286797497], [106.4129689470341, 101.46479708474794], [106.08284700665831, 101.99423769065164], [105.72691022798983, 102.50668549628612], [105.34693393335179, 103.00157672360506], [104.94463162270547, 103.47850163256042], [104.52164170903208, 103.93718330887754], [104.07951904142125, 104.3774574783415], [103.61973033145418, 104.7992538978293], [103.14365264489955, 105.20257962086454], [102.65257421269071, 105.58750424594363], [102.14769692692789, 105.95414712366953], [101.63014000160794, 106.30266641366879], [101.10094438600547, 106.63324983250673], [100.56107761101113, 106.94610691151996], [100.01143882982923, 107.24146257762553], [99.45286387828814, 107.51955187696237], [98.88613023162495, 107.78061567423072], [98.31196177489244, 108.02489717715021], [97.73103333390267, 108.25263915325861], [97.14397493678051, 108.46408172374379], [96.55137579229299, 108.65946063547064], [95.95378798316987, 108.839005927314], [95.3517298802291, 109.00294092008295], [94.74568928896431, 109.15148147091483], [94.13612634333145, 109.28483544291508], [93.52347616341044, 109.40320234927947], [92.9081512944374, 109.50677313827757], [92.29054394465516, 109.59573009140712], [91.67102803952847, 109.67024681227942], [91.04996110831003, 109.7304882876039], [90.42768601890948, 109.77661100552717], [89.80453257521197, 109.808763119073], [89.18081899063183, 109.82708464523601]], {"i0": 0.007502797121451452, "spread": 0.49217365212448355, "falloff": 1.0049768514475135}]], "disk": {"i0": 0.1873081429277156, "n": 1.0, "c": 2.0, "mu": [92.72805481181958, 93.22196238195092], "roll": 3.1053105600673017, "rEff": 45.240014080756964, "axRatio": 0.6138385792917826}, "bulge": {"i0": 0.42915216866982187, "n": 0.9133574372398847, "c": 2.0, "mu": [93.1916929334198, 92.17521239089162], "roll": 2.5934224130453156, "rEff": 5.967694527410996, "axRatio": 0.9004764715522219}, "bar": null}