{"spiral": [], "disk": {"i0": 0.17713422199213014, "n": 1.0, "c": 2.0, "mu": [79.87751471438446, 78.39743872873868], "roll": 2.328567680695203, "rEff": 36.47302908894311, "axRatio": 0.6107258564940832}, "bulge": {"i0": 0.003665663542731315, "n": 9.407650985413257, "c": 2.0, "mu": [79.68549238703366, 78.35998051569321], "roll": 2.361635332427863, "rEff": 36.39394388032896, "axRatio": 0.1545776625249182}, "bar": null}