{"disk": {"I": 0.09873285759850745, "Re": 19.809024159735515, "c": 2.0, "mux": 74.44535795531665, "muy": 74.6504526149799, "n": 1.0, "q": 0.8321345518599134, "roll": 1.4666961387038648}, "bulge": {"I": 0.46505836872326595, "Re": 1.950967321799053, "c": 2.0, "mux": 74.50672192986718, "muy": 74.54561834969793, "n": 1.0398414290078843, "q": 0.8065613580676029, "roll": 1.1143786469324686}, "bar": null, "spiral": []}