{"disk": {"I": 0.1701714078904601, "Re": 21.971507149043504, "c": 2.0, "mux": 76.14300846725185, "muy": 75.26687287028493, "n": 1.0, "q": 0.8845817345162502, "roll": 1.6493354247973835}, "bulge": {"I": 10.97575782152142, "Re": 0.30256133741039043, "c": 2.0, "mux": 78.40386218752067, "muy": 76.61347765644658, "n": 5.114389895056619, "q": 0.08832666878226476, "roll": 1.8370961546508444}, "bar": null, "spiral": []}