{"spiral": [], "disk": {"i0": 0.23613965605560971, "n": 1.0, "c": 2.0, "mu": [60.80543548004334, 61.07532440131942], "roll": 0.7694618724492058, "rEff": 31.316389797720618, "axRatio": 0.7173223349958942}, "bulge": {"i0": 1.1513248658409214, "n": 0.3525115390140236, "c": 2.0, "mu": [60.77321710199439, 60.865927757065464], "roll": 0.6578584537701935, "rEff": 2.625487989886713, "axRatio": 0.9763914541240356}, "bar": null}