{"disk": {"I": 0.2173819105689534, "Re": 13.862191789237798, "c": 2.0, "mux": 47.767145699129486, "muy": 47.7361979528462, "n": 1.0, "q": 0.536664058789065, "roll": 0.7379912118054559}, "bulge": {"I": 0.922320089911945, "Re": 1.219779360127141, "c": 2.0, "mux": 48.066795622266284, "muy": 48.32690811226096, "n": 0.993267234286144, "q": 0.2953088522829669, "roll": 0.6768292661027291}, "bar": null, "spiral": []}