{"disk": {"I": 0.06882086807831624, "Re": 33.33923479799582, "c": 2.0, "mux": 126.28238847022642, "muy": 125.76378093193787, "n": 1.0, "q": 0.882777620381465, "roll": 0.1471056274443363}, "bulge": {"I": 0.26413887606596975, "Re": 4.033133070319489, "c": 2.0, "mux": 126.6219060206906, "muy": 125.75760894301827, "n": 1.0058352981550502, "q": 0.848181254525389, "roll": 0.24894379152531876}, "bar": null, "spiral": []}