{"spiral": [], "disk": {"i0": 0.20625477424424635, "n": 1.0, "c": 2.0, "mu": [75.60790121179261, 74.36336082748764], "roll": 1.0958491688622385, "rEff": 40.40800646520019, "axRatio": 0.8064732478631604}, "bulge": {"i0": 0.33407498992964535, "n": 1.8091898472302057, "c": 2.0, "mu": [75.32972359539005, 74.29402121967352], "roll": 1.4289818421326734, "rEff": 5.532373154046001, "axRatio": 0.8863711892672678}, "bar": null}