{"disk": {"I": 0.20801053800921104, "Re": 10.121266581128026, "c": 2.0, "mux": 86.65764028421886, "muy": 87.17569927284839, "n": 1.0, "q": 0.43819760637350225, "roll": 1.1341560900785497}, "bulge": null, "bar": null, "spiral": []}