{"disk": null, "bulge": {"mux": 130.48828450089115, "muy": 130.76953377362202, "roll": 0.708751535751873, "q": 0.7657056186538399, "n": 1.0, "c": 2.0}, "bar": {"mux": 130.72915733447516, "muy": 130.51935293132715, "roll": 2.126360401867735, "q": 0.31452872794327674, "n": 1.0, "c": 2.0}, "spiral": []}