{"disk": {"I": 0.021278199370764823, "Re": 17.907845777961803, "c": 2.0, "mux": 49.453243831700945, "muy": 47.21575097359904, "n": 1.0, "q": 0.1972350580966124, "roll": 2.9406755303728036}, "bulge": {"I": 0.10150941977125447, "Re": 12.360001502951249, "c": 2.0, "mux": 49.06906560382183, "muy": 48.12475662003444, "n": 1.4061871417664422, "q": 0.9514723843554953, "roll": 0.7482993668023613}, "bar": null, "spiral": []}