{"spiral": [[[[53.632892936915965, 64.03165506101467], [52.98393560992759, 63.56907010255908], [52.35122463027123, 63.08449845129012], [51.73523434014706, 62.57884016478903], [51.136513485094966, 62.05284746665059], [50.555695911797294, 61.50714993114483], [49.99351202509092, 60.94227537812904], [49.45080155878175, 60.358667882891744], [48.92852815202169, 59.756704074976774], [48.4277961988327, 59.13670879021073], [47.949870430260376, 58.498971134495385], [47.496198675768376, 57.84376211048725], [47.06843820548562, 57.171355153647276], [46.66848593654886, 56.48205123373533], [46.298512529358604, 55.77621061552307], [45.96099989816339, 55.05429394551396], [45.65878075094965, 54.31691602115461], [45.395077210129365, 53.5649163215288], [45.17353300905222, 52.79945091241217], [44.99822980410338, 52.022110198300055], [44.87367246746903, 51.23506525312461], [44.80472098884266, 50.441240565397656], [44.79643929465807, 49.644500826382476], [44.85382802352132, 48.84982192610017], [44.98141698580075, 48.06339223718551], [45.18272409572527, 47.29256721313661], [45.459646337121306, 46.54559680604032], [45.81192054701252, 45.831085813207416], [46.23683405468906, 45.15724089244624], [46.72932513780252, 44.53106942148743], [47.28248288441485, 43.95775005874039], [47.88830405734428, 43.44033981540597], [48.538487747612216, 42.97984690217442], [49.225083436720034, 42.57557203884687], [49.94090775636309, 42.225569527647664], [50.679738458590066, 41.9271018610782], [51.43634343437374, 41.67701613892494], [52.206410885757606, 41.47202007110826], [52.98643334792801, 41.30886525101366], [53.77357973532905, 41.18445746186679], [54.565574061653656, 41.09591505768541], [55.360589106651986, 41.04059303566349], [56.15715726311182, 41.01608585815424], [56.95409777669132, 41.020218015030956], [57.75045830638053, 41.051028178360475], [58.54546842566224, 41.106750607999786], [59.33850279639555, 41.185795981233674], [60.129052056409165, 41.28673287836004], [60.91669979262971, 41.40827055096848], [61.70110430062864, 41.54924325674825]], {"i0": 0.07688703033993612, "spread": 0.48063635981779795, "falloff": 0.9928825683944921}]], "disk": {"i0": 0.12943890069938385, "n": 1.0, "c": 2.0, "mu": [60.236340635764485, 60.56787041903387], "roll": 2.4619088154452666, "rEff": 19.850279185361476, "axRatio": 0.3436714940486568}, "bulge": {"i0": 1.1084046809159227, "n": 1.6685804318545283, "c": 2.0, "mu": [60.67762574828086, 60.79210875750083], "roll": 2.4525550297154197, "rEff": 3.3819569711534783, "axRatio": 0.8384763876490358}, "bar": null}