{"disk": {"I": 0.005592163110947786, "Re": 73.12243219625945, "c": 2.0, "mux": 86.42263281255873, "muy": 85.91664421432927, "n": 1.0, "q": 0.2788227694569127, "roll": 1.3273885816340658}, "bulge": {"I": 0.06886653686937547, "Re": 18.86800963673203, "c": 2.0, "mux": 86.80043448966013, "muy": 85.6471965094978, "n": 2.2231975085239215, "q": 0.5939399808455638, "roll": 1.2610352053266443}, "bar": null, "spiral": []}