{"spiral": [[[[82.43125353893736, 91.89306520817223], [81.88788410168085, 91.29886633788763], [81.40046452911815, 90.65794354306854], [80.97052962462304, 89.97709982128856], [80.5989849494721, 89.26269441792464], [80.2862066722617, 88.5206598388131], [80.03212386954135, 87.75651992513063], [79.83628725838692, 86.9754079454945], [79.69792735840107, 86.18208421928612], [79.61600432856525, 85.38095310536411], [79.58925115269274, 84.5760793601769], [79.61621141728169, 83.77120394784511], [79.69527260505596, 82.96975940914045], [79.82469559119484, 82.17488489092658], [80.00264085600362, 81.3894409143474], [80.22719180463501, 80.61602393442581], [80.4963754961536, 79.85698071408868], [80.80818102399205, 79.1144225120314], [81.16057574853417, 78.39023906391704], [81.55151955515886, 77.68611232107519], [81.97897729330295, 77.00352990297412], [82.4409295404151, 76.34379821361802], [82.93538182680302, 75.70805517328715], [83.46037245177675, 75.09728251805842], [84.0139790165039, 74.51231762606933], [84.59432379489527, 73.95386483422139], [85.19957805821508, 73.42250621903007], [85.82796546481963, 72.91871182018454], [86.47776461983744, 72.44284929541199], [87.14731090360463, 71.99519300149247], [87.83499766143086, 71.5759325025056], [88.53927683912, 71.18518051396946], [89.25865914321817, 70.82298029425334], [89.99171379676879, 70.4893125005562], [90.73706795483763, 70.18410152942256], [91.4934058372786, 69.90722136442105], [92.25946763087704, 69.65850095469877], [93.03404820446197, 69.43772915131156], [93.81599567884862, 69.24465922590534], [94.60420988461027, 69.07901299935449], [95.39764073839768, 68.9404846059195], [96.19528656344178, 68.82874391862659], [96.99619237635223, 68.74343966064586], [97.79944815837572, 68.68420222672069], [98.60418712658638, 68.65064623737806], [99.40958401909838, 68.64237284715948], [100.21485340279936, 68.65897182790258], [101.01924801387815, 68.70002344558269], [101.82205713732809, 68.7651001487882], [102.6226050304288, 68.8537680854587]], {"i0": 0.12767564027359293, "spread": 3.3455389646034397, "falloff": 0.9534298615185337}], [[[102.07844841924484, 84.92601875663823], [102.71336646092384, 86.08804821066366], [103.23647590449524, 87.30452860634996], [103.64470000097481, 88.56423226600712], [103.93602253811672, 89.85599914520037], [104.10945551677096, 91.16881305376782], [104.16500379683526, 92.49187830114987], [104.10362467255082, 93.8146961919052], [103.92718080549433, 95.12714014841656], [103.638385535117, 96.41952778323866], [103.24074024892506, 97.68268800158548], [102.73846416150647, 98.90802118450995], [102.13641747117154, 100.08755067481864], [101.44001937401731, 101.21396412321303], [100.65516278630851, 102.28064371168739], [99.7881278283231, 103.28168479350056], [98.84549616083687, 104.21190302930387], [97.83406814454882, 105.06683058781664], [96.76078455477095, 105.8427024052478], [95.63265425242594, 106.536433805027], [94.45668883781836, 107.14559098012886], [93.2398449275242, 107.66835592676034], [91.98897432961809, 108.10348740362598], [90.7107820716043, 108.45027939584284], [89.41179197107907, 108.70851841154861], [88.09831923805672, 108.87844074959494], [86.77644945960245, 108.96069067030723], [85.45202323532635, 108.95628019590079], [84.1306256976438, 108.86655107356994], [82.81758015754869, 108.69313925677311], [81.51794514881695, 108.43794211179794], [80.23651419968432, 108.10308842895508], [78.9778177255558, 107.69091121958482], [77.74612651176693, 107.20392320086329], [76.54545632838189, 106.64479481559124], [75.37957329227059, 106.01633459496094], [74.25199966074307, 105.32147164815267], [73.1660198025504, 104.56324005112407], [72.12468614975727, 103.74476490337433], [71.13082498511889, 102.86924982549972], [70.18704195988377, 101.9399656809142], [69.29572727742212, 100.96024031717066], [68.45906051006017, 99.93344913844378], [67.67901504077984, 98.8630063389148], [66.95736214604804, 97.7523566448101], [66.29567475310603, 96.60496743236732], [65.69533091940696, 95.42432110837582], [65.15751709284221, 94.21390765922571], [64.683231218268, 92.97721729328099], [64.27328576292336, 91.717733119743]], {"i0": 0.0341358098997638, "spread": 6.619988518422766, "falloff": 0.01}], [[[101.35184344197435, 84.84391864779579], [102.14829162471968, 85.60798933281728], [102.88706209326432, 86.4279831061409], [103.56637596510213, 87.29788993860863], [104.18493953075304, 88.21200940987734], [104.74187956066028, 89.16494178328153], [105.23668849632257, 90.1515779012751], [105.66917767524627, 91.16708860444062], [106.03943710071779, 92.20691410138417], [106.34780056428339, 93.26675353443105], [106.59481516852094, 94.34255486612297], [106.7812144912732, 95.43050513551353], [106.90789478764177, 96.52702108677231], [106.97589375028117, 97.62874014674506], [106.98637144680545, 98.73251171467066], [106.94059313199196, 99.83538872443101], [106.83991369335152, 100.9346194399225], [106.68576353747906, 102.02763944969783], [106.47963576209077, 103.1120638332397], [106.22307448769749, 104.18567947799067], [105.91766424522737, 105.24643753310039], [105.56502033293543, 106.29244599214513], [105.16678006876019, 107.32196240278107], [104.7245948737764, 108.33338670512097], [104.24012312962263, 109.32525420466672], [103.71502375803087, 110.29622868773303], [103.15095047454102, 111.24509568939277], [102.54954667144497, 112.17075592435609], [101.91244088729947, 113.07221889191143], [101.24124282227116, 113.94859666514937], [100.53753986011945, 114.79909787447032], [99.80289405927317, 115.62302189354742], [99.03883957633977, 116.41975323625965], [98.24688048773578, 117.18875616869202], [97.42848897548689, 117.92956954213571], [96.58510384549803, 118.64180184904978], [95.71812934782864, 119.3251265034332], [94.82893427023848, 119.9792773453101], [93.9188512775063, 120.60404436828738], [92.98917647131361, 121.19926966687146], [92.0411691464616, 121.76484360025377], [91.07605172151673, 122.30070116733252], [90.09500982275723, 122.80681858802076], [89.09919250274487, 123.28321008413083], [88.08971257582984, 123.72992485328389], [87.0676470545531, 124.14704422863741], [86.03403767251781, 124.53467901678239], [84.98989147990719, 124.8929670065314], [83.93618150028071, 125.22207064023094], [82.87384743744657, 125.52217484006316]], {"i0": 0.017093522505155397, "spread": 4.672781806736879, "falloff": 0.01}]], "disk": {"i0": 0.13980112945040232, "n": 1.0, "c": 2.0, "mu": [89.86770377136519, 89.43509393664634], "roll": 1.1384518097893732, "rEff": 55.15250074102284, "axRatio": 0.7701073758159804}, "bulge": {"i0": 0.031341552664381676, "n": 0.4251543606761842, "c": 2.0, "mu": [88.09063720703125, 65.0491943359375], "roll": 2.5865969262512065, "rEff": 57.86268206765306, "axRatio": 0.5541771264064734}, "bar": {"i0": 0.25908078713099125, "n": 0.5025151582874727, "c": 2.3393265480088132, "mu": [90.89297645726766, 89.57101371963599], "roll": 0.397770846578425, "rEff": 6.905667452028249, "axRatio": 0.48627136702048535}}