{"disk": {"mux": 49.453243766030525, "muy": 47.21575699419653, "roll": 2.940672524712551, "Re": 14.866564691659036, "q": 0.8642446196390734, "I": 0.06410771723684781, "n": 1.0, "c": 2.0}, "bulge": {"mux": 49.173814340722195, "muy": 48.162623434594124, "roll": 1.9073909075231625, "Re": 7.59598310433807, "q": 1.2440349151238566, "I": 0.060945623782528616, "n": 2.1936446939827876, "c": 2.0}, "bar": null, "spiral": []}