{"spiral": [], "disk": {"i0": 0.2397428953696008, "n": 1.0, "c": 2.0, "mu": [77.60142792502756, 79.18782948900562], "roll": 0.2712197883730506, "rEff": 38.44460727430878, "axRatio": 0.5221579602309907}, "bulge": {"i0": 0.46387170846713033, "n": 1.0682631428089653, "c": 2.0, "mu": [78.10258910971542, 77.67475649196426], "roll": 2.442666811051813, "rEff": 4.543798528112435, "axRatio": 0.9628883879074338}, "bar": {"i0": 0.053004572288578, "n": 3.1230053421205812, "c": 4.076937657490797, "mu": [77.98548799962602, 77.83970892070731], "roll": 2.3367793209909973, "rEff": 8.505570423722201, "axRatio": 0.06739234623397912}}