{"spiral": [[[[77.79424487607946, 90.12057551239204], [77.51187280030832, 89.042012543194], [77.43591911756121, 87.92956300749266], [77.55650646983491, 86.82081625380735], [77.85160517891448, 85.74499439280872], [78.29456252009052, 84.72088039510528], [78.85962094911258, 83.7585100676439], [79.52448478423676, 82.86200615557884], [80.27087623126812, 82.03201169179175], [81.08416167621398, 81.26734068558561], [81.9526987923483, 80.5659726946159], [82.86719220833416, 79.92561134309823], [83.82015197423948, 79.34398157637762], [84.80546712032617, 78.81897863901554], [85.818078784899, 78.3487357280632], [86.85373167628376, 77.9316483743379], [87.9087846159811, 77.56637671242267], [88.98006474847587, 77.25183723011224], [90.06475370405917, 76.98719024562546], [91.16029698443477, 76.77182638754657], [92.2643300932735, 76.6053537001138], [93.37461656988428, 76.48758606743908], [94.48899425436568, 76.41853311558599], [95.60532694043707, 76.3983914227067], [96.72145915634236, 76.42753663294755], [97.83517222819312, 76.50651586986265], [98.94414008808693, 76.6360396177275], [100.04588353757137, 76.81697197465662], [101.13772193191323, 77.05031782257538], [102.21672155426026, 77.33720501144535], [103.27964041508861, 77.6788590740542], [104.32286990307293, 78.07656730597878], [105.3423748269273, 78.53162828101807], [106.33363502368775, 79.0452821640846], [107.29159411113619, 79.61861676509612], [108.21062414289946, 80.25244457971883], [109.08451884984217, 80.9471477668329], [109.90653214818892, 81.7024919690958], [110.66948138385031, 82.51741695435376], [111.36593402710896, 83.38982249750785], [111.98848926880521, 84.31638047357194], [112.53014980872264, 85.29241507210413], [112.98475459928773, 86.31189617000351], [113.34741628991705, 87.3675797234824], [113.61488883041312, 88.45130133758863], [113.78579297732878, 89.55439133196688], [113.86065466642712, 90.66814613502979], [113.84175497732772, 91.7842768526174], [113.73283291395732, 92.89526733795246], [113.5387072767048, 93.99460413596647]], {"i0": 0.022233508582991772, "spread": 0.23795757246783386, "falloff": 0.01}], [[[98.40713507190816, 84.07479839167115], [99.76432772412704, 85.08326775024496], [100.87905038048386, 86.35346904700664], [101.66163275900001, 87.85045613332427], [102.04438975386648, 89.49556258569845], [102.01504208001134, 91.18498164893734], [101.61728276822724, 92.82817872783265], [100.92054946397322, 94.36955172332964], [99.99239201213966, 95.7844389675662], [98.88739880059187, 97.06653129756663], [97.6466322578819, 98.2181237110949], [96.30041025784804, 99.24473839779084], [94.87126423404455, 100.15258357699152], [93.37625110729996, 100.94746893115266], [91.82860191637683, 101.63439932274643], [90.23886813989597, 102.21746630135948], [88.6157213294974, 102.69986164456535], [86.96652130672616, 103.08393416504559], [85.29773187343828, 103.37125570658542], [83.61523702660693, 103.56268267730836], [81.92459354345895, 103.65840890697744], [80.23124478833684, 103.65801012857065], [78.54071360041648, 103.56048286836612], [76.85878760835672, 103.36428240686855], [75.19170721961679, 103.06736646696291], [73.54636390755036, 102.66725397811129], [71.93051341525432, 102.1611118938219], [70.35300386110328, 101.54588787069119], [68.82401100636847, 100.81851229612806], [67.3552600794768, 99.9761985220272], [65.96019357752792, 99.01687211482948], [64.65401702908039, 97.93975247646358], [63.45352411184396, 96.74608394893309], [62.376583261008854, 95.43995855072616], [61.44118758905395, 94.02908784905394], [60.66406154726841, 92.5252914296326], [60.058989899046495, 90.94443455910653], [59.63522929114426, 89.30564061976226], [59.396452941393385, 87.62983834784283], [59.3405561952824, 85.93797413847521], [59.46034845483029, 84.24935295206916], [59.74485368534012, 82.58047975853515], [60.18080982043706, 80.94453655945954], [60.75402196208014, 79.35140717165217], [61.45038689628878, 77.80805247411199], [62.256557090298, 76.31904001211646], [63.16030046800047, 74.88708862019114], [64.15064137727646, 73.51355253087901], [65.21786257076306, 72.19881661068565], [66.3534289781015, 70.94260196051265]], {"i0": 0.01356076108879267, "spread": 0.6826726215503056, "falloff": 0.01}]], "disk": {"i0": 0.14513930976606657, "n": 1.0, "c": 2.0, "mu": [88.93278244566368, 87.07970857548199], "roll": 0.16411233189873414, "rEff": 34.66440556946823, "axRatio": 0.48486000006600727}, "bulge": {"i0": 0.1675148307188219, "n": 1.9833596588839573, "c": 2.0, "mu": [88.98208337608226, 88.65343098650077], "roll": 0.06974057240631898, "rEff": 3.543190325316566, "axRatio": 0.6764932049311718}, "bar": {"i0": 0.41278833770156903, "n": 0.8749318990495132, "c": 2.2818815924450155, "mu": [89.45649510373899, 88.3602076686577], "roll": 3.0710575873150154, "rEff": 3.922312928944905, "axRatio": 0.39286318349716837}}