{"spiral": [[[[57.463651112088584, 66.74526084290284], [57.14203454337399, 66.73422460342935], [56.820913938992234, 66.71323665762152], [56.500601111513234, 66.68227589875566], [56.181409444613, 66.64134284566936], [55.86365212101593, 66.59045967678375], [55.54764036669629, 66.52967001845397], [55.23368174541555, 66.45903849366955], [54.9220785358535, 66.37865004363773], [54.61312622058866, 66.28860904068968], [54.30711211217886, 66.18903821598421], [54.004314136797355, 66.08007742946928], [53.70499979067665, 65.96188231219686], [53.409425279166506, 65.83462281260017], [53.117834842697334, 65.6984816787185], [52.830460269199065, 65.55365290713706], [52.54752058757121, 65.40034018799659], [52.26922193339039, 65.23875537237934], [51.99575757452121, 65.0691169855337], [51.72730808224059, 64.89164880564086], [51.464041631854364, 64.70657852422511], [51.20611441590917, 64.51413650063812], [50.953671153000904, 64.31455461951246], [50.706845675524214, 64.10806525686476], [50.46576158052348, 63.89490035765044], [50.230532928960685, 63.675290625092536], [50.00126498010809, 63.449464820048846], [49.7780549493114, 63.21764916703977], [49.560992778976775, 62.98006686231369], [49.350161914247494, 62.73693767844915], [49.145640076404604, 62.48847765943914], [48.947500028507655, 62.234898899927444], [48.755810329197196, 61.976409402255136], [48.57063607183246, 61.713213005146436], [48.39203960726683, 61.4455093781703], [48.22008124963076, 61.17349407665341], [48.054819965338766, 60.89735865220354], [47.89631404638446, 60.617290814742475], [47.7446217696616, 60.333474642614114], [47.59980204468862, 60.04609083813235], [47.46191505267265, 59.755317026764736], [47.33102288035923, 59.461328099020214], [47.2071901525963, 59.164296595050175], [47.09048466799923, 58.864393132974925], [46.98097804256387, 58.56178688303483], [46.87874636655439, 58.25664609086123], [46.78387088045657, 57.94913865449771], [46.69643867637404, 57.639432761302515], [46.61654343178081, 57.32769759260428], [46.544286183220976, 57.01410410599357]], {"i0": 0.01, "spread": 0.5, "falloff": 1.0}]], "disk": null, "bulge": {"i0": 0.04570991406252471, "n": 3.392406218409943, "c": 2.0, "mu": [51.37011305209649, 51.089067720352894], "roll": 1.7801645457480366, "rEff": 3.560087495764921, "axRatio": 0.03900511545125746}, "bar": {"i0": 0.19213210842436687, "n": 4.313426908578316, "c": 3.6991967139609936, "mu": [51.044221078739156, 51.29820086155711], "roll": 1.1539694085535972, "rEff": 11.045970180422547, "axRatio": 0.6785655148419818}}