{"disk": {"I": 0.072261171696328, "Re": 19.250267733693214, "c": 2.0, "mux": 70.33140223412622, "muy": 69.49466688637318, "n": 1.0, "q": 0.9958703373480369, "roll": 1.8401231034336618}, "bulge": {"I": 0.0, "Re": 0.0, "c": 2.0, "mux": 70.6500714384557, "muy": 69.37747388983507, "n": 0.3630580112791925, "q": 0.01, "roll": 0.33510066825895624}, "bar": {"I": 0.2625292832652303, "Re": 4.206137860115394, "c": 2.1007784781963075, "mux": 70.60310322375896, "muy": 69.85871158510915, "n": 2.159675988983659, "q": 0.31202611260468477, "roll": 0.2264689081563831}, "spiral": [[[[50.42390538215833, 56.17573656805584], [50.971412322285204, 55.741870710347825], [51.53018542845295, 55.322615128040056], [52.099988941189125, 54.918479325686015], [52.68056573430411, 54.52998028369774], [53.271636033479595, 54.15764184426078], [53.87289610009027, 53.80199398093218], [54.4840168868488, 53.46357194145957], [55.10464267358708, 53.14291525318866], [55.734389693072664, 52.840566580521276], [56.37284475849182, 52.557070424169424], [57.019563906421986, 52.2929716524941], [57.67407107068391, 52.048813856092224], [58.33585680481894, 51.82513751796279], [59.00437707302386, 51.62247799320468], [59.67905213122746, 51.441363294220885], [60.359265521811786, 51.28231167983413], [61.04436320738773, 51.14582904973625], [61.73365287013789, 51.03240614908217], [62.42640340423012, 50.942515591941316], [63.121844629242716, 50.876608716688295], [63.8191672520142, 50.83511229094584], [64.51752310364061, 50.8184250888421], [65.21602567605593, 50.8269143681909], [65.91375098004134, 50.86091228045487], [66.6097387423134, 50.92071225089203], [67.302993954712, 51.006565370909264], [67.99248878241033, 51.11867684817194], [68.67716483131919, 51.257202562866105], [69.35593576720856, 51.42224578004161], [70.02769027091531, 51.61385406816372], [70.6912953056356, 51.832016472987135], [71.34559966359485, 52.07666099238343], [71.98943775141944, 52.34765239340863], [72.62163356599413, 52.64479040639479], [73.24100480616168, 52.96780832273091], [73.84636706060648, 53.31637201372736], [74.43653800886989, 53.69007937737663], [75.01034157098782, 54.088460208368126], [75.56661194172432, 54.510976475491944], [76.10419744800909, 54.957022978340355], [76.6219641727575, 55.425928344411865], [77.11879929469555, 55.916956317211344], [77.59361410188295, 56.42930727670846], [78.0453466460503, 56.96211992564794], [78.47296401527659, 57.514473068943694], [78.87546421356775, 58.08538740880365], [79.2518776473902, 58.67382727501357], [79.60126823066325, 59.27870220828794], [79.9227341310329, 59.898868314264426]], {"I": 0.007321767923598023, "falloff": 0.03656658795031643, "spread": 1.253439224224971}], [[[91.62951928734698, 74.0036943673215], [91.31061624478646, 74.69214717849962], [90.97075326670219, 75.37049698145258], [90.60998765179555, 76.03796403991038], [90.22839687539037, 76.6937470152274], [89.826080523304, 77.3370222539568], [89.40316242490852, 77.96694314274941], [88.95979299719085, 78.58263955319582], [88.49615181199545, 79.18321740174704], [88.01245039714317, 79.76775835418876], [87.50893528043804, 80.33531970839483], [86.98589128321694, 80.8849344936496], [86.44364506680549, 81.41561182970294], [85.88256893118651, 81.92633759366333], [85.3030848587729, 82.41607544830406], [84.70566879090478, 82.88376828949576], [84.09085511415923, 83.3283401758173], [83.45924132552935, 83.74869880621641], [82.81149283193079, 84.14373861465431], [82.14834782671872, 84.51234455102774], [81.4706221703158, 84.85339661617654], [80.779214185051, 85.16577521422442], [80.07510925609608, 85.44836737716226], [79.35938411321098, 85.70007390409569], [78.63321064803819, 85.91981743966042], [77.89785910787894, 86.10655149330304], [77.15470049176385, 86.25927037190657], [76.40520796735801, 86.37701996392255], [75.65095712518723, 86.45890927369662], [74.89362489306828, 86.5041225611762], [74.13498695129975, 86.51193189775758], [73.37691351613051, 86.48170990355374], [72.62136340087656, 86.4129423922493], [71.87037631499037, 86.30524061565956], [71.1260634247594, 86.15835277941824], [70.39059626937792, 85.97217449439266], [69.66619420053594, 85.74675783969354], [68.95511058727291, 85.4823187450115], [68.25961809450823, 85.17924244939387], [67.58199339908838, 84.83808686446656], [66.9245017448328, 84.45958375309488], [66.28938175515914, 84.04463772881364], [65.67883091555811, 83.59432317921168], [65.094992108503, 83.10987931112663], [64.53994153221791, 82.59270360087213], [64.01567826545721, 82.04434400385003], [63.52411565849468, 81.46649032982491], [63.06707464139653, 80.86096522181991], [62.646278950049165, 80.22971518780727], [62.263352183256785, 79.57480212702255]], {"I": 0.09097780200968551, "falloff": 1.2872652995765197, "spread": 1.0282092659234396}]]}