{"spiral": [], "disk": {"i0": 0.14319295943302013, "n": 1.0, "c": 2.0, "mu": [66.43967069722984, 66.93674119385807], "roll": 1.4226286334006664, "rEff": 27.796491518328793, "axRatio": 0.7959215811937022}, "bulge": {"i0": 0.6896689859389242, "n": 1.205907900769062, "c": 2.0, "mu": [66.3906810693013, 66.65902682093832], "roll": 1.3419174148649564, "rEff": 4.978483254116745, "axRatio": 0.8523026607014171}, "bar": null}