{"spiral": [], "disk": {"i0": 0.18956785817136249, "n": 1.0, "c": 2.0, "mu": [62.92530855204635, 62.76107786176266], "roll": 1.1805955885411952, "rEff": 33.00983128419904, "axRatio": 0.6541319824347425}, "bulge": {"i0": 0.02653673087955609, "n": 6.1929506033449355, "c": 2.0, "mu": [62.728894947566324, 62.08397667592253], "roll": 1.357056457913753, "rEff": 17.49154538360156, "axRatio": 0.23971767138935593}, "bar": null}