{"disk": {"I": 0.10767287312773331, "Re": 19.45835264874796, "c": 2.0, "mux": 61.40994647344063, "muy": 62.630927780730524, "n": 1.0, "q": 0.5609284928547649, "roll": 1.1716933210388605}, "bulge": {"I": 3.1075939452421073, "Re": 0.6021389593577673, "c": 2.0, "mux": 61.41770401374814, "muy": 61.705932547743195, "n": 1.0758259728896626, "q": 0.32326586210036, "roll": 1.7325259748196211}, "bar": {"I": 0.7709779691110122, "Re": 1.8735657552767906, "c": 2.0233327969674852, "mux": 62.95285775640666, "muy": 61.695931228121935, "n": 1.3361740652256804, "q": 0.1322785955198553, "roll": 1.208204173253116}, "spiral": [[[[33.95741011355055, 64.97108176551065], [34.31151134269374, 63.93133209113691], [34.74055845081827, 62.920172142016064], [35.238282461163095, 61.94096178955271], [35.79849598716238, 60.99608365719629], [36.415291594714276, 60.08710432570779], [37.08316215289504, 59.214940417490595], [37.79706020819845, 58.38001179568484], [38.552413986541566, 57.58237329476133], [39.34511510378465, 56.821822659140956], [40.17148954428216, 56.09798596721614], [41.02826007546016, 55.41038351645682], [41.91250549819367, 54.75847965050444], [42.821620072033035, 54.14171987455557], [43.75327501477612, 53.55955818248276], [44.70538302596443, 53.011477011607965], [45.67606618343956, 52.49700175499894], [46.66362719296119, 52.015711337092334], [47.666523775144185, 51.56724601555299], [48.68334585656183, 51.15131329742083], [49.71279519358397, 50.767692653078726], [50.753667036670855, 50.4162395534946], [51.804833448955755, 50.096889244888715], [52.8652278995618, 49.809660595432916], [53.933830756555025, 49.554660293065055], [55.009655305150766, 49.33208764491738], [56.0917339012045, 49.14224020828515], [57.179103843208125, 48.98552048710739], [58.27079249534655, 48.86244393318688], [59.36580111878756, 48.773648516026604], [60.46308675641065, 48.719906152710195], [61.56154135772606, 48.70213632488101], [62.659967107747285, 48.72142224775624], [63.75704661326369, 48.77902998677271], [64.85130616885301, 48.87643092680735], [65.94106972587132, 49.01532795867525], [67.02440036269479, 49.197685598942485], [68.09902491558044, 49.42576391161854], [69.16223588566541, 49.70215536566778], [70.21076270025587, 50.029822315598544], [71.24060184154683, 50.412130061370796], [72.24679251030936, 50.85286540077873], [73.22312223084121, 51.35622155920319], [74.16174766423993, 51.9267147599814], [75.05272594751844, 52.56897224903479], [75.88348412524834, 53.28729460156468], [76.63833206759121, 54.08485425939628], [77.29827672317066, 54.962383896956695], [77.84161844727271, 55.91632687464515], [78.2459577266336, 56.93680941885312]], {"I": 0.006575718635549056, "falloff": 0.13850372299397695, "spread": 5.443388160382663}], [[[83.19536676681844, 45.76261229173378], [84.23409085322912, 46.75391038239941], [85.18965891629986, 47.82549347805172], [86.04629548678125, 48.97758433551567], [86.78643977685867, 50.2076372468729], [87.39166113223669, 51.509267765120676], [87.8443020217998, 52.87138676057848], [88.12975017368956, 54.278001495673074], [88.23882480779527, 55.70910752357753], [88.16943585026871, 57.14270594629837], [87.92680783861437, 58.55739047987131], [87.52219834046561, 59.93461696698593], [86.97071999928517, 61.25999385801579], [86.28909454930587, 62.52348922908002], [85.49390828372324, 63.7188816381684], [84.6005391037527, 64.84288645153981], [83.62265697277616, 65.89427317673098], [82.57210982754509, 66.87312756675078], [81.45902488468134, 67.78029678361656], [80.29200754075471, 68.61699863601864], [79.07836863244782, 69.3845575111877], [77.82434483256182, 70.08423010494624], [76.53529730889788, 70.71709107571009], [75.21588493592841, 71.28395649628925], [73.87021378386154, 71.78532934793206], [72.5019671645876, 72.22135593214877], [71.11452153566158, 72.59178508223263], [69.71105418085475, 72.89592387389408], [68.29464920807078, 73.13258430763754], [66.86840959458432, 73.30001547331878], [65.43558515161808, 73.39581500098924], [63.99973009802098, 73.4168122340384], [62.564910540862336, 73.3589135573981], [61.13599353406786, 73.2168979581976], [59.71906914653628, 72.98414913223581], [58.32209139248394, 72.6523127016182], [56.955883791977556, 72.21088312302659], [55.63575576987457, 71.64678307464746], [54.38412319873525, 70.94417650034391], [53.23463831987337, 70.08525231616154], [52.237912970639705, 69.0539081808352], [51.46616985970843, 67.84616421918241], [51.00626902610426, 66.48988633861704], [50.9259321534739, 65.06052724655777], [51.2296276113333, 63.66091805528353], [51.858592909621976, 62.37303865573419], [52.73320819560512, 61.23640560231683], [53.784940291802634, 60.2604498355076], [54.96372171733851, 59.44182538430162], [56.23447735958234, 58.77440607247628]], {"I": 0.0, "falloff": 0.21774229935636405, "spread": 0.0}]]}