{"spiral": [[[[79.0508235875441, 93.08375374427679], [77.5722602777451, 92.8025428626646], [76.12723097856092, 92.38145083512282], [74.72628680448379, 91.83106265278936], [73.37851723818113, 91.16084335415536], [72.0919686662107, 90.3794682125547], [70.87390107115836, 89.49509064920095], [69.73093569157712, 88.51555687527863], [68.66912658617169, 87.44857433634317], [67.69397796547973, 86.30183857718495], [66.81042317558261, 85.08312117618874], [66.02277818521681, 83.80032027071712], [65.33468099434545, 82.4614750066285], [64.74902762858657, 81.0747459411795], [64.2679146363837, 79.64836482361612], [63.8925968197851, 78.19055895604862], [63.623467069405486, 76.70945709537018], [63.46006265421208, 75.21298516983117], [63.401099385186285, 73.70876061230663], [63.44453210168065, 72.20399368245073], [63.5876373625256, 70.70540280457803], [63.82711240607881, 69.21914892777518], [64.15918355315434, 67.75079157068087], [64.57971726868438, 66.30526693954398], [65.08432788063544, 64.88688658732444], [65.66847723582417, 63.49935372720338], [66.32756304972747, 62.14579354466804], [67.05699415488682, 60.828793636781846], [67.85225209836766, 59.55045089530271], [68.70893949976532, 58.31242162717841], [69.62281624419167, 57.11597229675176], [70.58982496958566, 55.96202891845769], [71.60610747247073, 54.851223715565524], [72.66801366424484, 53.78393816378723], [73.77210459722119, 52.760341958381844], [74.91515092502574, 51.78042774012247], [76.09412796103845, 50.844041647085845], [77.3062083058789, 49.950909902118426], [78.54875283623073, 49.10066173355253], [79.81930066988167, 48.29284897941081], [81.11555859848188, 47.5269627314888], [82.4353903432404, 46.802447378172936], [83.77680590564565, 46.11871237979836], [85.13795120342533, 45.47514208613235], [86.51709812057334, 44.87110387499092], [87.91263505343602, 44.30595485915256], [89.32305800950009, 43.77904737827973], [90.74696226859602, 43.28973346498853], [92.18303462071147, 42.8373684470211], [93.63004616534899, 42.421313825163885]], {"i0": 0.0, "spread": 0.49910595512803446, "falloff": 0.999175843299319}], [[[95.71968925645899, 78.11614074664222], [96.69778749734758, 78.60997494881828], [97.64183979528903, 79.16614391644902], [98.54829258387133, 79.78170000709515], [99.41373003860124, 80.45370362711733], [100.23486136493509, 81.17918083846456], [101.00851974325877, 81.9550855164663], [101.73167152092219, 82.7782667320012], [102.40143435963665, 83.64544221358031], [103.015102981463, 84.55317887796618], [103.57018095298646, 85.49788145882671], [104.06441665330526, 86.47579017668687], [104.49584125137744, 87.4829881521619], [104.86280623867835, 88.51541886386106], [105.16401790175972, 89.56891340747684], [105.39856613924377, 90.63922667186205], [105.56594527586626, 91.72208088318109], [105.6660650097824, 92.81321437002362], [105.69925032069808, 93.90843296115764], [105.66622998759368, 95.00366121550918], [105.56811422675301, 96.0949907406187], [105.4063627415859, 97.17872317168938], [105.18274509696373, 98.25140591453103], [104.89929571645555, 99.30985941916329], [104.55826593455853, 100.3511954526923], [104.16207543967738, 101.3728265015371], [103.71326515508159, 102.37246697365967], [103.21445320137903, 103.34812726687346], [102.66829512425596, 104.29810199883919], [102.07744911730039, 105.22095377987654], [101.44454656294457, 106.11549386739024], [100.77216788158255, 106.98076092065621], [100.06282342758816, 107.81599889814281], [99.31893900240068, 108.62063493948148], [98.54284545377948, 109.39425788195481], [97.73677179171743, 110.1365978735962], [96.9028412501479, 110.84750739301495], [96.04306975673981, 111.52694385273058], [95.15936632080417, 112.17495386302912], [94.2535349085262, 112.79165915596069], [93.32727743624935, 113.37724411481976], [92.38219757115095, 113.93194481867752], [91.41980508433628, 114.45603948903859], [90.44152055129241, 114.94984021433268], [89.44868023655265, 115.41368582514367], [88.4425410368411, 115.84793579499981], [87.42428538575187, 116.25296504791332], [86.39502604981593, 116.62915956153715], [85.35581076476667, 116.97691266461568], [84.30762667735824, 117.29662193711364]], {"i0": 0.005702946361810945, "spread": 6.1607416176810865, "falloff": 0.01}]], "disk": {"i0": 0.18572714135531526, "n": 1.0, "c": 2.0, "mu": [83.59079186694497, 84.63142770338469], "roll": 1.6255074832747582, "rEff": 56.12385986582657, "axRatio": 0.9999985546780061}, "bulge": {"i0": 0.0, "n": 1.1513254759180866, "c": 2.0, "mu": [85.98982624686775, 86.21291319784832], "roll": 1.2058186822663264, "rEff": 45.66150945462623, "axRatio": 0.15451637758587025}, "bar": null}