{"disk": {"I": 0.14560574213551536, "Re": 26.50170141740166, "c": 2.0, "mux": 59.82272105551454, "muy": 70.22674865336577, "n": 1.0, "q": 0.3756652590626265, "roll": 0.5513935020333807}, "bulge": null, "bar": null, "spiral": []}