{"spiral": [], "disk": {"i0": 0.31930239514596076, "n": 1.0, "c": 2.0, "mu": [63.411226294089275, 63.309602903373964], "roll": 1.3594790808289812, "rEff": 7.51370240315595, "axRatio": 0.5459095347870062}, "bulge": {"i0": 1.0099664480963972, "n": 1.4057633936361469, "c": 2.0, "mu": [63.49563808607959, 63.227568269631476], "roll": 2.560939962740868, "rEff": 2.1193695293942403, "axRatio": 0.9165923232096368}, "bar": null}