{"disk": {"I": 0.07835979186263559, "Re": 29.080396440792327, "c": 2.0, "mux": 110.98752701875613, "muy": 109.971570981285, "n": 1.0, "q": 0.9359357019224321, "roll": 1.0542881967311488}, "bulge": {"I": 0.30825380111666567, "Re": 2.7181206609390496, "c": 2.0, "mux": 111.63569136592616, "muy": 111.4494689421589, "n": 0.2994564044783668, "q": 0.797669294771912, "roll": 0.746488059905203}, "bar": {"I": 0.1379310450951513, "Re": 6.098991827487733, "c": 2.3691065337828037, "mux": 112.90435121493007, "muy": 113.83316020759663, "n": 0.8247500225668517, "q": 0.6604172446236066, "roll": 0.36804841193741633}, "spiral": []}