{"spiral": [[[[160.08832272505487, 201.30623499105488], [156.00685665796934, 200.35293436549463], [151.98761974964395, 199.16419567362615], [148.04250612883675, 197.74870635932137], [144.18283687371746, 196.1145087425289], [140.41962117482402, 194.26899393452277], [136.76381077528453, 192.21892382131588], [133.22655337252777, 189.97047628046744], [129.81945216769097, 187.52931214242682], [126.55484011293429, 184.90066548180067], [123.44607854988539, 182.08946266336773], [120.50789123531834, 179.10048002231056], [117.75674574182318, 175.9385562245266], [115.21129449976021, 172.60888389712457], [112.89288613360154, 169.11741734601296], [110.82615167030909, 165.47145056762153], [109.03965496889215, 161.68044386496555], [107.5665625220777, 157.75720798435626], [106.44521945974877, 153.71958754284412], [105.71938974749173, 149.5928018276321], [105.43770058471485, 145.41255205365422], [105.65151937782734, 141.22878412215945], [106.41019724564497, 137.10943479058355], [107.75272750608013, 133.1424683047556], [109.69612920125934, 129.4333717328937], [112.22371951729312, 126.09539616753406], [115.27933941123291, 123.23303161747066], [118.77264055646886, 120.92464370441648], [122.59420219541808, 119.21254504422411], [126.63300180527858, 118.10425374015432], [130.78891210983807, 117.58169989602811], [134.97788354866, 117.61238357184976], [139.131581838506, 118.15840884859442], [143.19424291703444, 119.18224414816507], [147.11869130652065, 120.64972411472343], [150.86241102715016, 122.53120881447359], [154.3838522484972, 124.80162555659524], [157.63878452566698, 127.43978328901133], [160.57631060706575, 130.42700639033475], [163.13401988410072, 133.7447354601571], [165.23168458430527, 137.3701125224734], [166.76314938485507, 141.26738270291412], [167.5877431535059, 145.37082655867118], [167.52905152008907, 149.5527950018672], [166.40582597094973, 153.57697699263076], [164.13313901876833, 157.0778936912656], [160.85672315166107, 159.66271958172823], [156.9385781130056, 161.10852642685686], [152.77006071665315, 161.4210535597662], [148.6457680033074, 160.72337647906633]], {"i0": 0.01774468741763517, "spread": 3.3661086344258853, "falloff": 0.01}], [[[196.2701125755486, 148.25982718499176], [195.8407482611665, 150.52033433130796], [195.27639655190308, 152.75094062671477], [194.5728490753791, 154.94159394691152], [193.72685598737925, 157.08123803476795], [192.73642582961315, 159.15793514099133], [191.6011239404041, 161.15907529765573], [190.32233783105536, 163.0716764099449], [188.90347279790402, 164.88276611339555], [187.3500421781881, 166.57982033261132], [185.66962646742917, 168.15121847342735], [183.87169296699716, 169.58666589679495], [181.96728976081377, 170.87753487894696], [179.9686481881188, 172.01708649687757], [177.88874123790592, 173.0005553054514], [175.74084785705207, 173.82510059891771], [173.53816564837157, 174.48964655851123], [171.2935004007964, 174.99464467435334], [169.0190450915414, 175.34179454351482], [166.72624739829664, 175.53375513328314], [164.42575550331915, 175.57387076120452], [162.1274274061151, 175.46592720571462], [159.84038812726143, 175.21394553477884], [157.5731209259397, 174.8220152907243], [155.33358159780002, 174.2941648627369], [153.12932830554232, 173.63426486669695], [150.96766263894256, 172.845959708557], [148.85578056514007, 171.9326228179408], [146.80093456915966, 170.89733197413773], [144.81061078263215, 169.7428625608677], [142.89272745338027, 168.47169847356074], [141.05586398555698, 167.08606295445114], [139.30953333504087, 165.58797526291966], [137.6645150318525, 163.9793446373515], [136.1332718944269, 162.26212187007292], [134.73048041644267, 160.4385435526643], [133.47371180446862, 158.51152904041757], [132.38430326545543, 156.48533287748506], [131.48844483778333, 154.36662751997483], [130.81844186411823, 152.16630703168687], [130.41391516173553, 149.902464099337], [130.3221958888355, 147.60512538927284], [130.5960997096508, 145.3230846394314], [131.28568026479857, 143.1315596823343], [132.4204180749448, 141.13506441247657], [133.98501280255488, 139.45505590018476], [135.9061898665462, 138.19838872631422], [138.0684073196499, 137.4254670589875], [140.3480814347827, 137.14418763969056], [142.63828366497626, 137.3284237043186]], {"i0": 0.017141493063530102, "spread": 0.6048043279100457, "falloff": 0.01}]], "disk": {"i0": 0.13857044237910468, "n": 1.0, "c": 2.0, "mu": [146.1959826397462, 146.50000035009222], "roll": 2.3561945595051523, "rEff": 61.640425343232444, "axRatio": 0.5496386480001698}, "bulge": {"i0": 0.7132597502193379, "n": 0.42056723369361904, "c": 2.0, "mu": [146.4033816120095, 146.3596688494389], "roll": 2.3620943802703436, "rEff": 6.235782449940594, "axRatio": 0.6144890822189095}, "bar": {"i0": 0.0, "n": 0.8280038136074251, "c": 2.0755820630928836, "mu": [147.27927435007823, 146.92425186391847], "roll": 2.121182283297333, "rEff": 9.078976131610773, "axRatio": 0.9779319416142256}}