{"disk": {"mux": 86.50630887649267, "muy": 87.66372542233073, "Re": 12.609220362089667, "q": 0.6578493505763111, "roll": 3.1273929382616648, "I": 0.2, "n": 1, "c": 2}, "bulge": {"mux": 86.28381677334252, "muy": 87.7842702241844, "Re": 2.097752201410282, "q": 0.7946033367667563, "roll": 0.05675130969654603, "I": 0.2, "n": 1, "c": 2}, "bar": null, "spiral": []}