{"disk": {"mux": 86.50631100445199, "muy": 87.66372759183353, "roll": 3.1273930440517876, "Re": 12.609223117642479, "q": 0.6578489020330557, "I": 0, "c": 2.0, "n": 1.0}, "bulge": {"mux": 86.28381637849255, "muy": 87.78426896988681, "roll": 0.05675290278717088, "Re": 2.0977507433064377, "q": 0.7946038475255088, "I": 0, "c": 2.0, "n": 2.1060000000000003}, "bar": null, "spiral": []}