{"disk": {"mux": 35.13063262693845, "muy": 32.36935490051814, "roll": 0.10572300188980381, "Re": 5.910822137688504, "q": 0.5225770767831394, "I": 0, "c": 2.0, "n": 1.0}, "bulge": {"mux": 35.37437654395292, "muy": 31.66323755889727, "roll": 0.0476606688002561, "Re": 1.177073320745938, "q": 0.6665694961068991, "I": 0, "c": 2.0, "n": 1.0}, "bar": {"mux": 35.65401160296425, "muy": 31.45265049844231, "roll": 3.141588618203913, "Re": 1.7707063304423885, "q": 0.3025370265026062, "I": 0, "c": 2.1366666666666667, "n": 0.48666666666666664}, "spiral": []}