{"disk": {"mux": 58.03339928550333, "muy": 55.85278873115114, "Re": 7.892723146380234, "q": 0.6693192876896902, "roll": 2.2056153491979362, "I": 0.2, "n": 1, "c": 2}, "bulge": {"mux": 58.076825008977835, "muy": 55.616581589663255, "Re": 0.9659966688661109, "q": 0.8233730231212445, "roll": 1.1895701013803583, "I": 0.2, "n": 1, "c": 2}, "bar": {"mux": 57.832142363531794, "muy": 55.96119503951991, "Re": 1.180515076586731, "q": 0.358136384928801, "roll": 0.8894784805352334, "I": 0.1, "n": 1, "c": 2}, "spiral": []}