{"disk": {"mux": 74.7442666288178, "muy": 74.95113873060698, "roll": 1.4618486279803746, "Re": 11.916641914219126, "q": 0.7891886304078262, "I": 0, "c": 2.0, "n": 1.0}, "bulge": {"mux": 75.03453922570357, "muy": 75.04426757488095, "roll": 1.0184763672388455, "Re": 1.7368021587920746, "q": 0.8641203723172456, "I": 0, "c": 2.0, "n": 1.630909090909091}, "bar": null, "spiral": []}