{"disk": {"mux": 64.18544497183653, "muy": 64.78771485848752, "Re": 7.428643963231698, "q": 0.438673350273634, "roll": 0.6177991130658248, "I": 0.2, "n": 1, "c": 2}, "bulge": {"mux": 65.06655881622903, "muy": 64.01097878898412, "Re": 1.0248762690256565, "q": 0.9224947123757437, "roll": 0.9671916215439157, "I": 0.2, "n": 1, "c": 2}, "bar": null, "spiral": []}