{"disk": {"mux": 102.33036844385747, "muy": 99.37767701519532, "roll": 0.48598583750330054, "Re": 4.07031051328498, "q": 0.999999998282673, "I": 0, "c": 2.0, "n": 1.0}, "bulge": {"mux": 102.59361265323756, "muy": 99.74073796251238, "roll": 2.7506178288105936, "Re": 0.9337593097399335, "q": 0.9639151067176642, "I": 0, "c": 2.0, "n": 0.8544444444444445}, "bar": null, "spiral": []}