{"disk": {"mux": 102.3988096994017, "muy": 99.59398774617384, "Re": 5.809921707813648, "q": 0.4689413546987728, "roll": 2.3826504203922587, "I": 0.2, "n": 1, "c": 2}, "bulge": {"mux": 102.5936500196812, "muy": 99.74079997344158, "Re": 0.9338215995617551, "q": 0.9638884626500456, "roll": 2.750629185596571, "I": 0.2, "n": 1, "c": 2}, "bar": null, "spiral": []}