{"disk": {"mux": 47.287753028648446, "muy": 46.004041180194996, "Re": 5.95722024507956, "q": 0.49281672567845275, "roll": 1.9662637270109347, "I": 0.2, "n": 1, "c": 2}, "bulge": {"mux": 48.544562199524016, "muy": 45.781875698575746, "Re": 1.176867682972481, "q": 0.49984478528174414, "roll": 1.8210687567178108, "I": 0.2, "n": 1, "c": 2}, "bar": {"mux": 47.78658918710581, "muy": 45.87518399213075, "Re": 1.8730596074803032, "q": 0.3690102168729454, "roll": 1.6331481366287308, "I": 0.1, "n": 1, "c": 2}, "spiral": []}