{"disk": {"mux": 102.09644152671736, "muy": 102.78190934408214, "Re": 19.291023098128807, "q": 0.9250216910791117, "roll": 3.117550019589219, "I": 0.2, "n": 1, "c": 2}, "bulge": {"mux": 102.29119301805, "muy": 101.83778099080308, "Re": 1.4669430236960366, "q": 0.8937130216487843, "roll": 2.944595460779244, "I": 0.2, "n": 1, "c": 2}, "bar": null, "spiral": []}