{"disk": {"mux": 35.13063254616832, "muy": 32.36935471604178, "Re": 5.910822389841767, "q": 0.5225770410404408, "roll": 0.10572302237244337, "I": 0.2, "n": 1, "c": 2}, "bulge": {"mux": 35.37437654395292, "muy": 31.66323755889727, "Re": 1.177073320745938, "q": 0.6665694961068991, "roll": 0.0476606688002561, "I": 0.2, "n": 1, "c": 2}, "bar": {"mux": 35.65401339431738, "muy": 31.426904218710437, "Re": 1.7707005179849826, "q": 0.3052213483438848, "roll": 3.1415871001113125, "I": 0.1, "n": 1, "c": 2}, "spiral": []}