{"disk": {"mux": 102.09644174666828, "muy": 102.78191847749885, "roll": 3.117547040996752, "Re": 19.29101319121815, "q": 0.9250224350957735, "I": 0, "c": 2.0, "n": 1.0}, "bulge": {"mux": 102.29119318968954, "muy": 101.83778113858861, "roll": 2.9445949432731715, "Re": 1.46694310675026, "q": 0.8937129336370949, "I": 0, "c": 2.0, "n": 1.6212499999999999}, "bar": null, "spiral": []}