{"disk": {"mux": 58.01620343216121, "muy": 55.97019197363481, "roll": 0.9126608999575442, "Re": 6.632402435257991, "q": 0.9999999963325417, "I": 0, "c": 2.0, "n": 1.0}, "bulge": {"mux": 58.076824959445766, "muy": 55.61657827763869, "roll": 1.1895751752655108, "Re": 0.9659954171758, "q": 0.8233701994264833, "I": 0, "c": 2.0, "n": 1.076}, "bar": {"mux": 57.832142363531794, "muy": 55.96119503951991, "roll": 0.8894784805352334, "Re": 1.180515076586731, "q": 0.358136384928801, "I": 0, "c": 2.06, "n": 0.4533333333333333}, "spiral": []}