{"disk": {"mux": 63.23212005718658, "muy": 61.409765136159486, "roll": 1.180748866877677, "Re": 6.123665164500599, "q": 0.522661206985599, "I": 0, "c": 2.0, "n": 1.0}, "bulge": {"mux": 63.122522521094794, "muy": 61.7812193614694, "roll": 2.6503540244268273, "Re": 1.1096050041694392, "q": 0.9999999959960776, "I": 0, "c": 2.0, "n": 1.6633333333333333}, "bar": null, "spiral": []}