{"disk": {"mux": 63.25597183598854, "muy": 63.85846168145133, "Re": 2.430160059467435, "q": 0.5110352473811742, "roll": 2.8856067583745464, "I": 0.2, "n": 1, "c": 2}, "bulge": {"mux": 63.37922916921736, "muy": 63.709439585621396, "Re": 0.8116918627901207, "q": 0.9190629379632039, "roll": 1.2948005845804427, "I": 0.2, "n": 1, "c": 2}, "bar": null, "spiral": []}