{"disk": null, "bulge": {"mux": 43.57822404431399, "muy": 44.12931511103493, "Re": 2.022800173942567, "q": 0.8063742003821097, "roll": 1.5610930091503388, "I": 0.2, "n": 1, "c": 2}, "bar": null, "spiral": []}