{"disk": {"mux": 127.58786244421759, "muy": 126.10865141415108, "roll": 1.5444330952080612, "Re": 12.22982835635566, "q": 0.5333440265479368, "I": 0, "c": 2.0, "n": 1.0}, "bulge": {"mux": 127.52640020034738, "muy": 126.1524542772616, "roll": 0.6681904122898089, "Re": 1.4256608738886325, "q": 0.9999999980600702, "I": 0, "c": 2.0, "n": 2.367777777777778}, "bar": null, "spiral": []}