{"disk": {"mux": 66.603819663363, "muy": 66.27909250359794, "Re": 7.298329998610141, "q": 0.842854858892495, "roll": 2.6675152204346726, "I": 0.2, "n": 1, "c": 2}, "bulge": {"mux": 66.27108465539051, "muy": 66.5097606028827, "Re": 2.4046638600633514, "q": 0.7278473971452656, "roll": 3.140324811023369, "I": 0.2, "n": 1, "c": 2}, "bar": null, "spiral": []}