{"disk": {"mux": 62.21165140960391, "muy": 61.49076846547906, "roll": 0.2904241581029505, "Re": 7.861108790896266, "q": 0.5952815096505276, "I": 0, "c": 2.0, "n": 1.0}, "bulge": {"mux": 62.1536889269762, "muy": 61.313542702950365, "roll": 1.9507907320646831, "Re": 1.1009036510006664, "q": 0.7491537660386505, "I": 0, "c": 2.0, "n": 1.6757142857142857}, "bar": null, "spiral": []}