{"disk": null, "bulge": {"mux": 43.359312718734344, "muy": 44.139118927586246, "roll": 0.5364982337070707, "Re": 1.7228331864701127, "q": 0.9999999925632126, "I": 0, "c": 2.0, "n": 1.1675}, "bar": null, "spiral": []}