{"disk": {"mux": 72.42869765791554, "muy": 71.40801040415248, "Re": 10.476075756154598, "q": 0.7989106902574148, "roll": 3.139033119683366, "I": 0.2, "n": 1, "c": 2}, "bulge": {"mux": 72.71753761048727, "muy": 70.91476223209808, "Re": 1.9004929054330935, "q": 0.7620418556613279, "roll": 0.8136321968287534, "I": 0.2, "n": 1, "c": 2}, "bar": null, "spiral": [[[[60.03404098692675, 51.558903781042645], [60.563579751785426, 51.404712990608516], [61.09700743010727, 51.26456865495647], [61.63400636012904, 51.1388026798056], [62.1742375414457, 51.027741429823074], [62.717340240332106, 50.93170403831539], [63.262931721530144, 50.85100060682894], [63.81060712434, 50.785930304587154], [64.35993950093345, 50.73677938119873], [64.91048003339944, 50.70381910927831], [65.46175844496284, 50.6873036774022], [66.01328361818615, 50.68746805694715], [66.56454443048409, 50.70452586988828], [67.1150108134727, 50.73866728731835], [67.66413503852495, 50.7900569907956], [68.2113532261472, 50.85883223025555], [68.75608707158821, 50.94510101303445], [69.29774577354402, 51.04894045827833], [69.83572814718676, 51.17039534947412], [70.36942489746608, 51.30947691602393], [70.89822102324953, 51.466161870201574], [71.42149831865517, 51.64039172214736], [71.9386379340961, 51.83207238925103], [72.44902295702437, 52.04107411015309], [72.9520409709043, 52.267231666665104], [73.44708655078541, 52.51034490968214], [73.93356365498842, 52.77017957802594], [74.410887874847, 53.04646839227314], [74.87848850799953, 53.33891239944499], [75.33581042522623, 53.64718253908407], [75.78231570634078, 53.97092139654573], [76.21748502620335, 54.309745106630366], [76.64081877837428, 54.6632453681035], [77.05183792984458, 55.03099152923019], [77.4500846062474, 55.41253270465401], [77.8351224124709, 55.80739988529649], [78.2065364983995, 56.21510800526238], [78.56393338366246, 56.635157932654046], [78.90694055861125, 57.06703835463185], [79.23520588123807, 57.510227530800975], [79.54839679140515, 57.964194892853456], [79.84619936479056, 58.4284024721267], [80.12831722901475, 58.902306140375536], [80.39447036424696, 59.38535665221171], [80.64439380957116, 59.877000480526185], [80.87783629532987, 60.37668043846813], [81.09455882008423, 60.883836083348214], [81.29433318924842, 61.39790389901465], [81.47694053077018, 61.918317253868324], [81.64216980158469, 62.44450613172189]], {"I": 0.1, "spread": 0.5, "falloff": 1.0}]]}