{"disk": {"mux": 64.18544467024333, "muy": 64.78771495769786, "roll": 0.6177992847229119, "Re": 7.42864488535679, "q": 0.43867326007138574, "I": 0, "c": 2.0, "n": 1.0}, "bulge": {"mux": 65.06657519021682, "muy": 63.99708170780808, "roll": 0.11848115485160272, "Re": 0.9942275154285799, "q": 0.999999998092477, "I": 0, "c": 2.0, "n": 2.6100000000000003}, "bar": null, "spiral": []}