{"disk": {"mux": 89.64817933447267, "muy": 88.58462376109583, "Re": 13.05741166877427, "q": 0.7887344938471823, "roll": 2.107236627367869, "I": 0.2, "n": 1, "c": 2}, "bulge": {"mux": 88.51041813976505, "muy": 88.35762340682678, "Re": 1.614966048857069, "q": 0.5573806553023424, "roll": 2.849906159634722, "I": 0.2, "n": 1, "c": 2}, "bar": null, "spiral": [[[[130.3500235831697, 93.85399070706913], [129.85207294335385, 95.05937184359126], [129.31313337974478, 96.24698771702734], [128.73245368797643, 97.41475756821852], [128.10936364664025, 98.56045445845564], [127.44329478896262, 99.68170434874925], [126.73380342369242, 100.77598803902545], [125.98059566281783, 101.84064665094459], [125.18355404519997, 102.87289133744417], [124.34276512087052, 103.8698178816122], [123.45854712802756, 104.82842674368814], [122.53147665202846, 105.74564893703335], [121.56241294306572, 106.61837784427937], [120.55251839321738, 107.44350672732722], [119.50327362305855, 108.21797124779026], [118.41648567464456, 108.93879583583559], [117.29428803969776, 109.60314226881239], [116.1391316363586, 110.20835841051301], [114.95376639076262, 110.75202478381006], [113.74121373001333, 111.2319965652658], [112.50473097440553, 111.64643872860181], [111.24776925940863, 111.99385244318583], [109.9739271209943, 112.27309140793473], [108.6869021841305, 112.48336750893263], [107.39044346544654, 112.62424594104952], [106.08830663988147, 112.69563063238395], [104.78421426604469, 112.69774138701347], [103.48182247946147, 112.63108454293624], [102.18469512239002, 112.4964191338805], [100.89628575329492, 112.29472053858873], [99.61992752545453, 112.02714344485982], [98.35883057840066, 111.69498569382856], [97.11608636245143, 111.29965425512192], [95.89467821437508, 110.84263426016784], [94.69749750859114, 110.32546172499134], [93.5273648040558, 109.7497003505736], [92.38705557431473, 109.11692261204335], [91.27933033280426, 108.42869524553379], [90.20696923856653, 107.68656921791963], [89.17281158913266, 106.89207432517519], [88.17980098587148, 106.0467187199883], [87.23103741113947, 105.15199394015299], [86.329838017377, 104.20938643519516], [85.47980913917142, 103.22039723896384], [84.68493296202745, 102.18657242783046], [83.94967349566096, 101.1095485366955], [83.27910809387268, 99.99111951409552], [82.67909282603122, 98.83333565942544], [82.15647252797417, 97.63865128957491], [81.71934905255016, 96.41014834881189]], {"I": 0.1, "spread": 0.5, "falloff": 1.0}]]}