{"disk": {"mux": 64.15897548468593, "muy": 62.81324017440735, "Re": 8.601240426294382, "q": 0.8389375097908872, "roll": 2.4174103491224104, "I": 0.2, "n": 1, "c": 2}, "bulge": {"mux": 63.7964242285091, "muy": 63.43827182006698, "Re": 1.296747973471845, "q": 0.8673069483640578, "roll": 0.9083411454226389, "I": 0.2, "n": 1, "c": 2}, "bar": {"mux": 64.30115377510266, "muy": 63.402300608228934, "Re": 1.5922962743259685, "q": 0.5841014403283851, "roll": 1.1342180851838706, "I": 0.1, "n": 1, "c": 2}, "spiral": [[[[71.40319476198208, 56.277212733968476], [72.1037165330586, 56.89034438628358], [72.76244801913079, 57.54817518687267], [73.37699194517369, 58.247467074018985], [73.9450326636486, 58.985034477165655], [74.46431220388223, 59.75770848381516], [74.93261491576624, 60.562299921620664], [75.34776050447452, 61.39556191255134], [75.70760554909235, 62.25415250106184], [76.01005383494123, 63.13459813182538], [76.25307597812336, 64.03325904122721], [76.43473884432, 64.94629801445107], [76.5532451153063, 65.86965441863148], [76.60698298694564, 66.79902589946303], [76.59458534237464, 67.72986055023546], [76.5149968171683, 68.65736260571362], [76.36754598338031, 69.57651464130032], [76.1520185276964, 70.48211871574307], [75.86872598800704, 71.3688577598681], [75.51856362554648, 72.23137675715125], [75.10305068174365, 73.06438099966397], [74.62434689685051, 73.86274623524068], [74.08524089372202, 74.621633311153], [73.48910873909797, 75.33659849023692], [72.83984428903409, 76.00369039914447], [72.141766189678, 76.61952574455252], [71.3995089792537, 77.18133833761718], [70.61790711833655, 77.68699911556376], [69.80188077498993, 78.1350081079467], [68.9563309529265, 78.52446203555364], [68.08604948882807, 78.85500306000084], [67.19564706541826, 79.12675496977593], [66.2895001467491, 79.34025292535294], [65.37171595005817, 79.49637204463298], [64.44611335888825, 79.5962589122537], [63.516217033816126, 79.6412688201723], [62.58526180628794, 79.63291037205326], [61.656204582677, 79.57279813789691], [60.7317413336133, 79.46261333975178], [59.814327169265816, 79.30407208541374], [58.90619793878501, 79.09890039720736], [58.0093921904903, 78.84881516147908], [57.1257726747647, 78.55551010648973], [56.25704683909441, 78.2206459624436], [55.40478598411705, 77.84584404132322], [54.570442899396944, 77.43268257210454], [53.7553679124542, 76.98269522921632], [52.96082335820718, 76.49737138818168], [52.187996523826534, 75.97815772905464], [51.438011151621694, 75.42646088363104]], {"I": 0.1, "spread": 0.5, "falloff": 1.0}], [[[56.22455992101518, 67.90683799098305], [55.337760572915506, 66.93909695077278], [54.567388207126406, 65.87630452061002], [53.92201929293112, 64.73327156320761], [53.40968648355991, 63.524747357308776], [53.03786326430523, 62.26588830243049], [52.81325831767406, 60.97264693053793], [52.741432798423524, 59.662040172715514], [52.826266236829746, 58.35224021162852], [53.069327546054325, 57.06242486295791], [53.46925081391586, 55.81234021575805], [54.0212545393885, 54.62157603113172], [54.71695168615802, 53.50863037054953], [55.54455402673367, 52.489918729431146], [56.48947925157016, 51.57892438061441], [57.53525813321167, 50.78566062103231], [58.664562735976645, 50.11652775770824], [59.86016800186115, 49.57453921873031], [61.10571152903278, 49.15981040066524], [62.3861948207029, 48.87017530447859], [63.68823750077159, 48.70181319148503], [65.00013571586854, 48.64980735633959], [66.31178765414163, 48.70859908213042], [67.61454276030992, 48.87233027184593], [68.90101728928569, 49.13508582708239], [70.16490435168068, 49.491054169546274], [71.4007948168, 49.934625233764386], [72.60401712295253, 50.4604430041438], [73.77049878417895, 51.06342630879702], [74.89664937009289, 51.73876823011461], [75.979263219856, 52.48192162453029], [77.01543956106359, 53.28857599614087], [78.00251762129271, 54.15462928815425], [78.93802451572482, 55.07615695877913], [79.81963399711013, 56.04937987142096], [80.6451344959296, 57.070631971060315], [81.41240520688652, 58.13632835893168], [82.11939927173799, 59.242934160574904], [82.7641333655178, 60.38693447415631], [83.34468320050169, 61.564805650017654], [83.85918462789563, 62.77298817639347], [84.30584013155388, 64.00786151298011], [84.68293057650688, 65.2657213096202], [84.98883208540516, 66.54275956542754], [85.2220378692772, 67.83504840879449], [85.38118472893785, 69.13852829579284], [85.4650837669152, 70.44900151707208], [85.47275460965113, 71.7621319485334], [85.40346214559263, 73.0734519542889], [85.25675445565926, 74.37837722781424]], {"I": 0.1, "spread": 0.5, "falloff": 1.0}]]}