{"disk": {"mux": 44.07601618660221, "muy": 42.597749195106715, "roll": 1.523773656181262, "Re": 3.050550765142812, "q": 0.613749310827457, "I": 0, "c": 2.0, "n": 1.0}, "bulge": {"mux": 44.041564056648355, "muy": 42.5841603767797, "roll": 1.5382976015492966, "Re": 0.7888183684799634, "q": 0.9488468116093354, "I": 0, "c": 2.0, "n": 1.1945000000000001}, "bar": null, "spiral": []}