{"disk": {"mux": 69.25876006504498, "muy": 67.87611287524648, "Re": 9.164105920664825, "q": 0.532328649004443, "roll": 2.956841020724329, "I": 0.2, "n": 1, "c": 2}, "bulge": {"mux": 69.19022958208885, "muy": 67.3921373110007, "Re": 2.186982140785751, "q": 0.9730925592550222, "roll": 2.7931187873704313, "I": 0.2, "n": 1, "c": 2}, "bar": null, "spiral": []}