{"disk": {"mux": 87.85787054601956, "muy": 86.88792394234316, "Re": 11.51449540279203, "q": 0.5775425391972926, "roll": 0.3307243944229712, "I": 0.2, "n": 1, "c": 2}, "bulge": {"mux": 87.97456894922605, "muy": 86.31649144209429, "Re": 1.481427375605171, "q": 0.7288565985954572, "roll": 0.5211645063686496, "I": 0.2, "n": 1, "c": 2}, "bar": null, "spiral": [[[[70.9540183990702, 78.6225699296168], [71.45538720765376, 78.10986236363017], [71.96635392080913, 77.6067205804711], [72.48708844110372, 77.1136962744173], [73.01776349572653, 76.63138930871571], [73.55855332089567, 76.16045319388878], [74.10963189757166, 75.70160126958214], [74.67117061245175, 75.25561366776114], [75.24333518364638, 74.8233451510261], [75.82628164676218, 74.40573390725113], [76.42015114237157, 74.00381137698292], [77.0250631772736, 73.61871316769951], [77.64110694910748, 73.2516910633273], [78.26833022111887, 72.9041260729306], [78.90672512045636, 72.57754233319214], [79.5562101002784, 72.27362150983238], [80.21660717956057, 71.99421705767118], [80.88761346451827, 71.74136730401374], [81.5687659178637, 71.51730574712164], [82.25939843850487, 71.32446619628642], [82.95859067550712, 71.16547938562036], [83.66510878290464, 71.04315652288417], [84.3773397433801, 70.96045402257177], [85.093223176346, 70.9204127488034], [85.81018779238124, 70.92606506762836], [86.52510366174077, 70.98030476022457], [87.23426540949878, 71.08571940806641], [87.93342364062195, 71.24439288941852], [88.61787995902175, 71.45769658267915], [89.28265264790127, 71.7260990772603], [89.9227051938322, 72.04903083899823], [90.5332117462314, 72.42483708188573], [91.10981924033995, 72.85083686436565], [91.64886252613265, 73.32348279831984], [92.14749928388957, 73.83859263112109], [92.6037517443556, 74.39161053350888], [93.01646366196506, 74.97785630905716], [93.38519577415924, 75.5927321813816], [93.71008794985039, 76.23187263546914], [93.99171304188226, 76.89123675357149], [94.23094006411837, 77.56715139368838], [94.42881637184463, 78.2563172332668], [94.58647216371644, 78.95578962628444], [94.70504647748913, 79.66294416960335], [94.78563166715914, 80.37543420421815], [94.82923253881151, 81.09114495926995], [94.8367363157637, 81.80814699132279], [94.8088899731783, 82.52465001188123], [94.74628195518349, 83.23895703054347], [94.64932570986757, 83.9494178164309]], {"I": 0.1, "spread": 0.5, "falloff": 1.0}], [[[84.14230406295766, 114.79460143493202], [83.42534174391687, 114.5503305114925], [82.7255956429956, 114.2604075620584], [82.04607146460526, 113.92582379782058], [81.38955774324471, 113.54807859546553], [80.75854001268573, 113.12912364445201], [80.15513647555927, 112.67128308316582], [79.58105988742726, 112.17715876850194], [79.03760638160458, 111.64953080949941], [78.52566840322265, 111.09126257413517], [78.04576650208699, 110.50521710579909], [77.59809369992038, 109.89418904838875], [77.18256633030576, 109.26085348830762], [76.79887624004026, 108.6077310292817], [76.44654059472902, 107.93716707859961], [76.12494690242393, 107.251322690816], [75.83339203238329, 106.55217420875513], [75.57111488311037, 105.8415191736073], [75.3373229392812, 105.12098637601436], [75.13121329859028, 104.39204836817869], [74.95198890931876, 103.65603518189185], [74.79887079627252, 102.91414836220844], [74.67110701494713, 102.16747471958301], [74.56797899662966, 101.41699942714779], [74.48880585429151, 100.66361825373431], [74.43294712514563, 99.90814883872739], [74.39980433812865, 99.15134099384355], [74.38882171826725, 98.39388606708174], [74.39948627503352, 97.63642543563886], [74.43132746758954, 96.87955821297172], [74.48391659770093, 96.12384826275107], [74.5568660454122, 95.36983061685378], [74.64982843661386, 94.61801739336798], [74.76249581002322, 93.86890330940867], [74.89459883509132, 93.12297088116242], [75.04590612051123, 92.38069540180476], [75.21622364295521, 91.64254978750137], [75.40539431946951, 90.9090093824922], [75.61329774121907, 90.18055681748139], [75.83985008213006, 89.45768702109743], [76.08500419263007, 88.74091249294933], [76.34874988523136, 88.03076895932453], [76.63111441488266, 87.32782154966961], [76.93216315210104, 86.63267165483902], [77.25200043985558, 85.9459646580836], [77.59077061446668, 85.26839876833765], [77.94865915539175, 84.60073523623836], [78.32589390387656, 83.94381029681347], [78.72274625442924, 83.29854926648319], [79.13953216675539, 82.66598332685238]], {"I": 0.1, "spread": 0.5, "falloff": 1.0}], [[[79.38082793365996, 56.94875794554687], [80.48557833846587, 56.55180448119673], [81.60743806230613, 56.20619492678297], [82.74489406179352, 55.91606665514271], [83.89594433009533, 55.68579590089873], [85.05800571728136, 55.5199319420464], [86.227822691902, 55.42309337161855], [87.40138835861545, 55.39981905509298], [88.5738938401543, 55.45437003675772], [89.73972608382643, 55.59048592821873], [90.8925349681323, 55.81111036258129], [92.02538574129461, 56.11811344769096], [93.13100050888043, 56.5120509483153], [94.20207369250056, 56.99200464011545], [95.23162592942366, 57.555540951020106], [96.21334652163928, 58.19880483978454], [97.14187319269823, 58.916738134174295], [98.01297131836755, 59.70338604481566], [98.82359799389246, 60.55224137661788], [99.57186029326401, 61.45657672119332], [100.2568939748841, 62.40972754135238], [100.87869541396793, 63.40530673629461], [101.4379370557995, 64.4373474986909], [101.93578912314736, 65.50038240972557], [102.37376145836824, 66.58947215478868], [102.75357177139189, 67.70019824462894], [103.07704117952667, 68.82863250155549], [103.34601473666379, 69.97129334300003], [103.56230316468279, 71.12509606520742], [103.72764162883136, 72.28730189260945], [103.84366165281351, 73.45546867563799], [103.91187280749757, 74.62740477141473], [103.93365142196882, 75.80112673181011], [103.91023414660954, 76.97482083983223], [103.8427146963902, 78.1468081780087], [103.7320425054105, 79.31551270183492], [103.57902233562393, 80.47943166826694], [103.38431411580214, 81.63710769085733], [103.14843245545798, 82.7871016282198], [102.87174539672468, 83.927965437354], [102.55447204490744, 85.05821401674272], [102.1966787713323, 86.17629490538401], [101.79827371416398, 87.28055446639627], [101.35899933405037, 88.36919883511165], [100.87842282263777, 89.44024739978191], [100.35592424853084, 90.49147583900653], [99.7906825042651, 91.5203446509151], [99.18165949091808, 92.52390751547159], [98.52758372387234, 93.49869147873929], [97.82693602554461, 94.44053747791112]], {"I": 0.1, "spread": 0.5, "falloff": 1.0}]]}