{"disk": {"mux": 62.211651618351034, "muy": 61.490768433609766, "Re": 7.861109959900096, "q": 0.5952814486944235, "roll": 0.290424169813591, "I": 0.2, "n": 1, "c": 2}, "bulge": {"mux": 62.15368897143018, "muy": 61.31354258727362, "Re": 1.1009036100557612, "q": 0.7491539599955409, "roll": 1.9507907783919678, "I": 0.2, "n": 1, "c": 2}, "bar": null, "spiral": []}