{"disk": {"mux": 61.10403872433425, "muy": 59.86535849323402, "roll": 0.37542882129675803, "Re": 4.10975621308504, "q": 0.5430621265133351, "I": 0, "c": 2.0, "n": 1.0}, "bulge": {"mux": 60.87945118468964, "muy": 59.649721684244355, "roll": 0.04935067467818661, "Re": 0.9034027987089013, "q": 0.9999999926305263, "I": 0, "c": 2.0, "n": 0.925625}, "bar": null, "spiral": []}