{"disk": {"mux": 40.37975088998355, "muy": 38.405951650667745, "roll": 2.7208906772885224, "Re": 6.048566796449789, "q": 0.6686084178273394, "I": 0, "c": 2.0, "n": 1.0}, "bulge": {"mux": 40.62753265574161, "muy": 38.4020773237949, "roll": 2.6177254318463707, "Re": 1.0155359706436582, "q": 0.9999999979943943, "I": 0, "c": 2.0, "n": 1.8174358974358973}, "bar": {"mux": 41.29926654116484, "muy": 37.55194847681969, "roll": 3.1415921731547964, "Re": 8.35124276395624, "q": 0.8068929235423529, "I": 0, "c": 2.149230769230769, "n": 0.9561538461538461}, "spiral": []}