{"disk": {"mux": 47.287754135082224, "muy": 46.00404221019176, "roll": 1.9662636791356565, "Re": 5.957220178425453, "q": 0.4928166853963619, "I": 0, "c": 2.0, "n": 1.0}, "bulge": {"mux": 48.607680692163555, "muy": 45.76505821103927, "roll": 0.6371860586517919, "Re": 0.8861736104373145, "q": 0.9999999925494107, "I": 0, "c": 2.0, "n": 2.5}, "bar": {"mux": 47.78658918710581, "muy": 45.87518399213075, "roll": 1.6331481366287308, "Re": 1.8730596074803032, "q": 0.3690102168729454, "I": 0, "c": 2.0999999999999996, "n": 0.62}, "spiral": []}