{"disk": {"mux": 71.52089742214005, "muy": 69.98045393711828, "Re": 8.254877813647493, "q": 0.5279468637792395, "roll": 2.7957332689993675, "I": 0.2, "n": 1, "c": 2}, "bulge": {"mux": 71.54074564378183, "muy": 69.22546560856567, "Re": 1.6306564088057498, "q": 0.7160147115651582, "roll": 1.6818419850168684, "I": 0.2, "n": 1, "c": 2}, "bar": {"mux": 70.18312419911163, "muy": 69.31672048733168, "Re": 1.976670055370546, "q": 0.32355804002231936, "roll": 1.371645424491065, "I": 0.1, "n": 1, "c": 2}, "spiral": [[[[84.50771097050112, 88.73122894607425], [83.63814566043274, 88.7531244652304], [82.7683342935443, 88.7602294165331], [81.89853218644379, 88.75213404100904], [81.02901695383888, 88.72839954798285], [80.16009164032849, 88.68855545867768], [79.29208836785018, 88.63209666010249], [78.42537259950771, 88.55848013760051], [77.56034814327525, 88.4671213524217], [76.69746305034991, 88.35739022712144], [75.83721658699207, 88.22860671384579], [74.9801675235915, 88.08003590447574], [74.12694401336405, 87.9108826765971], [73.27825542973488, 87.7202858612334], [72.43490659573904, 87.50731196820786], [71.59781496036189, 87.27094854146827], [70.76803140681506, 87.01009729825742], [69.94676553112171, 86.72356733317795], [69.13541644451705, 86.41006884551804], [68.33561033605676, 86.06820816032074], [67.54924629726743, 85.69648523856142], [66.7785520851643, 85.29329555508389], [66.02615161689003, 84.85693920704234], [65.29514578935353, 84.38564156694778], [64.58920751598696, 83.87759182172995], [63.91269005956071, 83.33100847747399], [63.27074403430139, 82.74424426107636], [62.669431674217385, 82.11594628658206], [62.115815606270466, 81.44528930235415], [61.61798255390396, 80.732296867959], [61.18494176001968, 79.97825151777816], [60.826321355963465, 79.18616288348876], [60.55179163738549, 78.36120890131177], [60.37019839993706, 77.51100235392848], [60.288506443421454, 76.64550426178378], [60.31079874243873, 75.77646506523605], [60.43765265482554, 74.91644385090933], [60.666124361216006, 74.0776562976135], [60.99033627513416, 73.27099081814963], [61.40243214554445, 72.5054391859577], [61.893585577314234, 71.78799179125247], [62.45482695715464, 71.12388815568654], [63.07759289253054, 70.51706060117104], [63.75401009427867, 69.9706408580126], [64.47697286522948, 69.48746204278308], [65.24007368122463, 69.07054641180221], [66.03742116541497, 68.72361502692695], [66.8633384796887, 68.4517000141377], [67.71186594882492, 68.26200847964007], [68.57583917468425, 68.16533063477507]], {"I": 0.1, "spread": 0.5, "falloff": 1.0}], [[[57.64854026026556, 42.01246440388861], [58.42905934586436, 42.25606259072351], [59.20649205898673, 42.509337135730576], [59.98061846247409, 42.77254310634633], [60.7512016638154, 43.04594757374333], [61.51798613441354, 43.32983028216967], [62.280695829664445, 43.62448434415486], [63.03903208082399, 43.93021695882535], [63.792671229739575, 44.24735014597711], [64.54126196966195, 44.576221488056774], [65.28442235239304, 44.91718486749085], [66.02173641335058, 45.270611183719524], [66.75275036366948, 45.63688902629281], [67.47696828762821, 46.01642527460601], [68.19384727696986, 46.409645584122124], [68.9027919271718, 46.81699470541189], [69.60314810603546, 47.238936567720515], [70.29419590592975, 47.67595403405064], [70.97514167246925, 48.128548210736156], [71.6451090063603, 48.597237156304814], [72.30312862818965, 49.082553791345184], [72.94812700637732, 49.58504275374478], [73.5789136592976, 50.10525587382717], [74.19416708855363, 50.64374585621253], [74.79241935261079, 51.20105765164698], [75.37203939588707, 51.77771687852858], [75.93121540878806, 52.37421451739893], [76.46793671988293, 52.99098695654439], [76.97997606633119, 53.62839033635326], [77.46487354531605, 54.28666805050528], [77.9199241721822, 54.965910275978345], [78.34217173788248, 55.66600459447967], [78.72841256003991, 56.3865772597012], [79.07521363980624, 57.12692559097227], [79.37895047009674, 57.885943484519395], [79.6358699230079, 58.66204419666248], [79.84218278233462, 59.45308729777789], [79.99418800920604, 60.256319605758335], [80.08842634111764, 61.068342186093666], [80.12185444996499, 61.88511592276884], [80.09202366832093, 62.70201544512904], [79.99724131342101, 63.51393463339715], [79.83669053168549, 64.31543716798969], [79.61048836942912, 65.10093498189741], [79.31967150545006, 65.86486943232741], [78.96611228241301, 66.60186744538171], [78.55238023380774, 67.3068485869907], [78.08157243746457, 67.97506704858222], [77.557138088065, 68.60208117486017], [76.98271965461346, 69.18364846417771]], {"I": 0.1, "spread": 0.5, "falloff": 1.0}]]}