{"disk": {"mux": 48.246641126447294, "muy": 47.930360910505286, "Re": 5.501438585579242, "q": 0.48597577761372474, "roll": 0.71493128771252, "I": 0.2, "n": 1, "c": 2}, "bulge": {"mux": 48.41723269757877, "muy": 48.3360140776056, "Re": 1.786480757130931, "q": 0.6143680427968056, "roll": 0.7280384594080753, "I": 0.2, "n": 1, "c": 2}, "bar": {"mux": 48.7019915255189, "muy": 47.92798388577789, "Re": 1.0919404899534064, "q": 0.40565504852648193, "roll": 0.566046637599324, "I": 0.1, "n": 1, "c": 2}, "spiral": []}