{"disk": {"mux": 42.72742961517717, "muy": 41.85982471292552, "roll": 1.7509727965791733, "Re": 7.560327288731302, "q": 0.8025620573087524, "I": 0, "c": 2.0, "n": 1.0}, "bulge": {"mux": 43.20434546862724, "muy": 42.67054341080047, "roll": 3.0417696352909207, "Re": 1.7075458842402904, "q": 0.7707985233055685, "I": 0, "c": 2.0, "n": 1.6233333333333333}, "bar": null, "spiral": []}