{"disk": {"mux": 79.7072031943169, "muy": 77.23372557292429, "Re": 11.265293864563056, "q": 0.5213103340752395, "roll": 2.338615509786269, "I": 0.2, "n": 1, "c": 2}, "bulge": {"mux": 79.4878953152843, "muy": 76.96728279101897, "Re": 2.559277592032424, "q": 0.726700997444755, "roll": 2.2323911921429263, "I": 0.2, "n": 1, "c": 2}, "bar": null, "spiral": []}