{"disk": {"mux": 79.70720341378805, "muy": 77.2337248352989, "roll": 2.338615224529799, "Re": 11.265294981520986, "q": 0.521310359276963, "I": 0, "c": 2.0, "n": 1.0}, "bulge": {"mux": 79.48789581787915, "muy": 76.96728319845676, "roll": 2.2323918390352433, "Re": 2.5592785924993042, "q": 0.7267009255018709, "I": 0, "c": 2.0, "n": 1.4677777777777778}, "bar": null, "spiral": []}