{"disk": {"mux": 49.98114775775803, "muy": 49.39434672763066, "roll": 3.1347294154752308, "Re": 5.122869891191259, "q": 0.999999998956115, "I": 0, "c": 2.0, "n": 1.0}, "bulge": {"mux": 49.87211838450434, "muy": 49.45790276676436, "roll": 0.7759118868824496, "Re": 0.6694826953252081, "q": 0.9999999926000743, "I": 0, "c": 2.0, "n": 0.9446666666666665}, "bar": {"mux": 49.695104337204754, "muy": 48.96191535777783, "roll": 2.330226254056369, "Re": 1.6061563350143173, "q": 0.31812310311805897, "I": 0, "c": 2.0175, "n": 0.515}, "spiral": []}