{"disk": {"mux": 124.74966888396939, "muy": 122.66609504578031, "Re": 11.49896339543298, "q": 0.5572180600952574, "roll": 0.1364883326602695, "I": 0.2, "n": 1, "c": 2}, "bulge": {"mux": 125.19252568574916, "muy": 123.66755939846112, "Re": 1.956398309081256, "q": 0.49861084701646874, "roll": 0.023860684875681076, "I": 0.2, "n": 1, "c": 2}, "bar": null, "spiral": []}