{"disk": {"mux": 42.57127446520428, "muy": 39.624269163806886, "Re": 5.308958751262214, "q": 0.6984359212568514, "roll": 0.6221826602888987, "I": 0.2, "n": 1, "c": 2}, "bulge": {"mux": 42.474565437060626, "muy": 39.73001118816209, "Re": 0.905505550928995, "q": 0.9066142263476162, "roll": 0.6864258402527864, "I": 0.2, "n": 1, "c": 2}, "bar": null, "spiral": []}