{"disk": {"mux": 37.84236404016269, "muy": 36.505637609790895, "Re": 5.822298997444045, "q": 0.9188990535362089, "roll": 0.424295011335706, "I": 0.2, "n": 1, "c": 2}, "bulge": {"mux": 37.87250691907076, "muy": 36.468300535739594, "Re": 0.6509830612021156, "q": 0.9219346882045716, "roll": 1.4854604662618964, "I": 0.2, "n": 1, "c": 2}, "bar": null, "spiral": []}