{"disk": {"mux": 31.261559564240958, "muy": 29.40869778874218, "Re": 3.725941191926936, "q": 0.6070870880732009, "roll": 0.5595444740871218, "I": 0.2, "n": 1, "c": 2}, "bulge": {"mux": 31.142250606384952, "muy": 29.089079411024777, "Re": 0.9047233817319075, "q": 0.8739577730149797, "roll": 1.6751814261394113, "I": 0.2, "n": 1, "c": 2}, "bar": null, "spiral": []}