{"disk": {"mux": 34.73602996650383, "muy": 33.46209026869012, "Re": 2.884089725749801, "q": 0.5461654473376941, "roll": 2.787100597558715, "I": 0.2, "n": 1, "c": 2}, "bulge": {"mux": 34.717385836864366, "muy": 33.49565099222146, "Re": 1.1880032047225066, "q": 0.8638023042047176, "roll": 0.06359405284242885, "I": 0.2, "n": 1, "c": 2}, "bar": null, "spiral": []}