{"disk": {"mux": 106.40045414286968, "muy": 103.9832651995732, "Re": 17.49567808047584, "q": 0.8299879299541226, "roll": 1.0477573410908967, "I": 0.2, "n": 1, "c": 2}, "bulge": {"mux": 105.97018259369231, "muy": 104.25095898761275, "Re": 2.3166102910652833, "q": 0.5917599213732484, "roll": 0.913480548575192, "I": 0.2, "n": 1, "c": 2}, "bar": null, "spiral": [[[[103.54651169223311, 120.6658478234213], [101.93909010350018, 120.87574179342252], [100.32012904410058, 120.95823839645975], [98.69974941436993, 120.91158191666563], [97.08844716821447, 120.73419891091132], [95.49722150892204, 120.42484378242811], [93.93766480144606, 119.98279021370703], [92.4219993369731, 119.40806743411305], [90.96304235405613, 118.70173467754753], [89.57407932383605, 117.86617834613767], [88.26862864233443, 116.90540490344615], [87.06009075979853, 115.82529049013284], [85.96129245202555, 114.63373967407198], [84.98396064474363, 113.34070588808638], [84.13818424255912, 111.95803942657598], [83.43193806077805, 110.49915582750232], [82.87074181262653, 108.97855245471321], [82.45750617837624, 107.4112331192753], [82.19258243625906, 105.81211827741923], [82.07399371370097, 104.19551573425973], [82.09779701598261, 102.57470642482383], [82.25851290299047, 100.96167070318141], [82.549563741898, 99.36695290053594], [82.96367609457502, 97.79964254250578], [83.49322096975209, 96.26744155374242], [84.13048191726435, 94.77678621239508], [84.86785264210836, 93.3329972654169], [85.69797261933786, 91.94043832092213], [86.61381204781554, 90.60266928602161], [87.60871770813925, 89.32258712714247], [88.67643008173263, 88.1025502649595], [89.81108027726273, 86.94448561577325], [91.00717343389076, 85.84997890446297], [92.2595635772696, 84.82034973581581], [93.5634235063934, 83.85671326498304], [94.91421219495254, 82.96003035680737], [96.30764137317267, 82.13114800077264], [97.73964235209651, 81.370831547759], [99.20633373386653, 80.67979009962737], [100.70399036048987, 80.05869615187973], [102.22901366049628, 79.50820037467517], [103.77790343337477, 79.02894222489185], [105.34723104329782, 78.6215569141216], [106.93361396367061, 78.28667911297411], [108.53369161224394, 78.02494364883253], [110.14410243767713, 77.83698335023179], [111.76146225708911, 77.72342410471396], [113.3823438979073, 77.68487712732504], [115.00325826742694, 77.72192838517635], [116.62063705138091, 77.83512508834777]], {"I": 0.1, "spread": 0.5, "falloff": 1.0}]]}