{"disk": {"mux": 48.27712662506322, "muy": 48.81416814189232, "Re": 7.559143867681601, "q": 0.7601538084185688, "roll": 2.77626779513702, "I": 0.2, "n": 1, "c": 2}, "bulge": {"mux": 47.99420442137729, "muy": 48.65703812408649, "Re": 0.7031084256098026, "q": 0.9606167618700405, "roll": 2.919754717038299, "I": 0.2, "n": 1, "c": 2}, "bar": {"mux": 47.81994572556206, "muy": 49.28166943364606, "Re": 1.843017977145194, "q": 0.45606152230652813, "roll": 2.6456814307555367, "I": 0.1, "n": 1, "c": 2}, "spiral": [[[[67.30864106181645, 35.73096765856504], [67.37722139392982, 36.54505636149838], [67.43260201445544, 37.36014891599213], [67.47439018746492, 38.17605072167523], [67.50216675837545, 38.992549035152415], [67.51548388132493, 39.809410469930086], [67.51386252309086, 40.62637810069816], [67.49678972370958, 41.44316809918054], [67.46371559490375, 42.25946581435561], [67.41405003841082, 43.07492119121772], [67.34715916971761, 43.889143399901904], [67.26236144265941, 44.70169452363278], [67.15892347491697, 45.51208211556622], [67.03605559803133, 46.31975040137861], [66.89290717978653, 47.12406985589579], [66.72856180645702, 47.924324825972704], [66.54203247481578, 48.719698811321464], [66.33225703124869, 49.50925694377736], [66.09809422248765, 50.29192512900447], [65.83832090934158, 51.06646524774501], [65.55163125454871, 51.831445758552256], [65.23663906332283, 52.58520704037358], [64.8918849556833, 53.325820893243296], [64.51585072301364, 54.05104387802817], [64.10698407877634, 54.75826471300937], [63.66373804866719, 55.44444696341337], [63.18463035114097, 56.10606999786264], [62.66832903178662, 56.739073925069846], [62.11377077693793, 57.338818254921954], [61.520316783285686, 57.90006930836015], [60.8879463841566, 58.41703728691657], [60.217479294498034, 58.883488396575075], [59.51080265157654, 59.292956735224934], [58.771061018000964, 59.63906961746009], [58.00275293496979, 59.915974611937145], [57.21167760697617, 60.118818987366254], [56.40470003413757, 60.244195455835715], [55.589351393504316, 60.290453404409135], [54.77333535066799, 60.25779865403682], [53.96404240553669, 60.148162709474136], [53.168166024828906, 59.96488740523962], [52.3914731263382, 59.7123117184281], [51.63873181768743, 59.39535090162052], [50.91376370357047, 59.01913311289979], [50.219574748679584, 58.58872462684074], [49.55852285689593, 58.10894669015978], [48.93249270792717, 57.584270864728985], [48.343061591362584, 57.01877396757888], [47.79165044389123, 56.416134563000746], [47.27966140452285, 55.77965683287624]], {"I": 0.1, "spread": 0.5, "falloff": 1.0}], [[[46.271376734640874, 29.970459341482922], [46.655495559947724, 30.25533451311572], [47.032432066558556, 30.549648024949164], [47.402093362197334, 30.853049582905378], [47.76439506893064, 31.165203113448275], [48.11925979875804, 31.48578652129125], [48.46661573769153, 31.81449135136556], [48.806395330802715, 32.151022375019046], [49.13853405960185, 32.49509711722426], [49.46296930238684, 32.84644533867909], [49.77963926776364, 33.20480848408285], [50.08848199130946, 33.56993910555675], [50.38943438525358, 33.941600268123274], [50.68243133103097, 34.31956494233539], [50.96740480456285, 34.70361538754055], [51.24428302411334, 35.09354252777426], [51.51298961055448, 35.489145320909245], [51.77344274964437, 35.89023012058761], [52.02555434579349, 36.296610029063274], [52.26922915634718, 36.70810423803474], [52.50436389490108, 37.12453735326876], [52.73084629139917, 37.545738697519376], [52.94855409592272, 37.97154158474596], [53.15735401169539, 38.40178255705058], [53.35710054143492, 38.83630057373581], [53.54763472923969, 39.274936139586124], [53.7287827778811, 39.71753035663478], [53.900354518572165, 40.16392388018478], [54.06214170679305, 40.61395575549691], [54.213916113691454, 41.06746210609002], [54.35542737757565, 41.524274637681955], [54.486400574013565, 41.98421891296646], [54.60653345589632, 42.447112341074984], [54.71549330639753, 42.912761810953526], [54.8129133377098, 43.38096087886113], [54.89838855652166, 43.85148639521632], [54.971471004084066, 44.32409442342539], [55.03166426303892, 44.79851525972303], [55.078417107272976, 45.27444730548728], [55.111116154509894, 45.75154946607187], [55.12907736740879, 46.22943164610095], [55.13153624254398, 46.70764277088128], [55.11763653608135, 47.185655573662125], [55.08641741647557, 47.662847131656385], [55.03679903738565, 48.13847378896878], [54.9675667377389, 48.6116386462271], [54.87735448894574, 49.081249202635526], [54.7646289727812, 49.545962002566476], [54.62767703912572, 50.00411031693626], [54.464601669097725, 50.45361017896114]], {"I": 0.1, "spread": 0.5, "falloff": 1.0}], [[[32.8751135505993, 57.703498579198445], [32.79671251520023, 57.00926584859942], [32.73053696704976, 56.31376177607406], [32.676961779924525, 55.61717434445207], [32.636389135127395, 54.91970939684606], [32.6092510376709, 54.221593321781384], [32.596012099683826, 53.52307619334804], [32.59717261718864, 52.82443545646998], [32.613271965535176, 52.12598026671312], [32.644892337419144, 51.428056618986425], [32.69266284316164, 50.73105343033519], [32.75726397962566, 50.03540977520319], [32.83943246537401, 49.34162352367618], [32.939966407076035, 48.6502616827601], [33.05973072367938, 47.96197280973961], [33.19966269186959, 47.277501947195766], [33.360777375840804, 46.59770861571769], [33.54417256376802, 45.92358850789661], [33.75103261023948, 45.25629961722625], [33.98263027411263, 44.59719362955152], [34.240325180123016, 43.94785342631564], [34.52555689391468, 43.31013747543554], [34.839829715063004, 42.68623156569049], [35.18468514279391, 42.07870764422254], [35.56165655933563, 41.49058812531619], [35.972199179867545, 40.925411592951846], [36.41758717682091, 40.38729187151], [36.898770043979766, 39.880956616752776], [37.416183374268726, 39.41174408370122], [37.9695175537815, 38.98552912704625], [38.55746352130479, 38.608545739862976], [39.177477249350325, 38.28708042832719], [39.82562755684737, 38.02703596751836], [40.49660087028125, 37.833410176768936], [41.183914557875696, 37.70978599012284], [41.88033262227299, 37.65795801095748], [42.57840514552643, 37.677798782610935], [43.271006342808285, 37.767395591671765], [43.95175397975756, 37.92340263561345], [44.61524708111571, 38.141500011368905], [45.257123630707554, 38.41684965330063], [45.87398325012635, 38.74447413183358], [46.46323236181022, 39.119528680011655], [47.022900181508206, 39.53747001954784], [47.55145665881273, 39.99414214958587], [48.04764743412857, 40.48580298816], [48.51034948562619, 41.00911255301692], [48.938444272740036, 41.561097740180244], [49.33070134312521, 42.13910306208815], [49.685662918660874, 42.74073169393142]], {"I": 0.1, "spread": 0.5, "falloff": 1.0}]]}