{"disk": {"mux": 49.95531543388449, "muy": 49.46084594162126, "Re": 5.369624460663757, "q": 0.9029087812806308, "roll": 2.308297598166688, "I": 0.2, "n": 1, "c": 2}, "bulge": {"mux": 49.85738169849402, "muy": 49.45420698945499, "Re": 0.6955308044662771, "q": 0.9232720820897318, "roll": 2.4398655871748867, "I": 0.2, "n": 1, "c": 2}, "bar": {"mux": 49.69521917663303, "muy": 48.96202431964192, "Re": 1.6061566285753464, "q": 0.31814316052213243, "roll": 2.330226266037006, "I": 0.1, "n": 1, "c": 2}, "spiral": []}