{"disk": {"mux": 218.12288782391127, "muy": 216.82722079988673, "Re": 6.803754572134905, "q": 0.6402532201882705, "roll": 0.34721091240309465, "I": 0.2, "n": 1, "c": 2}, "bulge": {"mux": 217.98582680803034, "muy": 217.3979307016403, "Re": 1.1345631413232122, "q": 0.9358418868665488, "roll": 2.923900128881943, "I": 0.2, "n": 1, "c": 2}, "bar": null, "spiral": []}