{"disk": {"mux": 81.42119452240915, "muy": 82.17707342752875, "roll": 0.5891041064769338, "Re": 9.512166656324101, "q": 0.5562143593213451, "I": 0, "c": 2.0, "n": 1.0}, "bulge": {"mux": 82.3091269556829, "muy": 81.79924259106512, "roll": 0.6092240976152818, "Re": 1.0891936569663292, "q": 0.6401655686004925, "I": 0, "c": 2.0, "n": 1.25625}, "bar": null, "spiral": []}