{"disk": {"mux": 149.51054959843609, "muy": 145.51491763526323, "roll": 2.1535758059616006, "Re": 10.008906529100786, "q": 0.9999999969603419, "I": 0, "c": 2.0, "n": 1.0}, "bulge": {"mux": 148.82347361313157, "muy": 145.21367894038556, "roll": 1.9103644374544433, "Re": 2.09634535161412, "q": 0.9242791980096261, "I": 0, "c": 2.0, "n": 1.83}, "bar": {"mux": 148.3682038713902, "muy": 145.6368069641248, "roll": 3.1414578663646355, "Re": 3.2207455362743107, "q": 0.9999999970787966, "I": 0, "c": 2.3333333333333335, "n": 1.0}, "spiral": []}