{"disk": {"mux": 42.571274124734025, "muy": 39.624268933187444, "roll": 0.6221824866317425, "Re": 5.308959129734904, "q": 0.6984358020806946, "I": 0, "c": 2.0, "n": 1.0}, "bulge": {"mux": 42.474565402736836, "muy": 39.730011125611064, "roll": 0.6864261223980246, "Re": 0.9055055508944477, "q": 0.9066142295316624, "I": 0, "c": 2.0, "n": 1.416}, "bar": null, "spiral": []}