{"disk": {"mux": 37.16541695959049, "muy": 37.58937071526971, "roll": 3.0685284857980726, "Re": 1.8558234653561005, "q": 0.574931478479833, "I": 0, "c": 2.0, "n": 1.0}, "bulge": {"mux": 37.214452575517825, "muy": 37.79062854115738, "roll": 3.136372719817659, "Re": 0.9790890047314764, "q": 0.7756045614332889, "I": 0, "c": 2.0, "n": 1.778}, "bar": {"mux": 37.05711364476426, "muy": 38.085937503323855, "roll": 3.1415926494674857, "Re": 2.490234356125082, "q": 0.3968871532738234, "I": 0, "c": 2.015, "n": 0.71}, "spiral": []}