{"disk": {"mux": 70.60499932086907, "muy": 69.03271503343177, "Re": 11.448049281540674, "q": 0.9833059929659854, "roll": 1.6515499497467219, "I": 0.2, "n": 1, "c": 2}, "bulge": {"mux": 69.99137627794524, "muy": 70.31435469627664, "Re": 1.05768220729342, "q": 0.4415488592594518, "roll": 0.46549009814559905, "I": 0.2, "n": 1, "c": 2}, "bar": null, "spiral": [[[[78.35918586544659, 61.07300183139221], [79.18776666467242, 61.44718342318564], [79.99135095012147, 61.87241385134749], [80.76735054365534, 62.3461253675641], [81.51338843145706, 62.86575377824912], [82.22728019105901, 63.428738731421866], [82.90701896520612, 64.03252276330586], [83.55076358758802, 64.67454967813447], [84.15682947717819, 65.35226271570548], [84.72368193221074, 66.06310286709679], [85.24993147049794, 66.80450762329976], [85.73433087723457, 67.5739103790913], [86.17577363402629, 68.36874066112543], [86.57329341426313, 69.18642530181154], [86.92606434081277, 70.02439063678078], [87.23340171381132, 70.88006576217042], [87.49476292911288, 71.7508868478068], [87.70974832504005, 72.63430246355522], [87.87810171462714, 73.52777983893407], [87.99971038633863, 74.42881194156233], [88.07460438564819, 75.3349252290353], [88.10295492498078, 76.24368790290771], [88.08507180725047, 77.15271847322806], [88.02139979163466, 78.05969442999462], [87.91251387085826, 78.96236081217074], [87.75911347430697, 79.8585384692576], [87.56201565023731, 80.74613182120007], [87.32214731777513, 81.62313594159285], [87.04053671037114, 82.48764281418786], [86.71830415696331, 83.33784664267499], [86.3566523645509, 84.17204812741483], [85.95685637403663, 84.98865765552937], [85.52025336477749, 85.78619738716708], [85.04823247653934, 86.56330225061966], [84.5422248071443, 87.31871988841345], [84.0036937280791, 88.05130962091417], [83.43412564073049, 88.7600405131838], [82.83502127427671, 89.44398864461067], [82.20788760392048, 90.1023336904517], [81.55423044564982, 90.73435492924548], [80.87554776262594, 91.33942678825503], [80.17332369894203, 91.91701403801265], [79.44902333935356, 92.46666673939511], [78.70408817923106, 92.988015038352], [77.93993227709804, 93.48076389404248], [77.15793905298261, 93.94468781527874], [76.3594586892529, 94.37962566915368], [75.54580608574119, 94.78547561574446], [74.71825931901162, 95.16219021150623], [73.87805855446504, 95.50977171523614]], {"I": 0.1, "spread": 0.5, "falloff": 1.0}], [[[78.17786734219237, 66.33167613062987], [78.98474518149514, 67.22772909767417], [79.67659533067528, 68.21533538125695], [80.24506380441797, 69.278779939871], [80.68364845670575, 70.40205864020396], [80.98776508189351, 71.56896160082793], [81.154828697857, 72.76323029467265], [81.18431268271713, 73.96878432735153], [81.07775365441772, 75.1700012367274], [80.83867976108395, 76.35202227906498], [80.47245352035931, 77.50105132672662], [79.98603512275245, 78.60461433974612], [79.38768497286053, 79.65175338284634], [78.6866324469426, 80.63314006893643], [77.89274006373817, 81.54110566653287], [77.01618901139322, 82.36959599771579], [76.06720505347639, 83.11406664495745], [75.05583556360726, 83.77133728484095], [73.99178076116456, 84.33942366336315], [72.884276329869, 84.81736302583903], [71.74202088709607, 85.20504494673362], [70.57314003064967, 85.50305551980547], [69.38517844894834, 85.71253936989731], [68.18511227508127, 85.83508124709434], [66.97937505347582, 85.87260706492222], [65.77389200899827, 85.82730306688136], [64.57411858063246, 85.70155116782382], [63.38508027404124, 85.49787827329612], [62.21141178871621, 85.21891737944419], [61.05739406515417, 84.8673784052462], [59.926988420483525, 84.44602692610891], [58.823867308646825, 83.95766922108257], [57.75144151266262, 83.40514228138802], [56.71288374228905, 82.79130764593228], [55.71114873495647, 82.11904811726608], [54.748990026002026, 81.39126657223933], [53.82897359936289, 80.61088621441056], [52.95348865597577, 79.78085172410427], [52.124755749044155, 78.9041308510211], [51.34483254550713, 77.98371606659167], [50.61561747768427, 77.02262595329918], [49.93885155283552, 76.02390605935013], [49.31611859247207, 74.99062899214353], [48.74884418187543, 73.92589356476205], [48.238293611689116, 72.83282285024124], [47.78556910023888, 71.71456103775213], [47.39160658780902, 70.57426902552527], [47.0571723934089, 69.41511872731836], [46.78286001906356, 68.24028611219741], [46.56908737878711, 67.05294304092045]], {"I": 0.1, "spread": 0.5, "falloff": 1.0}], [[[65.46684729709608, 78.06112283854185], [64.51324855688414, 77.794559142888], [63.58690231568071, 77.44478788186134], [62.6936597489468, 77.01745048043587], [61.83858751878247, 76.51806430749967], [61.02608815982158, 75.95201665489745], [60.25999367148944, 75.32456940544891], [59.54363724406327, 74.64086891752653], [58.8799074117514, 73.90595752068128], [58.27128829412694, 73.12478427687053], [57.7198890275331, 72.3022135200506], [57.22746501461674, 71.44303028352829], [56.795433230429495, 70.55194215459423], [56.424883494913956, 69.63357741874255], [56.11658734161183, 68.69247960968899], [55.8710058558723, 67.7330987851211], [55.68829761796005, 66.75978001335025], [55.568327651649355, 65.77674968383778], [55.51067804579075, 64.78810034374499], [55.51466069051318, 63.79777481331205], [55.579332346683515, 62.809550339288435], [55.70351206328277, 61.827023511927436], [55.88580077717275, 60.853596600469004], [56.124602776379895, 59.89246585571365], [56.41814859840583, 58.94661220480232], [56.76451885892126, 58.01879462095665], [57.16166847465435, 57.1115463102401], [57.60745074804087, 56.227173723298236], [58.09964081566696, 55.36775827824491], [58.63595802376722, 54.53516058567976], [59.21408686934698, 53.73102689104666], [59.831696230813805, 52.95679740069452], [60.4864566985641, 52.21371613530758], [61.17605589857404, 51.502841945592905], [61.89821177591933, 50.825060345231094], [62.65068386881365, 50.181095835150956], [63.43128265422504, 49.57152443336032], [64.2378770846254, 48.99678616250987], [65.06840046190364, 48.4571972899296], [65.92085481184944, 47.95296215455104], [66.79331392676049, 47.48418445868436], [67.68392524842996, 47.0508779307473], [68.59091075416204, 46.6529763023104], [69.51256700140672, 46.290342565293024], [70.4472644743095, 45.96277749747916], [71.39344636201753, 45.67002746178979], [72.34962688381111, 45.41179149842653], [73.31438926240642, 45.187727738370015], [74.28638343554852, 44.9974591726888], [75.26432357738149, 44.840578819616965]], {"I": 0.1, "spread": 0.5,