{"disk": {"mux": 40.9636506379294, "muy": 41.167747290065066, "roll": 0.3838793931009561, "Re": 3.7106247349084396, "q": 0.5779659081971993, "I": 0, "c": 2.0, "n": 1.0}, "bulge": {"mux": 41.00370801889095, "muy": 41.144570152856446, "roll": 2.332727323123353, "Re": 0.7432963807979776, "q": 0.9229637203483063, "I": 0, "c": 2.0, "n": 2.390769230769231}, "bar": null, "spiral": []}