{"disk": {"mux": 52.30410732651425, "muy": 52.2993192586108, "Re": 4.680865498134606, "q": 0.5949449553329622, "roll": 2.2448092852393793, "I": 0.2, "n": 1, "c": 2}, "bulge": {"mux": 52.709074120034565, "muy": 52.27542471877381, "Re": 0.7932537648312346, "q": 0.9693408686461866, "roll": 2.1286532631493444, "I": 0.2, "n": 1, "c": 2}, "bar": null, "spiral": [[[[74.07031645748532, 54.17085079906368], [73.87001134861741, 54.6241749363882], [73.65474575733725, 55.07058776349876], [73.42436410263923, 55.50938924839781], [73.17875674949286, 55.93985206923771], [72.91786585184337, 56.36122592640901], [72.64169092263613, 56.772742879654714], [72.35029390559457, 57.17362369419479], [72.04380350835275, 57.56308512629829], [71.72241855502541, 57.94034801881757], [71.38641013306916, 58.30464601550999], [71.03612234328548, 58.65523464490479], [70.67197151673025, 58.99140047680504], [70.29444383129673, 59.31247002255618], [69.90409134297164, 59.61781804022244], [69.50152653168976, 59.90687491919531], [69.08741554462974, 60.17913285767983], [68.66247039001978, 60.434150606738775], [68.22744038660814, 60.6715566312169], [67.78310320321644, 60.89105062415169], [67.33025582669498, 61.092403397161846], [66.86970577751423, 61.275455248897934], [66.40226285317841, 61.4401129789508], [65.92873162653135, 61.586345762522164], [65.44990486522656, 61.714180128564685], [64.96655797636936, 61.82369429323367], [64.47944452178625, 61.91501209249126], [63.989292798551745, 61.98829673669831], [63.49680343861601, 62.0437445801164], [63.00264795146443, 62.081579063440344], [62.50746811438375, 62.102044951255664], [62.01187610558005, 62.105402951161096], [61.51645527306825, 62.09192476999446], [61.02176143736399, 62.06188863496881], [60.52832463441379, 62.015575285427026], [60.03665121743104, 61.95326442328677], [59.54722624986513, 61.8752315973413], [59.060516136226624, 61.781745487567655], [58.57697145222113, 61.67306554990926], [58.097029950199754, 61.54943997892819], [57.62111973036959, 61.411103944760534], [57.14966258242354, 61.25827806124067], [56.683077516778255, 61.091167043673025], [56.22178451976017, 60.909958516948535], [55.76620858364561, 60.714821937549345], [55.31678408131005, 60.50590759611628], [54.87395957750392, 60.28334567098121], [54.43820319625109, 60.047245307165205], [54.01000869843563, 59.79769370073633], [53.58990246851407, 59.53475517536105]], {"I": 0.1, "spread": 0.5, "falloff": 1.0}], [[[42.13912398093381, 58.01043871635301], [41.76761518644298, 57.458155060005446], [41.41466685283983, 56.893831932756164], [41.081401578406876, 56.31766879249586], [40.769061134940436, 55.72990256338275], [40.47902156238924, 55.13082160002937], [40.21280967466809, 54.52078342326627], [39.972120722498445, 53.90023727889515], [39.75883663939642, 53.26975281146397], [39.57504380305013, 52.63005639930633], [39.42304847254977, 51.98207690556456], [39.30538692038131, 51.32700266897512], [39.22482563702475, 50.666351277208655], [39.18434480296264, 50.002052733690135], [39.1870955563475, 49.336544519009124], [39.23631889738715, 48.67287311421074], [39.335212478241885, 48.014790151814935], [39.486733160614534, 47.366822373601174], [39.693331209279606, 46.73428444977032], [39.95662933058712, 46.12319673030934], [40.277086440278985, 45.54007367458547], [40.65371477929869, 44.99157115690591], [41.08393371120579, 44.48402339483078], [41.563626347116085, 44.022949392804136], [42.08741196400207, 43.61263758422944], [42.64907912147978, 43.25590297861285], [43.2420773363216, 42.95405629978186], [43.85996264522216, 42.70705892079074], [44.496728245753694, 42.513794053180696], [45.146999609682986, 42.37237679751275], [45.80611043035749, 42.28044407707503], [46.47009287997518, 42.23539256539191], [47.13561664068281, 42.23455556583977], [47.79990394501199, 42.27532374773624], [48.46063871172322, 42.35522065931607], [49.11588007705537, 42.47194488020714], [49.76398514348476, 42.62338915331126], [50.403542394624964, 42.807644531253636], [51.03331537909615, 43.0229953417303], [51.65219539319952, 43.26790894449199], [52.25916158139988, 43.541022879231015], [52.85324684927224, 43.8411310243229], [53.4335080851018, 44.167169709518994], [53.99899932314855, 44.51820426672043], [54.548746603431816, 44.89341618647911], [55.08172336639365, 45.29209081844871], [55.59682525392334, 45.71360536761641], [56.092843161339495, 46.15741675877343], [56.568433297538235, 46.623048728669026], [57.02208285140779, 47.11007722375951]], {"I": 0.1, "spread": 0.5, "falloff": 1.0}]]}