{"disk": {"mux": 37.84236418376418, "muy": 36.50563774280748, "roll": 0.4242949999384867, "Re": 5.8222992690653115, "q": 0.9188989802746118, "I": 0, "c": 2.0, "n": 1.0}, "bulge": {"mux": 37.87250688829298, "muy": 36.46830053391803, "roll": 1.4854602618859085, "Re": 0.6509829827825556, "q": 0.9219347915301521, "I": 0, "c": 2.0, "n": 0.7857142857142857}, "bar": null, "spiral": []}