{"disk": {"mux": 55.31073690398534, "muy": 56.54254870146063, "roll": 0.6964643518336047, "Re": 8.674687929685456, "q": 0.5940263294560182, "I": 0, "c": 2.0, "n": 1.0}, "bulge": {"mux": 56.05597740097087, "muy": 55.24020953287361, "roll": 2.7553822844212816, "Re": 1.6689817680451375, "q": 0.999999998956518, "I": 0, "c": 2.0, "n": 1.16375}, "bar": null, "spiral": []}