{"disk": {"mux": 99.05914831450434, "muy": 98.39520150831316, "roll": 1.4376915526147114, "Re": 14.626853198023662, "q": 0.9344652694497982, "I": 0, "c": 2.0, "n": 1.0}, "bulge": {"mux": 99.64303703561033, "muy": 98.56867162988436, "roll": 1.0282704709636743, "Re": 1.9066252034398155, "q": 0.9999999990838025, "I": 0, "c": 2.0, "n": 1.79}, "bar": null, "spiral": []}