{"disk": {"mux": 124.74966747560192, "muy": 122.66608811208971, "roll": 0.1364880402151738, "Re": 11.498965286038846, "q": 0.5572180176956912, "I": 0, "c": 2.0, "n": 1.0}, "bulge": {"mux": 125.19252568416661, "muy": 123.66755941594528, "roll": 0.02386069167881694, "Re": 1.9563983186283576, "q": 0.49861084608794476, "I": 0, "c": 2.0, "n": 1.356}, "bar": null, "spiral": []}