{"disk": {"mux": 63.12155303302496, "muy": 63.17155068862715, "roll": 2.776671333552413, "Re": 9.05489715992217, "q": 0.9846485741734132, "I": 0, "c": 2.0, "n": 1.0}, "bulge": {"mux": 63.813814737987926, "muy": 63.2310991476254, "roll": 0.09959795050579447, "Re": 0.8152658654036985, "q": 0.8401629042631049, "I": 0, "c": 2.0, "n": 3.1}, "bar": null, "spiral": []}