{"disk": {"mux": 31.260344374591092, "muy": 29.20580414383285, "roll": 1.4077721284645668, "Re": 2.74789968593225, "q": 0.9999999925505879, "I": 0, "c": 2.0, "n": 1.0}, "bulge": {"mux": 31.131357440599047, "muy": 29.108363888556866, "roll": 0.33601318908339756, "Re": 0.8512385577463111, "q": 0.999999995147827, "I": 0, "c": 2.0, "n": 1.4923076923076921}, "bar": null, "spiral": []}