{"disk": {"mux": 39.75874366924612, "muy": 38.53133320910006, "roll": 2.480103256970957, "Re": 5.143652698252234, "q": 0.999999999015491, "I": 0, "c": 2.0, "n": 1.0}, "bulge": {"mux": 40.063696657108835, "muy": 38.51354934246829, "roll": 0.07318132816066392, "Re": 0.9675490789450037, "q": 0.9983621501045135, "I": 0, "c": 2.0, "n": 1.085}, "bar": {"mux": 39.78384292096368, "muy": 38.384109367046825, "roll": 2.2537598202177405, "Re": 1.5103705289917984, "q": 0.9999999922027341, "I": 0, "c": 1.9875, "n": 0.5}, "spiral": []}