{"disk": {"mux": 133.76295242455726, "muy": 131.5011141510305, "Re": 22.370880842504235, "q": 0.8543257809060766, "roll": 2.3234376023687004, "I": 0.2, "n": 1, "c": 2}, "bulge": null, "bar": null, "spiral": [[[[117.7362200820479, 120.02615085108575], [117.65381662749793, 118.9522822712325], [117.63163306022804, 117.87547422189132], [117.66761719671871, 116.79903035386826], [117.75993986653334, 115.72594252386804], [117.90694896078776, 114.65896501901877], [118.10713003172404, 113.60066943261448], [118.35907221183501, 112.55348529911208], [118.66143847136414, 111.51972997047466], [119.01293946635361, 110.50163014752825], [119.41231043290878, 109.50133676961296], [119.85829075510593, 108.52093449131273], [120.34960597563581, 107.56244666101576], [120.88495213270667, 106.62783651217542], [121.462982395326, 105.71900515282167], [122.08229603330221, 104.83778686935932], [122.74142979759712, 103.98594222964775], [123.43885180200348, 103.16514946577719], [124.172957988132, 102.37699462658207], [124.94207122416043, 101.62296100473351], [125.74444303581919, 100.90441835402497], [126.57825789972331, 100.22261241162039], [127.4416399507822, 99.57865522374072], [128.33266187158617, 98.9735167334424], [129.24935565316176, 98.40801803182202], [130.18972484695323, 97.88282659243761], [131.15175787687008, 97.39845371462425], [132.13344195048543, 96.95525429470817], [133.13277710368473, 96.5534289365513], [134.1477899328563, 96.19302830832824], [135.17654661080826, 95.8739595614152], [136.2171648427336, 95.59599455197745], [137.2678244921834, 95.35877955061828], [138.3267766846287, 95.16184609677647], [139.39235127762518, 95.00462264062512], [140.46296266015497, 94.8864466271747], [141.53711390972992, 94.806576701585], [142.61339939192277, 94.76420475055744], [143.69050592476546, 94.75846754166523], [144.76721266519252, 94.78845776630453], [145.8423898854381, 94.85323434364005], [146.9149968178651, 94.95183188540445], [147.98407874339807, 95.08326926311474], [149.04876348901175, 95.24655725429224], [150.1082574873154, 95.4407052726995], [151.16184153627222, 95.66472721075316], [152.20886637626435, 95.91764643906833], [153.24874818634117, 96.19850001984592], [154.28096408372636, 96.5063421985011], [155.3050476933179, 96.84024724141013]], {"I": 0.1, "spread": 0.5, "falloff": 1.0}]]}