{"disk": {"mux": 71.64186092876697, "muy": 69.28004505187101, "Re": 6.169521251016451, "q": 0.6152875627048042, "roll": 2.5632812731414676, "I": 0.2, "n": 1, "c": 2}, "bulge": {"mux": 71.50359910295094, "muy": 69.0605151728135, "Re": 1.3048772936958393, "q": 0.9588462050316033, "roll": 2.3655832726395403, "I": 0.2, "n": 1, "c": 2}, "bar": null, "spiral": [[[[83.09755082830213, 79.59641958835675], [82.77474101374568, 80.66080086800672], [82.34164855855985, 81.68517585828309], [81.7940607994229, 82.65308159754296], [81.13120127720252, 83.5458844424187], [80.35721393556517, 84.34416455630269], [79.48205344030907, 85.02995737200325], [78.52114767786335, 85.58932789259505], [77.4936619447195, 86.01433289449987], [76.41993771330598, 86.30358303356532], [75.31908040594152, 86.46133865880985], [74.20741033336756, 86.49575286753918], [73.09790860986585, 86.41702494335385], [72.00038044164152, 86.23594427061632], [70.9219698630717, 85.9629538228529], [69.86775799281816, 85.60765414799299], [68.84130568590803, 85.17860769391137], [67.84509218295146, 84.68331946868155], [66.88084836586692, 84.12830776522698], [65.94980140554921, 83.51921257690033], [65.05285121940975, 82.86091300655322], [64.19069691426242, 82.15763949517509], [63.363927577669244, 81.41307493031437], [62.57308811828864, 80.63044302509655], [61.81872789857598, 79.81258449268766], [61.10143768510447, 78.96202246606612], [60.421878846212124, 78.08101893502288], [59.78080760384826, 77.17162400043922], [59.17909636619711, 76.23571966511543], [58.617753622581695, 75.27505977921895], [58.09794350307178, 74.29130767672567], [57.62100582506342, 73.28607301456445], [57.188477222654015, 72.26094936327242], [56.802113748601585, 71.21755421096412], [56.463915083068436, 70.15757323843725], [56.17615015670771, 69.08281100689777], [55.94138347980325, 67.99525056072295], [55.76250069772547, 66.89712487202152], [55.64273066896377, 65.79100345267238], [55.58565952110319, 64.6798977059093], [55.59522938943694, 63.56738835501074], [55.67571065239935, 62.457777028071746], [55.83163133564504, 61.356260846062824], [56.067641360843616, 60.26912223655776], [56.38828402652594, 59.20391435186474], [56.797646252111896, 58.16960404937128], [57.29886943539925, 57.17661029654418], [57.893533278457966, 56.23665321590379], [58.58098150379728, 55.36232470700188], [59.357732138502584, 54.56633058463931]], {"I": 0.1, "spread": 0.5, "falloff": 1.0}]]}