{"disk": {"mux": 71.09726779048226, "muy": 70.8116417162997, "Re": 5.161306466645905, "q": 0.4146076115609487, "roll": 1.6258986915698288, "I": 0.2, "n": 1, "c": 2}, "bulge": {"mux": 70.9728964193309, "muy": 70.68089761382029, "Re": 0.9167159351567975, "q": 0.862301600989271, "roll": 1.526547861291704, "I": 0.2, "n": 1, "c": 2}, "bar": null, "spiral": []}