{"disk": {"mux": 149.07946178367217, "muy": 145.17498099827935, "Re": 12.424678666565299, "q": 0.6023165867880432, "roll": 0.5600553500123981, "I": 0.2, "n": 1, "c": 2}, "bulge": {"mux": 148.82347584179385, "muy": 145.21368092516946, "Re": 2.096347744958317, "q": 0.9242799004970479, "roll": 1.9103421096034483, "I": 0.2, "n": 1, "c": 2}, "bar": {"mux": 148.48022011940023, "muy": 145.71623400106503, "Re": 3.0618613372776404, "q": 0.8888469570926615, "roll": 1.5706614390010838, "I": 0.1, "n": 1, "c": 2}, "spiral": []}