{"disk": {"mux": 77.36506534841936, "muy": 78.09433364039621, "Re": 13.776717748620703, "q": 0.7846994789522965, "roll": 0.29391115862717154, "I": 0.2, "n": 1, "c": 2}, "bulge": {"mux": 77.89294433044356, "muy": 75.61358643069202, "Re": 1.7801518426150988, "q": 0.5000000053656856, "roll": 0.16977826233302493, "I": 0.2, "n": 1, "c": 2}, "bar": null, "spiral": [[[[87.01093484286574, 115.22356939984479], [86.06796091676759, 114.99116592590283], [85.13150981932101, 114.73374030810218], [84.20242255395185, 114.45089269561791], [83.28158452022558, 114.14224976905743], [82.36992538784084, 113.80746938592632], [81.46841851844931, 113.44624548563412], [80.57807988091716, 113.05831321181567], [79.69996640537478, 112.64345419288824], [78.83517373294049, 112.20150191319303], [77.98483332335391, 111.732347089729], [77.15010889745649, 111.23594295860684], [76.33219220716812, 110.71231036442096], [75.53229814436422, 110.16154253639772], [74.75165922233062, 109.58380943146229], [73.99151948685439, 108.9793615231333], [73.25312793880383, 108.34853292004222], [72.53773157457582, 107.69174370826653], [71.84656817344919, 107.00950142874855], [71.18085898046414, 106.30240162245316], [70.54180144821507, 105.57112740436463], [69.93056221057729, 104.81644805707859], [69.34827046253777, 104.03921667217513], [68.79601191650268, 103.24036689906934], [68.27482349205088, 102.42090889825265], [67.78568887748916, 101.58192462607583], [67.32953507669939, 100.7245626059546], [66.90723002630969, 99.85003236230892], [66.5195813363536, 98.95959870983263], [66.1673361770207, 98.05457609875734], [65.85118230363761, 97.13632322040027], [65.57175018565559, 96.20623807493352], [65.32961618317498, 95.26575369783004], [65.12530669838442, 94.3163347339068], [64.95930321872459, 93.3594750411963], [64.83204816477877, 92.39669650273719], [64.74395145760668, 91.42954922606721], [64.69539772777581, 90.45961332004633], [64.68675410025668, 89.48850246039422], [64.71837850508096, 88.51786949251037], [64.79062848175357, 87.54941437830787], [64.90387046466753, 86.58489487886419], [65.05848955515427, 85.6261404871244], [65.2548998005748, 84.67507029693762], [65.49355500773677, 83.73371573752688], [65.77496010925958, 82.80424944480275], [66.09968306411362, 81.88902202839738], [66.4683671835785, 80.99060919582072], [66.88174358675938, 80.11187272102245], [67.3406431228587, 79.2560402683707]], {"I": 0.1, "spread": 0.5, "falloff": 1.0}]]}