{"disk": {"mux": 69.07474738916959, "muy": 67.1574193487138, "roll": 2.8806902721235415, "Re": 9.27873905495159, "q": 0.5052821316939231, "I": 0, "c": 2.0, "n": 1.0}, "bulge": {"mux": 69.18590553224145, "muy": 67.86189635316408, "roll": 0.24305049033600085, "Re": 1.6539613949618248, "q": 0.8197940850852078, "I": 0, "c": 2.0, "n": 1.1916666666666667}, "bar": null, "spiral": []}