{"disk": {"mux": 86.42263281255873, "muy": 85.91664421432927, "Re": 8.810244998598051, "q": 0.48260290975285286, "roll": 1.3273885816340658, "I": 0.2, "n": 1, "c": 2}, "bulge": {"mux": 86.80043448966013, "muy": 85.6471965094978, "Re": 1.673568682270837, "q": 0.7503707511841218, "roll": 1.2610352053266443, "I": 0.2, "n": 1, "c": 2}, "bar": null, "spiral": []}