{"disk": {"mux": 87.59987293762315, "muy": 87.11575619110127, "roll": 1.1326807998253474, "Re": 3.5472221947483584, "q": 0.47045504277386246, "I": 0, "c": 2.0, "n": 1.0}, "bulge": null, "bar": null, "spiral": []}