{"disk": {"mux": 60.77887885327907, "muy": 59.890143586272345, "roll": 2.4285994875780053, "Re": 9.30603043647525, "q": 0.9066044435614992, "I": 0, "c": 2.0, "n": 1.0}, "bulge": {"mux": 60.69444801812981, "muy": 60.02135943206136, "roll": 1.1182854708810073, "Re": 0.9012099083532709, "q": 0.9986339532730057, "I": 0, "c": 2.0, "n": 0.8533333333333334}, "bar": null, "spiral": []}