{"disk": {"mux": 128.0137686113307, "muy": 125.84096344731242, "Re": 12.89587323772088, "q": 0.5560005397530964, "roll": 1.4949674804203688, "I": 0.2, "n": 1, "c": 2}, "bulge": {"mux": 127.73623588730374, "muy": 125.87652268610798, "Re": 1.7402210635215114, "q": 0.607474834245028, "roll": 1.5656261313893731, "I": 0.2, "n": 1, "c": 2}, "bar": null, "spiral": [[[[96.09720816438447, 98.6509559878663], [97.77854960670734, 98.32307064251773], [99.46655495431804, 98.03142866752593], [101.16046441585807, 97.77630768476108], [102.85951405776875, 97.55803081877522], [104.56293108084887, 97.37697005766839], [106.26992869240402, 97.23354993235368], [107.97970047854062, 97.12825157284996], [109.69141416410895, 97.06161719767259], [111.40420462384627, 97.0342551032085], [113.11716597825023, 97.04684522728172], [114.82934257292128, 97.10014536564925], [116.53971859345181, 97.1949981300311], [118.24720600969233, 97.33233874379162], [119.95063046973573, 97.51320377716047], [121.64871467124189, 97.73874092589863], [123.34005861502608, 98.01021993746467], [125.02311599314459, 98.32904477381508], [126.69616576588659, 98.69676706927719], [128.35727772555995, 99.1151008838985], [130.00427051515396, 99.58593864656858], [131.6346601537217, 100.11136799590977], [133.24559657893732, 100.69368892533818], [134.83378506269284, 101.33543012822417], [136.3953885304746, 102.0393626317321], [137.92590590146276, 102.8085074882176], [139.4200205978973, 103.64613221458299], [140.87141263388952, 104.5557273956178], [142.27252773897064, 105.54094982031063], [143.6142989470079, 106.605510962239], [144.88582229228618, 107.75297884197963], [146.07400269356606, 108.9864473210553], [147.16321530415, 110.30801204695574], [148.135079852364, 111.71798497377195], [148.96852580752753, 113.21379971633797], [149.64042087352368, 114.78864408875754], [150.12708250856528, 116.43004446031664], [150.40686033205523, 118.11890839762493], [150.46352925661503, 119.82974681187835], [150.2895521800237, 121.53261975063722], [149.8878630959239, 123.1965924254493], [149.2712790045545, 124.7935601974657], [148.45983063042922, 126.30103414142327], [147.47724792639323, 127.7031518867132], [146.3478585483476, 128.9901363986868], [145.09452826800967, 130.1569255910172], [143.73764774100383, 131.2016369399396], [142.2948723788847, 132.1242365648907], [140.7812966187071, 132.92552473220573], [139.209832127448, 133.6064098331205]], {"I": 0.1, "spread": 0.5, "falloff": 1.0}]]}