{"disk": {"mux": 43.1777419304465, "muy": 43.611148991756515, "roll": 3.0237885729882414, "Re": 5.971424813046751, "q": 0.5861432808307834, "I": 0, "c": 2.0, "n": 1.0}, "bulge": null, "bar": null, "spiral": []}