{"disk": null, "bulge": {"mux": 60.92903052308653, "muy": 59.634582560286525, "Re": 1.001841687723652, "q": 0.9778787140969943, "roll": 3.1405621697597157, "I": 0.2, "n": 1, "c": 2}, "bar": null, "spiral": []}