{"disk": {"mux": 36.36947886881671, "muy": 37.416529982806225, "Re": 4.820650303060135, "q": 0.5834467863917934, "roll": 2.3238473394594377, "I": 0.2, "n": 1, "c": 2}, "bulge": {"mux": 37.97863081898283, "muy": 38.39206910149923, "Re": 1.4330949984080126, "q": 0.7315904815493749, "roll": 2.4395076766602903, "I": 0.2, "n": 1, "c": 2}, "bar": null, "spiral": [[[[40.582658794395336, 41.58702610313714], [40.137314546840656, 42.09008491028337], [39.57143418698963, 42.453437739381016], [38.93752034018498, 42.67987213103045], [38.272856350942156, 42.78909932996198], [37.59915673608816, 42.8026920095472], [36.92822620422654, 42.738588131330495], [36.26642673687798, 42.61053124388395], [35.617236387927, 42.42886208430126], [34.982600033599255, 42.201404410872556], [34.36363769883957, 41.934161734140936], [33.761023375397365, 41.63181787739591], [33.175193385996835, 41.298088372254746], [32.60646447520127, 40.93596751218373], [32.05510278141188, 40.54790408857963], [31.521365391816342, 40.13592842511068], [31.005526262761904, 39.701745884394356], [30.507893087081076, 39.24680703659534], [30.028818881719875, 38.77236140448026], [29.56871051037664, 38.27949954536038], [29.128035463814673, 37.769186815901364], [28.70732769600532, 37.24229121930407], [28.307192990139097, 36.699607104842556], [27.92831412189194, 36.14187606009448], [27.57145593615185, 35.569806051325884], [27.23747033477061, 34.98408967066567], [26.927301059694607, 34.38542221646526], [26.64198803468464, 33.77452023895989], [26.382670886743842, 33.15214110775475], [26.150591095855617, 32.51910408137046], [25.947092011664147, 31.876313261465], [25.7736157222271, 31.224782665941596], [25.631695473563944, 30.5656634239675], [25.522942041733813, 29.900272751236066], [25.449022187807675, 29.23012384159916], [25.411627181365223, 28.556955120214177], [25.412429464950396, 27.882756384909513], [25.453026036547076, 27.20978833529175], [25.53486823100934, 26.54059094238368], [25.659179425851303, 25.877975401401876], [25.826864803592187, 25.224994389899997], [26.038420343074023, 24.584886572191664], [26.293851100549862, 23.960994021311283], [26.59261048053928, 23.35665548682196], [26.933571649942554, 22.77508346304707], [27.315038845186645, 22.21923752262446], [27.73480042188159, 21.691708764386206], [28.19021852786855, 21.19462937773774], [28.678344228262226, 20.729617208057352], [29.196043551949057, 20.297758998791554]], {"I": 0.1, "spread": 0.5, "falloff": 1.0}], [[[41.291385079499065, 34.03655199855854], [41.872183819514895, 34.43485211891988], [42.428928760326315, 34.86614766875005], [42.96057837512808, 35.328030748559954], [43.46596351412018, 35.81851653819835], [43.94373353547179, 36.33593943618853], [44.39230587807543, 36.87886749974595], [44.809814079312694, 37.44602656304084], [45.194050818281696, 38.03622643603532], [45.54240376216315, 38.64828157861933], [45.851783410522856, 39.28091768936133], [46.11854450759356, 39.93265380669992], [46.33840702697807, 40.601647014787474], [46.50639093357193, 41.28548445816564], [46.61679327386112, 41.9809072947784], [46.66325893646318, 42.68345855412916], [46.63902680863579, 43.38707144987683], [46.53745910477425, 44.083670520496256], [46.3529477169275, 44.762952466167924], [46.08217547821735, 45.41261523163006], [45.725453886639116, 46.01930191716216], [45.2875733587813, 46.570270107429124], [44.77759852326908, 47.05531556420407], [44.20752599366522, 47.46815930703024], [43.59037261060662, 47.806751343681476], [42.938481794641625, 48.07257722602112], [42.2625070557935, 48.269491521042916], [41.57107393236795, 48.40258677650215], [40.87088393396462, 48.47735193724957], [40.16701672810638, 48.49915144536557], [39.463272803091776, 48.47295370169102], [38.76248159196122, 48.403221110235684], [38.0667511582898, 48.293892378817716], [37.37765996317913, 48.14841157754586], [36.69640004713994, 47.96977717432844], [36.02388246299456, 47.76059652719378], [35.360814517507535, 47.523138619411384], [34.707756376164276, 47.259381872437466], [34.06516271413913, 46.97105602506073], [33.433413566759924, 46.65967811134703], [32.81283738562154, 46.32658305606512], [32.203728457635286, 45.97294955963048], [31.606360241117883, 45.599821969648666], [31.020995739469562, 45.20812878156288], [30.44789572611607, 44.79869833380112], [29.887325416027814, 44.37227218587882], [29.33956002324024, 43.92951658944508], [28.80488953279864, 43.47103239978729], [28.28362293559292, 42.99736372015787], [27.776092116480687, 42.50900552808308]], {"I": 0.1, "spread": 0.5, "falloff": 1.0}]]}