{"disk": {"mux": 42.89605672786988, "muy": 41.90134258360666, "Re": 7.027044074384636, "q": 0.7607117040532662, "roll": 1.8703131225641076, "I": 0.2, "n": 1, "c": 2}, "bulge": null, "bar": null, "spiral": []}