{"disk": {"mux": 96.13989196586684, "muy": 95.51818153256872, "roll": 0.06672564756888483, "Re": 10.607976598781363, "q": 0.5532644648964916, "I": 0, "c": 2.0, "n": 1.0}, "bulge": {"mux": 95.3343173864183, "muy": 94.65544465114017, "roll": 0.25558647067751983, "Re": 2.377627917346558, "q": 0.5000038890283226, "I": 0, "c": 2.0, "n": 2.1333333333333333}, "bar": null, "spiral": []}