{"disk": {"mux": 59.82272105551454, "muy": 70.22674865336577, "Re": 7.571095115113991, "q": 0.43828943451764696, "roll": 0.5513935020333807, "I": 0.2, "n": 1, "c": 2}, "bulge": null, "bar": null, "spiral": []}