{"disk": {"mux": 76.24995906926114, "muy": 76.10498387668322, "Re": 12.01989401742556, "q": 0.9365884557966148, "roll": 2.803221144617063, "I": 0.2, "n": 1, "c": 2}, "bulge": {"mux": 76.4576937178155, "muy": 75.69572749832453, "Re": 1.0267901346592356, "q": 0.5882679072970664, "roll": 1.2506848822207857, "I": 0.2, "n": 1, "c": 2}, "bar": {"mux": 76.16026054412035, "muy": 76.4040657676618, "Re": 1.0956245445791966, "q": 0.17741181245824478, "roll": 1.570734441001896, "I": 0.1, "n": 1, "c": 2}, "spiral": [[[[88.23247912826045, 88.67091860838593], [87.76125813329219, 89.08457888988394], [87.27500650338646, 89.48045952733415], [86.77408927004466, 89.8576093960147], [86.25893006203195, 90.21505724126149], [85.73001656404354, 90.551815707279], [85.18790594395904, 90.86688637366369], [84.63323009921947, 91.15926588537361], [84.06670054216627, 91.42795324044783], [83.48911271395676, 91.67195826863532], [82.90134948989594, 91.89031129190339], [82.30438361929421, 92.08207390421248], [81.69927883481114, 92.24635074430557], [81.08718937153422, 92.38230206287761], [80.46935766176327, 92.48915680966107], [79.8471100170479, 92.56622589077824], [79.2218501784831, 92.61291518121868], [78.59505070540249, 92.62873782692355], [77.96824228021163, 92.61332534638952], [77.34300112392141, 92.56643704775098], [76.72093483434016, 92.48796731882868], [76.10366706556584, 92.37795042511051], [75.49282155211785, 92.23656256030488], [74.89000603396575, 92.06412102838262], [74.29679665320243, 91.8610805828015], [73.71472336773566, 91.62802709369545], [73.14525686287301, 91.36566884820056], [72.58979734811805, 91.07482589262762], [72.04966550955987, 90.75641790095452], [71.52609576538356, 90.4114510867081], [71.02023184838833, 90.04100467621964], [70.53312463126314, 89.64621742606576], [70.06573202006231, 89.22827460990179], [69.61892067499173, 88.78839582508246], [69.19346927693735, 88.32782388673832], [68.79007303940438, 87.84781499480412], [68.40934916682131, 87.34963028288864], [68.05184297706997, 86.83452879137769], [67.71803443341128, 86.30376185312338], [67.4083448643448, 85.75856883896888], [67.12314368624529, 85.20017418176899], [66.86275497935586, 84.62978558021801], [66.62746380092663, 84.04859327588997], [66.41752214858188, 83.4577702965253], [66.2331545116245, 82.85847356392637], [66.07456296767575, 82.25184577421442], [65.94193179674807, 81.63901797020559], [65.83543159483565, 81.0211127391554], [65.75522287467354, 80.39924798320185], [65.70145914278872, 79.77454122382163]], {"I": 0.1, "spread": 0.5, "falloff": 1.0}]]}