{"disk": {"mux": 35.4978503742887, "muy": 32.16918558710198, "Re": 5.854145088048064, "q": 0.5327328651089209, "roll": 0.14824240659496635, "I": 0.2, "n": 1, "c": 2}, "bulge": {"mux": 35.06673146015116, "muy": 31.935245776495737, "Re": 1.3069150105053813, "q": 0.6525460678557286, "roll": 0.05567357278753038, "I": 0.2, "n": 1, "c": 2}, "bar": null, "spiral": []}