{"disk": {"mux": 112.39929642322106, "muy": 110.95927663394693, "Re": 15.878378800778595, "q": 0.9543375110005164, "roll": 1.2049487508389893, "I": 0.2, "n": 1, "c": 2}, "bulge": {"mux": 112.75113441348282, "muy": 111.6099249810788, "Re": 2.1120449712000227, "q": 0.7581619617712788, "roll": 0.5335576972761531, "I": 0.2, "n": 1, "c": 2}, "bar": {"mux": 112.68756284483815, "muy": 111.99470794707408, "Re": 5.165635787886516, "q": 0.6250962845372294, "roll": 0.00016993577143020744, "I": 0.1, "n": 1, "c": 2}, "spiral": []}