{"disk": {"mux": 69.07474697325178, "muy": 67.15741931188413, "Re": 9.278738921396053, "q": 0.5052821022695394, "roll": 2.8806904042953487, "I": 0.2, "n": 1, "c": 2}, "bulge": {"mux": 69.18590545886482, "muy": 67.86189607877282, "Re": 1.6539597968723139, "q": 0.8197949786311629, "roll": 0.24304992891375618, "I": 0.2, "n": 1, "c": 2}, "bar": null, "spiral": []}