{"disk": {"mux": 86.91511924549887, "muy": 87.29803537940654, "Re": 11.109009161077935, "q": 0.6942797832965127, "roll": 0.02648009893976264, "I": 0.2, "n": 1, "c": 2}, "bulge": {"mux": 86.60584164191103, "muy": 87.84171713897119, "Re": 1.4213584657870197, "q": 0.6885445485159448, "roll": 0.3069216834656554, "I": 0.2, "n": 1, "c": 2}, "bar": null, "spiral": []}