{"disk": null, "bulge": {"mux": 60.92903233958369, "muy": 59.63458308080485, "roll": 3.1405630254333183, "Re": 1.0018398119050036, "q": 0.9778788265493231, "I": 0, "c": 2.0, "n": 1.6366666666666667}, "bar": null, "spiral": []}