{"disk": {"mux": 47.76714458934725, "muy": 47.736199425453364, "roll": 0.7379914986791829, "Re": 5.95937366496363, "q": 0.5016190284312009, "I": 0, "c": 2.0, "n": 1.0}, "bulge": {"mux": 48.06679570327382, "muy": 48.32690808949652, "roll": 0.6768291568321949, "Re": 1.8504546635530685, "q": 0.5061295154125188, "I": 0, "c": 2.0, "n": 2.0455555555555556}, "bar": null, "spiral": []}