{"disk": {"mux": 66.49231450368782, "muy": 66.17869230560417, "roll": 2.9274363933018717, "Re": 9.203461942221614, "q": 0.7919305581753076, "I": 0, "c": 2.0, "n": 1.0}, "bulge": {"mux": 66.27593090616921, "muy": 66.48859536109985, "roll": 2.8701547742583915, "Re": 1.6708092270313444, "q": 0.7171927177517904, "I": 0, "c": 2.0, "n": 1.192}, "bar": null, "spiral": []}