{"disk": {"mux": 139.14543998063647, "muy": 138.04544021626643, "roll": 0.11967569051376542, "Re": 17.939104608822465, "q": 0.6852264888577727, "I": 0, "c": 2.0, "n": 1.0}, "bulge": {"mux": 141.9978104699057, "muy": 140.32690425542862, "roll": 1.8359424385974543, "Re": 2.237406990718335, "q": 0.6533638904540151, "I": 0, "c": 2.0, "n": 0.7475}, "bar": null, "spiral": []}