{"disk": {"mux": 76.14300846725185, "muy": 75.26687287028493, "Re": 11.056495650268571, "q": 0.9075621590607935, "roll": 1.6493354247973835, "I": 0.2, "n": 1, "c": 2}, "bulge": {"mux": 78.40386218752067, "muy": 76.61347765644658, "Re": 1.4071026365117456, "q": 0.8156629529435139, "roll": 1.8370961546508444, "I": 0.2, "n": 1, "c": 2}, "bar": null, "spiral": []}