{"disk": {"mux": 75.5926012891635, "muy": 75.70622946011586, "Re": 13.373742384219968, "q": 0.9236323693874737, "roll": 2.844319284740348, "I": 0.2, "n": 1, "c": 2}, "bulge": {"mux": 75.71184223457057, "muy": 75.81198231859621, "Re": 1.9835588554600916, "q": 0.9053640977170165, "roll": 0.0325334482965377, "I": 0.2, "n": 1, "c": 2}, "bar": null, "spiral": []}