{"disk": {"mux": 54.61189555545989, "muy": 54.1874864360375, "Re": 5.606325671243118, "q": 0.5438700291925481, "roll": 0.7238806203871233, "I": 0.2, "n": 1, "c": 2}, "bulge": {"mux": 55.08854711247416, "muy": 54.185348289026614, "Re": 1.218781754328322, "q": 0.9092551692850568, "roll": 2.0007154310991684, "I": 0.2, "n": 1, "c": 2}, "bar": null, "spiral": []}