{"disk": {"mux": 101.85598536175888, "muy": 102.43150134281909, "Re": 18.883258219583755, "q": 0.9829762902182556, "roll": 2.5573940929333556, "I": 0.2, "n": 1, "c": 2}, "bulge": {"mux": 102.03312247266166, "muy": 101.47727405879701, "Re": 2.413902026915771, "q": 0.9494414765047337, "roll": 1.664033729953117, "I": 0.2, "n": 1, "c": 2}, "bar": null, "spiral": []}