{"disk": {"mux": 67.51725520662686, "muy": 66.3062336061781, "Re": 8.480527954141241, "q": 0.50210806174328, "roll": 1.321016381573657, "I": 0.2, "n": 1, "c": 2}, "bulge": {"mux": 67.32439363090968, "muy": 66.24387310815598, "Re": 0.8864586065033393, "q": 0.9061954534188482, "roll": 0.40872175070861716, "I": 0.2, "n": 1, "c": 2}, "bar": {"mux": 66.95767068700066, "muy": 66.21945964211437, "Re": 1.114665577481763, "q": 0.26588307534509537, "roll": 0.9929087728295942, "I": 0.1, "n": 1, "c": 2}, "spiral": [[[[64.32092616898763, 72.43483744477095], [63.39090489961212, 72.61670381954201], [62.45242450422428, 72.74811480664128], [61.508173323414, 72.82807898956406], [60.56092644484969, 72.85469447157648], [59.613784367967675, 72.82510587361293], [58.67045957291338, 72.73541357663402], [57.73565803104154, 72.58054899619609], [56.81561615793585, 72.3541463298727], [55.91886819643413, 72.0484850845636], [55.057311644706054, 71.65467431020973], [54.24753898977074, 71.1634300704159], [53.512049688244865, 70.5670356798899], [52.879147307997336, 69.863064423685], [52.37940824069438, 69.05933165248007], [52.037600588752184, 68.17685825669892], [51.863743172374505, 67.2464804853201], [51.85048990973998, 66.29984001577144], [51.978617689965404, 65.36154890488082], [52.22497654506111, 64.44693098710809], [52.56784973874084, 63.56378065407574], [52.989053852326784, 62.715070820845256], [53.47412569347996, 61.901089580287774], [54.01178177737666, 61.12078138424844], [54.59324381110614, 60.37250162872954], [55.21164411837913, 59.654415103546455], [55.86155785299493, 58.96469564705026], [56.53865118072327, 58.301619347796034], [57.23942097774618, 57.66360222378303], [57.96100273404811, 57.04920971097742], [58.70102816331868, 56.45715243414219], [59.45751881898143, 55.88627585052578], [60.2288058312717, 55.33554768535409], [61.01346872599395, 54.804045134740704], [61.81028828405337, 54.29094276866616], [62.61820984698752, 53.795501532003115], [63.436314461762166, 53.31705895460845], [64.26379597359075, 52.85502054619183], [65.09994266833657, 52.40885228218863], [65.9441224388164, 51.978074071327384], [66.79577069285331, 51.56225408203335], [67.65438042388162, 51.16100382057618], [68.5194939933464, 50.773973857578156], [69.39069628215216, 50.40085011495357], [70.26760894404923, 50.04135063623003], [71.149885551496, 49.695222773602275], [72.03720746928109, 49.36224073512828], [72.9292803263652, 49.04220344541509], [73.82583097693451, 48.734932674326046], [74.72660487192806, 48.44027140487705]], {"I": 0.1, "spread": 0.5, "falloff": 1.0}], [[[67.92975324055726, 60.313518663147164], [68.41227244487382, 60.157185882552135], [68.8977812065054, 60.0103997092473], [69.38605964022365, 59.8731070581111], [69.87690105347434, 59.74527936041605], [70.37010932058388, 59.62691178037458], [70.86549651016999, 59.518022699319985], [71.36288069676583, 59.41865344908818], [71.86208389679315, 59.328868281619556], [72.36293007513389, 59.24875456633167], [72.86524317227013, 59.17842321124017], [73.36884510341852, 59.11800930752215], [73.87355368056275, 59.06767300057333], [74.3791804058078, 59.02760059362263], [74.88552807996916, 58.99800589250581], [75.39238816361738, 58.97913180216916], [75.89953781866303, 58.971252186640896], [76.40673654663536, 58.97467400419214], [76.9137223246174, 58.98973972765433], [77.42020712083183, 59.01683005546291], [77.92587164853585, 59.05636691067097], [78.4303591885062, 59.10881671111934], [78.9332682768639, 59.17469387101313], [79.43414401613357, 59.25456445866617], [79.93246772305783, 59.34904988217592], [80.42764458278096, 59.45883039327429], [80.918988934846, 59.58464808402607], [81.40570679050879, 59.72730888010942], [81.88687518513875, 59.887682795801126], [82.36141804174154, 60.06670138419937], [82.82807841395972, 60.26535087307832], [83.28538737227436, 60.48465891198508], [83.73163051997425, 60.72567218969144], [84.16481432500248, 60.9894215011324], [84.58263631191471, 61.27687036091938], [84.98246575699076, 61.58884339266627], [85.3613447327078, 61.92593214501169], [85.71602245743995, 62.28837958750957], [86.0430373441521, 62.675951082805035], [86.3388583717516, 63.08780896190065], [86.6000876876634, 63.5224176938782], [86.82370891384817, 63.97751204352148], [87.00734450186592, 64.4501552084428], [87.14947036236651, 64.9368945097293], [87.24953782546905, 65.43399370145174], [87.30797537042629, 65.93769635093881], [87.32607653181486, 66.44446706307852], [87.30580950603944, 66.95116979897998], [87.24959599063654, 67.45516660027761], [87.16010093146151, 67.95434286631884]], {"I": 0.1, "spread": 0.5, "falloff": 1.0}]]}