{"disk": {"mux": 99.34208642654647, "muy": 96.33900818995879, "roll": 2.1835032559269956, "Re": 6.04074954548966, "q": 0.5436821894315834, "I": 0, "c": 2.0, "n": 1.0}, "bulge": {"mux": 99.35939705614727, "muy": 96.22759172307619, "roll": 0.6100516576652133, "Re": 1.3052818837848523, "q": 0.9999999939051151, "I": 0, "c": 2.0, "n": 1.4172727272727272}, "bar": null, "spiral": []}