{"disk": {"mux": 63.39670524025919, "muy": 63.795909181546456, "roll": 2.9070790785417855, "Re": 2.4144720042253667, "q": 0.6025441305691395, "I": 0, "c": 2.0, "n": 1.0}, "bulge": {"mux": 63.477413369555535, "muy": 63.68922280744733, "roll": 3.0719962756055987, "Re": 0.7058205590681402, "q": 0.999999994001149, "I": 0, "c": 2.0, "n": 1.404}, "bar": null, "spiral": []}