{"disk": {"mux": 92.07427645217312, "muy": 92.23283162678523, "Re": 14.978312248140211, "q": 0.7763065221856564, "roll": 3.067889793704903, "I": 0.2, "n": 1, "c": 2}, "bulge": {"mux": 92.87016839850311, "muy": 91.69715046404686, "Re": 2.0162577802723174, "q": 0.9350592763840196, "roll": 2.4754214622766173, "I": 0.2, "n": 1, "c": 2}, "bar": {"mux": 91.30947966458095, "muy": 90.79433708246172, "Re": 5.448220140784332, "q": 0.7501203538067104, "roll": 3.1413952478305847, "I": 0.1, "n": 1, "c": 2}, "spiral": [[[[75.07560483223989, 95.68550560538574], [75.12153297797188, 95.06806405121719], [75.18043902593425, 94.45172547045708], [75.2524407831047, 93.83677946875949], [75.33766245839597, 93.22352606335976], [75.43623474772232, 92.61227687097856], [75.54829488516421, 92.00335638739865], [75.67398665223202, 91.39710336722452], [75.81346033579183, 90.79387231326736], [75.96687262316586, 90.19403508541626], [76.13438642051587, 89.59798263910085], [76.31617057786092, 89.00612690369381], [76.51239950079335, 88.4189028111139], [76.72325262510023, 87.83677048440873], [76.94891372602194, 87.26021759519786], [77.18957002866365, 86.6897618972882], [77.44541108005183, 86.12595394063808], [77.71662733658805, 85.56937996721379], [78.00340841287924, 85.02066498330126], [78.30594092952585, 84.48047599669653], [78.6244058882359, 83.94952539626385], [78.95897549308589, 83.42857443807485], [79.3098093272072, 82.91843678473924], [79.67704978539675, 82.41998202198678], [80.0608166560903, 81.9341390483562], [80.4612007428926, 81.46189919797773], [80.87825641742735, 81.00431891508966], [81.31199300599727, 80.56252174805267], [81.76236493484913, 80.13769937419835], [82.22926059777491, 79.73111130492514], [82.71248996986175, 79.34408285759075], [83.21177107798616, 78.97800092272263], [83.72671555569208, 78.63430701206914], [84.25681366014062, 78.31448705775097], [84.80141930848413, 78.02005746248396], [85.35973589333312, 77.75254699393575], [85.9308038420356, 77.51347429225726], [86.51349106540732, 77.30432103189473], [87.10648755840742, 77.12650114973964], [87.70830542312436, 76.9813270057471], [88.31728543824794, 76.86997383897099], [88.93161096830019, 76.79344435454102], [89.54932948924983, 76.75253564129916], [90.16838133806628, 76.74781077991152], [90.78663455739162, 76.77957738901014], [91.40192401304999, 76.84787493728524], [92.01209243859773, 76.95247195539199], [92.61503080987359, 77.09287340506191], [93.2087155264229, 77.2683375414362], [93.79124026135112, 77.47790078863756]], {"I": 0.1, "spread": 0.5, "falloff": 1.0}]]}