{"disk": {"mux": 49.453243831700945, "muy": 47.21575097359904, "Re": 8.472509459447734, "q": 0.8488432537406676, "roll": 2.9406755303728036, "I": 0.2, "n": 1, "c": 2}, "bulge": {"mux": 49.06906560382183, "muy": 48.12475662003444, "Re": 1.041630211468154, "q": 0.6978673207403286, "roll": 0.7482993668023613, "I": 0.2, "n": 1, "c": 2}, "bar": null, "spiral": []}