{"disk": {"mux": 89.63917930278706, "muy": 89.98180884999273, "roll": 0.8344747812446545, "Re": 12.478121510328585, "q": 0.8594597997394643, "I": 0, "c": 2.0, "n": 1.0}, "bulge": null, "bar": null, "spiral": []}