{"disk": null, "bulge": {"mux": 51.09371008771217, "muy": 50.644000783998635, "Re": 1.1749956592138635, "q": 0.6339195534663806, "roll": 1.88041294019808, "I": 0.2, "n": 1, "c": 2}, "bar": {"mux": 50.96411782266565, "muy": 50.76962149431746, "Re": 1.7970358673768771, "q": 0.2927631233100551, "roll": 1.1714030684406558, "I": 0.1, "n": 1, "c": 2}, "spiral": [[[[43.392904340253516, 55.27060431834202], [43.13051782875721, 55.161223453687406], [42.87056415060436, 55.04618026136953], [42.613168340903556, 54.925522732451796], [42.35845659585401, 54.79929771158929], [42.106556440665734, 54.66755127566033], [41.857596871088695, 54.530329109558856], [41.61170846860874, 54.38767688054475], [41.36902348903698, 54.23964061226823], [41.12967592390729, 54.08626705928666], [40.893801533858195, 53.92760408259587], [40.66153785293648, 53.763701026376154], [40.43302416258741, 53.5946090958209], [40.20840143395881, 53.420381735568704], [39.98781223705161, 53.24107500788461], [39.77140061521133, 53.05674796935241], [39.55931192347222, 52.867463044431695], [39.35169262934775, 52.673286393822075], [39.14869007480915, 52.47428827514966], [38.950452198419164, 52.27054339305424], [38.75712721689781, 52.06213123537198], [38.56886326578031, 51.849136391670484], [38.38580799930893, 51.631648850065574], [38.208108150262085, 51.409764267902666], [38.03590905106354, 51.183584211680284], [37.86935411824778, 50.95321636135664], [37.70858430313265, 50.71877467417699], [37.55373751239265, 50.480379503167725], [37.40494800309411, 50.238157665627284], [37.26234575762584, 49.99224245726895], [37.126055844810416, 49.74277360814554], [36.99619777427967, 49.48989717711573], [36.872884851911515, 49.23376538239964], [36.75622354471158, 48.9745363667062], [36.64631286393492, 48.71237389649177], [36.54324377556458, 48.44744699602761], [36.4470986471779, 48.179929518282904], [36.357950740155225, 47.90999965582693], [36.27586375564545, 47.63783939629222], [36.20089144212805, 47.36363392811745], [36.13307727135205, 47.087571003471474], [36.07245418845029, 46.80984026619654], [36.019044440637536, 46.530632553449], [35.972859487458905, 46.25013918030201], [35.933899994038775, 45.96855121692616], [35.902155907189226, 45.686058768070346], [35.877606612655434, 45.40285026440804], [35.86022117032384, 45.119111774920434], [35.84995862282258, 44.835026348869526], [35.84676837160227, 44.55077339502992]], {"I": 0.1, "spread": 0.5, "falloff": 1.0}]]}