{"disk": {"mux": 79.63329418479586, "muy": 77.21521616173465, "roll": 2.3665913602658937, "Re": 8.327012588559631, "q": 0.5199163221705725, "I": 0, "c": 2.0, "n": 1.0}, "bulge": {"mux": 79.67938258402712, "muy": 77.42766210006295, "roll": 1.1076929010147378, "Re": 1.5016241076664174, "q": 0.9999999925854584, "I": 0, "c": 2.0, "n": 1.5683333333333334}, "bar": null, "spiral": []}