{"disk": {"mux": 60.77888050713727, "muy": 59.890144658570414, "Re": 9.306028851207664, "q": 0.9066045294246827, "roll": 2.4286012881722145, "I": 0.2, "n": 1, "c": 2}, "bulge": {"mux": 60.69444807609739, "muy": 60.021359509723105, "Re": 0.9012099543895337, "q": 0.9986340223258278, "roll": 1.1182851022895208, "I": 0.2, "n": 1, "c": 2}, "bar": null, "spiral": []}