,mux,muy,Re,q,I,roll,bulge_scale,bulge_q,bulge_roll,bulge_frac,chisq
Gradient Descent,116.25379469350064,116.50016186148284,27.480495252128232,1.0,0.08705711345629137,-0.05567617862730982,0.10665169206409474,1.0,-0.010227952551666102,0.031166419211880337,1.0558560940635624
Basinhopping,116.26524136923685,116.52111532727092,31.036089635489205,0.7860384883832041,0.08742377266159859,-1.4025408005935422,0.12928647562984502,0.5833060314135033,-0.48372048033416354,0.042570204642810375,1.0446783116038156
